,Unnamed: 0,nodeID,parentNode,dataSetFilters,evaluated,nodeFeature,nodePrediction,childrenNodes,gainOrMSE,treeLevel,pruned,isLeaf
0,0,0,-1,{},True,Shell_weight,9.906642728904847,"{'belowMean': 1, 'aboveMean': 2}",7.67389688088554,0,False,False
1,1,1,0,{'Shell_weight': 'belowMean'},True,Sex,8.320557491289199,"{'M': 3, 'I': 4, 'F': 5}",5.118387240637727,1,False,False
2,2,2,0,{'Shell_weight': 'aboveMean'},True,Shucked_weight,11.592592592592592,"{'aboveMean': 6, 'belowMean': 7}",9.041829076390323,1,False,False
3,3,3,1,"{'Shell_weight': 'belowMean', 'Sex': 'M'}",True,Height,9.055555555555555,"{'belowMean': 8, 'aboveMean': 9}",4.420688657407407,2,False,False
4,4,4,1,"{'Shell_weight': 'belowMean', 'Sex': 'I'}",True,Height,7.464212678936605,"{'belowMean': 10, 'aboveMean': 11}",4.180887910090364,2,False,False
5,5,5,1,"{'Shell_weight': 'belowMean', 'Sex': 'F'}",True,Height,9.987179487179487,"{'belowMean': 12, 'aboveMean': 13}",6.632438316400581,2,False,False
6,6,6,2,"{'Shell_weight': 'aboveMean', 'Shucked_weight': 'aboveMean'}",True,Height,11.395953757225431,"{'aboveMean': 14, 'belowMean': 15}",8.424678587927751,2,False,False
7,7,7,2,"{'Shell_weight': 'aboveMean', 'Shucked_weight': 'belowMean'}",True,Sex,12.745762711864408,"{'F': 16, 'M': 17, 'I': 18}",11.173554756605604,2,False,False
8,8,8,3,"{'Shell_weight': 'belowMean', 'Sex': 'M', 'Height': 'belowMean'}",True,Diameter,8.68125,"{'belowMean': 19, 'aboveMean': 20}",3.632545970266041,3,False,False
9,9,9,3,"{'Shell_weight': 'belowMean', 'Sex': 'M', 'Height': 'aboveMean'}",True,Length,10.125,"{'belowMean': 21, 'aboveMean': 22}",4.915389527458493,3,False,False
10,10,10,4,"{'Shell_weight': 'belowMean', 'Sex': 'I', 'Height': 'belowMean'}",True,Length,7.264444444444444,"{'belowMean': 23, 'aboveMean': 24}",3.797953431372549,3,False,False
11,11,11,4,"{'Shell_weight': 'belowMean', 'Sex': 'I', 'Height': 'aboveMean'}",True,Shucked_weight,9.76923076923077,"{'belowMean': 25, 'aboveMean': 26}",6.938186813186813,3,False,False
12,12,12,5,"{'Shell_weight': 'belowMean', 'Sex': 'F', 'Height': 'belowMean'}",True,Shucked_weight,9.556603773584904,"{'aboveMean': 27, 'belowMean': 28}",6.3875618894687545,3,False,False
13,13,13,5,"{'Shell_weight': 'belowMean', 'Sex': 'F', 'Height': 'aboveMean'}",True,Whole_weight,10.9,"{'belowMean': 29, 'aboveMean': 30}",4.742857142857143,3,False,False
14,14,14,6,"{'Shell_weight': 'aboveMean', 'Shucked_weight': 'aboveMean', 'Height': 'aboveMean'}",True,Viscera_weight,11.43157894736842,"{'aboveMean': 31, 'belowMean': 32}",8.53883014623172,3,False,False
15,15,15,6,"{'Shell_weight': 'aboveMean', 'Shucked_weight': 'aboveMean', 'Height': 'belowMean'}",True,Sex,10.51851851851852,"{'M': 33, 'F': 34, 'I': 35}",4.728703703703704,3,False,False
16,16,16,7,"{'Shell_weight': 'aboveMean', 'Shucked_weight': 'belowMean', 'Sex': 'F'}",True,Viscera_weight,13.795454545454543,"{'aboveMean': 36, 'belowMean': 37}",16.930555555555557,3,False,False
17,17,17,7,"{'Shell_weight': 'aboveMean', 'Shucked_weight': 'belowMean', 'Sex': 'M'}",True,Diameter,12.74074074074074,"{'belowMean': 38, 'aboveMean': 39}",7.839484126984127,3,False,False
18,18,18,7,"{'Shell_weight': 'aboveMean', 'Shucked_weight': 'belowMean', 'Sex': 'I'}",True,Whole_weight,10.45,"{'belowMean': 40, 'aboveMean': 41}",3.023529411764706,3,False,False
19,19,19,8,"{'Shell_weight': 'belowMean', 'Sex': 'M', 'Height': 'belowMean', 'Diameter': 'belowMean'}",True,Viscera_weight,8.56338028169014,"{'belowMean': 42, 'aboveMean': 43}",3.665033680342927,4,False,False
20,20,20,8,"{'Shell_weight': 'belowMean', 'Sex': 'M', 'Height': 'belowMean', 'Diameter': 'aboveMean'}",True,Length,9.61111111111111,"{'aboveMean': 44, 'belowMean': 45}",2.3851851851851853,4,False,False
21,21,21,9,"{'Shell_weight': 'belowMean', 'Sex': 'M', 'Height': 'aboveMean', 'Length': 'belowMean'}",True,Shucked_weight,11.37037037037037,"{'belowMean': 46, 'aboveMean': 47}",8.75925925925926,4,False,False
22,22,22,9,"{'Shell_weight': 'belowMean', 'Sex': 'M', 'Height': 'aboveMean', 'Length': 'aboveMean'}",True,Shucked_weight,8.96551724137931,"{'belowMean': 48, 'aboveMean': 49}",0.8705647176411794,4,True,True
23,23,23,10,"{'Shell_weight': 'belowMean', 'Sex': 'I', 'Height': 'belowMean', 'Length': 'belowMean'}",True,Diameter,7.15625,"{'belowMean': 50, 'aboveMean': 51}",4.011194666915006,4,False,False
24,24,24,10,"{'Shell_weight': 'belowMean', 'Sex': 'I', 'Height': 'belowMean', 'Length': 'aboveMean'}",True,Whole_weight,8.588235294117647,"{'belowMean': 52, 'aboveMean': 53}",1.0137867647058822,4,False,False
25,25,25,11,"{'Shell_weight': 'belowMean', 'Sex': 'I', 'Height': 'aboveMean', 'Shucked_weight': 'belowMean'}",True,Viscera_weight,9.8125,"{'belowMean': 54, 'aboveMean': 55}",8.272321428571429,4,False,False
26,26,26,11,"{'Shell_weight': 'belowMean', 'Sex': 'I', 'Height': 'aboveMean', 'Shucked_weight': 'aboveMean'}",True,Diameter,9.571428571428571,"{'aboveMean': 56, 'belowMean': 57}",0.4047619047619047,4,False,False
27,27,27,12,"{'Shell_weight': 'belowMean', 'Sex': 'F', 'Height': 'belowMean', 'Shucked_weight': 'aboveMean'}",True,Viscera_weight,8.833333333333334,"{'belowMean': 58, 'aboveMean': 59}",1.6714285714285717,4,False,False
28,28,28,12,"{'Shell_weight': 'belowMean', 'Sex': 'F', 'Height': 'belowMean', 'Shucked_weight': 'belowMean'}",True,Length,9.648936170212766,"{'belowMean': 60, 'aboveMean': 61}",6.954462895692787,4,False,False
29,29,29,13,"{'Shell_weight': 'belowMean', 'Sex': 'F', 'Height': 'aboveMean', 'Whole_weight': 'belowMean'}",True,Length,11.885714285714286,"{'aboveMean': 62, 'belowMean': 63}",5.97640977443609,4,False,False
30,30,30,13,"{'Shell_weight': 'belowMean', 'Sex': 'F', 'Height': 'aboveMean', 'Whole_weight': 'aboveMean'}",True,Diameter,8.6,{'aboveMean': 64},0.9066666666666666,4,False,False
31,31,31,14,"{'Shell_weight': 'aboveMean', 'Shucked_weight': 'aboveMean', 'Height': 'aboveMean', 'Viscera_weight': 'aboveMean'}",True,Diameter,11.466141732283464,"{'aboveMean': 65, 'belowMean': 66}",8.518518891208887,4,False,False
32,32,32,14,"{'Shell_weight': 'aboveMean', 'Shucked_weight': 'aboveMean', 'Height': 'aboveMean', 'Viscera_weight': 'belowMean'}",True,Sex,10.7,"{'M': 67, 'F': 68, 'I': 69}",8.065530303030304,4,False,False
33,33,33,15,"{'Shell_weight': 'aboveMean', 'Shucked_weight': 'aboveMean', 'Height': 'belowMean', 'Sex': 'M'}",True,Diameter,11.0,"{'aboveMean': 70, 'belowMean': 71}",7.263736263736264,4,False,False
34,34,34,15,"{'Shell_weight': 'aboveMean', 'Shucked_weight': 'aboveMean', 'Height': 'belowMean', 'Sex': 'F'}",True,Viscera_weight,10.125,"{'aboveMean': 72, 'belowMean': 73}",2.178571428571429,4,False,False
35,35,35,15,"{'Shell_weight': 'aboveMean', 'Shucked_weight': 'aboveMean', 'Height': 'belowMean', 'Sex': 'I'}",True,Viscera_weight,9.8,"{'aboveMean': 74, 'belowMean': 75}",0.2,4,False,False
36,36,36,16,"{'Shell_weight': 'aboveMean', 'Shucked_weight': 'belowMean', 'Sex': 'F', 'Viscera_weight': 'aboveMean'}",True,Whole_weight,13.0,"{'aboveMean': 76, 'belowMean': 77}",14.305957200694042,4,False,False
37,37,37,16,"{'Shell_weight': 'aboveMean', 'Shucked_weight': 'belowMean', 'Sex': 'F', 'Viscera_weight': 'belowMean'}",True,Diameter,14.944444444444445,"{'belowMean': 78, 'aboveMean': 79}",17.125,4,False,False
38,38,38,17,"{'Shell_weight': 'aboveMean', 'Shucked_weight': 'belowMean', 'Sex': 'M', 'Diameter': 'belowMean'}",True,Height,14.214285714285714,"{'aboveMean': 80, 'belowMean': 81}",9.596428571428572,4,False,False
39,39,39,17,"{'Shell_weight': 'aboveMean', 'Shucked_weight': 'belowMean', 'Sex': 'M', 'Diameter': 'aboveMean'}",True,Viscera_weight,12.225,"{'belowMean': 82, 'aboveMean': 83}",6.637333333333333,4,False,False
40,40,40,18,"{'Shell_weight': 'aboveMean', 'Shucked_weight': 'belowMean', 'Sex': 'I', 'Whole_weight': 'belowMean'}",True,Diameter,10.176470588235292,"{'aboveMean': 84, 'belowMean': 85}",2.4375,4,False,False
41,41,41,18,"{'Shell_weight': 'aboveMean', 'Shucked_weight': 'belowMean', 'Sex': 'I', 'Whole_weight': 'aboveMean'}",True,Viscera_weight,12.0,"{'aboveMean': 86, 'belowMean': 87}",0.1666666666666666,4,False,False
42,42,42,19,"{'Shell_weight': 'belowMean', 'Sex': 'M', 'Height': 'belowMean', 'Diameter': 'belowMean', 'Viscera_weight': 'belowMean'}",True,Length,8.521739130434783,"{'belowMean': 88, 'aboveMean': 89}",3.7528822055137847,5,False,False
43,43,43,19,"{'Shell_weight': 'belowMean', 'Sex': 'M', 'Height': 'belowMean', 'Diameter': 'belowMean', 'Viscera_weight': 'aboveMean'}",True,Shucked_weight,10.0,"{'belowMean': 90, 'aboveMean': 91}",0.1666666666666666,5,False,False
44,44,44,20,"{'Shell_weight': 'belowMean', 'Sex': 'M', 'Height': 'belowMean', 'Diameter': 'aboveMean', 'Length': 'aboveMean'}",True,Shucked_weight,9.933333333333334,"{'belowMean': 92, 'aboveMean': 93}",2.4888888888888885,5,False,False
45,45,45,20,"{'Shell_weight': 'belowMean', 'Sex': 'M', 'Height': 'belowMean', 'Diameter': 'aboveMean', 'Length': 'belowMean'}",True,Shucked_weight,8.0,"{'aboveMean': 94, 'belowMean': 95}",0.6666666666666666,5,False,False
46,46,46,21,"{'Shell_weight': 'belowMean', 'Sex': 'M', 'Height': 'aboveMean', 'Length': 'belowMean', 'Shucked_weight': 'belowMean'}",True,Diameter,11.583333333333334,"{'belowMean': 96, 'aboveMean': 97}",8.325757575757576,5,False,False
47,47,47,21,"{'Shell_weight': 'belowMean', 'Sex': 'M', 'Height': 'aboveMean', 'Length': 'belowMean', 'Shucked_weight': 'aboveMean'}",True,Whole_weight,9.666666666666666,"{'belowMean': 98, 'aboveMean': 99}",0.1666666666666666,5,False,False
48,48,48,22,"{'Shell_weight': 'belowMean', 'Sex': 'M', 'Height': 'aboveMean', 'Length': 'aboveMean', 'Shucked_weight': 'belowMean'}",True,Viscera_weight,9.666666666666666,"{'belowMean': 100, 'aboveMean': 101}",1.4666666666666668,5,False,False
49,49,49,22,"{'Shell_weight': 'belowMean', 'Sex': 'M', 'Height': 'aboveMean', 'Length': 'aboveMean', 'Shucked_weight': 'aboveMean'}",True,Whole_weight,8.782608695652174,"{'aboveMean': 102, 'belowMean': 103}",0.6335403726708074,5,True,True
50,50,50,23,"{'Shell_weight': 'belowMean', 'Sex': 'I', 'Height': 'belowMean', 'Length': 'belowMean', 'Diameter': 'belowMean'}",True,Viscera_weight,7.147699757869249,"{'belowMean': 104, 'aboveMean': 105}",4.036954324267144,5,False,False
51,51,51,23,"{'Shell_weight': 'belowMean', 'Sex': 'I', 'Height': 'belowMean', 'Length': 'belowMean', 'Diameter': 'aboveMean'}",True,Shucked_weight,8.333333333333334,{'belowMean': 106},0.2222222222222222,5,False,False
52,52,52,24,"{'Shell_weight': 'belowMean', 'Sex': 'I', 'Height': 'belowMean', 'Length': 'aboveMean', 'Whole_weight': 'belowMean'}",True,Shucked_weight,8.53125,"{'belowMean': 107, 'aboveMean': 108}",1.0412037037037036,5,False,False
53,53,53,24,"{'Shell_weight': 'belowMean', 'Sex': 'I', 'Height': 'belowMean', 'Length': 'aboveMean', 'Whole_weight': 'aboveMean'}",True,Diameter,9.5,{'aboveMean': 109},0.25,5,False,False
54,54,54,25,"{'Shell_weight': 'belowMean', 'Sex': 'I', 'Height': 'aboveMean', 'Shucked_weight': 'belowMean', 'Viscera_weight': 'belowMean'}",True,Diameter,9.785714285714286,"{'belowMean': 110, 'aboveMean': 111}",9.382539682539685,5,False,False
55,55,55,25,"{'Shell_weight': 'belowMean', 'Sex': 'I', 'Height': 'aboveMean', 'Shucked_weight': 'belowMean', 'Viscera_weight': 'aboveMean'}",True,Diameter,10.0,"{'aboveMean': 112, 'belowMean': 113}",0.25,5,False,False
56,56,56,26,"{'Shell_weight': 'belowMean', 'Sex': 'I', 'Height': 'aboveMean', 'Shucked_weight': 'aboveMean', 'Diameter': 'aboveMean'}",True,Viscera_weight,9.833333333333334,"{'belowMean': 114, 'aboveMean': 115}",0.4166666666666667,5,False,False
57,57,57,26,"{'Shell_weight': 'belowMean', 'Sex': 'I', 'Height': 'aboveMean', 'Shucked_weight': 'aboveMean', 'Diameter': 'belowMean'}",True,,8.0,{},0.0,5,False,True
58,58,58,27,"{'Shell_weight': 'belowMean', 'Sex': 'F', 'Height': 'belowMean', 'Shucked_weight': 'aboveMean', 'Viscera_weight': 'belowMean'}",True,Diameter,8.4,"{'belowMean': 116, 'aboveMean': 117}",0.55,5,False,False
59,59,59,27,"{'Shell_weight': 'belowMean', 'Sex': 'F', 'Height': 'belowMean', 'Shucked_weight': 'aboveMean', 'Viscera_weight': 'aboveMean'}",True,Diameter,9.142857142857142,"{'aboveMean': 118, 'belowMean': 119}",2.1904761904761907,5,False,False
60,60,60,28,"{'Shell_weight': 'belowMean', 'Sex': 'F', 'Height': 'belowMean', 'Shucked_weight': 'belowMean', 'Length': 'belowMean'}",True,Diameter,9.597560975609756,"{'belowMean': 120, 'aboveMean': 121}",6.7582053598313765,5,False,False
61,61,61,28,"{'Shell_weight': 'belowMean', 'Sex': 'F', 'Height': 'belowMean', 'Shucked_weight': 'belowMean', 'Length': 'aboveMean'}",True,Diameter,10.0,"{'belowMean': 122, 'aboveMean': 123}",4.433333333333334,5,False,False
62,62,62,29,"{'Shell_weight': 'belowMean', 'Sex': 'F', 'Height': 'aboveMean', 'Whole_weight': 'belowMean', 'Length': 'aboveMean'}",True,Diameter,11.1875,"{'aboveMean': 124, 'belowMean': 125}",6.974358974358975,5,False,False
63,63,63,29,"{'Shell_weight': 'belowMean', 'Sex': 'F', 'Height': 'aboveMean', 'Whole_weight': 'belowMean', 'Length': 'belowMean'}",True,Shucked_weight,12.473684210526317,"{'belowMean': 126, 'aboveMean': 127}",4.751461988304094,5,False,False
64,64,64,30,"{'Shell_weight': 'belowMean', 'Sex': 'F', 'Height': 'aboveMean', 'Whole_weight': 'aboveMean', 'Diameter': 'aboveMean'}",True,Length,8.6,{'aboveMean': 128},0.9066666666666666,5,False,False
65,65,65,31,"{'Shell_weight': 'aboveMean', 'Shucked_weight': 'aboveMean', 'Height': 'aboveMean', 'Viscera_weight': 'aboveMean', 'Diameter': 'aboveMean'}",True,Sex,11.485623003194888,"{'I': 129, 'M': 130, 'F': 131}",8.489833329525863,5,False,False
66,66,66,31,"{'Shell_weight': 'aboveMean', 'Shucked_weight': 'aboveMean', 'Height': 'aboveMean', 'Viscera_weight': 'aboveMean', 'Diameter': 'belowMean'}",True,Length,10.11111111111111,"{'aboveMean': 132, 'belowMean': 133}",7.185185185185186,5,False,False
67,67,67,32,"{'Shell_weight': 'aboveMean', 'Shucked_weight': 'aboveMean', 'Height': 'aboveMean', 'Viscera_weight': 'belowMean', 'Sex': 'M'}",True,Diameter,10.636363636363637,{'aboveMean': 134},8.776859504132231,5,False,False
68,68,68,32,"{'Shell_weight': 'aboveMean', 'Shucked_weight': 'aboveMean', 'Height': 'aboveMean', 'Viscera_weight': 'belowMean', 'Sex': 'F'}",True,Diameter,11.363636363636363,{'aboveMean': 135},12.595041322314051,5,False,False
69,69,69,32,"{'Shell_weight': 'aboveMean', 'Shucked_weight': 'aboveMean', 'Height': 'aboveMean', 'Viscera_weight': 'belowMean', 'Sex': 'I'}",True,Diameter,9.875,{'aboveMean': 136},0.859375,5,False,False
70,70,70,33,"{'Shell_weight': 'aboveMean', 'Shucked_weight': 'aboveMean', 'Height': 'belowMean', 'Sex': 'M', 'Diameter': 'aboveMean'}",True,Viscera_weight,11.153846153846152,"{'aboveMean': 137, 'belowMean': 138}",7.6923076923076925,5,False,False
71,71,71,33,"{'Shell_weight': 'aboveMean', 'Shucked_weight': 'aboveMean', 'Height': 'belowMean', 'Sex': 'M', 'Diameter': 'belowMean'}",True,,9.0,{},0.0,5,False,True
72,72,72,34,"{'Shell_weight': 'aboveMean', 'Shucked_weight': 'aboveMean', 'Height': 'belowMean', 'Sex': 'F', 'Viscera_weight': 'aboveMean'}",True,Diameter,10.285714285714286,{'aboveMean': 139},2.489795918367347,5,False,False
73,73,73,34,"{'Shell_weight': 'aboveMean', 'Shucked_weight': 'aboveMean', 'Height': 'belowMean', 'Sex': 'F', 'Viscera_weight': 'belowMean'}",True,,9.0,{},0.0,5,False,True
74,74,74,35,"{'Shell_weight': 'aboveMean', 'Shucked_weight': 'aboveMean', 'Height': 'belowMean', 'Sex': 'I', 'Viscera_weight': 'aboveMean'}",True,Diameter,9.5,{'aboveMean': 140},0.25,5,False,False
75,75,75,35,"{'Shell_weight': 'aboveMean', 'Shucked_weight': 'aboveMean', 'Height': 'belowMean', 'Sex': 'I', 'Viscera_weight': 'belowMean'}",True,,11.0,{},0.0,5,False,True
76,76,76,36,"{'Shell_weight': 'aboveMean', 'Shucked_weight': 'belowMean', 'Sex': 'F', 'Viscera_weight': 'aboveMean', 'Whole_weight': 'aboveMean'}",True,Length,13.842105263157896,"{'aboveMean': 141, 'belowMean': 142}",16.342105263157894,5,False,False
77,77,77,36,"{'Shell_weight': 'aboveMean', 'Shucked_weight': 'belowMean', 'Sex': 'F', 'Viscera_weight': 'aboveMean', 'Whole_weight': 'belowMean'}",True,Height,10.714285714285714,"{'aboveMean': 143, 'belowMean': 144}",3.142857142857143,5,False,False
78,78,78,37,"{'Shell_weight': 'aboveMean', 'Shucked_weight': 'belowMean', 'Sex': 'F', 'Viscera_weight': 'belowMean', 'Diameter': 'belowMean'}",True,Length,13.666666666666666,"{'belowMean': 145, 'aboveMean': 146}",16.333333333333332,5,False,False
79,79,79,37,"{'Shell_weight': 'aboveMean', 'Shucked_weight': 'belowMean', 'Sex': 'F', 'Viscera_weight': 'belowMean', 'Diameter': 'aboveMean'}",True,Height,15.583333333333334,"{'aboveMean': 147, 'belowMean': 148}",12.055555555555555,5,False,False
80,80,80,38,"{'Shell_weight': 'aboveMean', 'Shucked_weight': 'belowMean', 'Sex': 'M', 'Diameter': 'belowMean', 'Height': 'aboveMean'}",True,Length,14.8,"{'aboveMean': 149, 'belowMean': 150}",12.2,5,False,False
81,81,81,38,"{'Shell_weight': 'aboveMean', 'Shucked_weight': 'belowMean', 'Sex': 'M', 'Diameter': 'belowMean', 'Height': 'belowMean'}",True,Length,12.75,"{'aboveMean': 151, 'belowMean': 152}",1.1666666666666667,5,False,False
82,82,82,39,"{'Shell_weight': 'aboveMean', 'Shucked_weight': 'belowMean', 'Sex': 'M', 'Diameter': 'aboveMean', 'Viscera_weight': 'belowMean'}",True,Whole_weight,12.64,"{'belowMean': 153, 'aboveMean': 154}",6.937333333333333,5,False,False
83,83,83,39,"{'Shell_weight': 'aboveMean', 'Shucked_weight': 'belowMean', 'Sex': 'M', 'Diameter': 'aboveMean', 'Viscera_weight': 'aboveMean'}",True,Whole_weight,11.533333333333331,"{'aboveMean': 155, 'belowMean': 156}",4.953846153846154,5,False,False
84,84,84,40,"{'Shell_weight': 'aboveMean', 'Shucked_weight': 'belowMean', 'Sex': 'I', 'Whole_weight': 'belowMean', 'Diameter': 'aboveMean'}",True,Length,10.3125,"{'aboveMean': 157, 'belowMean': 158}",1.90625,5,False,False
85,85,85,40,"{'Shell_weight': 'aboveMean', 'Shucked_weight': 'belowMean', 'Sex': 'I', 'Whole_weight': 'belowMean', 'Diameter': 'belowMean'}",True,,8.0,{},0.0,5,False,True
86,86,86,41,"{'Shell_weight': 'aboveMean', 'Shucked_weight': 'belowMean', 'Sex': 'I', 'Whole_weight': 'aboveMean', 'Viscera_weight': 'aboveMean'}",True,,15.0,{},0.0,5,False,True
87,87,87,41,"{'Shell_weight': 'aboveMean', 'Shucked_weight': 'belowMean', 'Sex': 'I', 'Whole_weight': 'aboveMean', 'Viscera_weight': 'belowMean'}",True,Height,10.5,"{'aboveMean': 159, 'belowMean': 160}",0.0,5,False,False
88,88,88,42,"{'Shell_weight': 'belowMean', 'Sex': 'M', 'Height': 'belowMean', 'Diameter': 'belowMean', 'Viscera_weight': 'belowMean', 'Length': 'belowMean'}",True,Shucked_weight,8.533834586466165,"{'belowMean': 161, 'aboveMean': 162}",3.872897893588934,6,False,False
89,89,89,42,"{'Shell_weight': 'belowMean', 'Sex': 'M', 'Height': 'belowMean', 'Diameter': 'belowMean', 'Viscera_weight': 'belowMean', 'Length': 'aboveMean'}",True,Shucked_weight,8.2,{'belowMean': 163},0.56,6,False,False
90,90,90,43,"{'Shell_weight': 'belowMean', 'Sex': 'M', 'Height': 'belowMean', 'Diameter': 'belowMean', 'Viscera_weight': 'aboveMean', 'Shucked_weight': 'belowMean'}",True,Length,10.333333333333334,"{'belowMean': 164, 'aboveMean': 165}",0.1666666666666666,6,False,False
91,91,91,43,"{'Shell_weight': 'belowMean', 'Sex': 'M', 'Height': 'belowMean', 'Diameter': 'belowMean', 'Viscera_weight': 'aboveMean', 'Shucked_weight': 'aboveMean'}",True,,9.0,{},0.0,6,False,True
92,92,92,44,"{'Shell_weight': 'belowMean', 'Sex': 'M', 'Height': 'belowMean', 'Diameter': 'aboveMean', 'Length': 'aboveMean', 'Shucked_weight': 'belowMean'}",True,Viscera_weight,10.333333333333334,"{'belowMean': 166, 'aboveMean': 167}",3.7777777777777777,6,False,False
93,93,93,44,"{'Shell_weight': 'belowMean', 'Sex': 'M', 'Height': 'belowMean', 'Diameter': 'aboveMean', 'Length': 'aboveMean', 'Shucked_weight': 'aboveMean'}",True,Whole_weight,9.333333333333334,"{'aboveMean': 168, 'belowMean': 169}",0.2,6,False,False
94,94,94,45,"{'Shell_weight': 'belowMean', 'Sex': 'M', 'Height': 'belowMean', 'Diameter': 'aboveMean', 'Length': 'belowMean', 'Shucked_weight': 'aboveMean'}",True,,8.0,{},0.0,6,False,True
95,95,95,45,"{'Shell_weight': 'belowMean', 'Sex': 'M', 'Height': 'belowMean', 'Diameter': 'aboveMean', 'Length': 'belowMean', 'Shucked_weight': 'belowMean'}",True,Viscera_weight,8.0,{'belowMean': 170},1.0,6,False,False
96,96,96,46,"{'Shell_weight': 'belowMean', 'Sex': 'M', 'Height': 'aboveMean', 'Length': 'belowMean', 'Shucked_weight': 'belowMean', 'Diameter': 'belowMean'}",True,Viscera_weight,11.409090909090908,"{'belowMean': 171, 'aboveMean': 172}",8.508838383838384,6,False,False
97,97,97,46,"{'Shell_weight': 'belowMean', 'Sex': 'M', 'Height': 'aboveMean', 'Length': 'belowMean', 'Shucked_weight': 'belowMean', 'Diameter': 'aboveMean'}",True,Viscera_weight,13.5,"{'aboveMean': 173, 'belowMean': 174}",0.0,6,False,False
98,98,98,47,"{'Shell_weight': 'belowMean', 'Sex': 'M', 'Height': 'aboveMean', 'Length': 'belowMean', 'Shucked_weight': 'aboveMean', 'Whole_weight': 'belowMean'}",True,Diameter,7.5,"{'aboveMean': 175, 'belowMean': 176}",0.0,6,False,False
99,99,99,47,"{'Shell_weight': 'belowMean', 'Sex': 'M', 'Height': 'aboveMean', 'Length': 'belowMean', 'Shucked_weight': 'aboveMean', 'Whole_weight': 'aboveMean'}",True,,14.0,{},0.0,6,False,True
100,100,100,48,"{'Shell_weight': 'belowMean', 'Sex': 'M', 'Height': 'aboveMean', 'Length': 'aboveMean', 'Shucked_weight': 'belowMean', 'Viscera_weight': 'belowMean'}",True,Diameter,9.8,{'aboveMean': 177},1.7600000000000002,6,False,False
101,101,101,48,"{'Shell_weight': 'belowMean', 'Sex': 'M', 'Height': 'aboveMean', 'Length': 'aboveMean', 'Shucked_weight': 'belowMean', 'Viscera_weight': 'aboveMean'}",True,,9.0,{},0.0,6,False,True
102,102,102,49,"{'Shell_weight': 'belowMean', 'Sex': 'M', 'Height': 'aboveMean', 'Length': 'aboveMean', 'Shucked_weight': 'aboveMean', 'Whole_weight': 'aboveMean'}",True,Viscera_weight,8.857142857142858,"{'belowMean': 178, 'aboveMean': 179}",0.6904761904761905,6,True,True
103,103,103,49,"{'Shell_weight': 'belowMean', 'Sex': 'M', 'Height': 'aboveMean', 'Length': 'aboveMean', 'Shucked_weight': 'aboveMean', 'Whole_weight': 'belowMean'}",True,,8.0,{},0.0,6,False,True
104,104,104,50,"{'Shell_weight': 'belowMean', 'Sex': 'I', 'Height': 'belowMean', 'Length': 'belowMean', 'Diameter': 'belowMean', 'Viscera_weight': 'belowMean'}",True,Shucked_weight,7.145631067961165,"{'belowMean': 180, 'aboveMean': 181}",4.046544831524843,6,False,False
105,105,105,50,"{'Shell_weight': 'belowMean', 'Sex': 'I', 'Height': 'belowMean', 'Length': 'belowMean', 'Diameter': 'belowMean', 'Viscera_weight': 'aboveMean'}",True,,8.0,{},0.0,6,False,True
106,106,106,51,"{'Shell_weight': 'belowMean', 'Sex': 'I', 'Height': 'belowMean', 'Length': 'belowMean', 'Diameter': 'aboveMean', 'Shucked_weight': 'belowMean'}",True,Viscera_weight,8.333333333333334,{'belowMean': 182},0.2222222222222222,6,False,False
107,107,107,52,"{'Shell_weight': 'belowMean', 'Sex': 'I', 'Height': 'belowMean', 'Length': 'aboveMean', 'Whole_weight': 'belowMean', 'Shucked_weight': 'belowMean'}",True,Diameter,8.592592592592593,"{'aboveMean': 183, 'belowMean': 184}",1.2030723905723906,6,False,False
108,108,108,52,"{'Shell_weight': 'belowMean', 'Sex': 'I', 'Height': 'belowMean', 'Length': 'aboveMean', 'Whole_weight': 'belowMean', 'Shucked_weight': 'aboveMean'}",True,Diameter,8.2,"{'aboveMean': 185, 'belowMean': 186}",0.1,6,False,False
109,109,109,53,"{'Shell_weight': 'belowMean', 'Sex': 'I', 'Height': 'belowMean', 'Length': 'aboveMean', 'Whole_weight': 'aboveMean', 'Diameter': 'aboveMean'}",True,Shucked_weight,9.5,{'aboveMean': 187},0.25,6,False,False
110,110,110,54,"{'Shell_weight': 'belowMean', 'Sex': 'I', 'Height': 'aboveMean', 'Shucked_weight': 'belowMean', 'Viscera_weight': 'belowMean', 'Diameter': 'belowMean'}",True,Length,9.77777777777778,"{'belowMean': 188, 'aboveMean': 189}",7.555555555555555,6,False,False
111,111,111,54,"{'Shell_weight': 'belowMean', 'Sex': 'I', 'Height': 'aboveMean', 'Shucked_weight': 'belowMean', 'Viscera_weight': 'belowMean', 'Diameter': 'aboveMean'}",True,Length,9.8,"{'belowMean': 190, 'aboveMean': 191}",11.40952380952381,6,False,False
112,112,112,55,"{'Shell_weight': 'belowMean', 'Sex': 'I', 'Height': 'aboveMean', 'Shucked_weight': 'belowMean', 'Viscera_weight': 'aboveMean', 'Diameter': 'aboveMean'}",True,Length,9.5,{'aboveMean': 192},0.25,6,False,False
113,113,113,55,"{'Shell_weight': 'belowMean', 'Sex': 'I', 'Height': 'aboveMean', 'Shucked_weight': 'belowMean', 'Viscera_weight': 'aboveMean', 'Diameter': 'belowMean'}",True,Length,10.5,{'aboveMean': 193},0.25,6,False,False
114,114,114,56,"{'Shell_weight': 'belowMean', 'Sex': 'I', 'Height': 'aboveMean', 'Shucked_weight': 'aboveMean', 'Diameter': 'aboveMean', 'Viscera_weight': 'belowMean'}",True,Length,10.0,{'aboveMean': 194},0.5,6,False,False
115,115,115,56,"{'Shell_weight': 'belowMean', 'Sex': 'I', 'Height': 'aboveMean', 'Shucked_weight': 'aboveMean', 'Diameter': 'aboveMean', 'Viscera_weight': 'aboveMean'}",True,Whole_weight,9.5,"{'belowMean': 195, 'aboveMean': 196}",0.0,6,False,False
116,116,116,58,"{'Shell_weight': 'belowMean', 'Sex': 'F', 'Height': 'belowMean', 'Shucked_weight': 'aboveMean', 'Viscera_weight': 'belowMean', 'Diameter': 'belowMean'}",True,,9.0,{},0.0,6,False,True
117,117,117,58,"{'Shell_weight': 'belowMean', 'Sex': 'F', 'Height': 'belowMean', 'Shucked_weight': 'aboveMean', 'Viscera_weight': 'belowMean', 'Diameter': 'aboveMean'}",True,Whole_weight,8.25,"{'belowMean': 197, 'aboveMean': 198}",0.6666666666666667,6,False,False
118,118,118,59,"{'Shell_weight': 'belowMean', 'Sex': 'F', 'Height': 'belowMean', 'Shucked_weight': 'aboveMean', 'Viscera_weight': 'aboveMean', 'Diameter': 'aboveMean'}",True,Whole_weight,9.333333333333334,"{'aboveMean': 199, 'belowMean': 200}",2.5416666666666665,6,False,False
119,119,119,59,"{'Shell_weight': 'belowMean', 'Sex': 'F', 'Height': 'belowMean', 'Shucked_weight': 'aboveMean', 'Viscera_weight': 'aboveMean', 'Diameter': 'belowMean'}",True,,8.0,{},0.0,6,False,True
120,120,120,60,"{'Shell_weight': 'belowMean', 'Sex': 'F', 'Height': 'belowMean', 'Shucked_weight': 'belowMean', 'Length': 'belowMean', 'Diameter': 'belowMean'}",True,Viscera_weight,9.530864197530864,"{'belowMean': 201, 'aboveMean': 202}",6.812345679012346,6,False,False
121,121,121,60,"{'Shell_weight': 'belowMean', 'Sex': 'F', 'Height': 'belowMean', 'Shucked_weight': 'belowMean', 'Length': 'belowMean', 'Diameter': 'aboveMean'}",True,,15.0,{},0.0,6,False,True
122,122,122,61,"{'Shell_weight': 'belowMean', 'Sex': 'F', 'Height': 'belowMean', 'Shucked_weight': 'belowMean', 'Length': 'aboveMean', 'Diameter': 'belowMean'}",True,Viscera_weight,11.0,"{'belowMean': 203, 'aboveMean': 204}",5.357142857142857,6,False,False
123,123,123,61,"{'Shell_weight': 'belowMean', 'Sex': 'F', 'Height': 'belowMean', 'Shucked_weight': 'belowMean', 'Length': 'aboveMean', 'Diameter': 'aboveMean'}",True,Viscera_weight,8.6,"{'belowMean': 205, 'aboveMean': 206}",0.95,6,False,False
124,124,124,62,"{'Shell_weight': 'belowMean', 'Sex': 'F', 'Height': 'aboveMean', 'Whole_weight': 'belowMean', 'Length': 'aboveMean', 'Diameter': 'aboveMean'}",True,Viscera_weight,11.076923076923077,"{'aboveMean': 207, 'belowMean': 208}",8.177350427350428,6,False,False
125,125,125,62,"{'Shell_weight': 'belowMean', 'Sex': 'F', 'Height': 'aboveMean', 'Whole_weight': 'belowMean', 'Length': 'aboveMean', 'Diameter': 'belowMean'}",True,Viscera_weight,11.666666666666666,"{'aboveMean': 209, 'belowMean': 210}",0.1666666666666666,6,False,False
126,126,126,63,"{'Shell_weight': 'belowMean', 'Sex': 'F', 'Height': 'aboveMean', 'Whole_weight': 'belowMean', 'Length': 'belowMean', 'Shucked_weight': 'belowMean'}",True,Diameter,12.61111111111111,"{'belowMean': 211, 'aboveMean': 212}",4.996527777777778,6,False,False
127,127,127,63,"{'Shell_weight': 'belowMean', 'Sex': 'F', 'Height': 'aboveMean', 'Whole_weight': 'belowMean', 'Length': 'belowMean', 'Shucked_weight': 'aboveMean'}",True,,10.0,{},0.0,6,False,True
128,128,128,64,"{'Shell_weight': 'belowMean', 'Sex': 'F', 'Height': 'aboveMean', 'Whole_weight': 'aboveMean', 'Diameter': 'aboveMean', 'Length': 'aboveMean'}",True,Shucked_weight,8.6,{'aboveMean': 213},0.9066666666666666,6,False,False
129,129,129,65,"{'Shell_weight': 'aboveMean', 'Shucked_weight': 'aboveMean', 'Height': 'aboveMean', 'Viscera_weight': 'aboveMean', 'Diameter': 'aboveMean', 'Sex': 'I'}",True,Length,12.172413793103448,{'aboveMean': 214},11.866825208085611,6,False,False
130,130,130,65,"{'Shell_weight': 'aboveMean', 'Shucked_weight': 'aboveMean', 'Height': 'aboveMean', 'Viscera_weight': 'aboveMean', 'Diameter': 'aboveMean', 'Sex': 'M'}",True,Length,11.408536585365852,"{'aboveMean': 215, 'belowMean': 216}",8.717796673379578,6,False,False
131,131,131,65,"{'Shell_weight': 'aboveMean', 'Shucked_weight': 'aboveMean', 'Height': 'aboveMean', 'Viscera_weight': 'aboveMean', 'Diameter': 'aboveMean', 'Sex': 'F'}",True,Length,11.50557620817844,"{'aboveMean': 217, 'belowMean': 218}",7.750804527548134,6,False,False
132,132,132,66,"{'Shell_weight': 'aboveMean', 'Shucked_weight': 'aboveMean', 'Height': 'aboveMean', 'Viscera_weight': 'aboveMean', 'Diameter': 'belowMean', 'Length': 'aboveMean'}",True,Sex,11.0,"{'M': 219, 'F': 220}",10.133333333333333,6,False,False
133,133,133,66,"{'Shell_weight': 'aboveMean', 'Shucked_weight': 'aboveMean', 'Height': 'aboveMean', 'Viscera_weight': 'aboveMean', 'Diameter': 'belowMean', 'Length': 'belowMean'}",True,Sex,8.333333333333334,"{'M': 221, 'F': 222}",0.6666666666666666,6,False,False
134,134,134,67,"{'Shell_weight': 'aboveMean', 'Shucked_weight': 'aboveMean', 'Height': 'aboveMean', 'Viscera_weight': 'belowMean', 'Sex': 'M', 'Diameter': 'aboveMean'}",True,Length,10.636363636363637,{'aboveMean': 223},8.776859504132231,6,False,False
135,135,135,68,"{'Shell_weight': 'aboveMean', 'Shucked_weight': 'aboveMean', 'Height': 'aboveMean', 'Viscera_weight': 'belowMean', 'Sex': 'F', 'Diameter': 'aboveMean'}",True,Length,11.363636363636363,{'aboveMean': 224},12.595041322314051,6,False,False
136,136,136,69,"{'Shell_weight': 'aboveMean', 'Shucked_weight': 'aboveMean', 'Height': 'aboveMean', 'Viscera_weight': 'belowMean', 'Sex': 'I', 'Diameter': 'aboveMean'}",True,Length,9.875,{'aboveMean': 225},0.859375,6,False,False
137,137,137,70,"{'Shell_weight': 'aboveMean', 'Shucked_weight': 'aboveMean', 'Height': 'belowMean', 'Sex': 'M', 'Diameter': 'aboveMean', 'Viscera_weight': 'aboveMean'}",True,Length,11.0,{'aboveMean': 226},7.454545454545454,6,False,False
138,138,138,70,"{'Shell_weight': 'aboveMean', 'Shucked_weight': 'aboveMean', 'Height': 'belowMean', 'Sex': 'M', 'Diameter': 'aboveMean', 'Viscera_weight': 'belowMean'}",True,Length,12.0,{'aboveMean': 227},9.0,6,False,False
139,139,139,72,"{'Shell_weight': 'aboveMean', 'Shucked_weight': 'aboveMean', 'Height': 'belowMean', 'Sex': 'F', 'Viscera_weight': 'aboveMean', 'Diameter': 'aboveMean'}",True,Length,10.285714285714286,{'aboveMean': 228},2.489795918367347,6,False,False
140,140,140,74,"{'Shell_weight': 'aboveMean', 'Shucked_weight': 'aboveMean', 'Height': 'belowMean', 'Sex': 'I', 'Viscera_weight': 'aboveMean', 'Diameter': 'aboveMean'}",True,Length,9.5,{'aboveMean': 229},0.25,6,False,False
141,141,141,76,"{'Shell_weight': 'aboveMean', 'Shucked_weight': 'belowMean', 'Sex': 'F', 'Viscera_weight': 'aboveMean', 'Whole_weight': 'aboveMean', 'Length': 'aboveMean'}",True,Diameter,14.166666666666666,"{'aboveMean': 230, 'belowMean': 231}",16.38562091503268,6,False,False
142,142,142,76,"{'Shell_weight': 'aboveMean', 'Shucked_weight': 'belowMean', 'Sex': 'F', 'Viscera_weight': 'aboveMean', 'Whole_weight': 'aboveMean', 'Length': 'belowMean'}",True,,8.0,{},0.0,6,False,True
143,143,143,77,"{'Shell_weight': 'aboveMean', 'Shucked_weight': 'belowMean', 'Sex': 'F', 'Viscera_weight': 'aboveMean', 'Whole_weight': 'belowMean', 'Height': 'aboveMean'}",True,Diameter,11.0,{'aboveMean': 232},3.6666666666666665,6,False,False
144,144,144,77,"{'Shell_weight': 'aboveMean', 'Shucked_weight': 'belowMean', 'Sex': 'F', 'Viscera_weight': 'aboveMean', 'Whole_weight': 'belowMean', 'Height': 'belowMean'}",True,,9.0,{},0.0,6,False,True
145,145,145,78,"{'Shell_weight': 'aboveMean', 'Shucked_weight': 'belowMean', 'Sex': 'F', 'Viscera_weight': 'belowMean', 'Diameter': 'belowMean', 'Length': 'belowMean'}",True,Height,15.0,"{'aboveMean': 233, 'belowMean': 234}",18.6,6,False,False
146,146,146,78,"{'Shell_weight': 'aboveMean', 'Shucked_weight': 'belowMean', 'Sex': 'F', 'Viscera_weight': 'belowMean', 'Diameter': 'belowMean', 'Length': 'aboveMean'}",True,,7.0,{},0.0,6,False,True
147,147,147,79,"{'Shell_weight': 'aboveMean', 'Shucked_weight': 'belowMean', 'Sex': 'F', 'Viscera_weight': 'belowMean', 'Diameter': 'aboveMean', 'Height': 'aboveMean'}",True,Whole_weight,15.0,"{'aboveMean': 235, 'belowMean': 236}",9.422222222222222,6,False,False
148,148,148,79,"{'Shell_weight': 'aboveMean', 'Shucked_weight': 'belowMean', 'Sex': 'F', 'Viscera_weight': 'belowMean', 'Diameter': 'aboveMean', 'Height': 'belowMean'}",True,Length,17.333333333333332,{'aboveMean': 237},17.555555555555554,6,False,False
149,149,149,80,"{'Shell_weight': 'aboveMean', 'Shucked_weight': 'belowMean', 'Sex': 'M', 'Diameter': 'belowMean', 'Height': 'aboveMean', 'Length': 'aboveMean'}",True,Viscera_weight,15.4,"{'aboveMean': 238, 'belowMean': 239}",11.7,6,False,False
150,150,150,80,"{'Shell_weight': 'aboveMean', 'Shucked_weight': 'belowMean', 'Sex': 'M', 'Diameter': 'belowMean', 'Height': 'aboveMean', 'Length': 'belowMean'}",True,Whole_weight,14.2,"{'aboveMean': 240, 'belowMean': 241}",11.2,6,False,False
151,151,151,81,"{'Shell_weight': 'aboveMean', 'Shucked_weight': 'belowMean', 'Sex': 'M', 'Diameter': 'belowMean', 'Height': 'belowMean', 'Length': 'aboveMean'}",True,,11.0,{},0.0,6,False,True
152,152,152,81,"{'Shell_weight': 'aboveMean', 'Shucked_weight': 'belowMean', 'Sex': 'M', 'Diameter': 'belowMean', 'Height': 'belowMean', 'Length': 'belowMean'}",True,Viscera_weight,13.333333333333334,"{'aboveMean': 242, 'belowMean': 243}",0.6666666666666666,6,False,False
153,153,153,82,"{'Shell_weight': 'aboveMean', 'Shucked_weight': 'belowMean', 'Sex': 'M', 'Diameter': 'aboveMean', 'Viscera_weight': 'belowMean', 'Whole_weight': 'belowMean'}",True,Length,12.066666666666666,"{'aboveMean': 244, 'belowMean': 245}",4.781818181818182,6,False,False
154,154,154,82,"{'Shell_weight': 'aboveMean', 'Shucked_weight': 'belowMean', 'Sex': 'M', 'Diameter': 'aboveMean', 'Viscera_weight': 'belowMean', 'Whole_weight': 'aboveMean'}",True,Height,13.5,"{'aboveMean': 246, 'belowMean': 247}",8.942857142857143,6,False,False
155,155,155,83,"{'Shell_weight': 'aboveMean', 'Shucked_weight': 'belowMean', 'Sex': 'M', 'Diameter': 'aboveMean', 'Viscera_weight': 'aboveMean', 'Whole_weight': 'aboveMean'}",True,Height,11.76923076923077,"{'aboveMean': 248, 'belowMean': 249}",4.839743589743589,6,False,False
156,156,156,83,"{'Shell_weight': 'aboveMean', 'Shucked_weight': 'belowMean', 'Sex': 'M', 'Diameter': 'aboveMean', 'Viscera_weight': 'aboveMean', 'Whole_weight': 'belowMean'}",True,Height,10.0,{'aboveMean': 250},4.0,6,False,False
157,157,157,84,"{'Shell_weight': 'aboveMean', 'Shucked_weight': 'belowMean', 'Sex': 'I', 'Whole_weight': 'belowMean', 'Diameter': 'aboveMean', 'Length': 'aboveMean'}",True,Height,10.0,"{'aboveMean': 251, 'belowMean': 252}",1.1857142857142855,6,False,False
158,158,158,84,"{'Shell_weight': 'aboveMean', 'Shucked_weight': 'belowMean', 'Sex': 'I', 'Whole_weight': 'belowMean', 'Diameter': 'aboveMean', 'Length': 'belowMean'}",True,Height,12.5,"{'aboveMean': 253, 'belowMean': 254}",0.0,6,False,False
159,159,159,87,"{'Shell_weight': 'aboveMean', 'Shucked_weight': 'belowMean', 'Sex': 'I', 'Whole_weight': 'aboveMean', 'Viscera_weight': 'belowMean', 'Height': 'aboveMean'}",True,,10.0,{},0.0,6,False,True
160,160,160,87,"{'Shell_weight': 'aboveMean', 'Shucked_weight': 'belowMean', 'Sex': 'I', 'Whole_weight': 'aboveMean', 'Viscera_weight': 'belowMean', 'Height': 'belowMean'}",True,,11.0,{},0.0,6,False,True
161,161,161,88,"{'Shell_weight': 'belowMean', 'Sex': 'M', 'Height': 'belowMean', 'Diameter': 'belowMean', 'Viscera_weight': 'belowMean', 'Length': 'belowMean', 'Shucked_weight': 'belowMean'}",True,,8.534351145038167,{},0.0,7,False,True
162,162,162,88,"{'Shell_weight': 'belowMean', 'Sex': 'M', 'Height': 'belowMean', 'Diameter': 'belowMean', 'Viscera_weight': 'belowMean', 'Length': 'belowMean', 'Shucked_weight': 'aboveMean'}",True,,8.5,{},0.0,7,False,True
163,163,163,89,"{'Shell_weight': 'belowMean', 'Sex': 'M', 'Height': 'belowMean', 'Diameter': 'belowMean', 'Viscera_weight': 'belowMean', 'Length': 'aboveMean', 'Shucked_weight': 'belowMean'}",True,,8.2,{},0.0,7,False,True
164,164,164,90,"{'Shell_weight': 'belowMean', 'Sex': 'M', 'Height': 'belowMean', 'Diameter': 'belowMean', 'Viscera_weight': 'aboveMean', 'Shucked_weight': 'belowMean', 'Length': 'belowMean'}",True,,10.5,{},0.0,7,False,True
165,165,165,90,"{'Shell_weight': 'belowMean', 'Sex': 'M', 'Height': 'belowMean', 'Diameter': 'belowMean', 'Viscera_weight': 'aboveMean', 'Shucked_weight': 'belowMean', 'Length': 'aboveMean'}",True,,10.0,{},0.0,7,False,True
166,166,166,92,"{'Shell_weight': 'belowMean', 'Sex': 'M', 'Height': 'belowMean', 'Diameter': 'aboveMean', 'Length': 'aboveMean', 'Shucked_weight': 'belowMean', 'Viscera_weight': 'belowMean'}",True,,10.666666666666666,{},0.0,7,False,True
167,167,167,92,"{'Shell_weight': 'belowMean', 'Sex': 'M', 'Height': 'belowMean', 'Diameter': 'aboveMean', 'Length': 'aboveMean', 'Shucked_weight': 'belowMean', 'Viscera_weight': 'aboveMean'}",True,,9.666666666666666,{},0.0,7,False,True
168,168,168,93,"{'Shell_weight': 'belowMean', 'Sex': 'M', 'Height': 'belowMean', 'Diameter': 'aboveMean', 'Length': 'aboveMean', 'Shucked_weight': 'aboveMean', 'Whole_weight': 'aboveMean'}",True,,9.4,{},0.0,7,False,True
169,169,169,93,"{'Shell_weight': 'belowMean', 'Sex': 'M', 'Height': 'belowMean', 'Diameter': 'aboveMean', 'Length': 'aboveMean', 'Shucked_weight': 'aboveMean', 'Whole_weight': 'belowMean'}",True,,9.0,{},0.0,7,False,True
170,170,170,95,"{'Shell_weight': 'belowMean', 'Sex': 'M', 'Height': 'belowMean', 'Diameter': 'aboveMean', 'Length': 'belowMean', 'Shucked_weight': 'belowMean', 'Viscera_weight': 'belowMean'}",True,,8.0,{},0.0,7,False,True
171,171,171,96,"{'Shell_weight': 'belowMean', 'Sex': 'M', 'Height': 'aboveMean', 'Length': 'belowMean', 'Shucked_weight': 'belowMean', 'Diameter': 'belowMean', 'Viscera_weight': 'belowMean'}",True,,11.444444444444445,{},0.0,7,False,True
172,172,172,96,"{'Shell_weight': 'belowMean', 'Sex': 'M', 'Height': 'aboveMean', 'Length': 'belowMean', 'Shucked_weight': 'belowMean', 'Diameter': 'belowMean', 'Viscera_weight': 'aboveMean'}",True,,11.25,{},0.0,7,False,True
173,173,173,97,"{'Shell_weight': 'belowMean', 'Sex': 'M', 'Height': 'aboveMean', 'Length': 'belowMean', 'Shucked_weight': 'belowMean', 'Diameter': 'aboveMean', 'Viscera_weight': 'aboveMean'}",True,,16.0,{},0.0,7,False,True
174,174,174,97,"{'Shell_weight': 'belowMean', 'Sex': 'M', 'Height': 'aboveMean', 'Length': 'belowMean', 'Shucked_weight': 'belowMean', 'Diameter': 'aboveMean', 'Viscera_weight': 'belowMean'}",True,,11.0,{},0.0,7,False,True
175,175,175,98,"{'Shell_weight': 'belowMean', 'Sex': 'M', 'Height': 'aboveMean', 'Length': 'belowMean', 'Shucked_weight': 'aboveMean', 'Whole_weight': 'belowMean', 'Diameter': 'aboveMean'}",True,,8.0,{},0.0,7,False,True
176,176,176,98,"{'Shell_weight': 'belowMean', 'Sex': 'M', 'Height': 'aboveMean', 'Length': 'belowMean', 'Shucked_weight': 'aboveMean', 'Whole_weight': 'belowMean', 'Diameter': 'belowMean'}",True,,7.0,{},0.0,7,False,True
177,177,177,100,"{'Shell_weight': 'belowMean', 'Sex': 'M', 'Height': 'aboveMean', 'Length': 'aboveMean', 'Shucked_weight': 'belowMean', 'Viscera_weight': 'belowMean', 'Diameter': 'aboveMean'}",True,,9.8,{},0.0,7,False,True
178,178,178,102,"{'Shell_weight': 'belowMean', 'Sex': 'M', 'Height': 'aboveMean', 'Length': 'aboveMean', 'Shucked_weight': 'aboveMean', 'Whole_weight': 'aboveMean', 'Viscera_weight': 'belowMean'}",True,,9.0,{},0.0,7,False,True
179,179,179,102,"{'Shell_weight': 'belowMean', 'Sex': 'M', 'Height': 'aboveMean', 'Length': 'aboveMean', 'Shucked_weight': 'aboveMean', 'Whole_weight': 'aboveMean', 'Viscera_weight': 'aboveMean'}",True,,8.833333333333334,{},0.0,7,False,True
180,180,180,104,"{'Shell_weight': 'belowMean', 'Sex': 'I', 'Height': 'belowMean', 'Length': 'belowMean', 'Diameter': 'belowMean', 'Viscera_weight': 'belowMean', 'Shucked_weight': 'belowMean'}",True,,7.147058823529412,{},0.0,7,False,True
181,181,181,104,"{'Shell_weight': 'belowMean', 'Sex': 'I', 'Height': 'belowMean', 'Length': 'belowMean', 'Diameter': 'belowMean', 'Viscera_weight': 'belowMean', 'Shucked_weight': 'aboveMean'}",True,,7.0,{},0.0,7,False,True
182,182,182,106,"{'Shell_weight': 'belowMean', 'Sex': 'I', 'Height': 'belowMean', 'Length': 'belowMean', 'Diameter': 'aboveMean', 'Shucked_weight': 'belowMean', 'Viscera_weight': 'belowMean'}",True,,8.333333333333334,{},0.0,7,False,True
183,183,183,107,"{'Shell_weight': 'belowMean', 'Sex': 'I', 'Height': 'belowMean', 'Length': 'aboveMean', 'Whole_weight': 'belowMean', 'Shucked_weight': 'belowMean', 'Diameter': 'aboveMean'}",True,,8.5625,{},0.0,7,False,True
184,184,184,107,"{'Shell_weight': 'belowMean', 'Sex': 'I', 'Height': 'belowMean', 'Length': 'aboveMean', 'Whole_weight': 'belowMean', 'Shucked_weight': 'belowMean', 'Diameter': 'belowMean'}",True,,8.636363636363637,{},0.0,7,False,True
185,185,185,108,"{'Shell_weight': 'belowMean', 'Sex': 'I', 'Height': 'belowMean', 'Length': 'aboveMean', 'Whole_weight': 'belowMean', 'Shucked_weight': 'aboveMean', 'Diameter': 'aboveMean'}",True,,8.0,{},0.0,7,False,True
186,186,186,108,"{'Shell_weight': 'belowMean', 'Sex': 'I', 'Height': 'belowMean', 'Length': 'aboveMean', 'Whole_weight': 'belowMean', 'Shucked_weight': 'aboveMean', 'Diameter': 'belowMean'}",True,,8.5,{},0.0,7,False,True
187,187,187,109,"{'Shell_weight': 'belowMean', 'Sex': 'I', 'Height': 'belowMean', 'Length': 'aboveMean', 'Whole_weight': 'aboveMean', 'Diameter': 'aboveMean', 'Shucked_weight': 'aboveMean'}",True,,9.5,{},0.0,7,False,True
188,188,188,110,"{'Shell_weight': 'belowMean', 'Sex': 'I', 'Height': 'aboveMean', 'Shucked_weight': 'belowMean', 'Viscera_weight': 'belowMean', 'Diameter': 'belowMean', 'Length': 'belowMean'}",True,,10.0,{},0.0,7,False,True
189,189,189,110,"{'Shell_weight': 'belowMean', 'Sex': 'I', 'Height': 'aboveMean', 'Shucked_weight': 'belowMean', 'Viscera_weight': 'belowMean', 'Diameter': 'belowMean', 'Length': 'aboveMean'}",True,,8.0,{},0.0,7,False,True
190,190,190,111,"{'Shell_weight': 'belowMean', 'Sex': 'I', 'Height': 'aboveMean', 'Shucked_weight': 'belowMean', 'Viscera_weight': 'belowMean', 'Diameter': 'aboveMean', 'Length': 'belowMean'}",True,,8.666666666666666,{},0.0,7,False,True
191,191,191,111,"{'Shell_weight': 'belowMean', 'Sex': 'I', 'Height': 'aboveMean', 'Shucked_weight': 'belowMean', 'Viscera_weight': 'belowMean', 'Diameter': 'aboveMean', 'Length': 'aboveMean'}",True,,10.285714285714286,{},0.0,7,False,True
192,192,192,112,"{'Shell_weight': 'belowMean', 'Sex': 'I', 'Height': 'aboveMean', 'Shucked_weight': 'belowMean', 'Viscera_weight': 'aboveMean', 'Diameter': 'aboveMean', 'Length': 'aboveMean'}",True,,9.5,{},0.0,7,False,True
193,193,193,113,"{'Shell_weight': 'belowMean', 'Sex': 'I', 'Height': 'aboveMean', 'Shucked_weight': 'belowMean', 'Viscera_weight': 'aboveMean', 'Diameter': 'belowMean', 'Length': 'aboveMean'}",True,,10.5,{},0.0,7,False,True
194,194,194,114,"{'Shell_weight': 'belowMean', 'Sex': 'I', 'Height': 'aboveMean', 'Shucked_weight': 'aboveMean', 'Diameter': 'aboveMean', 'Viscera_weight': 'belowMean', 'Length': 'aboveMean'}",True,,10.0,{},0.0,7,False,True
195,195,195,115,"{'Shell_weight': 'belowMean', 'Sex': 'I', 'Height': 'aboveMean', 'Shucked_weight': 'aboveMean', 'Diameter': 'aboveMean', 'Viscera_weight': 'aboveMean', 'Whole_weight': 'belowMean'}",True,,9.0,{},0.0,7,False,True
196,196,196,115,"{'Shell_weight': 'belowMean', 'Sex': 'I', 'Height': 'aboveMean', 'Shucked_weight': 'aboveMean', 'Diameter': 'aboveMean', 'Viscera_weight': 'aboveMean', 'Whole_weight': 'aboveMean'}",True,,10.0,{},0.0,7,False,True
197,197,197,117,"{'Shell_weight': 'belowMean', 'Sex': 'F', 'Height': 'belowMean', 'Shucked_weight': 'aboveMean', 'Viscera_weight': 'belowMean', 'Diameter': 'aboveMean', 'Whole_weight': 'belowMean'}",True,,8.333333333333334,{},0.0,7,False,True
198,198,198,117,"{'Shell_weight': 'belowMean', 'Sex': 'F', 'Height': 'belowMean', 'Shucked_weight': 'aboveMean', 'Viscera_weight': 'belowMean', 'Diameter': 'aboveMean', 'Whole_weight': 'aboveMean'}",True,,8.0,{},0.0,7,False,True
199,199,199,118,"{'Shell_weight': 'belowMean', 'Sex': 'F', 'Height': 'belowMean', 'Shucked_weight': 'aboveMean', 'Viscera_weight': 'aboveMean', 'Diameter': 'aboveMean', 'Whole_weight': 'aboveMean'}",True,,9.25,{},0.0,7,False,True
200,200,200,118,"{'Shell_weight': 'belowMean', 'Sex': 'F', 'Height': 'belowMean', 'Shucked_weight': 'aboveMean', 'Viscera_weight': 'aboveMean', 'Diameter': 'aboveMean', 'Whole_weight': 'belowMean'}",True,,9.5,{},0.0,7,False,True
201,201,201,120,"{'Shell_weight': 'belowMean', 'Sex': 'F', 'Height': 'belowMean', 'Shucked_weight': 'belowMean', 'Length': 'belowMean', 'Diameter': 'belowMean', 'Viscera_weight': 'belowMean'}",True,,9.55,{},0.0,7,False,True
202,202,202,120,"{'Shell_weight': 'belowMean', 'Sex': 'F', 'Height': 'belowMean', 'Shucked_weight': 'belowMean', 'Length': 'belowMean', 'Diameter': 'belowMean', 'Viscera_weight': 'aboveMean'}",True,,8.0,{},0.0,7,False,True
203,203,203,122,"{'Shell_weight': 'belowMean', 'Sex': 'F', 'Height': 'belowMean', 'Shucked_weight': 'belowMean', 'Length': 'aboveMean', 'Diameter': 'belowMean', 'Viscera_weight': 'belowMean'}",True,,10.5,{},0.0,7,False,True
204,204,204,122,"{'Shell_weight': 'belowMean', 'Sex': 'F', 'Height': 'belowMean', 'Shucked_weight': 'belowMean', 'Length': 'aboveMean', 'Diameter': 'belowMean', 'Viscera_weight': 'aboveMean'}",True,,14.0,{},0.0,7,False,True
205,205,205,123,"{'Shell_weight': 'belowMean', 'Sex': 'F', 'Height': 'belowMean', 'Shucked_weight': 'belowMean', 'Length': 'aboveMean', 'Diameter': 'aboveMean', 'Viscera_weight': 'belowMean'}",True,,8.75,{},0.0,7,False,True
206,206,206,123,"{'Shell_weight': 'belowMean', 'Sex': 'F', 'Height': 'belowMean', 'Shucked_weight': 'belowMean', 'Length': 'aboveMean', 'Diameter': 'aboveMean', 'Viscera_weight': 'aboveMean'}",True,,8.0,{},0.0,7,False,True
207,207,207,124,"{'Shell_weight': 'belowMean', 'Sex': 'F', 'Height': 'aboveMean', 'Whole_weight': 'belowMean', 'Length': 'aboveMean', 'Diameter': 'aboveMean', 'Viscera_weight': 'aboveMean'}",True,,10.75,{},0.0,7,False,True
208,208,208,124,"{'Shell_weight': 'belowMean', 'Sex': 'F', 'Height': 'aboveMean', 'Whole_weight': 'belowMean', 'Length': 'aboveMean', 'Diameter': 'aboveMean', 'Viscera_weight': 'belowMean'}",True,,11.22222222222222,{},0.0,7,False,True
209,209,209,125,"{'Shell_weight': 'belowMean', 'Sex': 'F', 'Height': 'aboveMean', 'Whole_weight': 'belowMean', 'Length': 'aboveMean', 'Diameter': 'belowMean', 'Viscera_weight': 'aboveMean'}",True,,12.5,{},0.0,7,False,True
210,210,210,125,"{'Shell_weight': 'belowMean', 'Sex': 'F', 'Height': 'aboveMean', 'Whole_weight': 'belowMean', 'Length': 'aboveMean', 'Diameter': 'belowMean', 'Viscera_weight': 'belowMean'}",True,,10.0,{},0.0,7,False,True
211,211,211,126,"{'Shell_weight': 'belowMean', 'Sex': 'F', 'Height': 'aboveMean', 'Whole_weight': 'belowMean', 'Length': 'belowMean', 'Shucked_weight': 'belowMean', 'Diameter': 'belowMean'}",True,,12.5625,{},0.0,7,False,True
212,212,212,126,"{'Shell_weight': 'belowMean', 'Sex': 'F', 'Height': 'aboveMean', 'Whole_weight': 'belowMean', 'Length': 'belowMean', 'Shucked_weight': 'belowMean', 'Diameter': 'aboveMean'}",True,,13.0,{},0.0,7,False,True
213,213,213,128,"{'Shell_weight': 'belowMean', 'Sex': 'F', 'Height': 'aboveMean', 'Whole_weight': 'aboveMean', 'Diameter': 'aboveMean', 'Length': 'aboveMean', 'Shucked_weight': 'aboveMean'}",True,,8.6,{},0.0,7,False,True
214,214,214,129,"{'Shell_weight': 'aboveMean', 'Shucked_weight': 'aboveMean', 'Height': 'aboveMean', 'Viscera_weight': 'aboveMean', 'Diameter': 'aboveMean', 'Sex': 'I', 'Length': 'aboveMean'}",True,,12.172413793103448,{},0.0,7,False,True
215,215,215,130,"{'Shell_weight': 'aboveMean', 'Shucked_weight': 'aboveMean', 'Height': 'aboveMean', 'Viscera_weight': 'aboveMean', 'Diameter': 'aboveMean', 'Sex': 'M', 'Length': 'aboveMean'}",True,,11.415902140672785,{},0.0,7,False,True
216,216,216,130,"{'Shell_weight': 'aboveMean', 'Shucked_weight': 'aboveMean', 'Height': 'aboveMean', 'Viscera_weight': 'aboveMean', 'Diameter': 'aboveMean', 'Sex': 'M', 'Length': 'belowMean'}",True,,9.0,{},0.0,7,False,True
217,217,217,131,"{'Shell_weight': 'aboveMean', 'Shucked_weight': 'aboveMean', 'Height': 'aboveMean', 'Viscera_weight': 'aboveMean', 'Diameter': 'aboveMean', 'Sex': 'F', 'Length': 'aboveMean'}",True,,11.488805970149254,{},0.0,7,False,True
218,218,218,131,"{'Shell_weight': 'aboveMean', 'Shucked_weight': 'aboveMean', 'Height': 'aboveMean', 'Viscera_weight': 'aboveMean', 'Diameter': 'aboveMean', 'Sex': 'F', 'Length': 'belowMean'}",True,,16.0,{},0.0,7,False,True
219,219,219,132,"{'Shell_weight': 'aboveMean', 'Shucked_weight': 'aboveMean', 'Height': 'aboveMean', 'Viscera_weight': 'aboveMean', 'Diameter': 'belowMean', 'Length': 'aboveMean', 'Sex': 'M'}",True,,11.2,{},0.0,7,False,True
220,220,220,132,"{'Shell_weight': 'aboveMean', 'Shucked_weight': 'aboveMean', 'Height': 'aboveMean', 'Viscera_weight': 'aboveMean', 'Diameter': 'belowMean', 'Length': 'aboveMean', 'Sex': 'F'}",True,,10.0,{},0.0,7,False,True
221,221,221,133,"{'Shell_weight': 'aboveMean', 'Shucked_weight': 'aboveMean', 'Height': 'aboveMean', 'Viscera_weight': 'aboveMean', 'Diameter': 'belowMean', 'Length': 'belowMean', 'Sex': 'M'}",True,,9.0,{},0.0,7,False,True
222,222,222,133,"{'Shell_weight': 'aboveMean', 'Shucked_weight': 'aboveMean', 'Height': 'aboveMean', 'Viscera_weight': 'aboveMean', 'Diameter': 'belowMean', 'Length': 'belowMean', 'Sex': 'F'}",True,,8.0,{},0.0,7,False,True
223,223,223,134,"{'Shell_weight': 'aboveMean', 'Shucked_weight': 'aboveMean', 'Height': 'aboveMean', 'Viscera_weight': 'belowMean', 'Sex': 'M', 'Diameter': 'aboveMean', 'Length': 'aboveMean'}",True,,10.636363636363637,{},0.0,7,False,True
224,224,224,135,"{'Shell_weight': 'aboveMean', 'Shucked_weight': 'aboveMean', 'Height': 'aboveMean', 'Viscera_weight': 'belowMean', 'Sex': 'F', 'Diameter': 'aboveMean', 'Length': 'aboveMean'}",True,,11.363636363636363,{},0.0,7,False,True
225,225,225,136,"{'Shell_weight': 'aboveMean', 'Shucked_weight': 'aboveMean', 'Height': 'aboveMean', 'Viscera_weight': 'belowMean', 'Sex': 'I', 'Diameter': 'aboveMean', 'Length': 'aboveMean'}",True,,9.875,{},0.0,7,False,True
226,226,226,137,"{'Shell_weight': 'aboveMean', 'Shucked_weight': 'aboveMean', 'Height': 'belowMean', 'Sex': 'M', 'Diameter': 'aboveMean', 'Viscera_weight': 'aboveMean', 'Length': 'aboveMean'}",True,,11.0,{},0.0,7,False,True
227,227,227,138,"{'Shell_weight': 'aboveMean', 'Shucked_weight': 'aboveMean', 'Height': 'belowMean', 'Sex': 'M', 'Diameter': 'aboveMean', 'Viscera_weight': 'belowMean', 'Length': 'aboveMean'}",True,,12.0,{},0.0,7,False,True
228,228,228,139,"{'Shell_weight': 'aboveMean', 'Shucked_weight': 'aboveMean', 'Height': 'belowMean', 'Sex': 'F', 'Viscera_weight': 'aboveMean', 'Diameter': 'aboveMean', 'Length': 'aboveMean'}",True,,10.285714285714286,{},0.0,7,False,True
229,229,229,140,"{'Shell_weight': 'aboveMean', 'Shucked_weight': 'aboveMean', 'Height': 'belowMean', 'Sex': 'I', 'Viscera_weight': 'aboveMean', 'Diameter': 'aboveMean', 'Length': 'aboveMean'}",True,,9.5,{},0.0,7,False,True
230,230,230,141,"{'Shell_weight': 'aboveMean', 'Shucked_weight': 'belowMean', 'Sex': 'F', 'Viscera_weight': 'aboveMean', 'Whole_weight': 'aboveMean', 'Length': 'aboveMean', 'Diameter': 'aboveMean'}",True,,13.941176470588236,{},0.0,7,False,True
231,231,231,141,"{'Shell_weight': 'aboveMean', 'Shucked_weight': 'belowMean', 'Sex': 'F', 'Viscera_weight': 'aboveMean', 'Whole_weight': 'aboveMean', 'Length': 'aboveMean', 'Diameter': 'belowMean'}",True,,18.0,{},0.0,7,False,True
232,232,232,143,"{'Shell_weight': 'aboveMean', 'Shucked_weight': 'belowMean', 'Sex': 'F', 'Viscera_weight': 'aboveMean', 'Whole_weight': 'belowMean', 'Height': 'aboveMean', 'Diameter': 'aboveMean'}",True,,11.0,{},0.0,7,False,True
233,233,233,145,"{'Shell_weight': 'aboveMean', 'Shucked_weight': 'belowMean', 'Sex': 'F', 'Viscera_weight': 'belowMean', 'Diameter': 'belowMean', 'Length': 'belowMean', 'Height': 'aboveMean'}",True,,15.5,{},0.0,7,False,True
234,234,234,145,"{'Shell_weight': 'aboveMean', 'Shucked_weight': 'belowMean', 'Sex': 'F', 'Viscera_weight': 'belowMean', 'Diameter': 'belowMean', 'Length': 'belowMean', 'Height': 'belowMean'}",True,,13.0,{},0.0,7,False,True
235,235,235,147,"{'Shell_weight': 'aboveMean', 'Shucked_weight': 'belowMean', 'Sex': 'F', 'Viscera_weight': 'belowMean', 'Diameter': 'aboveMean', 'Height': 'aboveMean', 'Whole_weight': 'aboveMean'}",True,,16.0,{},0.0,7,False,True
236,236,236,147,"{'Shell_weight': 'aboveMean', 'Shucked_weight': 'belowMean', 'Sex': 'F', 'Viscera_weight': 'belowMean', 'Diameter': 'aboveMean', 'Height': 'aboveMean', 'Whole_weight': 'belowMean'}",True,,14.2,{},0.0,7,False,True
237,237,237,148,"{'Shell_weight': 'aboveMean', 'Shucked_weight': 'belowMean', 'Sex': 'F', 'Viscera_weight': 'belowMean', 'Diameter': 'aboveMean', 'Height': 'belowMean', 'Length': 'aboveMean'}",True,,17.333333333333332,{},0.0,7,False,True
238,238,238,149,"{'Shell_weight': 'aboveMean', 'Shucked_weight': 'belowMean', 'Sex': 'M', 'Diameter': 'belowMean', 'Height': 'aboveMean', 'Length': 'aboveMean', 'Viscera_weight': 'aboveMean'}",True,,14.5,{},0.0,7,False,True
239,239,239,149,"{'Shell_weight': 'aboveMean', 'Shucked_weight': 'belowMean', 'Sex': 'M', 'Diameter': 'belowMean', 'Height': 'aboveMean', 'Length': 'aboveMean', 'Viscera_weight': 'belowMean'}",True,,16.0,{},0.0,7,False,True
240,240,240,150,"{'Shell_weight': 'aboveMean', 'Shucked_weight': 'belowMean', 'Sex': 'M', 'Diameter': 'belowMean', 'Height': 'aboveMean', 'Length': 'belowMean', 'Whole_weight': 'aboveMean'}",True,,15.0,{},0.0,7,False,True
241,241,241,150,"{'Shell_weight': 'aboveMean', 'Shucked_weight': 'belowMean', 'Sex': 'M', 'Diameter': 'belowMean', 'Height': 'aboveMean', 'Length': 'belowMean', 'Whole_weight': 'belowMean'}",True,,13.0,{},0.0,7,False,True
242,242,242,152,"{'Shell_weight': 'aboveMean', 'Shucked_weight': 'belowMean', 'Sex': 'M', 'Diameter': 'belowMean', 'Height': 'belowMean', 'Length': 'belowMean', 'Viscera_weight': 'aboveMean'}",True,,14.0,{},0.0,7,False,True
243,243,243,152,"{'Shell_weight': 'aboveMean', 'Shucked_weight': 'belowMean', 'Sex': 'M', 'Diameter': 'belowMean', 'Height': 'belowMean', 'Length': 'belowMean', 'Viscera_weight': 'belowMean'}",True,,12.0,{},0.0,7,False,True
244,244,244,153,"{'Shell_weight': 'aboveMean', 'Shucked_weight': 'belowMean', 'Sex': 'M', 'Diameter': 'aboveMean', 'Viscera_weight': 'belowMean', 'Whole_weight': 'belowMean', 'Length': 'aboveMean'}",True,,11.545454545454543,{},0.0,7,False,True
245,245,245,153,"{'Shell_weight': 'aboveMean', 'Shucked_weight': 'belowMean', 'Sex': 'M', 'Diameter': 'aboveMean', 'Viscera_weight': 'belowMean', 'Whole_weight': 'belowMean', 'Length': 'belowMean'}",True,,13.5,{},0.0,7,False,True
246,246,246,154,"{'Shell_weight': 'aboveMean', 'Shucked_weight': 'belowMean', 'Sex': 'M', 'Diameter': 'aboveMean', 'Viscera_weight': 'belowMean', 'Whole_weight': 'aboveMean', 'Height': 'aboveMean'}",True,,13.285714285714286,{},0.0,7,False,True
247,247,247,154,"{'Shell_weight': 'aboveMean', 'Shucked_weight': 'belowMean', 'Sex': 'M', 'Diameter': 'aboveMean', 'Viscera_weight': 'belowMean', 'Whole_weight': 'aboveMean', 'Height': 'belowMean'}",True,,14.0,{},0.0,7,False,True
248,248,248,155,"{'Shell_weight': 'aboveMean', 'Shucked_weight': 'belowMean', 'Sex': 'M', 'Diameter': 'aboveMean', 'Viscera_weight': 'aboveMean', 'Whole_weight': 'aboveMean', 'Height': 'aboveMean'}",True,,11.916666666666666,{},0.0,7,False,True
249,249,249,155,"{'Shell_weight': 'aboveMean', 'Shucked_weight': 'belowMean', 'Sex': 'M', 'Diameter': 'aboveMean', 'Viscera_weight': 'aboveMean', 'Whole_weight': 'aboveMean', 'Height': 'belowMean'}",True,,10.0,{},0.0,7,False,True
250,250,250,156,"{'Shell_weight': 'aboveMean', 'Shucked_weight': 'belowMean', 'Sex': 'M', 'Diameter': 'aboveMean', 'Viscera_weight': 'aboveMean', 'Whole_weight': 'belowMean', 'Height': 'aboveMean'}",True,,10.0,{},0.0,7,False,True
251,251,251,157,"{'Shell_weight': 'aboveMean', 'Shucked_weight': 'belowMean', 'Sex': 'I', 'Whole_weight': 'belowMean', 'Diameter': 'aboveMean', 'Length': 'aboveMean', 'Height': 'aboveMean'}",True,,9.8,{},0.0,7,False,True
252,252,252,157,"{'Shell_weight': 'aboveMean', 'Shucked_weight': 'belowMean', 'Sex': 'I', 'Whole_weight': 'belowMean', 'Diameter': 'aboveMean', 'Length': 'aboveMean', 'Height': 'belowMean'}",True,,10.5,{},0.0,7,False,True
253,253,253,158,"{'Shell_weight': 'aboveMean', 'Shucked_weight': 'belowMean', 'Sex': 'I', 'Whole_weight': 'belowMean', 'Diameter': 'aboveMean', 'Length': 'belowMean', 'Height': 'aboveMean'}",True,,15.0,{},0.0,7,False,True
254,254,254,158,"{'Shell_weight': 'aboveMean', 'Shucked_weight': 'belowMean', 'Sex': 'I', 'Whole_weight': 'belowMean', 'Diameter': 'aboveMean', 'Length': 'belowMean', 'Height': 'belowMean'}",True,,10.0,{},0.0,7,False,True
