,nodeID,parentNode,dataSetFilters,evaluated,nodeFeature,nodePrediction,childrenNodes,gainOrMSE,treeLevel,pruned,isLeaf
0,0,-1,{},True,Shell_weight,10.012567324955116,"{'belowMean': 1, 'aboveMean': 2}",7.626528324476971,0,False,False
1,1,0,{'Shell_weight': 'belowMean'},True,Sex,8.436342592592593,"{'M': 3, 'F': 4, 'I': 5}",5.169290593333655,1,False,False
2,2,0,{'Shell_weight': 'aboveMean'},True,Shucked_weight,11.700123915737299,"{'belowMean': 6, 'aboveMean': 7}",8.91219473864327,1,False,False
3,3,1,"{'Shell_weight': 'belowMean', 'Sex': 'M'}",True,Shucked_weight,9.263157894736842,"{'belowMean': 8, 'aboveMean': 9}",4.36929427641502,2,False,False
4,4,1,"{'Shell_weight': 'belowMean', 'Sex': 'F'}",True,Shucked_weight,10.017543859649123,"{'belowMean': 10, 'aboveMean': 11}",7.1644197221573505,2,False,False
5,5,1,"{'Shell_weight': 'belowMean', 'Sex': 'I'}",True,Length,7.520661157024794,"{'belowMean': 12, 'aboveMean': 13}",4.371489382905874,2,False,False
6,6,2,"{'Shell_weight': 'aboveMean', 'Shucked_weight': 'belowMean'}",True,Sex,12.621621621621621,"{'F': 14, 'M': 15, 'I': 16}",10.020384269358278,2,False,False
7,7,2,"{'Shell_weight': 'aboveMean', 'Shucked_weight': 'aboveMean'}",True,Height,11.55316091954023,"{'belowMean': 17, 'aboveMean': 18}",8.520371568135305,2,False,False
8,8,3,"{'Shell_weight': 'belowMean', 'Sex': 'M', 'Shucked_weight': 'belowMean'}",True,Diameter,9.352941176470589,"{'belowMean': 19, 'aboveMean': 20}",4.835079237174321,3,False,False
9,9,3,"{'Shell_weight': 'belowMean', 'Sex': 'M', 'Shucked_weight': 'aboveMean'}",True,Length,8.871794871794872,"{'aboveMean': 21, 'belowMean': 22}",1.5339972527472527,3,False,False
10,10,4,"{'Shell_weight': 'belowMean', 'Sex': 'F', 'Shucked_weight': 'belowMean'}",True,Height,10.283582089552239,"{'belowMean': 23, 'aboveMean': 24}",8.241977305590275,3,False,False
11,11,4,"{'Shell_weight': 'belowMean', 'Sex': 'F', 'Shucked_weight': 'aboveMean'}",True,Diameter,9.054054054054054,"{'aboveMean': 25, 'belowMean': 26}",1.497804054054054,3,False,False
12,12,5,"{'Shell_weight': 'belowMean', 'Sex': 'I', 'Length': 'belowMean'}",True,Height,7.316279069767442,"{'belowMean': 27, 'aboveMean': 28}",4.549590033655083,3,False,False
13,13,5,"{'Shell_weight': 'belowMean', 'Sex': 'I', 'Length': 'aboveMean'}",True,Height,9.148148148148149,"{'belowMean': 29, 'aboveMean': 30}",1.4965686274509804,3,False,False
14,14,6,"{'Shell_weight': 'aboveMean', 'Shucked_weight': 'belowMean', 'Sex': 'F'}",True,Whole_weight,13.232558139534884,"{'aboveMean': 31, 'belowMean': 32}",11.311964504283965,3,False,False
15,15,6,"{'Shell_weight': 'aboveMean', 'Shucked_weight': 'belowMean', 'Sex': 'M'}",True,Whole_weight,12.941176470588236,"{'belowMean': 33, 'aboveMean': 34}",9.806463326071169,3,False,False
16,16,6,"{'Shell_weight': 'aboveMean', 'Shucked_weight': 'belowMean', 'Sex': 'I'}",True,Diameter,10.117647058823529,"{'aboveMean': 35, 'belowMean': 36}",2.6911764705882355,3,False,False
17,17,7,"{'Shell_weight': 'aboveMean', 'Shucked_weight': 'aboveMean', 'Height': 'belowMean'}",True,Diameter,10.81578947368421,"{'aboveMean': 37, 'belowMean': 38}",5.940256045519203,3,False,False
18,18,7,"{'Shell_weight': 'aboveMean', 'Shucked_weight': 'aboveMean', 'Height': 'aboveMean'}",True,Length,11.595744680851064,"{'aboveMean': 39, 'belowMean': 40}",8.605132263064556,3,False,False
19,19,8,"{'Shell_weight': 'belowMean', 'Sex': 'M', 'Shucked_weight': 'belowMean', 'Diameter': 'belowMean'}",True,Viscera_weight,9.191780821917808,"{'belowMean': 41, 'aboveMean': 42}",4.814770696843358,4,False,False
20,20,8,"{'Shell_weight': 'belowMean', 'Sex': 'M', 'Shucked_weight': 'belowMean', 'Diameter': 'aboveMean'}",True,Viscera_weight,10.333333333333334,"{'belowMean': 43, 'aboveMean': 44}",3.353641456582633,4,False,False
21,21,9,"{'Shell_weight': 'belowMean', 'Sex': 'M', 'Shucked_weight': 'aboveMean', 'Length': 'aboveMean'}",True,Height,9.03125,"{'aboveMean': 45, 'belowMean': 46}",1.6161764705882353,4,False,False
22,22,9,"{'Shell_weight': 'belowMean', 'Sex': 'M', 'Shucked_weight': 'aboveMean', 'Length': 'belowMean'}",True,Height,8.142857142857142,"{'belowMean': 47, 'aboveMean': 48}",0.20238095238095236,4,False,False
23,23,10,"{'Shell_weight': 'belowMean', 'Sex': 'F', 'Shucked_weight': 'belowMean', 'Height': 'belowMean'}",True,Whole_weight,9.923809523809524,"{'belowMean': 49, 'aboveMean': 50}",7.6746336996336995,4,False,False
24,24,10,"{'Shell_weight': 'belowMean', 'Sex': 'F', 'Shucked_weight': 'belowMean', 'Height': 'aboveMean'}",True,Diameter,11.586206896551724,"{'belowMean': 51, 'aboveMean': 52}",9.724137931034482,4,False,False
25,25,11,"{'Shell_weight': 'belowMean', 'Sex': 'F', 'Shucked_weight': 'aboveMean', 'Diameter': 'aboveMean'}",True,Length,9.15625,"{'belowMean': 53, 'aboveMean': 54}",1.5234375,4,False,False
26,26,11,"{'Shell_weight': 'belowMean', 'Sex': 'F', 'Shucked_weight': 'aboveMean', 'Diameter': 'belowMean'}",True,Length,8.4,"{'aboveMean': 55, 'belowMean': 56}",0.13333333333333333,4,False,False
27,27,12,"{'Shell_weight': 'belowMean', 'Sex': 'I', 'Length': 'belowMean', 'Height': 'belowMean'}",True,Diameter,7.250596658711217,"{'belowMean': 57, 'aboveMean': 58}",4.386267670277217,4,False,False
28,28,12,"{'Shell_weight': 'belowMean', 'Sex': 'I', 'Length': 'belowMean', 'Height': 'aboveMean'}",True,Shucked_weight,9.818181818181818,"{'belowMean': 59, 'aboveMean': 60}",7.9,4,False,False
29,29,13,"{'Shell_weight': 'belowMean', 'Sex': 'I', 'Length': 'aboveMean', 'Height': 'belowMean'}",True,Diameter,8.852941176470589,"{'belowMean': 61, 'aboveMean': 62}",0.9906998372471518,4,False,False
30,30,13,"{'Shell_weight': 'belowMean', 'Sex': 'I', 'Length': 'aboveMean', 'Height': 'aboveMean'}",True,Diameter,9.65,"{'aboveMean': 63, 'belowMean': 64}",2.0450980392156866,4,False,False
31,31,14,"{'Shell_weight': 'aboveMean', 'Shucked_weight': 'belowMean', 'Sex': 'F', 'Whole_weight': 'aboveMean'}",True,Viscera_weight,14.125,"{'belowMean': 65, 'aboveMean': 66}",9.948214285714286,4,False,False
32,32,14,"{'Shell_weight': 'aboveMean', 'Shucked_weight': 'belowMean', 'Sex': 'F', 'Whole_weight': 'belowMean'}",True,Length,12.105263157894736,"{'belowMean': 67, 'aboveMean': 68}",10.657309941520467,4,False,False
33,33,15,"{'Shell_weight': 'aboveMean', 'Shucked_weight': 'belowMean', 'Sex': 'M', 'Whole_weight': 'belowMean'}",True,Diameter,12.37037037037037,"{'aboveMean': 69, 'belowMean': 70}",7.883597883597884,4,False,False
34,34,15,"{'Shell_weight': 'aboveMean', 'Shucked_weight': 'belowMean', 'Sex': 'M', 'Whole_weight': 'aboveMean'}",True,Diameter,13.583333333333334,"{'aboveMean': 71, 'belowMean': 72}",11.206349206349207,4,False,False
35,35,16,"{'Shell_weight': 'aboveMean', 'Shucked_weight': 'belowMean', 'Sex': 'I', 'Diameter': 'aboveMean'}",True,Height,10.375,"{'aboveMean': 73, 'belowMean': 74}",2.4,4,False,False
36,36,16,"{'Shell_weight': 'aboveMean', 'Shucked_weight': 'belowMean', 'Sex': 'I', 'Diameter': 'belowMean'}",True,,6.0,{},0.0,4,False,True
37,37,17,"{'Shell_weight': 'aboveMean', 'Shucked_weight': 'aboveMean', 'Height': 'belowMean', 'Diameter': 'aboveMean'}",True,Sex,10.702702702702704,"{'F': 75, 'M': 76, 'I': 77}",5.923595023595024,4,False,False
38,38,17,"{'Shell_weight': 'aboveMean', 'Shucked_weight': 'aboveMean', 'Height': 'belowMean', 'Diameter': 'belowMean'}",True,,15.0,{},0.0,4,False,True
39,39,18,"{'Shell_weight': 'aboveMean', 'Shucked_weight': 'aboveMean', 'Height': 'aboveMean', 'Length': 'aboveMean'}",True,Diameter,11.612557427258805,"{'aboveMean': 78, 'belowMean': 79}",8.612593889010428,4,False,False
40,40,18,"{'Shell_weight': 'aboveMean', 'Shucked_weight': 'aboveMean', 'Height': 'aboveMean', 'Length': 'belowMean'}",True,Diameter,9.4,"{'belowMean': 80, 'aboveMean': 81}",5.35,4,False,False
41,41,19,"{'Shell_weight': 'belowMean', 'Sex': 'M', 'Shucked_weight': 'belowMean', 'Diameter': 'belowMean', 'Viscera_weight': 'belowMean'}",True,Height,9.08695652173913,"{'belowMean': 82, 'aboveMean': 83}",4.651512537382104,5,False,False
42,42,19,"{'Shell_weight': 'belowMean', 'Sex': 'M', 'Shucked_weight': 'belowMean', 'Diameter': 'belowMean', 'Viscera_weight': 'aboveMean'}",True,Whole_weight,11.0,"{'belowMean': 84, 'aboveMean': 85}",5.857142857142858,5,False,False
43,43,20,"{'Shell_weight': 'belowMean', 'Sex': 'M', 'Shucked_weight': 'belowMean', 'Diameter': 'aboveMean', 'Viscera_weight': 'belowMean'}",True,Height,10.764705882352942,"{'aboveMean': 86, 'belowMean': 87}",3.3009803921568626,5,False,False
44,44,20,"{'Shell_weight': 'belowMean', 'Sex': 'M', 'Shucked_weight': 'belowMean', 'Diameter': 'aboveMean', 'Viscera_weight': 'aboveMean'}",True,Height,9.285714285714286,"{'belowMean': 88, 'aboveMean': 89}",2.1142857142857143,5,False,False
45,45,21,"{'Shell_weight': 'belowMean', 'Sex': 'M', 'Shucked_weight': 'aboveMean', 'Length': 'aboveMean', 'Height': 'aboveMean'}",True,Viscera_weight,8.6,"{'aboveMean': 90, 'belowMean': 91}",0.638888888888889,5,False,False
46,46,21,"{'Shell_weight': 'belowMean', 'Sex': 'M', 'Shucked_weight': 'aboveMean', 'Length': 'aboveMean', 'Height': 'belowMean'}",True,Diameter,9.411764705882353,"{'aboveMean': 92, 'belowMean': 93}",2.2490196078431373,5,False,False
47,47,22,"{'Shell_weight': 'belowMean', 'Sex': 'M', 'Shucked_weight': 'aboveMean', 'Length': 'belowMean', 'Height': 'belowMean'}",True,Diameter,7.75,"{'belowMean': 94, 'aboveMean': 95}",0.16666666666666669,5,False,False
48,48,22,"{'Shell_weight': 'belowMean', 'Sex': 'M', 'Shucked_weight': 'aboveMean', 'Length': 'belowMean', 'Height': 'aboveMean'}",True,Diameter,8.666666666666666,"{'aboveMean': 96, 'belowMean': 97}",0.16666666666666666,5,False,False
49,49,23,"{'Shell_weight': 'belowMean', 'Sex': 'F', 'Shucked_weight': 'belowMean', 'Height': 'belowMean', 'Whole_weight': 'belowMean'}",True,Diameter,9.89423076923077,"{'belowMean': 98, 'aboveMean': 99}",7.738236617183985,5,False,False
50,50,23,"{'Shell_weight': 'belowMean', 'Sex': 'F', 'Shucked_weight': 'belowMean', 'Height': 'belowMean', 'Whole_weight': 'aboveMean'}",True,,13.0,{},0.0,5,False,True
51,51,24,"{'Shell_weight': 'belowMean', 'Sex': 'F', 'Shucked_weight': 'belowMean', 'Height': 'aboveMean', 'Diameter': 'belowMean'}",True,Length,12.0,"{'belowMean': 100, 'aboveMean': 101}",11.307843137254903,5,False,False
52,52,24,"{'Shell_weight': 'belowMean', 'Sex': 'F', 'Shucked_weight': 'belowMean', 'Height': 'aboveMean', 'Diameter': 'aboveMean'}",True,Length,11.0,"{'aboveMean': 102, 'belowMean': 103}",5.041666666666667,5,False,False
53,53,25,"{'Shell_weight': 'belowMean', 'Sex': 'F', 'Shucked_weight': 'aboveMean', 'Diameter': 'aboveMean', 'Length': 'belowMean'}",True,Height,10.25,"{'aboveMean': 104, 'belowMean': 105}",0.625,5,False,False
54,54,25,"{'Shell_weight': 'belowMean', 'Sex': 'F', 'Shucked_weight': 'aboveMean', 'Diameter': 'aboveMean', 'Length': 'aboveMean'}",True,Height,9.0,"{'belowMean': 106, 'aboveMean': 107}",1.4412202380952384,5,False,False
55,55,26,"{'Shell_weight': 'belowMean', 'Sex': 'F', 'Shucked_weight': 'aboveMean', 'Diameter': 'belowMean', 'Length': 'aboveMean'}",True,Whole_weight,8.666666666666666,"{'belowMean': 108, 'aboveMean': 109}",0.16666666666666666,5,False,False
56,56,26,"{'Shell_weight': 'belowMean', 'Sex': 'F', 'Shucked_weight': 'aboveMean', 'Diameter': 'belowMean', 'Length': 'belowMean'}",True,,8.0,{},0.0,5,False,True
57,57,27,"{'Shell_weight': 'belowMean', 'Sex': 'I', 'Length': 'belowMean', 'Height': 'belowMean', 'Diameter': 'belowMean'}",True,Shucked_weight,7.230769230769231,"{'belowMean': 110, 'aboveMean': 111}",4.381387030843553,5,False,False
58,58,27,"{'Shell_weight': 'belowMean', 'Sex': 'I', 'Length': 'belowMean', 'Height': 'belowMean', 'Diameter': 'aboveMean'}",True,Shucked_weight,10.0,{'belowMean': 112},4.666666666666667,5,False,False
59,59,28,"{'Shell_weight': 'belowMean', 'Sex': 'I', 'Length': 'belowMean', 'Height': 'aboveMean', 'Shucked_weight': 'belowMean'}",True,Diameter,10.1,"{'belowMean': 113, 'aboveMean': 114}",8.688888888888888,5,False,False
60,60,28,"{'Shell_weight': 'belowMean', 'Sex': 'I', 'Length': 'belowMean', 'Height': 'aboveMean', 'Shucked_weight': 'aboveMean'}",True,,7.0,{},0.0,5,False,True
61,61,29,"{'Shell_weight': 'belowMean', 'Sex': 'I', 'Length': 'aboveMean', 'Height': 'belowMean', 'Diameter': 'belowMean'}",True,Shucked_weight,8.454545454545455,"{'belowMean': 115, 'aboveMean': 116}",0.22727272727272727,5,False,False
62,62,29,"{'Shell_weight': 'belowMean', 'Sex': 'I', 'Length': 'aboveMean', 'Height': 'belowMean', 'Diameter': 'aboveMean'}",True,Viscera_weight,9.043478260869565,"{'belowMean': 117, 'aboveMean': 118}",1.259903381642512,5,False,False
63,63,30,"{'Shell_weight': 'belowMean', 'Sex': 'I', 'Length': 'aboveMean', 'Height': 'aboveMean', 'Diameter': 'aboveMean'}",True,Viscera_weight,9.470588235294118,"{'belowMean': 119, 'aboveMean': 120}",2.3215686274509806,5,False,False
64,64,30,"{'Shell_weight': 'belowMean', 'Sex': 'I', 'Length': 'aboveMean', 'Height': 'aboveMean', 'Diameter': 'belowMean'}",True,Shucked_weight,10.666666666666666,{'belowMean': 121},0.2222222222222222,5,False,False
65,65,31,"{'Shell_weight': 'aboveMean', 'Shucked_weight': 'belowMean', 'Sex': 'F', 'Whole_weight': 'aboveMean', 'Viscera_weight': 'belowMean'}",True,Length,15.4,"{'aboveMean': 122, 'belowMean': 123}",11.0,5,False,False
66,66,31,"{'Shell_weight': 'aboveMean', 'Shucked_weight': 'belowMean', 'Sex': 'F', 'Whole_weight': 'aboveMean', 'Viscera_weight': 'aboveMean'}",True,Height,13.214285714285714,"{'belowMean': 124, 'aboveMean': 125}",5.515151515151516,5,False,False
67,67,32,"{'Shell_weight': 'aboveMean', 'Shucked_weight': 'belowMean', 'Sex': 'F', 'Whole_weight': 'belowMean', 'Length': 'belowMean'}",True,Diameter,13.11111111111111,"{'aboveMean': 126, 'belowMean': 127}",10.172222222222224,5,False,False
68,68,32,"{'Shell_weight': 'aboveMean', 'Shucked_weight': 'belowMean', 'Sex': 'F', 'Whole_weight': 'belowMean', 'Length': 'aboveMean'}",True,Diameter,11.2,"{'belowMean': 128, 'aboveMean': 129}",8.8,5,False,False
69,69,33,"{'Shell_weight': 'aboveMean', 'Shucked_weight': 'belowMean', 'Sex': 'M', 'Whole_weight': 'belowMean', 'Diameter': 'aboveMean'}",True,Viscera_weight,12.714285714285714,"{'belowMean': 130, 'aboveMean': 131}",6.689285714285715,5,False,False
70,70,33,"{'Shell_weight': 'aboveMean', 'Shucked_weight': 'belowMean', 'Sex': 'M', 'Whole_weight': 'belowMean', 'Diameter': 'belowMean'}",True,Height,12.0,"{'aboveMean': 132, 'belowMean': 133}",8.735897435897435,5,False,False
71,71,34,"{'Shell_weight': 'aboveMean', 'Shucked_weight': 'belowMean', 'Sex': 'M', 'Whole_weight': 'aboveMean', 'Diameter': 'aboveMean'}",True,Height,13.285714285714286,"{'aboveMean': 134, 'belowMean': 135}",11.487468671679197,5,False,False
72,72,34,"{'Shell_weight': 'aboveMean', 'Shucked_weight': 'belowMean', 'Sex': 'M', 'Whole_weight': 'aboveMean', 'Diameter': 'belowMean'}",True,Length,15.666666666666666,"{'aboveMean': 136, 'belowMean': 137}",0.16666666666666666,5,False,False
73,73,35,"{'Shell_weight': 'aboveMean', 'Shucked_weight': 'belowMean', 'Sex': 'I', 'Diameter': 'aboveMean', 'Height': 'aboveMean'}",True,Viscera_weight,10.9,"{'belowMean': 138, 'aboveMean': 139}",3.25,5,False,False
74,74,35,"{'Shell_weight': 'aboveMean', 'Shucked_weight': 'belowMean', 'Sex': 'I', 'Diameter': 'aboveMean', 'Height': 'belowMean'}",True,Viscera_weight,9.5,"{'aboveMean': 140, 'belowMean': 141}",0.7916666666666666,5,False,False
75,75,37,"{'Shell_weight': 'aboveMean', 'Shucked_weight': 'aboveMean', 'Height': 'belowMean', 'Diameter': 'aboveMean', 'Sex': 'F'}",True,Viscera_weight,10.571428571428571,"{'aboveMean': 142, 'belowMean': 143}",5.357142857142857,5,False,False
76,76,37,"{'Shell_weight': 'aboveMean', 'Shucked_weight': 'aboveMean', 'Height': 'belowMean', 'Diameter': 'aboveMean', 'Sex': 'M'}",True,Viscera_weight,11.055555555555555,"{'aboveMean': 144, 'belowMean': 145}",7.2370370370370365,5,False,False
77,77,37,"{'Shell_weight': 'aboveMean', 'Shucked_weight': 'aboveMean', 'Height': 'belowMean', 'Diameter': 'aboveMean', 'Sex': 'I'}",True,Whole_weight,9.8,"{'aboveMean': 146, 'belowMean': 147}",0.23333333333333334,5,False,False
78,78,39,"{'Shell_weight': 'aboveMean', 'Shucked_weight': 'aboveMean', 'Height': 'aboveMean', 'Length': 'aboveMean', 'Diameter': 'aboveMean'}",True,Whole_weight,11.619047619047619,"{'aboveMean': 148, 'belowMean': 149}",8.612707959072091,5,False,False
79,79,39,"{'Shell_weight': 'aboveMean', 'Shucked_weight': 'aboveMean', 'Height': 'aboveMean', 'Length': 'aboveMean', 'Diameter': 'belowMean'}",True,Sex,9.5,"{'M': 150, 'F': 151}",0.0,5,False,False
80,80,40,"{'Shell_weight': 'aboveMean', 'Shucked_weight': 'aboveMean', 'Height': 'aboveMean', 'Length': 'belowMean', 'Diameter': 'belowMean'}",True,Sex,9.75,"{'M': 152, 'F': 153}",6.125,5,False,False
81,81,40,"{'Shell_weight': 'aboveMean', 'Shucked_weight': 'aboveMean', 'Height': 'aboveMean', 'Length': 'belowMean', 'Diameter': 'aboveMean'}",True,,8.0,{},0.0,5,False,True
82,82,41,"{'Shell_weight': 'belowMean', 'Sex': 'M', 'Shucked_weight': 'belowMean', 'Diameter': 'belowMean', 'Viscera_weight': 'belowMean', 'Height': 'belowMean'}",True,Length,8.992063492063492,"{'belowMean': 154, 'aboveMean': 155}",4.595171401894091,6,False,False
83,83,41,"{'Shell_weight': 'belowMean', 'Sex': 'M', 'Shucked_weight': 'belowMean', 'Diameter': 'belowMean', 'Viscera_weight': 'belowMean', 'Height': 'aboveMean'}",True,Length,10.083333333333334,"{'belowMean': 156, 'aboveMean': 157}",5.166666666666667,6,False,False
84,84,42,"{'Shell_weight': 'belowMean', 'Sex': 'M', 'Shucked_weight': 'belowMean', 'Diameter': 'belowMean', 'Viscera_weight': 'aboveMean', 'Whole_weight': 'belowMean'}",True,Height,10.857142857142858,"{'belowMean': 158, 'aboveMean': 159}",6.1190476190476195,6,False,False
85,85,42,"{'Shell_weight': 'belowMean', 'Sex': 'M', 'Shucked_weight': 'belowMean', 'Diameter': 'belowMean', 'Viscera_weight': 'aboveMean', 'Whole_weight': 'aboveMean'}",True,,12.0,{},0.0,6,False,True
86,86,43,"{'Shell_weight': 'belowMean', 'Sex': 'M', 'Shucked_weight': 'belowMean', 'Diameter': 'aboveMean', 'Viscera_weight': 'belowMean', 'Height': 'aboveMean'}",True,Length,11.6,"{'aboveMean': 160, 'belowMean': 161}",4.2,6,False,False
87,87,43,"{'Shell_weight': 'belowMean', 'Sex': 'M', 'Shucked_weight': 'belowMean', 'Diameter': 'aboveMean', 'Viscera_weight': 'belowMean', 'Height': 'belowMean'}",True,Length,10.416666666666666,"{'belowMean': 162, 'aboveMean': 163}",2.6666666666666665,6,False,False
88,88,44,"{'Shell_weight': 'belowMean', 'Sex': 'M', 'Shucked_weight': 'belowMean', 'Diameter': 'aboveMean', 'Viscera_weight': 'aboveMean', 'Height': 'belowMean'}",True,Length,9.8,"{'belowMean': 164, 'aboveMean': 165}",2.15,6,False,False
89,89,44,"{'Shell_weight': 'belowMean', 'Sex': 'M', 'Shucked_weight': 'belowMean', 'Diameter': 'aboveMean', 'Viscera_weight': 'aboveMean', 'Height': 'aboveMean'}",True,,8.0,{},0.0,6,False,True
90,90,45,"{'Shell_weight': 'belowMean', 'Sex': 'M', 'Shucked_weight': 'aboveMean', 'Length': 'aboveMean', 'Height': 'aboveMean', 'Viscera_weight': 'aboveMean'}",True,Whole_weight,8.416666666666666,"{'aboveMean': 166, 'belowMean': 167}",0.5454545454545454,6,False,False
91,91,45,"{'Shell_weight': 'belowMean', 'Sex': 'M', 'Shucked_weight': 'aboveMean', 'Length': 'aboveMean', 'Height': 'aboveMean', 'Viscera_weight': 'belowMean'}",True,Whole_weight,9.333333333333334,"{'aboveMean': 168, 'belowMean': 169}",0.6666666666666666,6,False,False
92,92,46,"{'Shell_weight': 'belowMean', 'Sex': 'M', 'Shucked_weight': 'aboveMean', 'Length': 'aboveMean', 'Height': 'belowMean', 'Diameter': 'aboveMean'}",True,Viscera_weight,9.533333333333333,"{'belowMean': 170, 'aboveMean': 171}",2.486904761904762,6,False,False
93,93,46,"{'Shell_weight': 'belowMean', 'Sex': 'M', 'Shucked_weight': 'aboveMean', 'Length': 'aboveMean', 'Height': 'belowMean', 'Diameter': 'belowMean'}",True,Viscera_weight,8.5,{'belowMean': 172},0.25,6,False,False
94,94,47,"{'Shell_weight': 'belowMean', 'Sex': 'M', 'Shucked_weight': 'aboveMean', 'Length': 'belowMean', 'Height': 'belowMean', 'Diameter': 'belowMean'}",True,Viscera_weight,7.666666666666667,{'belowMean': 173},0.22222222222222224,6,False,False
95,95,47,"{'Shell_weight': 'belowMean', 'Sex': 'M', 'Shucked_weight': 'aboveMean', 'Length': 'belowMean', 'Height': 'belowMean', 'Diameter': 'aboveMean'}",True,,8.0,{},0.0,6,False,True
96,96,48,"{'Shell_weight': 'belowMean', 'Sex': 'M', 'Shucked_weight': 'aboveMean', 'Length': 'belowMean', 'Height': 'aboveMean', 'Diameter': 'aboveMean'}",True,Viscera_weight,8.5,{'belowMean': 174},0.25,6,False,False
97,97,48,"{'Shell_weight': 'belowMean', 'Sex': 'M', 'Shucked_weight': 'aboveMean', 'Length': 'belowMean', 'Height': 'aboveMean', 'Diameter': 'belowMean'}",True,,9.0,{},0.0,6,False,True
98,98,49,"{'Shell_weight': 'belowMean', 'Sex': 'F', 'Shucked_weight': 'belowMean', 'Height': 'belowMean', 'Whole_weight': 'belowMean', 'Diameter': 'belowMean'}",True,Viscera_weight,9.863157894736842,"{'belowMean': 175, 'aboveMean': 176}",7.858743633276741,6,False,False
99,99,49,"{'Shell_weight': 'belowMean', 'Sex': 'F', 'Shucked_weight': 'belowMean', 'Height': 'belowMean', 'Whole_weight': 'belowMean', 'Diameter': 'aboveMean'}",True,Length,10.222222222222221,"{'belowMean': 177, 'aboveMean': 178}",5.7555555555555555,6,False,False
100,100,51,"{'Shell_weight': 'belowMean', 'Sex': 'F', 'Shucked_weight': 'belowMean', 'Height': 'aboveMean', 'Diameter': 'belowMean', 'Length': 'belowMean'}",True,Viscera_weight,11.533333333333333,{'belowMean': 179},11.182222222222224,6,False,False
101,101,51,"{'Shell_weight': 'belowMean', 'Sex': 'F', 'Shucked_weight': 'belowMean', 'Height': 'aboveMean', 'Diameter': 'belowMean', 'Length': 'aboveMean'}",True,Viscera_weight,15.5,"{'belowMean': 180, 'aboveMean': 181}",0.0,6,False,False
102,102,52,"{'Shell_weight': 'belowMean', 'Sex': 'F', 'Shucked_weight': 'belowMean', 'Height': 'aboveMean', 'Diameter': 'aboveMean', 'Length': 'aboveMean'}",True,Viscera_weight,10.75,"{'belowMean': 182, 'aboveMean': 183}",5.857142857142858,6,False,False
103,103,52,"{'Shell_weight': 'belowMean', 'Sex': 'F', 'Shucked_weight': 'belowMean', 'Height': 'aboveMean', 'Diameter': 'aboveMean', 'Length': 'belowMean'}",True,Viscera_weight,11.5,"{'belowMean': 184, 'aboveMean': 185}",0.5,6,False,False
104,104,53,"{'Shell_weight': 'belowMean', 'Sex': 'F', 'Shucked_weight': 'aboveMean', 'Diameter': 'aboveMean', 'Length': 'belowMean', 'Height': 'aboveMean'}",True,Whole_weight,11.0,"{'aboveMean': 186, 'belowMean': 187}",0.0,6,False,False
105,105,53,"{'Shell_weight': 'belowMean', 'Sex': 'F', 'Shucked_weight': 'aboveMean', 'Diameter': 'aboveMean', 'Length': 'belowMean', 'Height': 'belowMean'}",True,Viscera_weight,9.5,{'belowMean': 188},0.25,6,False,False
106,106,54,"{'Shell_weight': 'belowMean', 'Sex': 'F', 'Shucked_weight': 'aboveMean', 'Diameter': 'aboveMean', 'Length': 'aboveMean', 'Height': 'belowMean'}",True,Viscera_weight,9.416666666666666,"{'belowMean': 189, 'aboveMean': 190}",2.40625,6,False,False
107,107,54,"{'Shell_weight': 'belowMean', 'Sex': 'F', 'Shucked_weight': 'aboveMean', 'Diameter': 'aboveMean', 'Length': 'aboveMean', 'Height': 'aboveMean'}",True,Whole_weight,8.6875,"{'aboveMean': 191, 'belowMean': 192}",0.578125,6,False,False
108,108,55,"{'Shell_weight': 'belowMean', 'Sex': 'F', 'Shucked_weight': 'aboveMean', 'Diameter': 'belowMean', 'Length': 'aboveMean', 'Whole_weight': 'belowMean'}",True,Height,8.5,{'belowMean': 193},0.25,6,False,False
109,109,55,"{'Shell_weight': 'belowMean', 'Sex': 'F', 'Shucked_weight': 'aboveMean', 'Diameter': 'belowMean', 'Length': 'aboveMean', 'Whole_weight': 'aboveMean'}",True,,9.0,{},0.0,6,False,True
110,110,57,"{'Shell_weight': 'belowMean', 'Sex': 'I', 'Length': 'belowMean', 'Height': 'belowMean', 'Diameter': 'belowMean', 'Shucked_weight': 'belowMean'}",True,Viscera_weight,7.2270531400966185,{'belowMean': 194},4.397722233891106,6,False,False
111,111,57,"{'Shell_weight': 'belowMean', 'Sex': 'I', 'Length': 'belowMean', 'Height': 'belowMean', 'Diameter': 'belowMean', 'Shucked_weight': 'aboveMean'}",True,Viscera_weight,8.0,{'belowMean': 195},1.0,6,False,False
112,112,58,"{'Shell_weight': 'belowMean', 'Sex': 'I', 'Length': 'belowMean', 'Height': 'belowMean', 'Diameter': 'aboveMean', 'Shucked_weight': 'belowMean'}",True,Viscera_weight,10.0,{'belowMean': 196},4.666666666666667,6,False,False
113,113,59,"{'Shell_weight': 'belowMean', 'Sex': 'I', 'Length': 'belowMean', 'Height': 'aboveMean', 'Shucked_weight': 'belowMean', 'Diameter': 'belowMean'}",True,Viscera_weight,10.11111111111111,{'belowMean': 197},9.654320987654321,6,False,False
114,114,59,"{'Shell_weight': 'belowMean', 'Sex': 'I', 'Length': 'belowMean', 'Height': 'aboveMean', 'Shucked_weight': 'belowMean', 'Diameter': 'aboveMean'}",True,,10.0,{},0.0,6,False,True
115,115,61,"{'Shell_weight': 'belowMean', 'Sex': 'I', 'Length': 'aboveMean', 'Height': 'belowMean', 'Diameter': 'belowMean', 'Shucked_weight': 'belowMean'}",True,Viscera_weight,8.5,{'belowMean': 198},0.25,6,False,False
116,116,61,"{'Shell_weight': 'belowMean', 'Sex': 'I', 'Length': 'aboveMean', 'Height': 'belowMean', 'Diameter': 'belowMean', 'Shucked_weight': 'aboveMean'}",True,,8.0,{},0.0,6,False,True
117,117,62,"{'Shell_weight': 'belowMean', 'Sex': 'I', 'Length': 'aboveMean', 'Height': 'belowMean', 'Diameter': 'aboveMean', 'Viscera_weight': 'belowMean'}",True,Shucked_weight,8.88888888888889,"{'aboveMean': 199, 'belowMean': 200}",1.3185185185185186,6,False,False
118,118,62,"{'Shell_weight': 'belowMean', 'Sex': 'I', 'Length': 'aboveMean', 'Height': 'belowMean', 'Diameter': 'aboveMean', 'Viscera_weight': 'aboveMean'}",True,Shucked_weight,9.6,"{'aboveMean': 201, 'belowMean': 202}",1.0333333333333334,6,False,False
119,119,63,"{'Shell_weight': 'belowMean', 'Sex': 'I', 'Length': 'aboveMean', 'Height': 'aboveMean', 'Diameter': 'aboveMean', 'Viscera_weight': 'belowMean'}",True,Shucked_weight,9.333333333333334,"{'belowMean': 203, 'aboveMean': 204}",1.1714285714285715,6,False,False
120,120,63,"{'Shell_weight': 'belowMean', 'Sex': 'I', 'Length': 'aboveMean', 'Height': 'aboveMean', 'Diameter': 'aboveMean', 'Viscera_weight': 'aboveMean'}",True,Shucked_weight,9.8,"{'belowMean': 205, 'aboveMean': 206}",3.0333333333333337,6,False,False
121,121,64,"{'Shell_weight': 'belowMean', 'Sex': 'I', 'Length': 'aboveMean', 'Height': 'aboveMean', 'Diameter': 'belowMean', 'Shucked_weight': 'belowMean'}",True,Viscera_weight,10.666666666666666,{'belowMean': 207},0.2222222222222222,6,False,False
122,122,65,"{'Shell_weight': 'aboveMean', 'Shucked_weight': 'belowMean', 'Sex': 'F', 'Whole_weight': 'aboveMean', 'Viscera_weight': 'belowMean', 'Length': 'aboveMean'}",True,Height,15.0,"{'aboveMean': 208, 'belowMean': 209}",11.07936507936508,6,False,False
123,123,65,"{'Shell_weight': 'aboveMean', 'Shucked_weight': 'belowMean', 'Sex': 'F', 'Whole_weight': 'aboveMean', 'Viscera_weight': 'belowMean', 'Length': 'belowMean'}",True,,19.0,{},0.0,6,False,True
124,124,66,"{'Shell_weight': 'aboveMean', 'Shucked_weight': 'belowMean', 'Sex': 'F', 'Whole_weight': 'aboveMean', 'Viscera_weight': 'aboveMean', 'Height': 'belowMean'}",True,Diameter,16.333333333333332,{'aboveMean': 210},0.8888888888888888,6,False,False
125,125,66,"{'Shell_weight': 'aboveMean', 'Shucked_weight': 'belowMean', 'Sex': 'F', 'Whole_weight': 'aboveMean', 'Viscera_weight': 'aboveMean', 'Height': 'aboveMean'}",True,Diameter,12.363636363636363,{'aboveMean': 211},6.776859504132232,6,False,False
126,126,67,"{'Shell_weight': 'aboveMean', 'Shucked_weight': 'belowMean', 'Sex': 'F', 'Whole_weight': 'belowMean', 'Length': 'belowMean', 'Diameter': 'aboveMean'}",True,Height,11.8,"{'belowMean': 212, 'aboveMean': 213}",2.55,6,False,False
127,127,67,"{'Shell_weight': 'aboveMean', 'Shucked_weight': 'belowMean', 'Sex': 'F', 'Whole_weight': 'belowMean', 'Length': 'belowMean', 'Diameter': 'belowMean'}",True,Height,14.75,"{'aboveMean': 214, 'belowMean': 215}",17.166666666666668,6,False,False
128,128,68,"{'Shell_weight': 'aboveMean', 'Shucked_weight': 'belowMean', 'Sex': 'F', 'Whole_weight': 'belowMean', 'Length': 'aboveMean', 'Diameter': 'belowMean'}",True,Viscera_weight,10.0,"{'belowMean': 216, 'aboveMean': 217}",0.0,6,False,False
129,129,68,"{'Shell_weight': 'aboveMean', 'Shucked_weight': 'belowMean', 'Sex': 'F', 'Whole_weight': 'belowMean', 'Length': 'aboveMean', 'Diameter': 'aboveMean'}",True,Height,11.5,"{'aboveMean': 218, 'belowMean': 219}",8.428571428571429,6,False,False
130,130,69,"{'Shell_weight': 'aboveMean', 'Shucked_weight': 'belowMean', 'Sex': 'M', 'Whole_weight': 'belowMean', 'Diameter': 'aboveMean', 'Viscera_weight': 'belowMean'}",True,Length,13.1,"{'aboveMean': 220, 'belowMean': 221}",5.952380952380952,6,False,False
131,131,69,"{'Shell_weight': 'aboveMean', 'Shucked_weight': 'belowMean', 'Sex': 'M', 'Whole_weight': 'belowMean', 'Diameter': 'aboveMean', 'Viscera_weight': 'aboveMean'}",True,Height,11.75,"{'aboveMean': 222, 'belowMean': 223}",7.166666666666666,6,False,False
132,132,70,"{'Shell_weight': 'aboveMean', 'Shucked_weight': 'belowMean', 'Sex': 'M', 'Whole_weight': 'belowMean', 'Diameter': 'belowMean', 'Height': 'aboveMean'}",True,Length,12.1,"{'belowMean': 224, 'aboveMean': 225}",10.475,6,False,False
133,133,70,"{'Shell_weight': 'aboveMean', 'Shucked_weight': 'belowMean', 'Sex': 'M', 'Whole_weight': 'belowMean', 'Diameter': 'belowMean', 'Height': 'belowMean'}",True,Length,11.666666666666666,"{'aboveMean': 226, 'belowMean': 227}",1.5,6,False,False
134,134,71,"{'Shell_weight': 'aboveMean', 'Shucked_weight': 'belowMean', 'Sex': 'M', 'Whole_weight': 'aboveMean', 'Diameter': 'aboveMean', 'Height': 'aboveMean'}",True,Viscera_weight,13.473684210526315,"{'aboveMean': 228, 'belowMean': 229}",12.404306220095695,6,False,False
135,135,71,"{'Shell_weight': 'aboveMean', 'Shucked_weight': 'belowMean', 'Sex': 'M', 'Whole_weight': 'aboveMean', 'Diameter': 'aboveMean', 'Height': 'belowMean'}",True,Viscera_weight,11.5,"{'aboveMean': 230, 'belowMean': 231}",0.0,6,False,False
136,136,72,"{'Shell_weight': 'aboveMean', 'Shucked_weight': 'belowMean', 'Sex': 'M', 'Whole_weight': 'aboveMean', 'Diameter': 'belowMean', 'Length': 'aboveMean'}",True,Height,17.5,{'aboveMean': 232},0.25,6,False,False
137,137,72,"{'Shell_weight': 'aboveMean', 'Shucked_weight': 'belowMean', 'Sex': 'M', 'Whole_weight': 'aboveMean', 'Diameter': 'belowMean', 'Length': 'belowMean'}",True,,12.0,{},0.0,6,False,True
138,138,73,"{'Shell_weight': 'aboveMean', 'Shucked_weight': 'belowMean', 'Sex': 'I', 'Diameter': 'aboveMean', 'Height': 'aboveMean', 'Viscera_weight': 'belowMean'}",True,Whole_weight,11.0,"{'aboveMean': 233, 'belowMean': 234}",2.4166666666666665,6,False,False
139,139,73,"{'Shell_weight': 'aboveMean', 'Shucked_weight': 'belowMean', 'Sex': 'I', 'Diameter': 'aboveMean', 'Height': 'aboveMean', 'Viscera_weight': 'aboveMean'}",True,Length,10.5,{'aboveMean': 235},6.25,6,False,False
140,140,74,"{'Shell_weight': 'aboveMean', 'Shucked_weight': 'belowMean', 'Sex': 'I', 'Diameter': 'aboveMean', 'Height': 'belowMean', 'Viscera_weight': 'aboveMean'}",True,Length,9.0,{'aboveMean': 236},1.0,6,False,False
141,141,74,"{'Shell_weight': 'aboveMean', 'Shucked_weight': 'belowMean', 'Sex': 'I', 'Diameter': 'aboveMean', 'Height': 'belowMean', 'Viscera_weight': 'belowMean'}",True,Length,9.75,"{'aboveMean': 237, 'belowMean': 238}",0.6666666666666667,6,False,False
142,142,75,"{'Shell_weight': 'aboveMean', 'Shucked_weight': 'aboveMean', 'Height': 'belowMean', 'Diameter': 'aboveMean', 'Sex': 'F', 'Viscera_weight': 'aboveMean'}",True,Length,10.5,{'aboveMean': 239},6.083333333333333,6,False,False
143,143,75,"{'Shell_weight': 'aboveMean', 'Shucked_weight': 'aboveMean', 'Height': 'belowMean', 'Diameter': 'aboveMean', 'Sex': 'F', 'Viscera_weight': 'belowMean'}",True,Length,11.0,{'aboveMean': 240},1.0,6,False,False
144,144,76,"{'Shell_weight': 'aboveMean', 'Shucked_weight': 'aboveMean', 'Height': 'belowMean', 'Diameter': 'aboveMean', 'Sex': 'M', 'Viscera_weight': 'aboveMean'}",True,Length,11.4,{'aboveMean': 241},8.639999999999999,6,False,False
145,145,76,"{'Shell_weight': 'aboveMean', 'Shucked_weight': 'aboveMean', 'Height': 'belowMean', 'Diameter': 'aboveMean', 'Sex': 'M', 'Viscera_weight': 'belowMean'}",True,Length,9.333333333333334,{'aboveMean': 242},0.2222222222222222,6,False,False
146,146,77,"{'Shell_weight': 'aboveMean', 'Shucked_weight': 'aboveMean', 'Height': 'belowMean', 'Diameter': 'aboveMean', 'Sex': 'I', 'Whole_weight': 'aboveMean'}",True,Viscera_weight,9.333333333333334,"{'aboveMean': 243, 'belowMean': 244}",0.16666666666666666,6,False,False
147,147,77,"{'Shell_weight': 'aboveMean', 'Shucked_weight': 'aboveMean', 'Height': 'belowMean', 'Diameter': 'aboveMean', 'Sex': 'I', 'Whole_weight': 'belowMean'}",True,Length,10.5,{'aboveMean': 245},0.25,6,False,False
148,148,78,"{'Shell_weight': 'aboveMean', 'Shucked_weight': 'aboveMean', 'Height': 'aboveMean', 'Length': 'aboveMean', 'Diameter': 'aboveMean', 'Whole_weight': 'aboveMean'}",True,Viscera_weight,11.610169491525424,"{'aboveMean': 246, 'belowMean': 247}",8.600780178114093,6,False,False
149,149,78,"{'Shell_weight': 'aboveMean', 'Shucked_weight': 'aboveMean', 'Height': 'aboveMean', 'Length': 'aboveMean', 'Diameter': 'aboveMean', 'Whole_weight': 'belowMean'}",True,Sex,14.5,"{'F': 248, 'I': 249}",0.0,6,False,False
150,150,79,"{'Shell_weight': 'aboveMean', 'Shucked_weight': 'aboveMean', 'Height': 'aboveMean', 'Length': 'aboveMean', 'Diameter': 'belowMean', 'Sex': 'M'}",True,,10.0,{},0.0,6,False,True
151,151,79,"{'Shell_weight': 'aboveMean', 'Shucked_weight': 'aboveMean', 'Height': 'aboveMean', 'Length': 'aboveMean', 'Diameter': 'belowMean', 'Sex': 'F'}",True,,9.0,{},0.0,6,False,True
152,152,80,"{'Shell_weight': 'aboveMean', 'Shucked_weight': 'aboveMean', 'Height': 'aboveMean', 'Length': 'belowMean', 'Diameter': 'belowMean', 'Sex': 'M'}",True,,9.0,{},0.0,6,False,True
153,153,80,"{'Shell_weight': 'aboveMean', 'Shucked_weight': 'aboveMean', 'Height': 'aboveMean', 'Length': 'belowMean', 'Diameter': 'belowMean', 'Sex': 'F'}",True,Viscera_weight,10.5,{'aboveMean': 250},12.25,6,False,False
154,154,82,"{'Shell_weight': 'belowMean', 'Sex': 'M', 'Shucked_weight': 'belowMean', 'Diameter': 'belowMean', 'Viscera_weight': 'belowMean', 'Height': 'belowMean', 'Length': 'belowMean'}",True,,8.991596638655462,{},0.0,7,False,True
155,155,82,"{'Shell_weight': 'belowMean', 'Sex': 'M', 'Shucked_weight': 'belowMean', 'Diameter': 'belowMean', 'Viscera_weight': 'belowMean', 'Height': 'belowMean', 'Length': 'aboveMean'}",True,,9.0,{},0.0,7,False,True
156,156,83,"{'Shell_weight': 'belowMean', 'Sex': 'M', 'Shucked_weight': 'belowMean', 'Diameter': 'belowMean', 'Viscera_weight': 'belowMean', 'Height': 'aboveMean', 'Length': 'belowMean'}",True,,10.0,{},0.0,7,False,True
157,157,83,"{'Shell_weight': 'belowMean', 'Sex': 'M', 'Shucked_weight': 'belowMean', 'Diameter': 'belowMean', 'Viscera_weight': 'belowMean', 'Height': 'aboveMean', 'Length': 'aboveMean'}",True,,11.0,{},0.0,7,False,True
158,158,84,"{'Shell_weight': 'belowMean', 'Sex': 'M', 'Shucked_weight': 'belowMean', 'Diameter': 'belowMean', 'Viscera_weight': 'aboveMean', 'Whole_weight': 'belowMean', 'Height': 'belowMean'}",True,,11.166666666666666,{},0.0,7,False,True
159,159,84,"{'Shell_weight': 'belowMean', 'Sex': 'M', 'Shucked_weight': 'belowMean', 'Diameter': 'belowMean', 'Viscera_weight': 'aboveMean', 'Whole_weight': 'belowMean', 'Height': 'aboveMean'}",True,,9.0,{},0.0,7,False,True
160,160,86,"{'Shell_weight': 'belowMean', 'Sex': 'M', 'Shucked_weight': 'belowMean', 'Diameter': 'aboveMean', 'Viscera_weight': 'belowMean', 'Height': 'aboveMean', 'Length': 'aboveMean'}",True,,11.5,{},0.0,7,False,True
161,161,86,"{'Shell_weight': 'belowMean', 'Sex': 'M', 'Shucked_weight': 'belowMean', 'Diameter': 'aboveMean', 'Viscera_weight': 'belowMean', 'Height': 'aboveMean', 'Length': 'belowMean'}",True,,12.0,{},0.0,7,False,True
162,162,87,"{'Shell_weight': 'belowMean', 'Sex': 'M', 'Shucked_weight': 'belowMean', 'Diameter': 'aboveMean', 'Viscera_weight': 'belowMean', 'Height': 'belowMean', 'Length': 'belowMean'}",True,,11.0,{},0.0,7,False,True
163,163,87,"{'Shell_weight': 'belowMean', 'Sex': 'M', 'Shucked_weight': 'belowMean', 'Diameter': 'aboveMean', 'Viscera_weight': 'belowMean', 'Height': 'belowMean', 'Length': 'aboveMean'}",True,,10.0,{},0.0,7,False,True
164,164,88,"{'Shell_weight': 'belowMean', 'Sex': 'M', 'Shucked_weight': 'belowMean', 'Diameter': 'aboveMean', 'Viscera_weight': 'aboveMean', 'Height': 'belowMean', 'Length': 'belowMean'}",True,,8.0,{},0.0,7,False,True
165,165,88,"{'Shell_weight': 'belowMean', 'Sex': 'M', 'Shucked_weight': 'belowMean', 'Diameter': 'aboveMean', 'Viscera_weight': 'aboveMean', 'Height': 'belowMean', 'Length': 'aboveMean'}",True,,10.25,{},0.0,7,False,True
166,166,90,"{'Shell_weight': 'belowMean', 'Sex': 'M', 'Shucked_weight': 'aboveMean', 'Length': 'aboveMean', 'Height': 'aboveMean', 'Viscera_weight': 'aboveMean', 'Whole_weight': 'aboveMean'}",True,,8.363636363636363,{},0.0,7,False,True
167,167,90,"{'Shell_weight': 'belowMean', 'Sex': 'M', 'Shucked_weight': 'aboveMean', 'Length': 'aboveMean', 'Height': 'aboveMean', 'Viscera_weight': 'aboveMean', 'Whole_weight': 'belowMean'}",True,,9.0,{},0.0,7,False,True
168,168,91,"{'Shell_weight': 'belowMean', 'Sex': 'M', 'Shucked_weight': 'aboveMean', 'Length': 'aboveMean', 'Height': 'aboveMean', 'Viscera_weight': 'belowMean', 'Whole_weight': 'aboveMean'}",True,,9.0,{},0.0,7,False,True
169,169,91,"{'Shell_weight': 'belowMean', 'Sex': 'M', 'Shucked_weight': 'aboveMean', 'Length': 'aboveMean', 'Height': 'aboveMean', 'Viscera_weight': 'belowMean', 'Whole_weight': 'belowMean'}",True,,10.0,{},0.0,7,False,True
170,170,92,"{'Shell_weight': 'belowMean', 'Sex': 'M', 'Shucked_weight': 'aboveMean', 'Length': 'aboveMean', 'Height': 'belowMean', 'Diameter': 'aboveMean', 'Viscera_weight': 'belowMean'}",True,,9.375,{},0.0,7,False,True
171,171,92,"{'Shell_weight': 'belowMean', 'Sex': 'M', 'Shucked_weight': 'aboveMean', 'Length': 'aboveMean', 'Height': 'belowMean', 'Diameter': 'aboveMean', 'Viscera_weight': 'aboveMean'}",True,,9.714285714285714,{},0.0,7,False,True
172,172,93,"{'Shell_weight': 'belowMean', 'Sex': 'M', 'Shucked_weight': 'aboveMean', 'Length': 'aboveMean', 'Height': 'belowMean', 'Diameter': 'belowMean', 'Viscera_weight': 'belowMean'}",True,,8.5,{},0.0,7,False,True
173,173,94,"{'Shell_weight': 'belowMean', 'Sex': 'M', 'Shucked_weight': 'aboveMean', 'Length': 'belowMean', 'Height': 'belowMean', 'Diameter': 'belowMean', 'Viscera_weight': 'belowMean'}",True,,7.666666666666667,{},0.0,7,False,True
174,174,96,"{'Shell_weight': 'belowMean', 'Sex': 'M', 'Shucked_weight': 'aboveMean', 'Length': 'belowMean', 'Height': 'aboveMean', 'Diameter': 'aboveMean', 'Viscera_weight': 'belowMean'}",True,,8.5,{},0.0,7,False,True
175,175,98,"{'Shell_weight': 'belowMean', 'Sex': 'F', 'Shucked_weight': 'belowMean', 'Height': 'belowMean', 'Whole_weight': 'belowMean', 'Diameter': 'belowMean', 'Viscera_weight': 'belowMean'}",True,,9.838709677419354,{},0.0,7,False,True
176,176,98,"{'Shell_weight': 'belowMean', 'Sex': 'F', 'Shucked_weight': 'belowMean', 'Height': 'belowMean', 'Whole_weight': 'belowMean', 'Diameter': 'belowMean', 'Viscera_weight': 'aboveMean'}",True,,11.0,{},0.0,7,False,True
177,177,99,"{'Shell_weight': 'belowMean', 'Sex': 'F', 'Shucked_weight': 'belowMean', 'Height': 'belowMean', 'Whole_weight': 'belowMean', 'Diameter': 'aboveMean', 'Length': 'belowMean'}",True,,9.5,{},0.0,7,False,True
178,178,99,"{'Shell_weight': 'belowMean', 'Sex': 'F', 'Shucked_weight': 'belowMean', 'Height': 'belowMean', 'Whole_weight': 'belowMean', 'Diameter': 'aboveMean', 'Length': 'aboveMean'}",True,,10.8,{},0.0,7,False,True
179,179,100,"{'Shell_weight': 'belowMean', 'Sex': 'F', 'Shucked_weight': 'belowMean', 'Height': 'aboveMean', 'Diameter': 'belowMean', 'Length': 'belowMean', 'Viscera_weight': 'belowMean'}",True,,11.533333333333333,{},0.0,7,False,True
180,180,101,"{'Shell_weight': 'belowMean', 'Sex': 'F', 'Shucked_weight': 'belowMean', 'Height': 'aboveMean', 'Diameter': 'belowMean', 'Length': 'aboveMean', 'Viscera_weight': 'belowMean'}",True,,19.0,{},0.0,7,False,True
181,181,101,"{'Shell_weight': 'belowMean', 'Sex': 'F', 'Shucked_weight': 'belowMean', 'Height': 'aboveMean', 'Diameter': 'belowMean', 'Length': 'aboveMean', 'Viscera_weight': 'aboveMean'}",True,,12.0,{},0.0,7,False,True
182,182,102,"{'Shell_weight': 'belowMean', 'Sex': 'F', 'Shucked_weight': 'belowMean', 'Height': 'aboveMean', 'Diameter': 'aboveMean', 'Length': 'aboveMean', 'Viscera_weight': 'belowMean'}",True,,11.142857142857142,{},0.0,7,False,True
183,183,102,"{'Shell_weight': 'belowMean', 'Sex': 'F', 'Shucked_weight': 'belowMean', 'Height': 'aboveMean', 'Diameter': 'aboveMean', 'Length': 'aboveMean', 'Viscera_weight': 'aboveMean'}",True,,8.0,{},0.0,7,False,True
184,184,103,"{'Shell_weight': 'belowMean', 'Sex': 'F', 'Shucked_weight': 'belowMean', 'Height': 'aboveMean', 'Diameter': 'aboveMean', 'Length': 'belowMean', 'Viscera_weight': 'belowMean'}",True,,11.0,{},0.0,7,False,True
185,185,103,"{'Shell_weight': 'belowMean', 'Sex': 'F', 'Shucked_weight': 'belowMean', 'Height': 'aboveMean', 'Diameter': 'aboveMean', 'Length': 'belowMean', 'Viscera_weight': 'aboveMean'}",True,,13.0,{},0.0,7,False,True
186,186,104,"{'Shell_weight': 'belowMean', 'Sex': 'F', 'Shucked_weight': 'aboveMean', 'Diameter': 'aboveMean', 'Length': 'belowMean', 'Height': 'aboveMean', 'Whole_weight': 'aboveMean'}",True,,12.0,{},0.0,7,False,True
187,187,104,"{'Shell_weight': 'belowMean', 'Sex': 'F', 'Shucked_weight': 'aboveMean', 'Diameter': 'aboveMean', 'Length': 'belowMean', 'Height': 'aboveMean', 'Whole_weight': 'belowMean'}",True,,10.0,{},0.0,7,False,True
188,188,105,"{'Shell_weight': 'belowMean', 'Sex': 'F', 'Shucked_weight': 'aboveMean', 'Diameter': 'aboveMean', 'Length': 'belowMean', 'Height': 'belowMean', 'Viscera_weight': 'belowMean'}",True,,9.5,{},0.0,7,False,True
189,189,106,"{'Shell_weight': 'belowMean', 'Sex': 'F', 'Shucked_weight': 'aboveMean', 'Diameter': 'aboveMean', 'Length': 'aboveMean', 'Height': 'belowMean', 'Viscera_weight': 'belowMean'}",True,,10.0,{},0.0,7,False,True
190,190,106,"{'Shell_weight': 'belowMean', 'Sex': 'F', 'Shucked_weight': 'aboveMean', 'Diameter': 'aboveMean', 'Length': 'aboveMean', 'Height': 'belowMean', 'Viscera_weight': 'aboveMean'}",True,,9.125,{},0.0,7,False,True
191,191,107,"{'Shell_weight': 'belowMean', 'Sex': 'F', 'Shucked_weight': 'aboveMean', 'Diameter': 'aboveMean', 'Length': 'aboveMean', 'Height': 'aboveMean', 'Whole_weight': 'aboveMean'}",True,,8.75,{},0.0,7,False,True
192,192,107,"{'Shell_weight': 'belowMean', 'Sex': 'F', 'Shucked_weight': 'aboveMean', 'Diameter': 'aboveMean', 'Length': 'aboveMean', 'Height': 'aboveMean', 'Whole_weight': 'belowMean'}",True,,8.5,{},0.0,7,False,True
193,193,108,"{'Shell_weight': 'belowMean', 'Sex': 'F', 'Shucked_weight': 'aboveMean', 'Diameter': 'belowMean', 'Length': 'aboveMean', 'Whole_weight': 'belowMean', 'Height': 'belowMean'}",True,,8.5,{},0.0,7,False,True
194,194,110,"{'Shell_weight': 'belowMean', 'Sex': 'I', 'Length': 'belowMean', 'Height': 'belowMean', 'Diameter': 'belowMean', 'Shucked_weight': 'belowMean', 'Viscera_weight': 'belowMean'}",True,,7.2270531400966185,{},0.0,7,False,True
195,195,111,"{'Shell_weight': 'belowMean', 'Sex': 'I', 'Length': 'belowMean', 'Height': 'belowMean', 'Diameter': 'belowMean', 'Shucked_weight': 'aboveMean', 'Viscera_weight': 'belowMean'}",True,,8.0,{},0.0,7,False,True
196,196,112,"{'Shell_weight': 'belowMean', 'Sex': 'I', 'Length': 'belowMean', 'Height': 'belowMean', 'Diameter': 'aboveMean', 'Shucked_weight': 'belowMean', 'Viscera_weight': 'belowMean'}",True,,10.0,{},0.0,7,False,True
197,197,113,"{'Shell_weight': 'belowMean', 'Sex': 'I', 'Length': 'belowMean', 'Height': 'aboveMean', 'Shucked_weight': 'belowMean', 'Diameter': 'belowMean', 'Viscera_weight': 'belowMean'}",True,,10.11111111111111,{},0.0,7,False,True
198,198,115,"{'Shell_weight': 'belowMean', 'Sex': 'I', 'Length': 'aboveMean', 'Height': 'belowMean', 'Diameter': 'belowMean', 'Shucked_weight': 'belowMean', 'Viscera_weight': 'belowMean'}",True,,8.5,{},0.0,7,False,True
199,199,117,"{'Shell_weight': 'belowMean', 'Sex': 'I', 'Length': 'aboveMean', 'Height': 'belowMean', 'Diameter': 'aboveMean', 'Viscera_weight': 'belowMean', 'Shucked_weight': 'aboveMean'}",True,,9.0,{},0.0,7,False,True
200,200,117,"{'Shell_weight': 'belowMean', 'Sex': 'I', 'Length': 'aboveMean', 'Height': 'belowMean', 'Diameter': 'aboveMean', 'Viscera_weight': 'belowMean', 'Shucked_weight': 'belowMean'}",True,,8.866666666666667,{},0.0,7,False,True
201,201,118,"{'Shell_weight': 'belowMean', 'Sex': 'I', 'Length': 'aboveMean', 'Height': 'belowMean', 'Diameter': 'aboveMean', 'Viscera_weight': 'aboveMean', 'Shucked_weight': 'aboveMean'}",True,,9.5,{},0.0,7,False,True
202,202,118,"{'Shell_weight': 'belowMean', 'Sex': 'I', 'Length': 'aboveMean', 'Height': 'belowMean', 'Diameter': 'aboveMean', 'Viscera_weight': 'aboveMean', 'Shucked_weight': 'belowMean'}",True,,9.666666666666666,{},0.0,7,False,True
203,203,119,"{'Shell_weight': 'belowMean', 'Sex': 'I', 'Length': 'aboveMean', 'Height': 'aboveMean', 'Diameter': 'aboveMean', 'Viscera_weight': 'belowMean', 'Shucked_weight': 'belowMean'}",True,,9.142857142857142,{},0.0,7,False,True
204,204,119,"{'Shell_weight': 'belowMean', 'Sex': 'I', 'Length': 'aboveMean', 'Height': 'aboveMean', 'Diameter': 'aboveMean', 'Viscera_weight': 'belowMean', 'Shucked_weight': 'aboveMean'}",True,,9.6,{},0.0,7,False,True
205,205,120,"{'Shell_weight': 'belowMean', 'Sex': 'I', 'Length': 'aboveMean', 'Height': 'aboveMean', 'Diameter': 'aboveMean', 'Viscera_weight': 'aboveMean', 'Shucked_weight': 'belowMean'}",True,,11.5,{},0.0,7,False,True
206,206,120,"{'Shell_weight': 'belowMean', 'Sex': 'I', 'Length': 'aboveMean', 'Height': 'aboveMean', 'Diameter': 'aboveMean', 'Viscera_weight': 'aboveMean', 'Shucked_weight': 'aboveMean'}",True,,8.666666666666666,{},0.0,7,False,True
207,207,121,"{'Shell_weight': 'belowMean', 'Sex': 'I', 'Length': 'aboveMean', 'Height': 'aboveMean', 'Diameter': 'belowMean', 'Shucked_weight': 'belowMean', 'Viscera_weight': 'belowMean'}",True,,10.666666666666666,{},0.0,7,False,True
208,208,122,"{'Shell_weight': 'aboveMean', 'Shucked_weight': 'belowMean', 'Sex': 'F', 'Whole_weight': 'aboveMean', 'Viscera_weight': 'belowMean', 'Length': 'aboveMean', 'Height': 'aboveMean'}",True,,15.571428571428571,{},0.0,7,False,True
209,209,122,"{'Shell_weight': 'aboveMean', 'Shucked_weight': 'belowMean', 'Sex': 'F', 'Whole_weight': 'aboveMean', 'Viscera_weight': 'belowMean', 'Length': 'aboveMean', 'Height': 'belowMean'}",True,,13.0,{},0.0,7,False,True
210,210,124,"{'Shell_weight': 'aboveMean', 'Shucked_weight': 'belowMean', 'Sex': 'F', 'Whole_weight': 'aboveMean', 'Viscera_weight': 'aboveMean', 'Height': 'belowMean', 'Diameter': 'aboveMean'}",True,,16.333333333333332,{},0.0,7,False,True
211,211,125,"{'Shell_weight': 'aboveMean', 'Shucked_weight': 'belowMean', 'Sex': 'F', 'Whole_weight': 'aboveMean', 'Viscera_weight': 'aboveMean', 'Height': 'aboveMean', 'Diameter': 'aboveMean'}",True,,12.363636363636363,{},0.0,7,False,True
212,212,126,"{'Shell_weight': 'aboveMean', 'Shucked_weight': 'belowMean', 'Sex': 'F', 'Whole_weight': 'belowMean', 'Length': 'belowMean', 'Diameter': 'aboveMean', 'Height': 'belowMean'}",True,,14.0,{},0.0,7,False,True
213,213,126,"{'Shell_weight': 'aboveMean', 'Shucked_weight': 'belowMean', 'Sex': 'F', 'Whole_weight': 'belowMean', 'Length': 'belowMean', 'Diameter': 'aboveMean', 'Height': 'aboveMean'}",True,,11.25,{},0.0,7,False,True
214,214,127,"{'Shell_weight': 'aboveMean', 'Shucked_weight': 'belowMean', 'Sex': 'F', 'Whole_weight': 'belowMean', 'Length': 'belowMean', 'Diameter': 'belowMean', 'Height': 'aboveMean'}",True,,15.333333333333334,{},0.0,7,False,True
215,215,127,"{'Shell_weight': 'aboveMean', 'Shucked_weight': 'belowMean', 'Sex': 'F', 'Whole_weight': 'belowMean', 'Length': 'belowMean', 'Diameter': 'belowMean', 'Height': 'belowMean'}",True,,13.0,{},0.0,7,False,True
216,216,128,"{'Shell_weight': 'aboveMean', 'Shucked_weight': 'belowMean', 'Sex': 'F', 'Whole_weight': 'belowMean', 'Length': 'aboveMean', 'Diameter': 'belowMean', 'Viscera_weight': 'belowMean'}",True,,7.0,{},0.0,7,False,True
217,217,128,"{'Shell_weight': 'aboveMean', 'Shucked_weight': 'belowMean', 'Sex': 'F', 'Whole_weight': 'belowMean', 'Length': 'aboveMean', 'Diameter': 'belowMean', 'Viscera_weight': 'aboveMean'}",True,,13.0,{},0.0,7,False,True
218,218,129,"{'Shell_weight': 'aboveMean', 'Shucked_weight': 'belowMean', 'Sex': 'F', 'Whole_weight': 'belowMean', 'Length': 'aboveMean', 'Diameter': 'aboveMean', 'Height': 'aboveMean'}",True,,11.285714285714286,{},0.0,7,False,True
219,219,129,"{'Shell_weight': 'aboveMean', 'Shucked_weight': 'belowMean', 'Sex': 'F', 'Whole_weight': 'belowMean', 'Length': 'aboveMean', 'Diameter': 'aboveMean', 'Height': 'belowMean'}",True,,13.0,{},0.0,7,False,True
220,220,130,"{'Shell_weight': 'aboveMean', 'Shucked_weight': 'belowMean', 'Sex': 'M', 'Whole_weight': 'belowMean', 'Diameter': 'aboveMean', 'Viscera_weight': 'belowMean', 'Length': 'aboveMean'}",True,,12.857142857142858,{},0.0,7,False,True
221,221,130,"{'Shell_weight': 'aboveMean', 'Shucked_weight': 'belowMean', 'Sex': 'M', 'Whole_weight': 'belowMean', 'Diameter': 'aboveMean', 'Viscera_weight': 'belowMean', 'Length': 'belowMean'}",True,,13.666666666666666,{},0.0,7,False,True
222,222,131,"{'Shell_weight': 'aboveMean', 'Shucked_weight': 'belowMean', 'Sex': 'M', 'Whole_weight': 'belowMean', 'Diameter': 'aboveMean', 'Viscera_weight': 'aboveMean', 'Height': 'aboveMean'}",True,,12.333333333333334,{},0.0,7,False,True
223,223,131,"{'Shell_weight': 'aboveMean', 'Shucked_weight': 'belowMean', 'Sex': 'M', 'Whole_weight': 'belowMean', 'Diameter': 'aboveMean', 'Viscera_weight': 'aboveMean', 'Height': 'belowMean'}",True,,10.0,{},0.0,7,False,True
224,224,132,"{'Shell_weight': 'aboveMean', 'Shucked_weight': 'belowMean', 'Sex': 'M', 'Whole_weight': 'belowMean', 'Diameter': 'belowMean', 'Height': 'aboveMean', 'Length': 'belowMean'}",True,,12.0,{},0.0,7,False,True
225,225,132,"{'Shell_weight': 'aboveMean', 'Shucked_weight': 'belowMean', 'Sex': 'M', 'Whole_weight': 'belowMean', 'Diameter': 'belowMean', 'Height': 'aboveMean', 'Length': 'aboveMean'}",True,,12.25,{},0.0,7,False,True
226,226,133,"{'Shell_weight': 'aboveMean', 'Shucked_weight': 'belowMean', 'Sex': 'M', 'Whole_weight': 'belowMean', 'Diameter': 'belowMean', 'Height': 'belowMean', 'Length': 'aboveMean'}",True,,10.0,{},0.0,7,False,True
227,227,133,"{'Shell_weight': 'aboveMean', 'Shucked_weight': 'belowMean', 'Sex': 'M', 'Whole_weight': 'belowMean', 'Diameter': 'belowMean', 'Height': 'belowMean', 'Length': 'belowMean'}",True,,12.5,{},0.0,7,False,True
228,228,134,"{'Shell_weight': 'aboveMean', 'Shucked_weight': 'belowMean', 'Sex': 'M', 'Whole_weight': 'aboveMean', 'Diameter': 'aboveMean', 'Height': 'aboveMean', 'Viscera_weight': 'aboveMean'}",True,,13.272727272727273,{},0.0,7,False,True
229,229,134,"{'Shell_weight': 'aboveMean', 'Shucked_weight': 'belowMean', 'Sex': 'M', 'Whole_weight': 'aboveMean', 'Diameter': 'aboveMean', 'Height': 'aboveMean', 'Viscera_weight': 'belowMean'}",True,,13.75,{},0.0,7,False,True
230,230,135,"{'Shell_weight': 'aboveMean', 'Shucked_weight': 'belowMean', 'Sex': 'M', 'Whole_weight': 'aboveMean', 'Diameter': 'aboveMean', 'Height': 'belowMean', 'Viscera_weight': 'aboveMean'}",True,,10.0,{},0.0,7,False,True
231,231,135,"{'Shell_weight': 'aboveMean', 'Shucked_weight': 'belowMean', 'Sex': 'M', 'Whole_weight': 'aboveMean', 'Diameter': 'aboveMean', 'Height': 'belowMean', 'Viscera_weight': 'belowMean'}",True,,13.0,{},0.0,7,False,True
232,232,136,"{'Shell_weight': 'aboveMean', 'Shucked_weight': 'belowMean', 'Sex': 'M', 'Whole_weight': 'aboveMean', 'Diameter': 'belowMean', 'Length': 'aboveMean', 'Height': 'aboveMean'}",True,,17.5,{},0.0,7,False,True
233,233,138,"{'Shell_weight': 'aboveMean', 'Shucked_weight': 'belowMean', 'Sex': 'I', 'Diameter': 'aboveMean', 'Height': 'aboveMean', 'Viscera_weight': 'belowMean', 'Whole_weight': 'aboveMean'}",True,,11.5,{},0.0,7,False,True
234,234,138,"{'Shell_weight': 'aboveMean', 'Shucked_weight': 'belowMean', 'Sex': 'I', 'Diameter': 'aboveMean', 'Height': 'aboveMean', 'Viscera_weight': 'belowMean', 'Whole_weight': 'belowMean'}",True,,10.833333333333334,{},0.0,7,False,True
235,235,139,"{'Shell_weight': 'aboveMean', 'Shucked_weight': 'belowMean', 'Sex': 'I', 'Diameter': 'aboveMean', 'Height': 'aboveMean', 'Viscera_weight': 'aboveMean', 'Length': 'aboveMean'}",True,,10.5,{},0.0,7,False,True
236,236,140,"{'Shell_weight': 'aboveMean', 'Shucked_weight': 'belowMean', 'Sex': 'I', 'Diameter': 'aboveMean', 'Height': 'belowMean', 'Viscera_weight': 'aboveMean', 'Length': 'aboveMean'}",True,,9.0,{},0.0,7,False,True
237,237,141,"{'Shell_weight': 'aboveMean', 'Shucked_weight': 'belowMean', 'Sex': 'I', 'Diameter': 'aboveMean', 'Height': 'belowMean', 'Viscera_weight': 'belowMean', 'Length': 'aboveMean'}",True,,9.666666666666666,{},0.0,7,False,True
238,238,141,"{'Shell_weight': 'aboveMean', 'Shucked_weight': 'belowMean', 'Sex': 'I', 'Diameter': 'aboveMean', 'Height': 'belowMean', 'Viscera_weight': 'belowMean', 'Length': 'belowMean'}",True,,10.0,{},0.0,7,False,True
239,239,142,"{'Shell_weight': 'aboveMean', 'Shucked_weight': 'aboveMean', 'Height': 'belowMean', 'Diameter': 'aboveMean', 'Sex': 'F', 'Viscera_weight': 'aboveMean', 'Length': 'aboveMean'}",True,,10.5,{},0.0,7,False,True
240,240,143,"{'Shell_weight': 'aboveMean', 'Shucked_weight': 'aboveMean', 'Height': 'belowMean', 'Diameter': 'aboveMean', 'Sex': 'F', 'Viscera_weight': 'belowMean', 'Length': 'aboveMean'}",True,,11.0,{},0.0,7,False,True
241,241,144,"{'Shell_weight': 'aboveMean', 'Shucked_weight': 'aboveMean', 'Height': 'belowMean', 'Diameter': 'aboveMean', 'Sex': 'M', 'Viscera_weight': 'aboveMean', 'Length': 'aboveMean'}",True,,11.4,{},0.0,7,False,True
242,242,145,"{'Shell_weight': 'aboveMean', 'Shucked_weight': 'aboveMean', 'Height': 'belowMean', 'Diameter': 'aboveMean', 'Sex': 'M', 'Viscera_weight': 'belowMean', 'Length': 'aboveMean'}",True,,9.333333333333334,{},0.0,7,False,True
243,243,146,"{'Shell_weight': 'aboveMean', 'Shucked_weight': 'aboveMean', 'Height': 'belowMean', 'Diameter': 'aboveMean', 'Sex': 'I', 'Whole_weight': 'aboveMean', 'Viscera_weight': 'aboveMean'}",True,,9.5,{},0.0,7,False,True
244,244,146,"{'Shell_weight': 'aboveMean', 'Shucked_weight': 'aboveMean', 'Height': 'belowMean', 'Diameter': 'aboveMean', 'Sex': 'I', 'Whole_weight': 'aboveMean', 'Viscera_weight': 'belowMean'}",True,,9.0,{},0.0,7,False,True
245,245,147,"{'Shell_weight': 'aboveMean', 'Shucked_weight': 'aboveMean', 'Height': 'belowMean', 'Diameter': 'aboveMean', 'Sex': 'I', 'Whole_weight': 'belowMean', 'Length': 'aboveMean'}",True,,10.5,{},0.0,7,False,True
246,246,148,"{'Shell_weight': 'aboveMean', 'Shucked_weight': 'aboveMean', 'Height': 'aboveMean', 'Length': 'aboveMean', 'Diameter': 'aboveMean', 'Whole_weight': 'aboveMean', 'Viscera_weight': 'aboveMean'}",True,,11.615755627009646,{},0.0,7,False,True
247,247,148,"{'Shell_weight': 'aboveMean', 'Shucked_weight': 'aboveMean', 'Height': 'aboveMean', 'Length': 'aboveMean', 'Diameter': 'aboveMean', 'Whole_weight': 'aboveMean', 'Viscera_weight': 'belowMean'}",True,,11.481481481481481,{},0.0,7,False,True
248,248,149,"{'Shell_weight': 'aboveMean', 'Shucked_weight': 'aboveMean', 'Height': 'aboveMean', 'Length': 'aboveMean', 'Diameter': 'aboveMean', 'Whole_weight': 'belowMean', 'Sex': 'F'}",True,,18.0,{},0.0,7,False,True
249,249,149,"{'Shell_weight': 'aboveMean', 'Shucked_weight': 'aboveMean', 'Height': 'aboveMean', 'Length': 'aboveMean', 'Diameter': 'aboveMean', 'Whole_weight': 'belowMean', 'Sex': 'I'}",True,,11.0,{},0.0,7,False,True
250,250,153,"{'Shell_weight': 'aboveMean', 'Shucked_weight': 'aboveMean', 'Height': 'aboveMean', 'Length': 'belowMean', 'Diameter': 'belowMean', 'Sex': 'F', 'Viscera_weight': 'aboveMean'}",True,,10.5,{},0.0,7,False,True
