,nodeID,parentNode,dataSetFilters,evaluated,nodeFeature,nodePrediction,childrenNodes,gainOrMSE,treeLevel,pruned,isLeaf
0,0,-1,{},True,Height,9.819269898264512,"{'belowMean': 1, 'aboveMean': 2}",7.57358454265526,0,False,False
1,1,0,{'Height': 'belowMean'},True,Sex,8.128865979381443,"{'F': 3, 'M': 4, 'I': 5}",4.755829090555351,1,False,False
2,2,0,{'Height': 'aboveMean'},True,Shell_weight,11.28491620111732,"{'aboveMean': 6, 'belowMean': 7}",8.762629533736126,1,False,False
3,3,1,"{'Height': 'belowMean', 'Sex': 'F'}",True,Viscera_weight,9.803149606299213,"{'belowMean': 8, 'aboveMean': 9}",6.519398711524696,2,False,False
4,4,1,"{'Height': 'belowMean', 'Sex': 'M'}",True,Shell_weight,9.131979695431472,"{'belowMean': 10, 'aboveMean': 11}",4.749737972420313,2,False,False
5,5,1,"{'Height': 'belowMean', 'Sex': 'I'}",True,Diameter,7.221238938053097,"{'belowMean': 12, 'aboveMean': 13}",3.6734654992022446,2,False,False
6,6,2,"{'Height': 'aboveMean', 'Shell_weight': 'aboveMean'}",True,Shucked_weight,11.497304582210242,"{'belowMean': 14, 'aboveMean': 15}",8.931787425396676,2,False,False
7,7,2,"{'Height': 'aboveMean', 'Shell_weight': 'belowMean'}",True,Length,10.254901960784315,"{'aboveMean': 16, 'belowMean': 17}",6.117526395173454,2,False,False
8,8,3,"{'Height': 'belowMean', 'Sex': 'F', 'Viscera_weight': 'belowMean'}",True,Shucked_weight,9.618181818181819,"{'belowMean': 18, 'aboveMean': 19}",6.422337662337663,3,False,False
9,9,3,"{'Height': 'belowMean', 'Sex': 'F', 'Viscera_weight': 'aboveMean'}",True,Shucked_weight,11.0,"{'aboveMean': 20, 'belowMean': 21}",3.5126050420168067,3,False,False
10,10,4,"{'Height': 'belowMean', 'Sex': 'M', 'Shell_weight': 'belowMean'}",True,Diameter,8.842105263157896,"{'belowMean': 22, 'aboveMean': 23}",4.156854922694865,3,False,False
11,11,4,"{'Height': 'belowMean', 'Sex': 'M', 'Shell_weight': 'aboveMean'}",True,Shucked_weight,11.038461538461538,"{'belowMean': 24, 'aboveMean': 25}",6.378079436902966,3,False,False
12,12,5,"{'Height': 'belowMean', 'Sex': 'I', 'Diameter': 'belowMean'}",True,Viscera_weight,7.076009501187649,"{'belowMean': 26, 'aboveMean': 27}",3.7158918674358103,3,False,False
13,13,5,"{'Height': 'belowMean', 'Sex': 'I', 'Diameter': 'aboveMean'}",True,Shell_weight,9.193548387096774,"{'belowMean': 28, 'aboveMean': 29}",1.5517826825127334,3,False,False
14,14,6,"{'Height': 'aboveMean', 'Shell_weight': 'aboveMean', 'Shucked_weight': 'belowMean'}",True,Whole_weight,12.934065934065934,"{'belowMean': 30, 'aboveMean': 31}",12.410385542957538,3,False,False
15,15,6,"{'Height': 'aboveMean', 'Shell_weight': 'aboveMean', 'Shucked_weight': 'aboveMean'}",True,Length,11.296466973886329,"{'aboveMean': 32, 'belowMean': 33}",8.183778420203986,3,False,False
16,16,7,"{'Height': 'aboveMean', 'Shell_weight': 'belowMean', 'Length': 'aboveMean'}",True,Shucked_weight,9.615384615384615,"{'belowMean': 34, 'aboveMean': 35}",3.631495955025367,3,False,False
17,17,7,"{'Height': 'aboveMean', 'Shell_weight': 'belowMean', 'Length': 'belowMean'}",True,Sex,10.92,"{'F': 36, 'M': 37, 'I': 38}",8.059964726631394,3,False,False
18,18,8,"{'Height': 'belowMean', 'Sex': 'F', 'Viscera_weight': 'belowMean', 'Shucked_weight': 'belowMean'}",True,Whole_weight,9.657142857142857,"{'belowMean': 39, 'aboveMean': 40}",6.684157509157509,4,False,False
19,19,8,"{'Height': 'belowMean', 'Sex': 'F', 'Viscera_weight': 'belowMean', 'Shucked_weight': 'aboveMean'}",True,Shell_weight,8.8,"{'belowMean': 41, 'aboveMean': 42}",0.2,4,False,False
20,20,9,"{'Height': 'belowMean', 'Sex': 'F', 'Viscera_weight': 'aboveMean', 'Shucked_weight': 'aboveMean'}",True,Shell_weight,10.142857142857142,"{'aboveMean': 43, 'belowMean': 44}",3.5301587301587305,4,False,False
21,21,9,"{'Height': 'belowMean', 'Sex': 'F', 'Viscera_weight': 'aboveMean', 'Shucked_weight': 'belowMean'}",True,Diameter,15.0,"{'aboveMean': 45, 'belowMean': 46}",2.6666666666666665,4,False,False
22,22,10,"{'Height': 'belowMean', 'Sex': 'M', 'Shell_weight': 'belowMean', 'Diameter': 'belowMean'}",True,Length,8.732876712328768,"{'belowMean': 47, 'aboveMean': 48}",4.116051190358868,4,False,False
23,23,10,"{'Height': 'belowMean', 'Sex': 'M', 'Shell_weight': 'belowMean', 'Diameter': 'aboveMean'}",True,Shucked_weight,9.48,"{'belowMean': 49, 'aboveMean': 50}",3.427435897435897,4,False,False
24,24,11,"{'Height': 'belowMean', 'Sex': 'M', 'Shell_weight': 'aboveMean', 'Shucked_weight': 'belowMean'}",True,Viscera_weight,12.88888888888889,"{'belowMean': 51, 'aboveMean': 52}",2.8666666666666663,4,False,False
25,25,11,"{'Height': 'belowMean', 'Sex': 'M', 'Shell_weight': 'aboveMean', 'Shucked_weight': 'aboveMean'}",True,Diameter,10.058823529411764,"{'aboveMean': 53, 'belowMean': 54}",5.75,4,False,False
26,26,12,"{'Height': 'belowMean', 'Sex': 'I', 'Diameter': 'belowMean', 'Viscera_weight': 'belowMean'}",True,Length,7.061904761904762,"{'belowMean': 55, 'aboveMean': 56}",3.6603330987567437,4,False,False
27,27,12,"{'Height': 'belowMean', 'Sex': 'I', 'Diameter': 'belowMean', 'Viscera_weight': 'aboveMean'}",True,,13.0,{},0.0,4,False,True
28,28,13,"{'Height': 'belowMean', 'Sex': 'I', 'Diameter': 'aboveMean', 'Shell_weight': 'belowMean'}",True,Length,8.68421052631579,"{'belowMean': 57, 'aboveMean': 58}",1.8245614035087718,4,False,False
29,29,13,"{'Height': 'belowMean', 'Sex': 'I', 'Diameter': 'aboveMean', 'Shell_weight': 'aboveMean'}",True,Viscera_weight,10.0,"{'belowMean': 59, 'aboveMean': 60}",0.8020833333333334,4,False,False
30,30,14,"{'Height': 'aboveMean', 'Shell_weight': 'aboveMean', 'Shucked_weight': 'belowMean', 'Whole_weight': 'belowMean'}",True,Diameter,11.657894736842104,"{'aboveMean': 61, 'belowMean': 62}",10.311958056059689,4,False,False
31,31,14,"{'Height': 'aboveMean', 'Shell_weight': 'aboveMean', 'Shucked_weight': 'belowMean', 'Whole_weight': 'aboveMean'}",True,Viscera_weight,13.849056603773585,"{'aboveMean': 63, 'belowMean': 64}",11.990980717395813,4,False,False
32,32,15,"{'Height': 'aboveMean', 'Shell_weight': 'aboveMean', 'Shucked_weight': 'aboveMean', 'Length': 'aboveMean'}",True,Viscera_weight,11.329192546583851,"{'aboveMean': 65, 'belowMean': 66}",8.229871647980554,4,False,False
33,33,15,"{'Height': 'aboveMean', 'Shell_weight': 'aboveMean', 'Shucked_weight': 'aboveMean', 'Length': 'belowMean'}",True,Sex,8.285714285714286,"{'M': 67, 'F': 68}",0.45714285714285713,4,False,False
34,34,16,"{'Height': 'aboveMean', 'Shell_weight': 'belowMean', 'Length': 'aboveMean', 'Shucked_weight': 'belowMean'}",True,Viscera_weight,10.117647058823529,"{'belowMean': 69, 'aboveMean': 70}",3.426470588235294,4,False,False
35,35,16,"{'Height': 'aboveMean', 'Shell_weight': 'belowMean', 'Length': 'aboveMean', 'Shucked_weight': 'aboveMean'}",True,Sex,9.227272727272727,"{'M': 71, 'I': 72, 'F': 73}",3.28402054601745,4,False,False
36,36,17,"{'Height': 'aboveMean', 'Shell_weight': 'belowMean', 'Length': 'belowMean', 'Sex': 'F'}",True,Diameter,11.296296296296296,"{'aboveMean': 74, 'belowMean': 75}",6.905643738977073,4,False,False
37,37,17,"{'Height': 'aboveMean', 'Shell_weight': 'belowMean', 'Length': 'belowMean', 'Sex': 'M'}",True,Viscera_weight,11.37037037037037,"{'belowMean': 76, 'aboveMean': 77}",7.646384479717813,4,False,False
38,38,17,"{'Height': 'aboveMean', 'Shell_weight': 'belowMean', 'Length': 'belowMean', 'Sex': 'I'}",True,Diameter,9.857142857142858,"{'belowMean': 78, 'aboveMean': 79}",9.06140350877193,4,False,False
39,39,18,"{'Height': 'belowMean', 'Sex': 'F', 'Viscera_weight': 'belowMean', 'Shucked_weight': 'belowMean', 'Whole_weight': 'belowMean'}",True,Diameter,9.64423076923077,"{'aboveMean': 80, 'belowMean': 81}",6.731556455240666,5,False,False
40,40,18,"{'Height': 'belowMean', 'Sex': 'F', 'Viscera_weight': 'belowMean', 'Shucked_weight': 'belowMean', 'Whole_weight': 'aboveMean'}",True,,11.0,{},0.0,5,False,True
41,41,19,"{'Height': 'belowMean', 'Sex': 'F', 'Viscera_weight': 'belowMean', 'Shucked_weight': 'aboveMean', 'Shell_weight': 'belowMean'}",True,Diameter,8.5,"{'aboveMean': 82, 'belowMean': 83}",0.16666666666666666,5,False,False
42,42,19,"{'Height': 'belowMean', 'Sex': 'F', 'Viscera_weight': 'belowMean', 'Shucked_weight': 'aboveMean', 'Shell_weight': 'aboveMean'}",True,,10.0,{},0.0,5,False,True
43,43,20,"{'Height': 'belowMean', 'Sex': 'F', 'Viscera_weight': 'aboveMean', 'Shucked_weight': 'aboveMean', 'Shell_weight': 'aboveMean'}",True,Diameter,10.444444444444445,{'aboveMean': 84},4.0246913580246915,5,False,False
44,44,20,"{'Height': 'belowMean', 'Sex': 'F', 'Viscera_weight': 'aboveMean', 'Shucked_weight': 'aboveMean', 'Shell_weight': 'belowMean'}",True,Whole_weight,9.6,"{'belowMean': 85, 'aboveMean': 86}",2.6333333333333337,5,False,False
45,45,21,"{'Height': 'belowMean', 'Sex': 'F', 'Viscera_weight': 'aboveMean', 'Shucked_weight': 'belowMean', 'Diameter': 'aboveMean'}",True,Length,15.0,{'aboveMean': 87},4.0,5,False,False
46,46,21,"{'Height': 'belowMean', 'Sex': 'F', 'Viscera_weight': 'aboveMean', 'Shucked_weight': 'belowMean', 'Diameter': 'belowMean'}",True,,15.0,{},0.0,5,False,True
47,47,22,"{'Height': 'belowMean', 'Sex': 'M', 'Shell_weight': 'belowMean', 'Diameter': 'belowMean', 'Length': 'belowMean'}",True,Viscera_weight,8.776978417266188,"{'belowMean': 88, 'aboveMean': 89}",4.26978417266187,5,False,False
48,48,22,"{'Height': 'belowMean', 'Sex': 'M', 'Shell_weight': 'belowMean', 'Diameter': 'belowMean', 'Length': 'aboveMean'}",True,Whole_weight,7.857142857142857,"{'aboveMean': 90, 'belowMean': 91}",0.1904761904761905,5,False,False
49,49,23,"{'Height': 'belowMean', 'Sex': 'M', 'Shell_weight': 'belowMean', 'Diameter': 'aboveMean', 'Shucked_weight': 'belowMean'}",True,Length,10.307692307692308,"{'aboveMean': 92, 'belowMean': 93}",5.613247863247864,5,False,False
50,50,23,"{'Height': 'belowMean', 'Sex': 'M', 'Shell_weight': 'belowMean', 'Diameter': 'aboveMean', 'Shucked_weight': 'aboveMean'}",True,Whole_weight,8.583333333333334,"{'belowMean': 94, 'aboveMean': 95}",0.6875,5,False,False
51,51,24,"{'Height': 'belowMean', 'Sex': 'M', 'Shell_weight': 'aboveMean', 'Shucked_weight': 'belowMean', 'Viscera_weight': 'belowMean'}",True,Whole_weight,14.8,"{'belowMean': 96, 'aboveMean': 97}",2.9333333333333336,5,False,False
52,52,24,"{'Height': 'belowMean', 'Sex': 'M', 'Shell_weight': 'aboveMean', 'Shucked_weight': 'belowMean', 'Viscera_weight': 'aboveMean'}",True,Diameter,10.5,"{'aboveMean': 98, 'belowMean': 99}",0.16666666666666666,5,False,False
53,53,25,"{'Height': 'belowMean', 'Sex': 'M', 'Shell_weight': 'aboveMean', 'Shucked_weight': 'aboveMean', 'Diameter': 'aboveMean'}",True,Viscera_weight,10.125,"{'aboveMean': 100, 'belowMean': 101}",6.041666666666667,5,False,False
54,54,25,"{'Height': 'belowMean', 'Sex': 'M', 'Shell_weight': 'aboveMean', 'Shucked_weight': 'aboveMean', 'Diameter': 'belowMean'}",True,,9.0,{},0.0,5,False,True
55,55,26,"{'Height': 'belowMean', 'Sex': 'I', 'Diameter': 'belowMean', 'Viscera_weight': 'belowMean', 'Length': 'belowMean'}",True,Shell_weight,7.014778325123153,"{'belowMean': 102, 'aboveMean': 103}",3.7558596363194066,5,False,False
56,56,26,"{'Height': 'belowMean', 'Sex': 'I', 'Diameter': 'belowMean', 'Viscera_weight': 'belowMean', 'Length': 'aboveMean'}",True,Shell_weight,8.428571428571429,{'belowMean': 104},0.8163265306122449,5,False,False
57,57,28,"{'Height': 'belowMean', 'Sex': 'I', 'Diameter': 'aboveMean', 'Shell_weight': 'belowMean', 'Length': 'belowMean'}",True,Shucked_weight,9.666666666666666,{'belowMean': 105},5.5555555555555545,5,False,False
58,58,28,"{'Height': 'belowMean', 'Sex': 'I', 'Diameter': 'aboveMean', 'Shell_weight': 'belowMean', 'Length': 'aboveMean'}",True,Viscera_weight,8.5,"{'belowMean': 106, 'aboveMean': 107}",1.0892857142857144,5,False,False
59,59,29,"{'Height': 'belowMean', 'Sex': 'I', 'Diameter': 'aboveMean', 'Shell_weight': 'aboveMean', 'Viscera_weight': 'belowMean'}",True,Shucked_weight,10.125,"{'aboveMean': 108, 'belowMean': 109}",0.8333333333333334,5,False,False
60,60,29,"{'Height': 'belowMean', 'Sex': 'I', 'Diameter': 'aboveMean', 'Shell_weight': 'aboveMean', 'Viscera_weight': 'aboveMean'}",True,Shucked_weight,9.75,"{'aboveMean': 110, 'belowMean': 111}",0.16666666666666666,5,False,False
61,61,30,"{'Height': 'aboveMean', 'Shell_weight': 'aboveMean', 'Shucked_weight': 'belowMean', 'Whole_weight': 'belowMean', 'Diameter': 'aboveMean'}",True,Sex,10.96551724137931,"{'F': 112, 'M': 113, 'I': 114}",6.3623824451410655,5,False,False
62,62,30,"{'Height': 'aboveMean', 'Shell_weight': 'aboveMean', 'Shucked_weight': 'belowMean', 'Whole_weight': 'belowMean', 'Diameter': 'belowMean'}",True,Sex,13.88888888888889,"{'M': 115, 'F': 116, 'I': 117}",16.20740740740741,5,False,False
63,63,31,"{'Height': 'aboveMean', 'Shell_weight': 'aboveMean', 'Shucked_weight': 'belowMean', 'Whole_weight': 'aboveMean', 'Viscera_weight': 'aboveMean'}",True,Sex,13.307692307692308,"{'F': 118, 'M': 119, 'I': 120}",10.451945490407029,5,False,False
64,64,31,"{'Height': 'aboveMean', 'Shell_weight': 'aboveMean', 'Shucked_weight': 'belowMean', 'Whole_weight': 'aboveMean', 'Viscera_weight': 'belowMean'}",True,Length,15.357142857142858,"{'aboveMean': 121, 'belowMean': 122}",14.637362637362639,5,False,False
65,65,32,"{'Height': 'aboveMean', 'Shell_weight': 'aboveMean', 'Shucked_weight': 'aboveMean', 'Length': 'aboveMean', 'Viscera_weight': 'aboveMean'}",True,Sex,11.368932038834952,"{'F': 123, 'M': 124, 'I': 125}",8.336819087061807,5,False,False
66,66,32,"{'Height': 'aboveMean', 'Shell_weight': 'aboveMean', 'Shucked_weight': 'aboveMean', 'Length': 'aboveMean', 'Viscera_weight': 'belowMean'}",True,Whole_weight,10.384615384615385,"{'aboveMean': 126, 'belowMean': 127}",4.709935897435897,5,False,False
67,67,33,"{'Height': 'aboveMean', 'Shell_weight': 'aboveMean', 'Shucked_weight': 'aboveMean', 'Length': 'belowMean', 'Sex': 'M'}",True,Diameter,8.4,"{'belowMean': 128, 'aboveMean': 129}",0.2333333333333333,5,False,False
68,68,33,"{'Height': 'aboveMean', 'Shell_weight': 'aboveMean', 'Shucked_weight': 'aboveMean', 'Length': 'belowMean', 'Sex': 'F'}",True,Diameter,8.0,{'belowMean': 130},1.0,5,False,False
69,69,34,"{'Height': 'aboveMean', 'Shell_weight': 'belowMean', 'Length': 'aboveMean', 'Shucked_weight': 'belowMean', 'Viscera_weight': 'belowMean'}",True,Sex,9.75,"{'F': 131, 'M': 132, 'I': 133}",3.0953207671957674,5,False,False
70,70,34,"{'Height': 'aboveMean', 'Shell_weight': 'belowMean', 'Length': 'aboveMean', 'Shucked_weight': 'belowMean', 'Viscera_weight': 'aboveMean'}",True,Whole_weight,11.0,"{'belowMean': 134, 'aboveMean': 135}",3.2,5,False,False
71,71,35,"{'Height': 'aboveMean', 'Shell_weight': 'belowMean', 'Length': 'aboveMean', 'Shucked_weight': 'aboveMean', 'Sex': 'M'}",True,Whole_weight,8.842105263157896,"{'aboveMean': 136, 'belowMean': 137}",0.9969040247678018,5,False,False
72,72,35,"{'Height': 'aboveMean', 'Shell_weight': 'belowMean', 'Length': 'aboveMean', 'Shucked_weight': 'aboveMean', 'Sex': 'I'}",True,Viscera_weight,10.25,"{'aboveMean': 138, 'belowMean': 139}",8.733333333333334,5,False,False
73,73,35,"{'Height': 'aboveMean', 'Shell_weight': 'belowMean', 'Length': 'aboveMean', 'Shucked_weight': 'aboveMean', 'Sex': 'F'}",True,Viscera_weight,9.176470588235293,"{'aboveMean': 140, 'belowMean': 141}",2.253393665158371,5,False,False
74,74,36,"{'Height': 'aboveMean', 'Shell_weight': 'belowMean', 'Length': 'belowMean', 'Sex': 'F', 'Diameter': 'aboveMean'}",True,Shucked_weight,12.5,"{'belowMean': 142, 'aboveMean': 143}",4.333333333333333,5,False,False
75,75,36,"{'Height': 'aboveMean', 'Shell_weight': 'belowMean', 'Length': 'belowMean', 'Sex': 'F', 'Diameter': 'belowMean'}",True,Viscera_weight,10.952380952380953,"{'belowMean': 144, 'aboveMean': 145}",7.238095238095238,5,False,False
76,76,37,"{'Height': 'aboveMean', 'Shell_weight': 'belowMean', 'Length': 'belowMean', 'Sex': 'M', 'Viscera_weight': 'belowMean'}",True,Shucked_weight,11.047619047619047,"{'belowMean': 146, 'aboveMean': 147}",7.607142857142857,5,False,False
77,77,37,"{'Height': 'aboveMean', 'Shell_weight': 'belowMean', 'Length': 'belowMean', 'Sex': 'M', 'Viscera_weight': 'aboveMean'}",True,Diameter,12.5,"{'aboveMean': 148, 'belowMean': 149}",4.466666666666667,5,False,False
78,78,38,"{'Height': 'aboveMean', 'Shell_weight': 'belowMean', 'Length': 'belowMean', 'Sex': 'I', 'Diameter': 'belowMean'}",True,Shucked_weight,9.894736842105264,"{'belowMean': 150, 'aboveMean': 151}",9.768640350877192,5,False,False
79,79,38,"{'Height': 'aboveMean', 'Shell_weight': 'belowMean', 'Length': 'belowMean', 'Sex': 'I', 'Diameter': 'aboveMean'}",True,Shucked_weight,9.5,{'belowMean': 152},2.25,5,False,False
80,80,39,"{'Height': 'belowMean', 'Sex': 'F', 'Viscera_weight': 'belowMean', 'Shucked_weight': 'belowMean', 'Whole_weight': 'belowMean', 'Diameter': 'aboveMean'}",True,Length,9.222222222222221,"{'aboveMean': 153, 'belowMean': 154}",1.9444444444444444,6,False,False
81,81,39,"{'Height': 'belowMean', 'Sex': 'F', 'Viscera_weight': 'belowMean', 'Shucked_weight': 'belowMean', 'Whole_weight': 'belowMean', 'Diameter': 'belowMean'}",True,Length,9.68421052631579,"{'belowMean': 155, 'aboveMean': 156}",7.18047292143402,6,False,False
82,82,41,"{'Height': 'belowMean', 'Sex': 'F', 'Viscera_weight': 'belowMean', 'Shucked_weight': 'aboveMean', 'Shell_weight': 'belowMean', 'Diameter': 'aboveMean'}",True,Whole_weight,8.666666666666666,"{'belowMean': 157, 'aboveMean': 158}",0.0,6,False,False
83,83,41,"{'Height': 'belowMean', 'Sex': 'F', 'Viscera_weight': 'belowMean', 'Shucked_weight': 'aboveMean', 'Shell_weight': 'belowMean', 'Diameter': 'belowMean'}",True,,8.0,{},0.0,6,False,True
84,84,43,"{'Height': 'belowMean', 'Sex': 'F', 'Viscera_weight': 'aboveMean', 'Shucked_weight': 'aboveMean', 'Shell_weight': 'aboveMean', 'Diameter': 'aboveMean'}",True,Length,10.444444444444445,{'aboveMean': 159},4.0246913580246915,6,False,False
85,85,44,"{'Height': 'belowMean', 'Sex': 'F', 'Viscera_weight': 'aboveMean', 'Shucked_weight': 'aboveMean', 'Shell_weight': 'belowMean', 'Whole_weight': 'belowMean'}",True,Diameter,9.5,{'aboveMean': 160},2.25,6,False,False
86,86,44,"{'Height': 'belowMean', 'Sex': 'F', 'Viscera_weight': 'aboveMean', 'Shucked_weight': 'aboveMean', 'Shell_weight': 'belowMean', 'Whole_weight': 'aboveMean'}",True,Diameter,9.666666666666666,{'aboveMean': 161},2.8888888888888893,6,False,False
87,87,45,"{'Height': 'belowMean', 'Sex': 'F', 'Viscera_weight': 'aboveMean', 'Shucked_weight': 'belowMean', 'Diameter': 'aboveMean', 'Length': 'aboveMean'}",True,Shell_weight,15.0,{'aboveMean': 162},4.0,6,False,False
88,88,47,"{'Height': 'belowMean', 'Sex': 'M', 'Shell_weight': 'belowMean', 'Diameter': 'belowMean', 'Length': 'belowMean', 'Viscera_weight': 'belowMean'}",True,Whole_weight,8.75,"{'belowMean': 163, 'aboveMean': 164}",4.34880174291939,6,False,False
89,89,47,"{'Height': 'belowMean', 'Sex': 'M', 'Shell_weight': 'belowMean', 'Diameter': 'belowMean', 'Length': 'belowMean', 'Viscera_weight': 'aboveMean'}",True,Shucked_weight,10.0,{'belowMean': 165},0.6666666666666666,6,False,False
90,90,48,"{'Height': 'belowMean', 'Sex': 'M', 'Shell_weight': 'belowMean', 'Diameter': 'belowMean', 'Length': 'aboveMean', 'Whole_weight': 'aboveMean'}",True,,9.0,{},0.0,6,False,True
91,91,48,"{'Height': 'belowMean', 'Sex': 'M', 'Shell_weight': 'belowMean', 'Diameter': 'belowMean', 'Length': 'aboveMean', 'Whole_weight': 'belowMean'}",True,Shucked_weight,7.666666666666667,"{'belowMean': 166, 'aboveMean': 167}",0.20833333333333334,6,False,False
92,92,49,"{'Height': 'belowMean', 'Sex': 'M', 'Shell_weight': 'belowMean', 'Diameter': 'aboveMean', 'Shucked_weight': 'belowMean', 'Length': 'aboveMean'}",True,Viscera_weight,10.555555555555555,"{'belowMean': 168, 'aboveMean': 169}",4.7407407407407405,6,False,False
93,93,49,"{'Height': 'belowMean', 'Sex': 'M', 'Shell_weight': 'belowMean', 'Diameter': 'aboveMean', 'Shucked_weight': 'belowMean', 'Length': 'belowMean'}",True,Viscera_weight,9.75,{'belowMean': 170},6.6875,6,False,False
94,94,50,"{'Height': 'belowMean', 'Sex': 'M', 'Shell_weight': 'belowMean', 'Diameter': 'aboveMean', 'Shucked_weight': 'aboveMean', 'Whole_weight': 'belowMean'}",True,Viscera_weight,8.25,"{'belowMean': 171, 'aboveMean': 172}",0.43333333333333335,6,False,False
95,95,50,"{'Height': 'belowMean', 'Sex': 'M', 'Shell_weight': 'belowMean', 'Diameter': 'aboveMean', 'Shucked_weight': 'aboveMean', 'Whole_weight': 'aboveMean'}",True,Viscera_weight,9.25,"{'belowMean': 173, 'aboveMean': 174}",0.16666666666666666,6,False,False
96,96,51,"{'Height': 'belowMean', 'Sex': 'M', 'Shell_weight': 'aboveMean', 'Shucked_weight': 'belowMean', 'Viscera_weight': 'belowMean', 'Whole_weight': 'belowMean'}",True,Diameter,14.0,{'aboveMean': 175},1.0,6,False,False
97,97,51,"{'Height': 'belowMean', 'Sex': 'M', 'Shell_weight': 'aboveMean', 'Shucked_weight': 'belowMean', 'Viscera_weight': 'belowMean', 'Whole_weight': 'aboveMean'}",True,Diameter,15.333333333333334,{'aboveMean': 176},4.222222222222222,6,False,False
98,98,52,"{'Height': 'belowMean', 'Sex': 'M', 'Shell_weight': 'aboveMean', 'Shucked_weight': 'belowMean', 'Viscera_weight': 'aboveMean', 'Diameter': 'aboveMean'}",True,Length,9.666666666666666,{'aboveMean': 177},0.2222222222222222,6,False,False
99,99,52,"{'Height': 'belowMean', 'Sex': 'M', 'Shell_weight': 'aboveMean', 'Shucked_weight': 'belowMean', 'Viscera_weight': 'aboveMean', 'Diameter': 'belowMean'}",True,,13.0,{},0.0,6,False,True
100,100,53,"{'Height': 'belowMean', 'Sex': 'M', 'Shell_weight': 'aboveMean', 'Shucked_weight': 'aboveMean', 'Diameter': 'aboveMean', 'Viscera_weight': 'aboveMean'}",True,Length,10.0,{'aboveMean': 178},5.230769230769231,6,False,False
101,101,53,"{'Height': 'belowMean', 'Sex': 'M', 'Shell_weight': 'aboveMean', 'Shucked_weight': 'aboveMean', 'Diameter': 'aboveMean', 'Viscera_weight': 'belowMean'}",True,Length,10.666666666666666,{'aboveMean': 179},9.555555555555555,6,False,False
102,102,55,"{'Height': 'belowMean', 'Sex': 'I', 'Diameter': 'belowMean', 'Viscera_weight': 'belowMean', 'Length': 'belowMean', 'Shell_weight': 'belowMean'}",True,Whole_weight,7.017283950617284,"{'belowMean': 180, 'aboveMean': 181}",3.7627429409607624,6,False,False
103,103,55,"{'Height': 'belowMean', 'Sex': 'I', 'Diameter': 'belowMean', 'Viscera_weight': 'belowMean', 'Length': 'belowMean', 'Shell_weight': 'aboveMean'}",True,,6.0,{},0.0,6,False,True
104,104,56,"{'Height': 'belowMean', 'Sex': 'I', 'Diameter': 'belowMean', 'Viscera_weight': 'belowMean', 'Length': 'aboveMean', 'Shell_weight': 'belowMean'}",True,Shucked_weight,8.428571428571429,{'belowMean': 182},0.8163265306122449,6,False,False
105,105,57,"{'Height': 'belowMean', 'Sex': 'I', 'Diameter': 'aboveMean', 'Shell_weight': 'belowMean', 'Length': 'belowMean', 'Shucked_weight': 'belowMean'}",True,Viscera_weight,9.666666666666666,{'belowMean': 183},5.5555555555555545,6,False,False
106,106,58,"{'Height': 'belowMean', 'Sex': 'I', 'Diameter': 'aboveMean', 'Shell_weight': 'belowMean', 'Length': 'aboveMean', 'Viscera_weight': 'belowMean'}",True,Whole_weight,8.428571428571429,"{'belowMean': 184, 'aboveMean': 185}",1.2197802197802197,6,False,False
107,107,58,"{'Height': 'belowMean', 'Sex': 'I', 'Diameter': 'aboveMean', 'Shell_weight': 'belowMean', 'Length': 'aboveMean', 'Viscera_weight': 'aboveMean'}",True,,9.0,{},0.0,6,False,True
108,108,59,"{'Height': 'belowMean', 'Sex': 'I', 'Diameter': 'aboveMean', 'Shell_weight': 'aboveMean', 'Viscera_weight': 'belowMean', 'Shucked_weight': 'aboveMean'}",True,Whole_weight,10.333333333333334,"{'aboveMean': 186, 'belowMean': 187}",0.6666666666666666,6,False,False
109,109,59,"{'Height': 'belowMean', 'Sex': 'I', 'Diameter': 'aboveMean', 'Shell_weight': 'aboveMean', 'Viscera_weight': 'belowMean', 'Shucked_weight': 'belowMean'}",True,Whole_weight,10.0,"{'belowMean': 188, 'aboveMean': 189}",0.55,6,False,False
110,110,60,"{'Height': 'belowMean', 'Sex': 'I', 'Diameter': 'aboveMean', 'Shell_weight': 'aboveMean', 'Viscera_weight': 'aboveMean', 'Shucked_weight': 'aboveMean'}",True,Length,9.333333333333334,{'aboveMean': 190},0.2222222222222222,6,False,False
111,111,60,"{'Height': 'belowMean', 'Sex': 'I', 'Diameter': 'aboveMean', 'Shell_weight': 'aboveMean', 'Viscera_weight': 'aboveMean', 'Shucked_weight': 'belowMean'}",True,,11.0,{},0.0,6,False,True
112,112,61,"{'Height': 'aboveMean', 'Shell_weight': 'aboveMean', 'Shucked_weight': 'belowMean', 'Whole_weight': 'belowMean', 'Diameter': 'aboveMean', 'Sex': 'F'}",True,Length,11.75,"{'aboveMean': 191, 'belowMean': 192}",10.428571428571429,6,False,False
113,113,61,"{'Height': 'aboveMean', 'Shell_weight': 'aboveMean', 'Shucked_weight': 'belowMean', 'Whole_weight': 'belowMean', 'Diameter': 'aboveMean', 'Sex': 'M'}",True,Viscera_weight,11.3,"{'aboveMean': 193, 'belowMean': 194}",4.466666666666667,6,False,False
114,114,61,"{'Height': 'aboveMean', 'Shell_weight': 'aboveMean', 'Shucked_weight': 'belowMean', 'Whole_weight': 'belowMean', 'Diameter': 'aboveMean', 'Sex': 'I'}",True,Viscera_weight,10.090909090909092,"{'belowMean': 195, 'aboveMean': 196}",2.190909090909091,6,False,False
115,115,62,"{'Height': 'aboveMean', 'Shell_weight': 'aboveMean', 'Shucked_weight': 'belowMean', 'Whole_weight': 'belowMean', 'Diameter': 'belowMean', 'Sex': 'M'}",True,Length,11.333333333333334,"{'belowMean': 197, 'aboveMean': 198}",1.5,6,False,False
116,116,62,"{'Height': 'aboveMean', 'Shell_weight': 'aboveMean', 'Shucked_weight': 'belowMean', 'Whole_weight': 'belowMean', 'Diameter': 'belowMean', 'Sex': 'F'}",True,Viscera_weight,14.4,"{'belowMean': 199, 'aboveMean': 200}",10.533333333333333,6,False,False
117,117,62,"{'Height': 'aboveMean', 'Shell_weight': 'aboveMean', 'Shucked_weight': 'belowMean', 'Whole_weight': 'belowMean', 'Diameter': 'belowMean', 'Sex': 'I'}",True,,19.0,{},0.0,6,False,True
118,118,63,"{'Height': 'aboveMean', 'Shell_weight': 'aboveMean', 'Shucked_weight': 'belowMean', 'Whole_weight': 'aboveMean', 'Viscera_weight': 'aboveMean', 'Sex': 'F'}",True,Length,13.23076923076923,"{'aboveMean': 201, 'belowMean': 202}",10.051282051282051,6,False,False
119,119,63,"{'Height': 'aboveMean', 'Shell_weight': 'aboveMean', 'Shucked_weight': 'belowMean', 'Whole_weight': 'aboveMean', 'Viscera_weight': 'aboveMean', 'Sex': 'M'}",True,Length,13.590909090909092,"{'aboveMean': 203, 'belowMean': 204}",10.291866028708135,6,False,False
120,120,63,"{'Height': 'aboveMean', 'Shell_weight': 'aboveMean', 'Shucked_weight': 'belowMean', 'Whole_weight': 'aboveMean', 'Viscera_weight': 'aboveMean', 'Sex': 'I'}",True,Diameter,12.0,{'aboveMean': 205},3.5,6,False,False
121,121,64,"{'Height': 'aboveMean', 'Shell_weight': 'aboveMean', 'Shucked_weight': 'belowMean', 'Whole_weight': 'aboveMean', 'Viscera_weight': 'belowMean', 'Length': 'aboveMean'}",True,Sex,15.076923076923077,"{'F': 206, 'M': 207, 'I': 208}",15.307692307692308,6,False,False
122,122,64,"{'Height': 'aboveMean', 'Shell_weight': 'aboveMean', 'Shucked_weight': 'belowMean', 'Whole_weight': 'aboveMean', 'Viscera_weight': 'belowMean', 'Length': 'belowMean'}",True,,19.0,{},0.0,6,False,True
123,123,65,"{'Height': 'aboveMean', 'Shell_weight': 'aboveMean', 'Shucked_weight': 'aboveMean', 'Length': 'aboveMean', 'Viscera_weight': 'aboveMean', 'Sex': 'F'}",True,Diameter,11.21923076923077,"{'aboveMean': 209, 'belowMean': 210}",6.342352242352242,6,False,False
124,124,65,"{'Height': 'aboveMean', 'Shell_weight': 'aboveMean', 'Shucked_weight': 'aboveMean', 'Length': 'aboveMean', 'Viscera_weight': 'aboveMean', 'Sex': 'M'}",True,Diameter,11.415384615384616,"{'aboveMean': 211, 'belowMean': 212}",9.631912724956203,6,False,False
125,125,65,"{'Height': 'aboveMean', 'Shell_weight': 'aboveMean', 'Shucked_weight': 'aboveMean', 'Length': 'aboveMean', 'Viscera_weight': 'aboveMean', 'Sex': 'I'}",True,Diameter,12.090909090909092,{'aboveMean': 213},11.173553719008265,6,False,False
126,126,66,"{'Height': 'aboveMean', 'Shell_weight': 'aboveMean', 'Shucked_weight': 'aboveMean', 'Length': 'aboveMean', 'Viscera_weight': 'belowMean', 'Whole_weight': 'aboveMean'}",True,Sex,10.458333333333334,"{'M': 214, 'F': 215, 'I': 216}",5.039583333333334,6,False,False
127,127,66,"{'Height': 'aboveMean', 'Shell_weight': 'aboveMean', 'Shucked_weight': 'aboveMean', 'Length': 'aboveMean', 'Viscera_weight': 'belowMean', 'Whole_weight': 'belowMean'}",True,Sex,9.5,"{'F': 217, 'I': 218}",0.0,6,False,False
128,128,67,"{'Height': 'aboveMean', 'Shell_weight': 'aboveMean', 'Shucked_weight': 'aboveMean', 'Length': 'belowMean', 'Sex': 'M', 'Diameter': 'belowMean'}",True,Viscera_weight,8.333333333333334,{'aboveMean': 219},0.2222222222222222,6,False,False
129,129,67,"{'Height': 'aboveMean', 'Shell_weight': 'aboveMean', 'Shucked_weight': 'aboveMean', 'Length': 'belowMean', 'Sex': 'M', 'Diameter': 'aboveMean'}",True,Viscera_weight,8.5,{'aboveMean': 220},0.25,6,False,False
130,130,68,"{'Height': 'aboveMean', 'Shell_weight': 'aboveMean', 'Shucked_weight': 'aboveMean', 'Length': 'belowMean', 'Sex': 'F', 'Diameter': 'belowMean'}",True,Viscera_weight,8.0,{'aboveMean': 221},1.0,6,False,False
131,131,69,"{'Height': 'aboveMean', 'Shell_weight': 'belowMean', 'Length': 'aboveMean', 'Shucked_weight': 'belowMean', 'Viscera_weight': 'belowMean', 'Sex': 'F'}",True,Diameter,9.625,"{'belowMean': 222, 'aboveMean': 223}",3.7142857142857144,6,False,False
132,132,69,"{'Height': 'aboveMean', 'Shell_weight': 'belowMean', 'Length': 'aboveMean', 'Shucked_weight': 'belowMean', 'Viscera_weight': 'belowMean', 'Sex': 'M'}",True,Diameter,9.857142857142858,"{'aboveMean': 224, 'belowMean': 225}",4.114285714285714,6,False,False
133,133,69,"{'Height': 'aboveMean', 'Shell_weight': 'belowMean', 'Length': 'aboveMean', 'Shucked_weight': 'belowMean', 'Viscera_weight': 'belowMean', 'Sex': 'I'}",True,Diameter,9.777777777777779,"{'aboveMean': 226, 'belowMean': 227}",1.5555555555555556,6,False,False
134,134,70,"{'Height': 'aboveMean', 'Shell_weight': 'belowMean', 'Length': 'aboveMean', 'Shucked_weight': 'belowMean', 'Viscera_weight': 'aboveMean', 'Whole_weight': 'belowMean'}",True,Sex,11.333333333333334,"{'F': 228, 'I': 229}",3.283333333333333,6,False,False
135,135,70,"{'Height': 'aboveMean', 'Shell_weight': 'belowMean', 'Length': 'aboveMean', 'Shucked_weight': 'belowMean', 'Viscera_weight': 'aboveMean', 'Whole_weight': 'aboveMean'}",True,,8.0,{},0.0,6,False,True
136,136,71,"{'Height': 'aboveMean', 'Shell_weight': 'belowMean', 'Length': 'aboveMean', 'Shucked_weight': 'aboveMean', 'Sex': 'M', 'Whole_weight': 'aboveMean'}",True,Viscera_weight,9.058823529411764,"{'aboveMean': 230, 'belowMean': 231}",1.088235294117647,6,False,False
137,137,71,"{'Height': 'aboveMean', 'Shell_weight': 'belowMean', 'Length': 'aboveMean', 'Shucked_weight': 'aboveMean', 'Sex': 'M', 'Whole_weight': 'belowMean'}",True,,7.0,{},0.0,6,False,True
138,138,72,"{'Height': 'aboveMean', 'Shell_weight': 'belowMean', 'Length': 'aboveMean', 'Shucked_weight': 'aboveMean', 'Sex': 'I', 'Viscera_weight': 'aboveMean'}",True,Diameter,11.666666666666666,{'aboveMean': 232},20.222222222222225,6,False,False
139,139,72,"{'Height': 'aboveMean', 'Shell_weight': 'belowMean', 'Length': 'aboveMean', 'Shucked_weight': 'aboveMean', 'Sex': 'I', 'Viscera_weight': 'belowMean'}",True,Whole_weight,9.4,"{'belowMean': 233, 'aboveMean': 234}",1.8,6,False,False
140,140,73,"{'Height': 'aboveMean', 'Shell_weight': 'belowMean', 'Length': 'aboveMean', 'Shucked_weight': 'aboveMean', 'Sex': 'F', 'Viscera_weight': 'aboveMean'}",True,Whole_weight,9.23076923076923,"{'aboveMean': 235, 'belowMean': 236}",2.783216783216783,6,False,False
141,141,73,"{'Height': 'aboveMean', 'Shell_weight': 'belowMean', 'Length': 'aboveMean', 'Shucked_weight': 'aboveMean', 'Sex': 'F', 'Viscera_weight': 'belowMean'}",True,Diameter,9.0,{'aboveMean': 237},0.5,6,False,False
142,142,74,"{'Height': 'aboveMean', 'Shell_weight': 'belowMean', 'Length': 'belowMean', 'Sex': 'F', 'Diameter': 'aboveMean', 'Shucked_weight': 'belowMean'}",True,Viscera_weight,13.0,"{'aboveMean': 238, 'belowMean': 239}",5.2,6,False,False
143,143,74,"{'Height': 'aboveMean', 'Shell_weight': 'belowMean', 'Length': 'belowMean', 'Sex': 'F', 'Diameter': 'aboveMean', 'Shucked_weight': 'aboveMean'}",True,,10.0,{},0.0,6,False,True
144,144,75,"{'Height': 'aboveMean', 'Shell_weight': 'belowMean', 'Length': 'belowMean', 'Sex': 'F', 'Diameter': 'belowMean', 'Viscera_weight': 'belowMean'}",True,Shucked_weight,11.0,{'belowMean': 240},7.6,6,False,False
145,145,75,"{'Height': 'aboveMean', 'Shell_weight': 'belowMean', 'Length': 'belowMean', 'Sex': 'F', 'Diameter': 'belowMean', 'Viscera_weight': 'aboveMean'}",True,,10.0,{},0.0,6,False,True
146,146,76,"{'Height': 'aboveMean', 'Shell_weight': 'belowMean', 'Length': 'belowMean', 'Sex': 'M', 'Viscera_weight': 'belowMean', 'Shucked_weight': 'belowMean'}",True,Diameter,11.25,"{'belowMean': 241, 'aboveMean': 242}",7.425,6,False,False
147,147,76,"{'Height': 'aboveMean', 'Shell_weight': 'belowMean', 'Length': 'belowMean', 'Sex': 'M', 'Viscera_weight': 'belowMean', 'Shucked_weight': 'aboveMean'}",True,,7.0,{},0.0,6,False,True
148,148,77,"{'Height': 'aboveMean', 'Shell_weight': 'belowMean', 'Length': 'belowMean', 'Sex': 'M', 'Viscera_weight': 'aboveMean', 'Diameter': 'aboveMean'}",True,,14.0,{},0.0,6,False,True
149,149,77,"{'Height': 'aboveMean', 'Shell_weight': 'belowMean', 'Length': 'belowMean', 'Sex': 'M', 'Viscera_weight': 'aboveMean', 'Diameter': 'belowMean'}",True,Shucked_weight,12.2,"{'belowMean': 243, 'aboveMean': 244}",4.15,6,False,False
150,150,78,"{'Height': 'aboveMean', 'Shell_weight': 'belowMean', 'Length': 'belowMean', 'Sex': 'I', 'Diameter': 'belowMean', 'Shucked_weight': 'belowMean'}",True,Viscera_weight,9.9375,{'belowMean': 245},9.80859375,6,False,False
151,151,78,"{'Height': 'aboveMean', 'Shell_weight': 'belowMean', 'Length': 'belowMean', 'Sex': 'I', 'Diameter': 'belowMean', 'Shucked_weight': 'aboveMean'}",True,Viscera_weight,9.666666666666666,{'belowMean': 246},9.555555555555555,6,False,False
152,152,79,"{'Height': 'aboveMean', 'Shell_weight': 'belowMean', 'Length': 'belowMean', 'Sex': 'I', 'Diameter': 'aboveMean', 'Shucked_weight': 'belowMean'}",True,Viscera_weight,9.5,{'belowMean': 247},2.25,6,False,False
153,153,80,"{'Height': 'belowMean', 'Sex': 'F', 'Viscera_weight': 'belowMean', 'Shucked_weight': 'belowMean', 'Whole_weight': 'belowMean', 'Diameter': 'aboveMean', 'Length': 'aboveMean'}",True,,9.25,{},0.0,7,False,True
154,154,80,"{'Height': 'belowMean', 'Sex': 'F', 'Viscera_weight': 'belowMean', 'Shucked_weight': 'belowMean', 'Whole_weight': 'belowMean', 'Diameter': 'aboveMean', 'Length': 'belowMean'}",True,,9.0,{},0.0,7,False,True
155,155,81,"{'Height': 'belowMean', 'Sex': 'F', 'Viscera_weight': 'belowMean', 'Shucked_weight': 'belowMean', 'Whole_weight': 'belowMean', 'Diameter': 'belowMean', 'Length': 'belowMean'}",True,,9.695652173913043,{},0.0,7,False,True
156,156,81,"{'Height': 'belowMean', 'Sex': 'F', 'Viscera_weight': 'belowMean', 'Shucked_weight': 'belowMean', 'Whole_weight': 'belowMean', 'Diameter': 'belowMean', 'Length': 'aboveMean'}",True,,9.333333333333334,{},0.0,7,False,True
157,157,82,"{'Height': 'belowMean', 'Sex': 'F', 'Viscera_weight': 'belowMean', 'Shucked_weight': 'aboveMean', 'Shell_weight': 'belowMean', 'Diameter': 'aboveMean', 'Whole_weight': 'belowMean'}",True,,9.0,{},0.0,7,False,True
158,158,82,"{'Height': 'belowMean', 'Sex': 'F', 'Viscera_weight': 'belowMean', 'Shucked_weight': 'aboveMean', 'Shell_weight': 'belowMean', 'Diameter': 'aboveMean', 'Whole_weight': 'aboveMean'}",True,,8.0,{},0.0,7,False,True
159,159,84,"{'Height': 'belowMean', 'Sex': 'F', 'Viscera_weight': 'aboveMean', 'Shucked_weight': 'aboveMean', 'Shell_weight': 'aboveMean', 'Diameter': 'aboveMean', 'Length': 'aboveMean'}",True,,10.444444444444445,{},0.0,7,False,True
160,160,85,"{'Height': 'belowMean', 'Sex': 'F', 'Viscera_weight': 'aboveMean', 'Shucked_weight': 'aboveMean', 'Shell_weight': 'belowMean', 'Whole_weight': 'belowMean', 'Diameter': 'aboveMean'}",True,,9.5,{},0.0,7,False,True
161,161,86,"{'Height': 'belowMean', 'Sex': 'F', 'Viscera_weight': 'aboveMean', 'Shucked_weight': 'aboveMean', 'Shell_weight': 'belowMean', 'Whole_weight': 'aboveMean', 'Diameter': 'aboveMean'}",True,,9.666666666666666,{},0.0,7,False,True
162,162,87,"{'Height': 'belowMean', 'Sex': 'F', 'Viscera_weight': 'aboveMean', 'Shucked_weight': 'belowMean', 'Diameter': 'aboveMean', 'Length': 'aboveMean', 'Shell_weight': 'aboveMean'}",True,,15.0,{},0.0,7,False,True
163,163,88,"{'Height': 'belowMean', 'Sex': 'M', 'Shell_weight': 'belowMean', 'Diameter': 'belowMean', 'Length': 'belowMean', 'Viscera_weight': 'belowMean', 'Whole_weight': 'belowMean'}",True,,8.748148148148148,{},0.0,7,False,True
164,164,88,"{'Height': 'belowMean', 'Sex': 'M', 'Shell_weight': 'belowMean', 'Diameter': 'belowMean', 'Length': 'belowMean', 'Viscera_weight': 'belowMean', 'Whole_weight': 'aboveMean'}",True,,9.0,{},0.0,7,False,True
165,165,89,"{'Height': 'belowMean', 'Sex': 'M', 'Shell_weight': 'belowMean', 'Diameter': 'belowMean', 'Length': 'belowMean', 'Viscera_weight': 'aboveMean', 'Shucked_weight': 'belowMean'}",True,,10.0,{},0.0,7,False,True
166,166,91,"{'Height': 'belowMean', 'Sex': 'M', 'Shell_weight': 'belowMean', 'Diameter': 'belowMean', 'Length': 'aboveMean', 'Whole_weight': 'belowMean', 'Shucked_weight': 'belowMean'}",True,,7.75,{},0.0,7,False,True
167,167,91,"{'Height': 'belowMean', 'Sex': 'M', 'Shell_weight': 'belowMean', 'Diameter': 'belowMean', 'Length': 'aboveMean', 'Whole_weight': 'belowMean', 'Shucked_weight': 'aboveMean'}",True,,7.5,{},0.0,7,False,True
168,168,92,"{'Height': 'belowMean', 'Sex': 'M', 'Shell_weight': 'belowMean', 'Diameter': 'aboveMean', 'Shucked_weight': 'belowMean', 'Length': 'aboveMean', 'Viscera_weight': 'belowMean'}",True,,11.0,{},0.0,7,False,True
169,169,92,"{'Height': 'belowMean', 'Sex': 'M', 'Shell_weight': 'belowMean', 'Diameter': 'aboveMean', 'Shucked_weight': 'belowMean', 'Length': 'aboveMean', 'Viscera_weight': 'aboveMean'}",True,,9.666666666666666,{},0.0,7,False,True
170,170,93,"{'Height': 'belowMean', 'Sex': 'M', 'Shell_weight': 'belowMean', 'Diameter': 'aboveMean', 'Shucked_weight': 'belowMean', 'Length': 'belowMean', 'Viscera_weight': 'belowMean'}",True,,9.75,{},0.0,7,False,True
171,171,94,"{'Height': 'belowMean', 'Sex': 'M', 'Shell_weight': 'belowMean', 'Diameter': 'aboveMean', 'Shucked_weight': 'aboveMean', 'Whole_weight': 'belowMean', 'Viscera_weight': 'belowMean'}",True,,8.8,{},0.0,7,False,True
172,172,94,"{'Height': 'belowMean', 'Sex': 'M', 'Shell_weight': 'belowMean', 'Diameter': 'aboveMean', 'Shucked_weight': 'aboveMean', 'Whole_weight': 'belowMean', 'Viscera_weight': 'aboveMean'}",True,,7.333333333333333,{},0.0,7,False,True
173,173,95,"{'Height': 'belowMean', 'Sex': 'M', 'Shell_weight': 'belowMean', 'Diameter': 'aboveMean', 'Shucked_weight': 'aboveMean', 'Whole_weight': 'aboveMean', 'Viscera_weight': 'belowMean'}",True,,9.0,{},0.0,7,False,True
174,174,95,"{'Height': 'belowMean', 'Sex': 'M', 'Shell_weight': 'belowMean', 'Diameter': 'aboveMean', 'Shucked_weight': 'aboveMean', 'Whole_weight': 'aboveMean', 'Viscera_weight': 'aboveMean'}",True,,9.333333333333334,{},0.0,7,False,True
175,175,96,"{'Height': 'belowMean', 'Sex': 'M', 'Shell_weight': 'aboveMean', 'Shucked_weight': 'belowMean', 'Viscera_weight': 'belowMean', 'Whole_weight': 'belowMean', 'Diameter': 'aboveMean'}",True,,14.0,{},0.0,7,False,True
176,176,97,"{'Height': 'belowMean', 'Sex': 'M', 'Shell_weight': 'aboveMean', 'Shucked_weight': 'belowMean', 'Viscera_weight': 'belowMean', 'Whole_weight': 'aboveMean', 'Diameter': 'aboveMean'}",True,,15.333333333333334,{},0.0,7,False,True
177,177,98,"{'Height': 'belowMean', 'Sex': 'M', 'Shell_weight': 'aboveMean', 'Shucked_weight': 'belowMean', 'Viscera_weight': 'aboveMean', 'Diameter': 'aboveMean', 'Length': 'aboveMean'}",True,,9.666666666666666,{},0.0,7,False,True
178,178,100,"{'Height': 'belowMean', 'Sex': 'M', 'Shell_weight': 'aboveMean', 'Shucked_weight': 'aboveMean', 'Diameter': 'aboveMean', 'Viscera_weight': 'aboveMean', 'Length': 'aboveMean'}",True,,10.0,{},0.0,7,False,True
179,179,101,"{'Height': 'belowMean', 'Sex': 'M', 'Shell_weight': 'aboveMean', 'Shucked_weight': 'aboveMean', 'Diameter': 'aboveMean', 'Viscera_weight': 'belowMean', 'Length': 'aboveMean'}",True,,10.666666666666666,{},0.0,7,False,True
180,180,102,"{'Height': 'belowMean', 'Sex': 'I', 'Diameter': 'belowMean', 'Viscera_weight': 'belowMean', 'Length': 'belowMean', 'Shell_weight': 'belowMean', 'Whole_weight': 'belowMean'}",True,,7.014851485148514,{},0.0,7,False,True
181,181,102,"{'Height': 'belowMean', 'Sex': 'I', 'Diameter': 'belowMean', 'Viscera_weight': 'belowMean', 'Length': 'belowMean', 'Shell_weight': 'belowMean', 'Whole_weight': 'aboveMean'}",True,,8.0,{},0.0,7,False,True
182,182,104,"{'Height': 'belowMean', 'Sex': 'I', 'Diameter': 'belowMean', 'Viscera_weight': 'belowMean', 'Length': 'aboveMean', 'Shell_weight': 'belowMean', 'Shucked_weight': 'belowMean'}",True,,8.428571428571429,{},0.0,7,False,True
183,183,105,"{'Height': 'belowMean', 'Sex': 'I', 'Diameter': 'aboveMean', 'Shell_weight': 'belowMean', 'Length': 'belowMean', 'Shucked_weight': 'belowMean', 'Viscera_weight': 'belowMean'}",True,,9.666666666666666,{},0.0,7,False,True
184,184,106,"{'Height': 'belowMean', 'Sex': 'I', 'Diameter': 'aboveMean', 'Shell_weight': 'belowMean', 'Length': 'aboveMean', 'Viscera_weight': 'belowMean', 'Whole_weight': 'belowMean'}",True,,8.384615384615385,{},0.0,7,False,True
185,185,106,"{'Height': 'belowMean', 'Sex': 'I', 'Diameter': 'aboveMean', 'Shell_weight': 'belowMean', 'Length': 'aboveMean', 'Viscera_weight': 'belowMean', 'Whole_weight': 'aboveMean'}",True,,9.0,{},0.0,7,False,True
186,186,108,"{'Height': 'belowMean', 'Sex': 'I', 'Diameter': 'aboveMean', 'Shell_weight': 'aboveMean', 'Viscera_weight': 'belowMean', 'Shucked_weight': 'aboveMean', 'Whole_weight': 'aboveMean'}",True,,10.0,{},0.0,7,False,True
187,187,108,"{'Height': 'belowMean', 'Sex': 'I', 'Diameter': 'aboveMean', 'Shell_weight': 'aboveMean', 'Viscera_weight': 'belowMean', 'Shucked_weight': 'aboveMean', 'Whole_weight': 'belowMean'}",True,,11.0,{},0.0,7,False,True
188,188,109,"{'Height': 'belowMean', 'Sex': 'I', 'Diameter': 'aboveMean', 'Shell_weight': 'aboveMean', 'Viscera_weight': 'belowMean', 'Shucked_weight': 'belowMean', 'Whole_weight': 'belowMean'}",True,,9.75,{},0.0,7,False,True
189,189,109,"{'Height': 'belowMean', 'Sex': 'I', 'Diameter': 'aboveMean', 'Shell_weight': 'aboveMean', 'Viscera_weight': 'belowMean', 'Shucked_weight': 'belowMean', 'Whole_weight': 'aboveMean'}",True,,11.0,{},0.0,7,False,True
190,190,110,"{'Height': 'belowMean', 'Sex': 'I', 'Diameter': 'aboveMean', 'Shell_weight': 'aboveMean', 'Viscera_weight': 'aboveMean', 'Shucked_weight': 'aboveMean', 'Length': 'aboveMean'}",True,,9.333333333333334,{},0.0,7,False,True
191,191,112,"{'Height': 'aboveMean', 'Shell_weight': 'aboveMean', 'Shucked_weight': 'belowMean', 'Whole_weight': 'belowMean', 'Diameter': 'aboveMean', 'Sex': 'F', 'Length': 'aboveMean'}",True,,12.285714285714286,{},0.0,7,False,True
192,192,112,"{'Height': 'aboveMean', 'Shell_weight': 'aboveMean', 'Shucked_weight': 'belowMean', 'Whole_weight': 'belowMean', 'Diameter': 'aboveMean', 'Sex': 'F', 'Length': 'belowMean'}",True,,8.0,{},0.0,7,False,True
193,193,113,"{'Height': 'aboveMean', 'Shell_weight': 'aboveMean', 'Shucked_weight': 'belowMean', 'Whole_weight': 'belowMean', 'Diameter': 'aboveMean', 'Sex': 'M', 'Viscera_weight': 'aboveMean'}",True,,9.666666666666666,{},0.0,7,False,True
194,194,113,"{'Height': 'aboveMean', 'Shell_weight': 'aboveMean', 'Shucked_weight': 'belowMean', 'Whole_weight': 'belowMean', 'Diameter': 'aboveMean', 'Sex': 'M', 'Viscera_weight': 'belowMean'}",True,,12.0,{},0.0,7,False,True
195,195,114,"{'Height': 'aboveMean', 'Shell_weight': 'aboveMean', 'Shucked_weight': 'belowMean', 'Whole_weight': 'belowMean', 'Diameter': 'aboveMean', 'Sex': 'I', 'Viscera_weight': 'belowMean'}",True,,10.3,{},0.0,7,False,True
196,196,114,"{'Height': 'aboveMean', 'Shell_weight': 'aboveMean', 'Shucked_weight': 'belowMean', 'Whole_weight': 'belowMean', 'Diameter': 'aboveMean', 'Sex': 'I', 'Viscera_weight': 'aboveMean'}",True,,8.0,{},0.0,7,False,True
197,197,115,"{'Height': 'aboveMean', 'Shell_weight': 'aboveMean', 'Shucked_weight': 'belowMean', 'Whole_weight': 'belowMean', 'Diameter': 'belowMean', 'Sex': 'M', 'Length': 'belowMean'}",True,,7.5,{},0.0,7,False,True
198,198,115,"{'Height': 'aboveMean', 'Shell_weight': 'aboveMean', 'Shucked_weight': 'belowMean', 'Whole_weight': 'belowMean', 'Diameter': 'belowMean', 'Sex': 'M', 'Length': 'aboveMean'}",True,,19.0,{},0.0,7,False,True
199,199,116,"{'Height': 'aboveMean', 'Shell_weight': 'aboveMean', 'Shucked_weight': 'belowMean', 'Whole_weight': 'belowMean', 'Diameter': 'belowMean', 'Sex': 'F', 'Viscera_weight': 'belowMean'}",True,,14.666666666666666,{},0.0,7,False,True
200,200,116,"{'Height': 'aboveMean', 'Shell_weight': 'aboveMean', 'Shucked_weight': 'belowMean', 'Whole_weight': 'belowMean', 'Diameter': 'belowMean', 'Sex': 'F', 'Viscera_weight': 'aboveMean'}",True,,14.0,{},0.0,7,False,True
201,201,118,"{'Height': 'aboveMean', 'Shell_weight': 'aboveMean', 'Shucked_weight': 'belowMean', 'Whole_weight': 'aboveMean', 'Viscera_weight': 'aboveMean', 'Sex': 'F', 'Length': 'aboveMean'}",True,,13.666666666666666,{},0.0,7,False,True
202,202,118,"{'Height': 'aboveMean', 'Shell_weight': 'aboveMean', 'Shucked_weight': 'belowMean', 'Whole_weight': 'aboveMean', 'Viscera_weight': 'aboveMean', 'Sex': 'F', 'Length': 'belowMean'}",True,,8.0,{},0.0,7,False,True
203,203,119,"{'Height': 'aboveMean', 'Shell_weight': 'aboveMean', 'Shucked_weight': 'belowMean', 'Whole_weight': 'aboveMean', 'Viscera_weight': 'aboveMean', 'Sex': 'M', 'Length': 'aboveMean'}",True,,13.368421052631579,{},0.0,7,False,True
204,204,119,"{'Height': 'aboveMean', 'Shell_weight': 'aboveMean', 'Shucked_weight': 'belowMean', 'Whole_weight': 'aboveMean', 'Viscera_weight': 'aboveMean', 'Sex': 'M', 'Length': 'belowMean'}",True,,15.0,{},0.0,7,False,True
205,205,120,"{'Height': 'aboveMean', 'Shell_weight': 'aboveMean', 'Shucked_weight': 'belowMean', 'Whole_weight': 'aboveMean', 'Viscera_weight': 'aboveMean', 'Sex': 'I', 'Diameter': 'aboveMean'}",True,,12.0,{},0.0,7,False,True
206,206,121,"{'Height': 'aboveMean', 'Shell_weight': 'aboveMean', 'Shucked_weight': 'belowMean', 'Whole_weight': 'aboveMean', 'Viscera_weight': 'belowMean', 'Length': 'aboveMean', 'Sex': 'F'}",True,,15.5,{},0.0,7,False,True
207,207,121,"{'Height': 'aboveMean', 'Shell_weight': 'aboveMean', 'Shucked_weight': 'belowMean', 'Whole_weight': 'aboveMean', 'Viscera_weight': 'belowMean', 'Length': 'aboveMean', 'Sex': 'M'}",True,,15.333333333333334,{},0.0,7,False,True
208,208,121,"{'Height': 'aboveMean', 'Shell_weight': 'aboveMean', 'Shucked_weight': 'belowMean', 'Whole_weight': 'aboveMean', 'Viscera_weight': 'belowMean', 'Length': 'aboveMean', 'Sex': 'I'}",True,,13.5,{},0.0,7,False,True
209,209,123,"{'Height': 'aboveMean', 'Shell_weight': 'aboveMean', 'Shucked_weight': 'aboveMean', 'Length': 'aboveMean', 'Viscera_weight': 'aboveMean', 'Sex': 'F', 'Diameter': 'aboveMean'}",True,,11.223938223938225,{},0.0,7,False,True
210,210,123,"{'Height': 'aboveMean', 'Shell_weight': 'aboveMean', 'Shucked_weight': 'aboveMean', 'Length': 'aboveMean', 'Viscera_weight': 'aboveMean', 'Sex': 'F', 'Diameter': 'belowMean'}",True,,10.0,{},0.0,7,False,True
211,211,124,"{'Height': 'aboveMean', 'Shell_weight': 'aboveMean', 'Shucked_weight': 'aboveMean', 'Length': 'aboveMean', 'Viscera_weight': 'aboveMean', 'Sex': 'M', 'Diameter': 'aboveMean'}",True,,11.406832298136646,{},0.0,7,False,True
212,212,124,"{'Height': 'aboveMean', 'Shell_weight': 'aboveMean', 'Shucked_weight': 'aboveMean', 'Length': 'aboveMean', 'Viscera_weight': 'aboveMean', 'Sex': 'M', 'Diameter': 'belowMean'}",True,,12.333333333333334,{},0.0,7,False,True
213,213,125,"{'Height': 'aboveMean', 'Shell_weight': 'aboveMean', 'Shucked_weight': 'aboveMean', 'Length': 'aboveMean', 'Viscera_weight': 'aboveMean', 'Sex': 'I', 'Diameter': 'aboveMean'}",True,,12.090909090909092,{},0.0,7,False,True
214,214,126,"{'Height': 'aboveMean', 'Shell_weight': 'aboveMean', 'Shucked_weight': 'aboveMean', 'Length': 'aboveMean', 'Viscera_weight': 'belowMean', 'Whole_weight': 'aboveMean', 'Sex': 'M'}",True,,10.3,{},0.0,7,False,True
215,215,126,"{'Height': 'aboveMean', 'Shell_weight': 'aboveMean', 'Shucked_weight': 'aboveMean', 'Length': 'aboveMean', 'Viscera_weight': 'belowMean', 'Whole_weight': 'aboveMean', 'Sex': 'F'}",True,,10.7,{},0.0,7,False,True
216,216,126,"{'Height': 'aboveMean', 'Shell_weight': 'aboveMean', 'Shucked_weight': 'aboveMean', 'Length': 'aboveMean', 'Viscera_weight': 'belowMean', 'Whole_weight': 'aboveMean', 'Sex': 'I'}",True,,10.25,{},0.0,7,False,True
217,217,127,"{'Height': 'aboveMean', 'Shell_weight': 'aboveMean', 'Shucked_weight': 'aboveMean', 'Length': 'aboveMean', 'Viscera_weight': 'belowMean', 'Whole_weight': 'belowMean', 'Sex': 'F'}",True,,9.0,{},0.0,7,False,True
218,218,127,"{'Height': 'aboveMean', 'Shell_weight': 'aboveMean', 'Shucked_weight': 'aboveMean', 'Length': 'aboveMean', 'Viscera_weight': 'belowMean', 'Whole_weight': 'belowMean', 'Sex': 'I'}",True,,10.0,{},0.0,7,False,True
219,219,128,"{'Height': 'aboveMean', 'Shell_weight': 'aboveMean', 'Shucked_weight': 'aboveMean', 'Length': 'belowMean', 'Sex': 'M', 'Diameter': 'belowMean', 'Viscera_weight': 'aboveMean'}",True,,8.333333333333334,{},0.0,7,False,True
220,220,129,"{'Height': 'aboveMean', 'Shell_weight': 'aboveMean', 'Shucked_weight': 'aboveMean', 'Length': 'belowMean', 'Sex': 'M', 'Diameter': 'aboveMean', 'Viscera_weight': 'aboveMean'}",True,,8.5,{},0.0,7,False,True
221,221,130,"{'Height': 'aboveMean', 'Shell_weight': 'aboveMean', 'Shucked_weight': 'aboveMean', 'Length': 'belowMean', 'Sex': 'F', 'Diameter': 'belowMean', 'Viscera_weight': 'aboveMean'}",True,,8.0,{},0.0,7,False,True
222,222,131,"{'Height': 'aboveMean', 'Shell_weight': 'belowMean', 'Length': 'aboveMean', 'Shucked_weight': 'belowMean', 'Viscera_weight': 'belowMean', 'Sex': 'F', 'Diameter': 'belowMean'}",True,,10.0,{},0.0,7,False,True
223,223,131,"{'Height': 'aboveMean', 'Shell_weight': 'belowMean', 'Length': 'aboveMean', 'Shucked_weight': 'belowMean', 'Viscera_weight': 'belowMean', 'Sex': 'F', 'Diameter': 'aboveMean'}",True,,9.571428571428571,{},0.0,7,False,True
224,224,132,"{'Height': 'aboveMean', 'Shell_weight': 'belowMean', 'Length': 'aboveMean', 'Shucked_weight': 'belowMean', 'Viscera_weight': 'belowMean', 'Sex': 'M', 'Diameter': 'aboveMean'}",True,,9.8,{},0.0,7,False,True
225,225,132,"{'Height': 'aboveMean', 'Shell_weight': 'belowMean', 'Length': 'aboveMean', 'Shucked_weight': 'belowMean', 'Viscera_weight': 'belowMean', 'Sex': 'M', 'Diameter': 'belowMean'}",True,,10.0,{},0.0,7,False,True
226,226,133,"{'Height': 'aboveMean', 'Shell_weight': 'belowMean', 'Length': 'aboveMean', 'Shucked_weight': 'belowMean', 'Viscera_weight': 'belowMean', 'Sex': 'I', 'Diameter': 'aboveMean'}",True,,10.0,{},0.0,7,False,True
227,227,133,"{'Height': 'aboveMean', 'Shell_weight': 'belowMean', 'Length': 'aboveMean', 'Shucked_weight': 'belowMean', 'Viscera_weight': 'belowMean', 'Sex': 'I', 'Diameter': 'belowMean'}",True,,9.0,{},0.0,7,False,True
228,228,134,"{'Height': 'aboveMean', 'Shell_weight': 'belowMean', 'Length': 'aboveMean', 'Shucked_weight': 'belowMean', 'Viscera_weight': 'aboveMean', 'Whole_weight': 'belowMean', 'Sex': 'F'}",True,,11.8,{},0.0,7,False,True
229,229,134,"{'Height': 'aboveMean', 'Shell_weight': 'belowMean', 'Length': 'aboveMean', 'Shucked_weight': 'belowMean', 'Viscera_weight': 'aboveMean', 'Whole_weight': 'belowMean', 'Sex': 'I'}",True,,10.75,{},0.0,7,False,True
230,230,136,"{'Height': 'aboveMean', 'Shell_weight': 'belowMean', 'Length': 'aboveMean', 'Shucked_weight': 'aboveMean', 'Sex': 'M', 'Whole_weight': 'aboveMean', 'Viscera_weight': 'aboveMean'}",True,,9.0,{},0.0,7,False,True
231,231,136,"{'Height': 'aboveMean', 'Shell_weight': 'belowMean', 'Length': 'aboveMean', 'Shucked_weight': 'aboveMean', 'Sex': 'M', 'Whole_weight': 'aboveMean', 'Viscera_weight': 'belowMean'}",True,,9.5,{},0.0,7,False,True
232,232,138,"{'Height': 'aboveMean', 'Shell_weight': 'belowMean', 'Length': 'aboveMean', 'Shucked_weight': 'aboveMean', 'Sex': 'I', 'Viscera_weight': 'aboveMean', 'Diameter': 'aboveMean'}",True,,11.666666666666666,{},0.0,7,False,True
233,233,139,"{'Height': 'aboveMean', 'Shell_weight': 'belowMean', 'Length': 'aboveMean', 'Shucked_weight': 'aboveMean', 'Sex': 'I', 'Viscera_weight': 'belowMean', 'Whole_weight': 'belowMean'}",True,,9.5,{},0.0,7,False,True
234,234,139,"{'Height': 'aboveMean', 'Shell_weight': 'belowMean', 'Length': 'aboveMean', 'Shucked_weight': 'aboveMean', 'Sex': 'I', 'Viscera_weight': 'belowMean', 'Whole_weight': 'aboveMean'}",True,,9.0,{},0.0,7,False,True
235,235,140,"{'Height': 'aboveMean', 'Shell_weight': 'belowMean', 'Length': 'aboveMean', 'Shucked_weight': 'aboveMean', 'Sex': 'F', 'Viscera_weight': 'aboveMean', 'Whole_weight': 'aboveMean'}",True,,9.272727272727273,{},0.0,7,False,True
236,236,140,"{'Height': 'aboveMean', 'Shell_weight': 'belowMean', 'Length': 'aboveMean', 'Shucked_weight': 'aboveMean', 'Sex': 'F', 'Viscera_weight': 'aboveMean', 'Whole_weight': 'belowMean'}",True,,9.0,{},0.0,7,False,True
237,237,141,"{'Height': 'aboveMean', 'Shell_weight': 'belowMean', 'Length': 'aboveMean', 'Shucked_weight': 'aboveMean', 'Sex': 'F', 'Viscera_weight': 'belowMean', 'Diameter': 'aboveMean'}",True,,9.0,{},0.0,7,False,True
238,238,142,"{'Height': 'aboveMean', 'Shell_weight': 'belowMean', 'Length': 'belowMean', 'Sex': 'F', 'Diameter': 'aboveMean', 'Shucked_weight': 'belowMean', 'Viscera_weight': 'aboveMean'}",True,,13.0,{},0.0,7,False,True
239,239,142,"{'Height': 'aboveMean', 'Shell_weight': 'belowMean', 'Length': 'belowMean', 'Sex': 'F', 'Diameter': 'aboveMean', 'Shucked_weight': 'belowMean', 'Viscera_weight': 'belowMean'}",True,,13.0,{},0.0,7,False,True
240,240,144,"{'Height': 'aboveMean', 'Shell_weight': 'belowMean', 'Length': 'belowMean', 'Sex': 'F', 'Diameter': 'belowMean', 'Viscera_weight': 'belowMean', 'Shucked_weight': 'belowMean'}",True,,11.0,{},0.0,7,False,True
241,241,146,"{'Height': 'aboveMean', 'Shell_weight': 'belowMean', 'Length': 'belowMean', 'Sex': 'M', 'Viscera_weight': 'belowMean', 'Shucked_weight': 'belowMean', 'Diameter': 'belowMean'}",True,,11.5,{},0.0,7,False,True
242,242,146,"{'Height': 'aboveMean', 'Shell_weight': 'belowMean', 'Length': 'belowMean', 'Sex': 'M', 'Viscera_weight': 'belowMean', 'Shucked_weight': 'belowMean', 'Diameter': 'aboveMean'}",True,,9.0,{},0.0,7,False,True
243,243,149,"{'Height': 'aboveMean', 'Shell_weight': 'belowMean', 'Length': 'belowMean', 'Sex': 'M', 'Viscera_weight': 'aboveMean', 'Diameter': 'belowMean', 'Shucked_weight': 'belowMean'}",True,,12.75,{},0.0,7,False,True
244,244,149,"{'Height': 'aboveMean', 'Shell_weight': 'belowMean', 'Length': 'belowMean', 'Sex': 'M', 'Viscera_weight': 'aboveMean', 'Diameter': 'belowMean', 'Shucked_weight': 'aboveMean'}",True,,10.0,{},0.0,7,False,True
245,245,150,"{'Height': 'aboveMean', 'Shell_weight': 'belowMean', 'Length': 'belowMean', 'Sex': 'I', 'Diameter': 'belowMean', 'Shucked_weight': 'belowMean', 'Viscera_weight': 'belowMean'}",True,,9.9375,{},0.0,7,False,True
246,246,151,"{'Height': 'aboveMean', 'Shell_weight': 'belowMean', 'Length': 'belowMean', 'Sex': 'I', 'Diameter': 'belowMean', 'Shucked_weight': 'aboveMean', 'Viscera_weight': 'belowMean'}",True,,9.666666666666666,{},0.0,7,False,True
247,247,152,"{'Height': 'aboveMean', 'Shell_weight': 'belowMean', 'Length': 'belowMean', 'Sex': 'I', 'Diameter': 'aboveMean', 'Shucked_weight': 'belowMean', 'Viscera_weight': 'belowMean'}",True,,9.5,{},0.0,7,False,True
