,xLocState,yLocState,locTypeState,xVelState,yVelState,indexMap,currentValue
0,1,12,F,-5,-5,0,0
1,1,12,F,-5,-4,1,0
2,1,12,F,-5,-3,2,0
3,1,12,F,-5,-2,3,0
4,1,12,F,-5,-1,4,0
5,1,12,F,-5,0,5,0
6,1,12,F,-5,1,6,0
7,1,12,F,-5,2,7,0
8,1,12,F,-5,3,8,0
9,1,12,F,-5,4,9,0
10,1,12,F,-5,5,10,0
11,1,12,F,-4,-5,11,0
12,1,12,F,-4,-4,12,0
13,1,12,F,-4,-3,13,0
14,1,12,F,-4,-2,14,0
15,1,12,F,-4,-1,15,0
16,1,12,F,-4,0,16,0
17,1,12,F,-4,1,17,0
18,1,12,F,-4,2,18,0
19,1,12,F,-4,3,19,0
20,1,12,F,-4,4,20,0
21,1,12,F,-4,5,21,0
22,1,12,F,-3,-5,22,0
23,1,12,F,-3,-4,23,0
24,1,12,F,-3,-3,24,0
25,1,12,F,-3,-2,25,0
26,1,12,F,-3,-1,26,0
27,1,12,F,-3,0,27,0
28,1,12,F,-3,1,28,0
29,1,12,F,-3,2,29,0
30,1,12,F,-3,3,30,0
31,1,12,F,-3,4,31,0
32,1,12,F,-3,5,32,0
33,1,12,F,-2,-5,33,0
34,1,12,F,-2,-4,34,0
35,1,12,F,-2,-3,35,0
36,1,12,F,-2,-2,36,0
37,1,12,F,-2,-1,37,0
38,1,12,F,-2,0,38,0
39,1,12,F,-2,1,39,0
40,1,12,F,-2,2,40,0
41,1,12,F,-2,3,41,0
42,1,12,F,-2,4,42,0
43,1,12,F,-2,5,43,0
44,1,12,F,-1,-5,44,0
45,1,12,F,-1,-4,45,0
46,1,12,F,-1,-3,46,0
47,1,12,F,-1,-2,47,0
48,1,12,F,-1,-1,48,0
49,1,12,F,-1,0,49,0
50,1,12,F,-1,1,50,0
51,1,12,F,-1,2,51,0
52,1,12,F,-1,3,52,0
53,1,12,F,-1,4,53,0
54,1,12,F,-1,5,54,0
55,1,12,F,0,-5,55,0
56,1,12,F,0,-4,56,0
57,1,12,F,0,-3,57,0
58,1,12,F,0,-2,58,0
59,1,12,F,0,-1,59,0
60,1,12,F,0,0,60,0
61,1,12,F,0,1,61,0
62,1,12,F,0,2,62,0
63,1,12,F,0,3,63,0
64,1,12,F,0,4,64,0
65,1,12,F,0,5,65,0
66,1,12,F,1,-5,66,0
67,1,12,F,1,-4,67,0
68,1,12,F,1,-3,68,0
69,1,12,F,1,-2,69,0
70,1,12,F,1,-1,70,0
71,1,12,F,1,0,71,0
72,1,12,F,1,1,72,0
73,1,12,F,1,2,73,0
74,1,12,F,1,3,74,0
75,1,12,F,1,4,75,0
76,1,12,F,1,5,76,0
77,1,12,F,2,-5,77,0
78,1,12,F,2,-4,78,0
79,1,12,F,2,-3,79,0
80,1,12,F,2,-2,80,0
81,1,12,F,2,-1,81,0
82,1,12,F,2,0,82,0
83,1,12,F,2,1,83,0
84,1,12,F,2,2,84,0
85,1,12,F,2,3,85,0
86,1,12,F,2,4,86,0
87,1,12,F,2,5,87,0
88,1,12,F,3,-5,88,0
89,1,12,F,3,-4,89,0
90,1,12,F,3,-3,90,0
91,1,12,F,3,-2,91,0
92,1,12,F,3,-1,92,0
93,1,12,F,3,0,93,0
94,1,12,F,3,1,94,0
95,1,12,F,3,2,95,0
96,1,12,F,3,3,96,0
97,1,12,F,3,4,97,0
98,1,12,F,3,5,98,0
99,1,12,F,4,-5,99,0
100,1,12,F,4,-4,100,0
101,1,12,F,4,-3,101,0
102,1,12,F,4,-2,102,0
103,1,12,F,4,-1,103,0
104,1,12,F,4,0,104,0
105,1,12,F,4,1,105,0
106,1,12,F,4,2,106,0
107,1,12,F,4,3,107,0
108,1,12,F,4,4,108,0
109,1,12,F,4,5,109,0
110,1,12,F,5,-5,110,0
111,1,12,F,5,-4,111,0
112,1,12,F,5,-3,112,0
113,1,12,F,5,-2,113,0
114,1,12,F,5,-1,114,0
115,1,12,F,5,0,115,0
116,1,12,F,5,1,116,0
117,1,12,F,5,2,117,0
118,1,12,F,5,3,118,0
119,1,12,F,5,4,119,0
120,1,12,F,5,5,120,0
121,2,12,F,-5,-5,121,0
122,2,12,F,-5,-4,122,0
123,2,12,F,-5,-3,123,0
124,2,12,F,-5,-2,124,0
125,2,12,F,-5,-1,125,0
126,2,12,F,-5,0,126,0
127,2,12,F,-5,1,127,0
128,2,12,F,-5,2,128,0
129,2,12,F,-5,3,129,0
130,2,12,F,-5,4,130,0
131,2,12,F,-5,5,131,0
132,2,12,F,-4,-5,132,0
133,2,12,F,-4,-4,133,0
134,2,12,F,-4,-3,134,0
135,2,12,F,-4,-2,135,0
136,2,12,F,-4,-1,136,0
137,2,12,F,-4,0,137,0
138,2,12,F,-4,1,138,0
139,2,12,F,-4,2,139,0
140,2,12,F,-4,3,140,0
141,2,12,F,-4,4,141,0
142,2,12,F,-4,5,142,0
143,2,12,F,-3,-5,143,0
144,2,12,F,-3,-4,144,0
145,2,12,F,-3,-3,145,0
146,2,12,F,-3,-2,146,0
147,2,12,F,-3,-1,147,0
148,2,12,F,-3,0,148,0
149,2,12,F,-3,1,149,0
150,2,12,F,-3,2,150,0
151,2,12,F,-3,3,151,0
152,2,12,F,-3,4,152,0
153,2,12,F,-3,5,153,0
154,2,12,F,-2,-5,154,0
155,2,12,F,-2,-4,155,0
156,2,12,F,-2,-3,156,0
157,2,12,F,-2,-2,157,0
158,2,12,F,-2,-1,158,0
159,2,12,F,-2,0,159,0
160,2,12,F,-2,1,160,0
161,2,12,F,-2,2,161,0
162,2,12,F,-2,3,162,0
163,2,12,F,-2,4,163,0
164,2,12,F,-2,5,164,0
165,2,12,F,-1,-5,165,0
166,2,12,F,-1,-4,166,0
167,2,12,F,-1,-3,167,0
168,2,12,F,-1,-2,168,0
169,2,12,F,-1,-1,169,0
170,2,12,F,-1,0,170,0
171,2,12,F,-1,1,171,0
172,2,12,F,-1,2,172,0
173,2,12,F,-1,3,173,0
174,2,12,F,-1,4,174,0
175,2,12,F,-1,5,175,0
176,2,12,F,0,-5,176,0
177,2,12,F,0,-4,177,0
178,2,12,F,0,-3,178,0
179,2,12,F,0,-2,179,0
180,2,12,F,0,-1,180,0
181,2,12,F,0,0,181,0
182,2,12,F,0,1,182,0
183,2,12,F,0,2,183,0
184,2,12,F,0,3,184,0
185,2,12,F,0,4,185,0
186,2,12,F,0,5,186,0
187,2,12,F,1,-5,187,0
188,2,12,F,1,-4,188,0
189,2,12,F,1,-3,189,0
190,2,12,F,1,-2,190,0
191,2,12,F,1,-1,191,0
192,2,12,F,1,0,192,0
193,2,12,F,1,1,193,0
194,2,12,F,1,2,194,0
195,2,12,F,1,3,195,0
196,2,12,F,1,4,196,0
197,2,12,F,1,5,197,0
198,2,12,F,2,-5,198,0
199,2,12,F,2,-4,199,0
200,2,12,F,2,-3,200,0
201,2,12,F,2,-2,201,0
202,2,12,F,2,-1,202,0
203,2,12,F,2,0,203,0
204,2,12,F,2,1,204,0
205,2,12,F,2,2,205,0
206,2,12,F,2,3,206,0
207,2,12,F,2,4,207,0
208,2,12,F,2,5,208,0
209,2,12,F,3,-5,209,0
210,2,12,F,3,-4,210,0
211,2,12,F,3,-3,211,0
212,2,12,F,3,-2,212,0
213,2,12,F,3,-1,213,0
214,2,12,F,3,0,214,0
215,2,12,F,3,1,215,0
216,2,12,F,3,2,216,0
217,2,12,F,3,3,217,0
218,2,12,F,3,4,218,0
219,2,12,F,3,5,219,0
220,2,12,F,4,-5,220,0
221,2,12,F,4,-4,221,0
222,2,12,F,4,-3,222,0
223,2,12,F,4,-2,223,0
224,2,12,F,4,-1,224,0
225,2,12,F,4,0,225,0
226,2,12,F,4,1,226,0
227,2,12,F,4,2,227,0
228,2,12,F,4,3,228,0
229,2,12,F,4,4,229,0
230,2,12,F,4,5,230,0
231,2,12,F,5,-5,231,0
232,2,12,F,5,-4,232,0
233,2,12,F,5,-3,233,0
234,2,12,F,5,-2,234,0
235,2,12,F,5,-1,235,0
236,2,12,F,5,0,236,0
237,2,12,F,5,1,237,0
238,2,12,F,5,2,238,0
239,2,12,F,5,3,239,0
240,2,12,F,5,4,240,0
241,2,12,F,5,5,241,0
242,3,12,F,-5,-5,242,0
243,3,12,F,-5,-4,243,0
244,3,12,F,-5,-3,244,0
245,3,12,F,-5,-2,245,0
246,3,12,F,-5,-1,246,0
247,3,12,F,-5,0,247,0
248,3,12,F,-5,1,248,0
249,3,12,F,-5,2,249,0
250,3,12,F,-5,3,250,0
251,3,12,F,-5,4,251,0
252,3,12,F,-5,5,252,0
253,3,12,F,-4,-5,253,0
254,3,12,F,-4,-4,254,0
255,3,12,F,-4,-3,255,0
256,3,12,F,-4,-2,256,0
257,3,12,F,-4,-1,257,0
258,3,12,F,-4,0,258,0
259,3,12,F,-4,1,259,0
260,3,12,F,-4,2,260,0
261,3,12,F,-4,3,261,0
262,3,12,F,-4,4,262,0
263,3,12,F,-4,5,263,0
264,3,12,F,-3,-5,264,0
265,3,12,F,-3,-4,265,0
266,3,12,F,-3,-3,266,0
267,3,12,F,-3,-2,267,0
268,3,12,F,-3,-1,268,0
269,3,12,F,-3,0,269,0
270,3,12,F,-3,1,270,0
271,3,12,F,-3,2,271,0
272,3,12,F,-3,3,272,0
273,3,12,F,-3,4,273,0
274,3,12,F,-3,5,274,0
275,3,12,F,-2,-5,275,0
276,3,12,F,-2,-4,276,0
277,3,12,F,-2,-3,277,0
278,3,12,F,-2,-2,278,0
279,3,12,F,-2,-1,279,0
280,3,12,F,-2,0,280,0
281,3,12,F,-2,1,281,0
282,3,12,F,-2,2,282,0
283,3,12,F,-2,3,283,0
284,3,12,F,-2,4,284,0
285,3,12,F,-2,5,285,0
286,3,12,F,-1,-5,286,0
287,3,12,F,-1,-4,287,0
288,3,12,F,-1,-3,288,0
289,3,12,F,-1,-2,289,0
290,3,12,F,-1,-1,290,0
291,3,12,F,-1,0,291,0
292,3,12,F,-1,1,292,0
293,3,12,F,-1,2,293,0
294,3,12,F,-1,3,294,0
295,3,12,F,-1,4,295,0
296,3,12,F,-1,5,296,0
297,3,12,F,0,-5,297,0
298,3,12,F,0,-4,298,0
299,3,12,F,0,-3,299,0
300,3,12,F,0,-2,300,0
301,3,12,F,0,-1,301,0
302,3,12,F,0,0,302,0
303,3,12,F,0,1,303,0
304,3,12,F,0,2,304,0
305,3,12,F,0,3,305,0
306,3,12,F,0,4,306,0
307,3,12,F,0,5,307,0
308,3,12,F,1,-5,308,0
309,3,12,F,1,-4,309,0
310,3,12,F,1,-3,310,0
311,3,12,F,1,-2,311,0
312,3,12,F,1,-1,312,0
313,3,12,F,1,0,313,0
314,3,12,F,1,1,314,0
315,3,12,F,1,2,315,0
316,3,12,F,1,3,316,0
317,3,12,F,1,4,317,0
318,3,12,F,1,5,318,0
319,3,12,F,2,-5,319,0
320,3,12,F,2,-4,320,0
321,3,12,F,2,-3,321,0
322,3,12,F,2,-2,322,0
323,3,12,F,2,-1,323,0
324,3,12,F,2,0,324,0
325,3,12,F,2,1,325,0
326,3,12,F,2,2,326,0
327,3,12,F,2,3,327,0
328,3,12,F,2,4,328,0
329,3,12,F,2,5,329,0
330,3,12,F,3,-5,330,0
331,3,12,F,3,-4,331,0
332,3,12,F,3,-3,332,0
333,3,12,F,3,-2,333,0
334,3,12,F,3,-1,334,0
335,3,12,F,3,0,335,0
336,3,12,F,3,1,336,0
337,3,12,F,3,2,337,0
338,3,12,F,3,3,338,0
339,3,12,F,3,4,339,0
340,3,12,F,3,5,340,0
341,3,12,F,4,-5,341,0
342,3,12,F,4,-4,342,0
343,3,12,F,4,-3,343,0
344,3,12,F,4,-2,344,0
345,3,12,F,4,-1,345,0
346,3,12,F,4,0,346,0
347,3,12,F,4,1,347,0
348,3,12,F,4,2,348,0
349,3,12,F,4,3,349,0
350,3,12,F,4,4,350,0
351,3,12,F,4,5,351,0
352,3,12,F,5,-5,352,0
353,3,12,F,5,-4,353,0
354,3,12,F,5,-3,354,0
355,3,12,F,5,-2,355,0
356,3,12,F,5,-1,356,0
357,3,12,F,5,0,357,0
358,3,12,F,5,1,358,0
359,3,12,F,5,2,359,0
360,3,12,F,5,3,360,0
361,3,12,F,5,4,361,0
362,3,12,F,5,5,362,0
363,4,12,F,-5,-5,363,0
364,4,12,F,-5,-4,364,0
365,4,12,F,-5,-3,365,0
366,4,12,F,-5,-2,366,0
367,4,12,F,-5,-1,367,0
368,4,12,F,-5,0,368,0
369,4,12,F,-5,1,369,0
370,4,12,F,-5,2,370,0
371,4,12,F,-5,3,371,0
372,4,12,F,-5,4,372,0
373,4,12,F,-5,5,373,0
374,4,12,F,-4,-5,374,0
375,4,12,F,-4,-4,375,0
376,4,12,F,-4,-3,376,0
377,4,12,F,-4,-2,377,0
378,4,12,F,-4,-1,378,0
379,4,12,F,-4,0,379,0
380,4,12,F,-4,1,380,0
381,4,12,F,-4,2,381,0
382,4,12,F,-4,3,382,0
383,4,12,F,-4,4,383,0
384,4,12,F,-4,5,384,0
385,4,12,F,-3,-5,385,0
386,4,12,F,-3,-4,386,0
387,4,12,F,-3,-3,387,0
388,4,12,F,-3,-2,388,0
389,4,12,F,-3,-1,389,0
390,4,12,F,-3,0,390,0
391,4,12,F,-3,1,391,0
392,4,12,F,-3,2,392,0
393,4,12,F,-3,3,393,0
394,4,12,F,-3,4,394,0
395,4,12,F,-3,5,395,0
396,4,12,F,-2,-5,396,0
397,4,12,F,-2,-4,397,0
398,4,12,F,-2,-3,398,0
399,4,12,F,-2,-2,399,0
400,4,12,F,-2,-1,400,0
401,4,12,F,-2,0,401,0
402,4,12,F,-2,1,402,0
403,4,12,F,-2,2,403,0
404,4,12,F,-2,3,404,0
405,4,12,F,-2,4,405,0
406,4,12,F,-2,5,406,0
407,4,12,F,-1,-5,407,0
408,4,12,F,-1,-4,408,0
409,4,12,F,-1,-3,409,0
410,4,12,F,-1,-2,410,0
411,4,12,F,-1,-1,411,0
412,4,12,F,-1,0,412,0
413,4,12,F,-1,1,413,0
414,4,12,F,-1,2,414,0
415,4,12,F,-1,3,415,0
416,4,12,F,-1,4,416,0
417,4,12,F,-1,5,417,0
418,4,12,F,0,-5,418,0
419,4,12,F,0,-4,419,0
420,4,12,F,0,-3,420,0
421,4,12,F,0,-2,421,0
422,4,12,F,0,-1,422,0
423,4,12,F,0,0,423,0
424,4,12,F,0,1,424,0
425,4,12,F,0,2,425,0
426,4,12,F,0,3,426,0
427,4,12,F,0,4,427,0
428,4,12,F,0,5,428,0
429,4,12,F,1,-5,429,0
430,4,12,F,1,-4,430,0
431,4,12,F,1,-3,431,0
432,4,12,F,1,-2,432,0
433,4,12,F,1,-1,433,0
434,4,12,F,1,0,434,0
435,4,12,F,1,1,435,0
436,4,12,F,1,2,436,0
437,4,12,F,1,3,437,0
438,4,12,F,1,4,438,0
439,4,12,F,1,5,439,0
440,4,12,F,2,-5,440,0
441,4,12,F,2,-4,441,0
442,4,12,F,2,-3,442,0
443,4,12,F,2,-2,443,0
444,4,12,F,2,-1,444,0
445,4,12,F,2,0,445,0
446,4,12,F,2,1,446,0
447,4,12,F,2,2,447,0
448,4,12,F,2,3,448,0
449,4,12,F,2,4,449,0
450,4,12,F,2,5,450,0
451,4,12,F,3,-5,451,0
452,4,12,F,3,-4,452,0
453,4,12,F,3,-3,453,0
454,4,12,F,3,-2,454,0
455,4,12,F,3,-1,455,0
456,4,12,F,3,0,456,0
457,4,12,F,3,1,457,0
458,4,12,F,3,2,458,0
459,4,12,F,3,3,459,0
460,4,12,F,3,4,460,0
461,4,12,F,3,5,461,0
462,4,12,F,4,-5,462,0
463,4,12,F,4,-4,463,0
464,4,12,F,4,-3,464,0
465,4,12,F,4,-2,465,0
466,4,12,F,4,-1,466,0
467,4,12,F,4,0,467,0
468,4,12,F,4,1,468,0
469,4,12,F,4,2,469,0
470,4,12,F,4,3,470,0
471,4,12,F,4,4,471,0
472,4,12,F,4,5,472,0
473,4,12,F,5,-5,473,0
474,4,12,F,5,-4,474,0
475,4,12,F,5,-3,475,0
476,4,12,F,5,-2,476,0
477,4,12,F,5,-1,477,0
478,4,12,F,5,0,478,0
479,4,12,F,5,1,479,0
480,4,12,F,5,2,480,0
481,4,12,F,5,3,481,0
482,4,12,F,5,4,482,0
483,4,12,F,5,5,483,0
484,1,13,.,-5,-5,484,0
485,1,13,.,-5,-4,485,0
486,1,13,.,-5,-3,486,0
487,1,13,.,-5,-2,487,0
488,1,13,.,-5,-1,488,0
489,1,13,.,-5,0,489,0
490,1,13,.,-5,1,490,0
491,1,13,.,-5,2,491,0
492,1,13,.,-5,3,492,0
493,1,13,.,-5,4,493,0
494,1,13,.,-5,5,494,0
495,1,13,.,-4,-5,495,0
496,1,13,.,-4,-4,496,0
497,1,13,.,-4,-3,497,0
498,1,13,.,-4,-2,498,0
499,1,13,.,-4,-1,499,0
500,1,13,.,-4,0,500,0
501,1,13,.,-4,1,501,0
502,1,13,.,-4,2,502,0
503,1,13,.,-4,3,503,0
504,1,13,.,-4,4,504,0
505,1,13,.,-4,5,505,0
506,1,13,.,-3,-5,506,0
507,1,13,.,-3,-4,507,0
508,1,13,.,-3,-3,508,0
509,1,13,.,-3,-2,509,0
510,1,13,.,-3,-1,510,0
511,1,13,.,-3,0,511,0
512,1,13,.,-3,1,512,0
513,1,13,.,-3,2,513,0
514,1,13,.,-3,3,514,0
515,1,13,.,-3,4,515,0
516,1,13,.,-3,5,516,0
517,1,13,.,-2,-5,517,0
518,1,13,.,-2,-4,518,0
519,1,13,.,-2,-3,519,0
520,1,13,.,-2,-2,520,0
521,1,13,.,-2,-1,521,0
522,1,13,.,-2,0,522,0
523,1,13,.,-2,1,523,0
524,1,13,.,-2,2,524,0
525,1,13,.,-2,3,525,0
526,1,13,.,-2,4,526,0
527,1,13,.,-2,5,527,0
528,1,13,.,-1,-5,528,0
529,1,13,.,-1,-4,529,0
530,1,13,.,-1,-3,530,0
531,1,13,.,-1,-2,531,0
532,1,13,.,-1,-1,532,0
533,1,13,.,-1,0,533,0
534,1,13,.,-1,1,534,0
535,1,13,.,-1,2,535,0
536,1,13,.,-1,3,536,0
537,1,13,.,-1,4,537,0
538,1,13,.,-1,5,538,0
539,1,13,.,0,-5,539,0
540,1,13,.,0,-4,540,0
541,1,13,.,0,-3,541,0
542,1,13,.,0,-2,542,0
543,1,13,.,0,-1,543,0
544,1,13,.,0,0,544,0
545,1,13,.,0,1,545,0
546,1,13,.,0,2,546,0
547,1,13,.,0,3,547,0
548,1,13,.,0,4,548,0
549,1,13,.,0,5,549,0
550,1,13,.,1,-5,550,0
551,1,13,.,1,-4,551,0
552,1,13,.,1,-3,552,0
553,1,13,.,1,-2,553,0
554,1,13,.,1,-1,554,0
555,1,13,.,1,0,555,0
556,1,13,.,1,1,556,0
557,1,13,.,1,2,557,0
558,1,13,.,1,3,558,0
559,1,13,.,1,4,559,0
560,1,13,.,1,5,560,0
561,1,13,.,2,-5,561,0
562,1,13,.,2,-4,562,0
563,1,13,.,2,-3,563,0
564,1,13,.,2,-2,564,0
565,1,13,.,2,-1,565,0
566,1,13,.,2,0,566,0
567,1,13,.,2,1,567,0
568,1,13,.,2,2,568,0
569,1,13,.,2,3,569,0
570,1,13,.,2,4,570,0
571,1,13,.,2,5,571,0
572,1,13,.,3,-5,572,0
573,1,13,.,3,-4,573,0
574,1,13,.,3,-3,574,0
575,1,13,.,3,-2,575,0
576,1,13,.,3,-1,576,0
577,1,13,.,3,0,577,0
578,1,13,.,3,1,578,0
579,1,13,.,3,2,579,0
580,1,13,.,3,3,580,0
581,1,13,.,3,4,581,0
582,1,13,.,3,5,582,0
583,1,13,.,4,-5,583,0
584,1,13,.,4,-4,584,0
585,1,13,.,4,-3,585,0
586,1,13,.,4,-2,586,0
587,1,13,.,4,-1,587,0
588,1,13,.,4,0,588,0
589,1,13,.,4,1,589,0
590,1,13,.,4,2,590,0
591,1,13,.,4,3,591,0
592,1,13,.,4,4,592,0
593,1,13,.,4,5,593,0
594,1,13,.,5,-5,594,0
595,1,13,.,5,-4,595,0
596,1,13,.,5,-3,596,0
597,1,13,.,5,-2,597,0
598,1,13,.,5,-1,598,0
599,1,13,.,5,0,599,0
600,1,13,.,5,1,600,0
601,1,13,.,5,2,601,0
602,1,13,.,5,3,602,0
603,1,13,.,5,4,603,0
604,1,13,.,5,5,604,0
605,2,13,.,-5,-5,605,0
606,2,13,.,-5,-4,606,0
607,2,13,.,-5,-3,607,0
608,2,13,.,-5,-2,608,0
609,2,13,.,-5,-1,609,0
610,2,13,.,-5,0,610,0
611,2,13,.,-5,1,611,0
612,2,13,.,-5,2,612,0
613,2,13,.,-5,3,613,0
614,2,13,.,-5,4,614,0
615,2,13,.,-5,5,615,0
616,2,13,.,-4,-5,616,0
617,2,13,.,-4,-4,617,0
618,2,13,.,-4,-3,618,0
619,2,13,.,-4,-2,619,0
620,2,13,.,-4,-1,620,0
621,2,13,.,-4,0,621,0
622,2,13,.,-4,1,622,0
623,2,13,.,-4,2,623,0
624,2,13,.,-4,3,624,0
625,2,13,.,-4,4,625,0
626,2,13,.,-4,5,626,0
627,2,13,.,-3,-5,627,0
628,2,13,.,-3,-4,628,0
629,2,13,.,-3,-3,629,0
630,2,13,.,-3,-2,630,0
631,2,13,.,-3,-1,631,0
632,2,13,.,-3,0,632,0
633,2,13,.,-3,1,633,0
634,2,13,.,-3,2,634,0
635,2,13,.,-3,3,635,0
636,2,13,.,-3,4,636,0
637,2,13,.,-3,5,637,0
638,2,13,.,-2,-5,638,0
639,2,13,.,-2,-4,639,0
640,2,13,.,-2,-3,640,0
641,2,13,.,-2,-2,641,0
642,2,13,.,-2,-1,642,0
643,2,13,.,-2,0,643,0
644,2,13,.,-2,1,644,0
645,2,13,.,-2,2,645,0
646,2,13,.,-2,3,646,0
647,2,13,.,-2,4,647,0
648,2,13,.,-2,5,648,0
649,2,13,.,-1,-5,649,0
650,2,13,.,-1,-4,650,0
651,2,13,.,-1,-3,651,0
652,2,13,.,-1,-2,652,0
653,2,13,.,-1,-1,653,0
654,2,13,.,-1,0,654,0
655,2,13,.,-1,1,655,0
656,2,13,.,-1,2,656,0
657,2,13,.,-1,3,657,0
658,2,13,.,-1,4,658,0
659,2,13,.,-1,5,659,0
660,2,13,.,0,-5,660,0
661,2,13,.,0,-4,661,0
662,2,13,.,0,-3,662,0
663,2,13,.,0,-2,663,0
664,2,13,.,0,-1,664,0
665,2,13,.,0,0,665,0
666,2,13,.,0,1,666,0
667,2,13,.,0,2,667,0
668,2,13,.,0,3,668,0
669,2,13,.,0,4,669,0
670,2,13,.,0,5,670,0
671,2,13,.,1,-5,671,0
672,2,13,.,1,-4,672,0
673,2,13,.,1,-3,673,0
674,2,13,.,1,-2,674,0
675,2,13,.,1,-1,675,0
676,2,13,.,1,0,676,0
677,2,13,.,1,1,677,0
678,2,13,.,1,2,678,0
679,2,13,.,1,3,679,0
680,2,13,.,1,4,680,0
681,2,13,.,1,5,681,0
682,2,13,.,2,-5,682,0
683,2,13,.,2,-4,683,0
684,2,13,.,2,-3,684,0
685,2,13,.,2,-2,685,0
686,2,13,.,2,-1,686,0
687,2,13,.,2,0,687,0
688,2,13,.,2,1,688,0
689,2,13,.,2,2,689,0
690,2,13,.,2,3,690,0
691,2,13,.,2,4,691,0
692,2,13,.,2,5,692,0
693,2,13,.,3,-5,693,0
694,2,13,.,3,-4,694,0
695,2,13,.,3,-3,695,0
696,2,13,.,3,-2,696,0
697,2,13,.,3,-1,697,0
698,2,13,.,3,0,698,0
699,2,13,.,3,1,699,0
700,2,13,.,3,2,700,0
701,2,13,.,3,3,701,0
702,2,13,.,3,4,702,0
703,2,13,.,3,5,703,0
704,2,13,.,4,-5,704,0
705,2,13,.,4,-4,705,0
706,2,13,.,4,-3,706,0
707,2,13,.,4,-2,707,0
708,2,13,.,4,-1,708,0
709,2,13,.,4,0,709,0
710,2,13,.,4,1,710,0
711,2,13,.,4,2,711,0
712,2,13,.,4,3,712,0
713,2,13,.,4,4,713,0
714,2,13,.,4,5,714,0
715,2,13,.,5,-5,715,0
716,2,13,.,5,-4,716,0
717,2,13,.,5,-3,717,0
718,2,13,.,5,-2,718,0
719,2,13,.,5,-1,719,0
720,2,13,.,5,0,720,0
721,2,13,.,5,1,721,0
722,2,13,.,5,2,722,0
723,2,13,.,5,3,723,0
724,2,13,.,5,4,724,0
725,2,13,.,5,5,725,0
726,3,13,.,-5,-5,726,0
727,3,13,.,-5,-4,727,0
728,3,13,.,-5,-3,728,0
729,3,13,.,-5,-2,729,0
730,3,13,.,-5,-1,730,0
731,3,13,.,-5,0,731,0
732,3,13,.,-5,1,732,0
733,3,13,.,-5,2,733,0
734,3,13,.,-5,3,734,0
735,3,13,.,-5,4,735,0
736,3,13,.,-5,5,736,0
737,3,13,.,-4,-5,737,0
738,3,13,.,-4,-4,738,0
739,3,13,.,-4,-3,739,0
740,3,13,.,-4,-2,740,0
741,3,13,.,-4,-1,741,0
742,3,13,.,-4,0,742,0
743,3,13,.,-4,1,743,0
744,3,13,.,-4,2,744,0
745,3,13,.,-4,3,745,0
746,3,13,.,-4,4,746,0
747,3,13,.,-4,5,747,0
748,3,13,.,-3,-5,748,0
749,3,13,.,-3,-4,749,0
750,3,13,.,-3,-3,750,0
751,3,13,.,-3,-2,751,0
752,3,13,.,-3,-1,752,0
753,3,13,.,-3,0,753,0
754,3,13,.,-3,1,754,0
755,3,13,.,-3,2,755,0
756,3,13,.,-3,3,756,0
757,3,13,.,-3,4,757,0
758,3,13,.,-3,5,758,0
759,3,13,.,-2,-5,759,0
760,3,13,.,-2,-4,760,0
761,3,13,.,-2,-3,761,0
762,3,13,.,-2,-2,762,0
763,3,13,.,-2,-1,763,0
764,3,13,.,-2,0,764,0
765,3,13,.,-2,1,765,0
766,3,13,.,-2,2,766,0
767,3,13,.,-2,3,767,0
768,3,13,.,-2,4,768,0
769,3,13,.,-2,5,769,0
770,3,13,.,-1,-5,770,0
771,3,13,.,-1,-4,771,0
772,3,13,.,-1,-3,772,0
773,3,13,.,-1,-2,773,0
774,3,13,.,-1,-1,774,0
775,3,13,.,-1,0,775,0
776,3,13,.,-1,1,776,0
777,3,13,.,-1,2,777,0
778,3,13,.,-1,3,778,0
779,3,13,.,-1,4,779,0
780,3,13,.,-1,5,780,0
781,3,13,.,0,-5,781,0
782,3,13,.,0,-4,782,0
783,3,13,.,0,-3,783,0
784,3,13,.,0,-2,784,0
785,3,13,.,0,-1,785,0
786,3,13,.,0,0,786,0
787,3,13,.,0,1,787,0
788,3,13,.,0,2,788,0
789,3,13,.,0,3,789,0
790,3,13,.,0,4,790,0
791,3,13,.,0,5,791,0
792,3,13,.,1,-5,792,0
793,3,13,.,1,-4,793,0
794,3,13,.,1,-3,794,0
795,3,13,.,1,-2,795,0
796,3,13,.,1,-1,796,0
797,3,13,.,1,0,797,0
798,3,13,.,1,1,798,0
799,3,13,.,1,2,799,0
800,3,13,.,1,3,800,0
801,3,13,.,1,4,801,0
802,3,13,.,1,5,802,0
803,3,13,.,2,-5,803,0
804,3,13,.,2,-4,804,0
805,3,13,.,2,-3,805,0
806,3,13,.,2,-2,806,0
807,3,13,.,2,-1,807,0
808,3,13,.,2,0,808,0
809,3,13,.,2,1,809,0
810,3,13,.,2,2,810,0
811,3,13,.,2,3,811,0
812,3,13,.,2,4,812,0
813,3,13,.,2,5,813,0
814,3,13,.,3,-5,814,0
815,3,13,.,3,-4,815,0
816,3,13,.,3,-3,816,0
817,3,13,.,3,-2,817,0
818,3,13,.,3,-1,818,0
819,3,13,.,3,0,819,0
820,3,13,.,3,1,820,0
821,3,13,.,3,2,821,0
822,3,13,.,3,3,822,0
823,3,13,.,3,4,823,0
824,3,13,.,3,5,824,0
825,3,13,.,4,-5,825,0
826,3,13,.,4,-4,826,0
827,3,13,.,4,-3,827,0
828,3,13,.,4,-2,828,0
829,3,13,.,4,-1,829,0
830,3,13,.,4,0,830,0
831,3,13,.,4,1,831,0
832,3,13,.,4,2,832,0
833,3,13,.,4,3,833,0
834,3,13,.,4,4,834,0
835,3,13,.,4,5,835,0
836,3,13,.,5,-5,836,0
837,3,13,.,5,-4,837,0
838,3,13,.,5,-3,838,0
839,3,13,.,5,-2,839,0
840,3,13,.,5,-1,840,0
841,3,13,.,5,0,841,0
842,3,13,.,5,1,842,0
843,3,13,.,5,2,843,0
844,3,13,.,5,3,844,0
845,3,13,.,5,4,845,0
846,3,13,.,5,5,846,0
847,4,13,.,-5,-5,847,0
848,4,13,.,-5,-4,848,0
849,4,13,.,-5,-3,849,0
850,4,13,.,-5,-2,850,0
851,4,13,.,-5,-1,851,0
852,4,13,.,-5,0,852,0
853,4,13,.,-5,1,853,0
854,4,13,.,-5,2,854,0
855,4,13,.,-5,3,855,0
856,4,13,.,-5,4,856,0
857,4,13,.,-5,5,857,0
858,4,13,.,-4,-5,858,0
859,4,13,.,-4,-4,859,0
860,4,13,.,-4,-3,860,0
861,4,13,.,-4,-2,861,0
862,4,13,.,-4,-1,862,0
863,4,13,.,-4,0,863,0
864,4,13,.,-4,1,864,0
865,4,13,.,-4,2,865,0
866,4,13,.,-4,3,866,0
867,4,13,.,-4,4,867,0
868,4,13,.,-4,5,868,0
869,4,13,.,-3,-5,869,0
870,4,13,.,-3,-4,870,0
871,4,13,.,-3,-3,871,0
872,4,13,.,-3,-2,872,0
873,4,13,.,-3,-1,873,0
874,4,13,.,-3,0,874,0
875,4,13,.,-3,1,875,0
876,4,13,.,-3,2,876,0
877,4,13,.,-3,3,877,0
878,4,13,.,-3,4,878,0
879,4,13,.,-3,5,879,0
880,4,13,.,-2,-5,880,0
881,4,13,.,-2,-4,881,0
882,4,13,.,-2,-3,882,0
883,4,13,.,-2,-2,883,0
884,4,13,.,-2,-1,884,0
885,4,13,.,-2,0,885,0
886,4,13,.,-2,1,886,0
887,4,13,.,-2,2,887,0
888,4,13,.,-2,3,888,0
889,4,13,.,-2,4,889,0
890,4,13,.,-2,5,890,0
891,4,13,.,-1,-5,891,0
892,4,13,.,-1,-4,892,0
893,4,13,.,-1,-3,893,0
894,4,13,.,-1,-2,894,0
895,4,13,.,-1,-1,895,0
896,4,13,.,-1,0,896,0
897,4,13,.,-1,1,897,0
898,4,13,.,-1,2,898,0
899,4,13,.,-1,3,899,0
900,4,13,.,-1,4,900,0
901,4,13,.,-1,5,901,0
902,4,13,.,0,-5,902,0
903,4,13,.,0,-4,903,0
904,4,13,.,0,-3,904,0
905,4,13,.,0,-2,905,0
906,4,13,.,0,-1,906,0
907,4,13,.,0,0,907,0
908,4,13,.,0,1,908,0
909,4,13,.,0,2,909,0
910,4,13,.,0,3,910,0
911,4,13,.,0,4,911,0
912,4,13,.,0,5,912,0
913,4,13,.,1,-5,913,0
914,4,13,.,1,-4,914,0
915,4,13,.,1,-3,915,0
916,4,13,.,1,-2,916,0
917,4,13,.,1,-1,917,0
918,4,13,.,1,0,918,0
919,4,13,.,1,1,919,0
920,4,13,.,1,2,920,0
921,4,13,.,1,3,921,0
922,4,13,.,1,4,922,0
923,4,13,.,1,5,923,0
924,4,13,.,2,-5,924,0
925,4,13,.,2,-4,925,0
926,4,13,.,2,-3,926,0
927,4,13,.,2,-2,927,0
928,4,13,.,2,-1,928,0
929,4,13,.,2,0,929,0
930,4,13,.,2,1,930,0
931,4,13,.,2,2,931,0
932,4,13,.,2,3,932,0
933,4,13,.,2,4,933,0
934,4,13,.,2,5,934,0
935,4,13,.,3,-5,935,0
936,4,13,.,3,-4,936,0
937,4,13,.,3,-3,937,0
938,4,13,.,3,-2,938,0
939,4,13,.,3,-1,939,0
940,4,13,.,3,0,940,0
941,4,13,.,3,1,941,0
942,4,13,.,3,2,942,0
943,4,13,.,3,3,943,0
944,4,13,.,3,4,944,0
945,4,13,.,3,5,945,0
946,4,13,.,4,-5,946,0
947,4,13,.,4,-4,947,0
948,4,13,.,4,-3,948,0
949,4,13,.,4,-2,949,0
950,4,13,.,4,-1,950,0
951,4,13,.,4,0,951,0
952,4,13,.,4,1,952,0
953,4,13,.,4,2,953,0
954,4,13,.,4,3,954,0
955,4,13,.,4,4,955,0
956,4,13,.,4,5,956,0
957,4,13,.,5,-5,957,0
958,4,13,.,5,-4,958,0
959,4,13,.,5,-3,959,0
960,4,13,.,5,-2,960,0
961,4,13,.,5,-1,961,0
962,4,13,.,5,0,962,0
963,4,13,.,5,1,963,0
964,4,13,.,5,2,964,0
965,4,13,.,5,3,965,0
966,4,13,.,5,4,966,0
967,4,13,.,5,5,967,0
968,1,14,.,-5,-5,968,0
969,1,14,.,-5,-4,969,0
970,1,14,.,-5,-3,970,0
971,1,14,.,-5,-2,971,0
972,1,14,.,-5,-1,972,0
973,1,14,.,-5,0,973,0
974,1,14,.,-5,1,974,0
975,1,14,.,-5,2,975,0
976,1,14,.,-5,3,976,0
977,1,14,.,-5,4,977,0
978,1,14,.,-5,5,978,0
979,1,14,.,-4,-5,979,0
980,1,14,.,-4,-4,980,0
981,1,14,.,-4,-3,981,0
982,1,14,.,-4,-2,982,0
983,1,14,.,-4,-1,983,0
984,1,14,.,-4,0,984,0
985,1,14,.,-4,1,985,0
986,1,14,.,-4,2,986,0
987,1,14,.,-4,3,987,0
988,1,14,.,-4,4,988,0
989,1,14,.,-4,5,989,0
990,1,14,.,-3,-5,990,0
991,1,14,.,-3,-4,991,0
992,1,14,.,-3,-3,992,0
993,1,14,.,-3,-2,993,0
994,1,14,.,-3,-1,994,0
995,1,14,.,-3,0,995,0
996,1,14,.,-3,1,996,0
997,1,14,.,-3,2,997,0
998,1,14,.,-3,3,998,0
999,1,14,.,-3,4,999,0
1000,1,14,.,-3,5,1000,0
1001,1,14,.,-2,-5,1001,0
1002,1,14,.,-2,-4,1002,0
1003,1,14,.,-2,-3,1003,0
1004,1,14,.,-2,-2,1004,0
1005,1,14,.,-2,-1,1005,0
1006,1,14,.,-2,0,1006,0
1007,1,14,.,-2,1,1007,0
1008,1,14,.,-2,2,1008,0
1009,1,14,.,-2,3,1009,0
1010,1,14,.,-2,4,1010,0
1011,1,14,.,-2,5,1011,0
1012,1,14,.,-1,-5,1012,0
1013,1,14,.,-1,-4,1013,0
1014,1,14,.,-1,-3,1014,0
1015,1,14,.,-1,-2,1015,0
1016,1,14,.,-1,-1,1016,0
1017,1,14,.,-1,0,1017,0
1018,1,14,.,-1,1,1018,0
1019,1,14,.,-1,2,1019,0
1020,1,14,.,-1,3,1020,0
1021,1,14,.,-1,4,1021,0
1022,1,14,.,-1,5,1022,0
1023,1,14,.,0,-5,1023,0
1024,1,14,.,0,-4,1024,0
1025,1,14,.,0,-3,1025,0
1026,1,14,.,0,-2,1026,0
1027,1,14,.,0,-1,1027,0
1028,1,14,.,0,0,1028,0
1029,1,14,.,0,1,1029,0
1030,1,14,.,0,2,1030,0
1031,1,14,.,0,3,1031,0
1032,1,14,.,0,4,1032,0
1033,1,14,.,0,5,1033,0
1034,1,14,.,1,-5,1034,0
1035,1,14,.,1,-4,1035,0
1036,1,14,.,1,-3,1036,0
1037,1,14,.,1,-2,1037,0
1038,1,14,.,1,-1,1038,0
1039,1,14,.,1,0,1039,0
1040,1,14,.,1,1,1040,0
1041,1,14,.,1,2,1041,0
1042,1,14,.,1,3,1042,0
1043,1,14,.,1,4,1043,0
1044,1,14,.,1,5,1044,0
1045,1,14,.,2,-5,1045,0
1046,1,14,.,2,-4,1046,0
1047,1,14,.,2,-3,1047,0
1048,1,14,.,2,-2,1048,0
1049,1,14,.,2,-1,1049,0
1050,1,14,.,2,0,1050,0
1051,1,14,.,2,1,1051,0
1052,1,14,.,2,2,1052,0
1053,1,14,.,2,3,1053,0
1054,1,14,.,2,4,1054,0
1055,1,14,.,2,5,1055,0
1056,1,14,.,3,-5,1056,0
1057,1,14,.,3,-4,1057,0
1058,1,14,.,3,-3,1058,0
1059,1,14,.,3,-2,1059,0
1060,1,14,.,3,-1,1060,0
1061,1,14,.,3,0,1061,0
1062,1,14,.,3,1,1062,0
1063,1,14,.,3,2,1063,0
1064,1,14,.,3,3,1064,0
1065,1,14,.,3,4,1065,0
1066,1,14,.,3,5,1066,0
1067,1,14,.,4,-5,1067,0
1068,1,14,.,4,-4,1068,0
1069,1,14,.,4,-3,1069,0
1070,1,14,.,4,-2,1070,0
1071,1,14,.,4,-1,1071,0
1072,1,14,.,4,0,1072,0
1073,1,14,.,4,1,1073,0
1074,1,14,.,4,2,1074,0
1075,1,14,.,4,3,1075,0
1076,1,14,.,4,4,1076,0
1077,1,14,.,4,5,1077,0
1078,1,14,.,5,-5,1078,0
1079,1,14,.,5,-4,1079,0
1080,1,14,.,5,-3,1080,0
1081,1,14,.,5,-2,1081,0
1082,1,14,.,5,-1,1082,0
1083,1,14,.,5,0,1083,0
1084,1,14,.,5,1,1084,0
1085,1,14,.,5,2,1085,0
1086,1,14,.,5,3,1086,0
1087,1,14,.,5,4,1087,0
1088,1,14,.,5,5,1088,0
1089,2,14,.,-5,-5,1089,0
1090,2,14,.,-5,-4,1090,0
1091,2,14,.,-5,-3,1091,0
1092,2,14,.,-5,-2,1092,0
1093,2,14,.,-5,-1,1093,0
1094,2,14,.,-5,0,1094,0
1095,2,14,.,-5,1,1095,0
1096,2,14,.,-5,2,1096,0
1097,2,14,.,-5,3,1097,0
1098,2,14,.,-5,4,1098,0
1099,2,14,.,-5,5,1099,0
1100,2,14,.,-4,-5,1100,0
1101,2,14,.,-4,-4,1101,0
1102,2,14,.,-4,-3,1102,0
1103,2,14,.,-4,-2,1103,0
1104,2,14,.,-4,-1,1104,0
1105,2,14,.,-4,0,1105,0
1106,2,14,.,-4,1,1106,0
1107,2,14,.,-4,2,1107,0
1108,2,14,.,-4,3,1108,0
1109,2,14,.,-4,4,1109,0
1110,2,14,.,-4,5,1110,0
1111,2,14,.,-3,-5,1111,0
1112,2,14,.,-3,-4,1112,0
1113,2,14,.,-3,-3,1113,0
1114,2,14,.,-3,-2,1114,0
1115,2,14,.,-3,-1,1115,0
1116,2,14,.,-3,0,1116,0
1117,2,14,.,-3,1,1117,0
1118,2,14,.,-3,2,1118,0
1119,2,14,.,-3,3,1119,0
1120,2,14,.,-3,4,1120,0
1121,2,14,.,-3,5,1121,0
1122,2,14,.,-2,-5,1122,0
1123,2,14,.,-2,-4,1123,0
1124,2,14,.,-2,-3,1124,0
1125,2,14,.,-2,-2,1125,0
1126,2,14,.,-2,-1,1126,0
1127,2,14,.,-2,0,1127,0
1128,2,14,.,-2,1,1128,0
1129,2,14,.,-2,2,1129,0
1130,2,14,.,-2,3,1130,0
1131,2,14,.,-2,4,1131,0
1132,2,14,.,-2,5,1132,0
1133,2,14,.,-1,-5,1133,0
1134,2,14,.,-1,-4,1134,0
1135,2,14,.,-1,-3,1135,0
1136,2,14,.,-1,-2,1136,0
1137,2,14,.,-1,-1,1137,0
1138,2,14,.,-1,0,1138,0
1139,2,14,.,-1,1,1139,0
1140,2,14,.,-1,2,1140,0
1141,2,14,.,-1,3,1141,0
1142,2,14,.,-1,4,1142,0
1143,2,14,.,-1,5,1143,0
1144,2,14,.,0,-5,1144,0
1145,2,14,.,0,-4,1145,0
1146,2,14,.,0,-3,1146,0
1147,2,14,.,0,-2,1147,0
1148,2,14,.,0,-1,1148,0
1149,2,14,.,0,0,1149,0
1150,2,14,.,0,1,1150,0
1151,2,14,.,0,2,1151,0
1152,2,14,.,0,3,1152,0
1153,2,14,.,0,4,1153,0
1154,2,14,.,0,5,1154,0
1155,2,14,.,1,-5,1155,0
1156,2,14,.,1,-4,1156,0
1157,2,14,.,1,-3,1157,0
1158,2,14,.,1,-2,1158,0
1159,2,14,.,1,-1,1159,0
1160,2,14,.,1,0,1160,0
1161,2,14,.,1,1,1161,0
1162,2,14,.,1,2,1162,0
1163,2,14,.,1,3,1163,0
1164,2,14,.,1,4,1164,0
1165,2,14,.,1,5,1165,0
1166,2,14,.,2,-5,1166,0
1167,2,14,.,2,-4,1167,0
1168,2,14,.,2,-3,1168,0
1169,2,14,.,2,-2,1169,0
1170,2,14,.,2,-1,1170,0
1171,2,14,.,2,0,1171,0
1172,2,14,.,2,1,1172,0
1173,2,14,.,2,2,1173,0
1174,2,14,.,2,3,1174,0
1175,2,14,.,2,4,1175,0
1176,2,14,.,2,5,1176,0
1177,2,14,.,3,-5,1177,0
1178,2,14,.,3,-4,1178,0
1179,2,14,.,3,-3,1179,0
1180,2,14,.,3,-2,1180,0
1181,2,14,.,3,-1,1181,0
1182,2,14,.,3,0,1182,0
1183,2,14,.,3,1,1183,0
1184,2,14,.,3,2,1184,0
1185,2,14,.,3,3,1185,0
1186,2,14,.,3,4,1186,0
1187,2,14,.,3,5,1187,0
1188,2,14,.,4,-5,1188,0
1189,2,14,.,4,-4,1189,0
1190,2,14,.,4,-3,1190,0
1191,2,14,.,4,-2,1191,0
1192,2,14,.,4,-1,1192,0
1193,2,14,.,4,0,1193,0
1194,2,14,.,4,1,1194,0
1195,2,14,.,4,2,1195,0
1196,2,14,.,4,3,1196,0
1197,2,14,.,4,4,1197,0
1198,2,14,.,4,5,1198,0
1199,2,14,.,5,-5,1199,0
1200,2,14,.,5,-4,1200,0
1201,2,14,.,5,-3,1201,0
1202,2,14,.,5,-2,1202,0
1203,2,14,.,5,-1,1203,0
1204,2,14,.,5,0,1204,0
1205,2,14,.,5,1,1205,0
1206,2,14,.,5,2,1206,0
1207,2,14,.,5,3,1207,0
1208,2,14,.,5,4,1208,0
1209,2,14,.,5,5,1209,0
1210,3,14,.,-5,-5,1210,0
1211,3,14,.,-5,-4,1211,0
1212,3,14,.,-5,-3,1212,0
1213,3,14,.,-5,-2,1213,0
1214,3,14,.,-5,-1,1214,0
1215,3,14,.,-5,0,1215,0
1216,3,14,.,-5,1,1216,0
1217,3,14,.,-5,2,1217,0
1218,3,14,.,-5,3,1218,0
1219,3,14,.,-5,4,1219,0
1220,3,14,.,-5,5,1220,0
1221,3,14,.,-4,-5,1221,0
1222,3,14,.,-4,-4,1222,0
1223,3,14,.,-4,-3,1223,0
1224,3,14,.,-4,-2,1224,0
1225,3,14,.,-4,-1,1225,0
1226,3,14,.,-4,0,1226,0
1227,3,14,.,-4,1,1227,0
1228,3,14,.,-4,2,1228,0
1229,3,14,.,-4,3,1229,0
1230,3,14,.,-4,4,1230,0
1231,3,14,.,-4,5,1231,0
1232,3,14,.,-3,-5,1232,0
1233,3,14,.,-3,-4,1233,0
1234,3,14,.,-3,-3,1234,0
1235,3,14,.,-3,-2,1235,0
1236,3,14,.,-3,-1,1236,0
1237,3,14,.,-3,0,1237,0
1238,3,14,.,-3,1,1238,0
1239,3,14,.,-3,2,1239,0
1240,3,14,.,-3,3,1240,0
1241,3,14,.,-3,4,1241,0
1242,3,14,.,-3,5,1242,0
1243,3,14,.,-2,-5,1243,0
1244,3,14,.,-2,-4,1244,0
1245,3,14,.,-2,-3,1245,0
1246,3,14,.,-2,-2,1246,0
1247,3,14,.,-2,-1,1247,0
1248,3,14,.,-2,0,1248,0
1249,3,14,.,-2,1,1249,0
1250,3,14,.,-2,2,1250,0
1251,3,14,.,-2,3,1251,0
1252,3,14,.,-2,4,1252,0
1253,3,14,.,-2,5,1253,0
1254,3,14,.,-1,-5,1254,0
1255,3,14,.,-1,-4,1255,0
1256,3,14,.,-1,-3,1256,0
1257,3,14,.,-1,-2,1257,0
1258,3,14,.,-1,-1,1258,0
1259,3,14,.,-1,0,1259,0
1260,3,14,.,-1,1,1260,0
1261,3,14,.,-1,2,1261,0
1262,3,14,.,-1,3,1262,0
1263,3,14,.,-1,4,1263,0
1264,3,14,.,-1,5,1264,0
1265,3,14,.,0,-5,1265,0
1266,3,14,.,0,-4,1266,0
1267,3,14,.,0,-3,1267,0
1268,3,14,.,0,-2,1268,0
1269,3,14,.,0,-1,1269,0
1270,3,14,.,0,0,1270,0
1271,3,14,.,0,1,1271,0
1272,3,14,.,0,2,1272,0
1273,3,14,.,0,3,1273,0
1274,3,14,.,0,4,1274,0
1275,3,14,.,0,5,1275,0
1276,3,14,.,1,-5,1276,0
1277,3,14,.,1,-4,1277,0
1278,3,14,.,1,-3,1278,0
1279,3,14,.,1,-2,1279,0
1280,3,14,.,1,-1,1280,0
1281,3,14,.,1,0,1281,0
1282,3,14,.,1,1,1282,0
1283,3,14,.,1,2,1283,0
1284,3,14,.,1,3,1284,0
1285,3,14,.,1,4,1285,0
1286,3,14,.,1,5,1286,0
1287,3,14,.,2,-5,1287,0
1288,3,14,.,2,-4,1288,0
1289,3,14,.,2,-3,1289,0
1290,3,14,.,2,-2,1290,0
1291,3,14,.,2,-1,1291,0
1292,3,14,.,2,0,1292,0
1293,3,14,.,2,1,1293,0
1294,3,14,.,2,2,1294,0
1295,3,14,.,2,3,1295,0
1296,3,14,.,2,4,1296,0
1297,3,14,.,2,5,1297,0
1298,3,14,.,3,-5,1298,0
1299,3,14,.,3,-4,1299,0
1300,3,14,.,3,-3,1300,0
1301,3,14,.,3,-2,1301,0
1302,3,14,.,3,-1,1302,0
1303,3,14,.,3,0,1303,0
1304,3,14,.,3,1,1304,0
1305,3,14,.,3,2,1305,0
1306,3,14,.,3,3,1306,0
1307,3,14,.,3,4,1307,0
1308,3,14,.,3,5,1308,0
1309,3,14,.,4,-5,1309,0
1310,3,14,.,4,-4,1310,0
1311,3,14,.,4,-3,1311,0
1312,3,14,.,4,-2,1312,0
1313,3,14,.,4,-1,1313,0
1314,3,14,.,4,0,1314,0
1315,3,14,.,4,1,1315,0
1316,3,14,.,4,2,1316,0
1317,3,14,.,4,3,1317,0
1318,3,14,.,4,4,1318,0
1319,3,14,.,4,5,1319,0
1320,3,14,.,5,-5,1320,0
1321,3,14,.,5,-4,1321,0
1322,3,14,.,5,-3,1322,0
1323,3,14,.,5,-2,1323,0
1324,3,14,.,5,-1,1324,0
1325,3,14,.,5,0,1325,0
1326,3,14,.,5,1,1326,0
1327,3,14,.,5,2,1327,0
1328,3,14,.,5,3,1328,0
1329,3,14,.,5,4,1329,0
1330,3,14,.,5,5,1330,0
1331,4,14,.,-5,-5,1331,0
1332,4,14,.,-5,-4,1332,0
1333,4,14,.,-5,-3,1333,0
1334,4,14,.,-5,-2,1334,0
1335,4,14,.,-5,-1,1335,0
1336,4,14,.,-5,0,1336,0
1337,4,14,.,-5,1,1337,0
1338,4,14,.,-5,2,1338,0
1339,4,14,.,-5,3,1339,0
1340,4,14,.,-5,4,1340,0
1341,4,14,.,-5,5,1341,0
1342,4,14,.,-4,-5,1342,0
1343,4,14,.,-4,-4,1343,0
1344,4,14,.,-4,-3,1344,0
1345,4,14,.,-4,-2,1345,0
1346,4,14,.,-4,-1,1346,0
1347,4,14,.,-4,0,1347,0
1348,4,14,.,-4,1,1348,0
1349,4,14,.,-4,2,1349,0
1350,4,14,.,-4,3,1350,0
1351,4,14,.,-4,4,1351,0
1352,4,14,.,-4,5,1352,0
1353,4,14,.,-3,-5,1353,0
1354,4,14,.,-3,-4,1354,0
1355,4,14,.,-3,-3,1355,0
1356,4,14,.,-3,-2,1356,0
1357,4,14,.,-3,-1,1357,0
1358,4,14,.,-3,0,1358,0
1359,4,14,.,-3,1,1359,0
1360,4,14,.,-3,2,1360,0
1361,4,14,.,-3,3,1361,0
1362,4,14,.,-3,4,1362,0
1363,4,14,.,-3,5,1363,0
1364,4,14,.,-2,-5,1364,0
1365,4,14,.,-2,-4,1365,0
1366,4,14,.,-2,-3,1366,0
1367,4,14,.,-2,-2,1367,0
1368,4,14,.,-2,-1,1368,0
1369,4,14,.,-2,0,1369,0
1370,4,14,.,-2,1,1370,0
1371,4,14,.,-2,2,1371,0
1372,4,14,.,-2,3,1372,0
1373,4,14,.,-2,4,1373,0
1374,4,14,.,-2,5,1374,0
1375,4,14,.,-1,-5,1375,0
1376,4,14,.,-1,-4,1376,0
1377,4,14,.,-1,-3,1377,0
1378,4,14,.,-1,-2,1378,0
1379,4,14,.,-1,-1,1379,0
1380,4,14,.,-1,0,1380,0
1381,4,14,.,-1,1,1381,0
1382,4,14,.,-1,2,1382,0
1383,4,14,.,-1,3,1383,0
1384,4,14,.,-1,4,1384,0
1385,4,14,.,-1,5,1385,0
1386,4,14,.,0,-5,1386,0
1387,4,14,.,0,-4,1387,0
1388,4,14,.,0,-3,1388,0
1389,4,14,.,0,-2,1389,0
1390,4,14,.,0,-1,1390,0
1391,4,14,.,0,0,1391,0
1392,4,14,.,0,1,1392,0
1393,4,14,.,0,2,1393,0
1394,4,14,.,0,3,1394,0
1395,4,14,.,0,4,1395,0
1396,4,14,.,0,5,1396,0
1397,4,14,.,1,-5,1397,0
1398,4,14,.,1,-4,1398,0
1399,4,14,.,1,-3,1399,0
1400,4,14,.,1,-2,1400,0
1401,4,14,.,1,-1,1401,0
1402,4,14,.,1,0,1402,0
1403,4,14,.,1,1,1403,0
1404,4,14,.,1,2,1404,0
1405,4,14,.,1,3,1405,0
1406,4,14,.,1,4,1406,0
1407,4,14,.,1,5,1407,0
1408,4,14,.,2,-5,1408,0
1409,4,14,.,2,-4,1409,0
1410,4,14,.,2,-3,1410,0
1411,4,14,.,2,-2,1411,0
1412,4,14,.,2,-1,1412,0
1413,4,14,.,2,0,1413,0
1414,4,14,.,2,1,1414,0
1415,4,14,.,2,2,1415,0
1416,4,14,.,2,3,1416,0
1417,4,14,.,2,4,1417,0
1418,4,14,.,2,5,1418,0
1419,4,14,.,3,-5,1419,0
1420,4,14,.,3,-4,1420,0
1421,4,14,.,3,-3,1421,0
1422,4,14,.,3,-2,1422,0
1423,4,14,.,3,-1,1423,0
1424,4,14,.,3,0,1424,0
1425,4,14,.,3,1,1425,0
1426,4,14,.,3,2,1426,0
1427,4,14,.,3,3,1427,0
1428,4,14,.,3,4,1428,0
1429,4,14,.,3,5,1429,0
1430,4,14,.,4,-5,1430,0
1431,4,14,.,4,-4,1431,0
1432,4,14,.,4,-3,1432,0
1433,4,14,.,4,-2,1433,0
1434,4,14,.,4,-1,1434,0
1435,4,14,.,4,0,1435,0
1436,4,14,.,4,1,1436,0
1437,4,14,.,4,2,1437,0
1438,4,14,.,4,3,1438,0
1439,4,14,.,4,4,1439,0
1440,4,14,.,4,5,1440,0
1441,4,14,.,5,-5,1441,0
1442,4,14,.,5,-4,1442,0
1443,4,14,.,5,-3,1443,0
1444,4,14,.,5,-2,1444,0
1445,4,14,.,5,-1,1445,0
1446,4,14,.,5,0,1446,0
1447,4,14,.,5,1,1447,0
1448,4,14,.,5,2,1448,0
1449,4,14,.,5,3,1449,0
1450,4,14,.,5,4,1450,0
1451,4,14,.,5,5,1451,0
1452,1,15,S,-5,-5,1452,0
1453,1,15,S,-5,-4,1453,0
1454,1,15,S,-5,-3,1454,0
1455,1,15,S,-5,-2,1455,0
1456,1,15,S,-5,-1,1456,0
1457,1,15,S,-5,0,1457,0
1458,1,15,S,-5,1,1458,0
1459,1,15,S,-5,2,1459,0
1460,1,15,S,-5,3,1460,0
1461,1,15,S,-5,4,1461,0
1462,1,15,S,-5,5,1462,0
1463,1,15,S,-4,-5,1463,0
1464,1,15,S,-4,-4,1464,0
1465,1,15,S,-4,-3,1465,0
1466,1,15,S,-4,-2,1466,0
1467,1,15,S,-4,-1,1467,0
1468,1,15,S,-4,0,1468,0
1469,1,15,S,-4,1,1469,0
1470,1,15,S,-4,2,1470,0
1471,1,15,S,-4,3,1471,0
1472,1,15,S,-4,4,1472,0
1473,1,15,S,-4,5,1473,0
1474,1,15,S,-3,-5,1474,0
1475,1,15,S,-3,-4,1475,0
1476,1,15,S,-3,-3,1476,0
1477,1,15,S,-3,-2,1477,0
1478,1,15,S,-3,-1,1478,0
1479,1,15,S,-3,0,1479,0
1480,1,15,S,-3,1,1480,0
1481,1,15,S,-3,2,1481,0
1482,1,15,S,-3,3,1482,0
1483,1,15,S,-3,4,1483,0
1484,1,15,S,-3,5,1484,0
1485,1,15,S,-2,-5,1485,0
1486,1,15,S,-2,-4,1486,0
1487,1,15,S,-2,-3,1487,0
1488,1,15,S,-2,-2,1488,0
1489,1,15,S,-2,-1,1489,0
1490,1,15,S,-2,0,1490,0
1491,1,15,S,-2,1,1491,0
1492,1,15,S,-2,2,1492,0
1493,1,15,S,-2,3,1493,0
1494,1,15,S,-2,4,1494,0
1495,1,15,S,-2,5,1495,0
1496,1,15,S,-1,-5,1496,0
1497,1,15,S,-1,-4,1497,0
1498,1,15,S,-1,-3,1498,0
1499,1,15,S,-1,-2,1499,0
1500,1,15,S,-1,-1,1500,0
1501,1,15,S,-1,0,1501,0
1502,1,15,S,-1,1,1502,0
1503,1,15,S,-1,2,1503,0
1504,1,15,S,-1,3,1504,0
1505,1,15,S,-1,4,1505,0
1506,1,15,S,-1,5,1506,0
1507,1,15,S,0,-5,1507,0
1508,1,15,S,0,-4,1508,0
1509,1,15,S,0,-3,1509,0
1510,1,15,S,0,-2,1510,0
1511,1,15,S,0,-1,1511,0
1512,1,15,S,0,0,1512,0
1513,1,15,S,0,1,1513,0
1514,1,15,S,0,2,1514,0
1515,1,15,S,0,3,1515,0
1516,1,15,S,0,4,1516,0
1517,1,15,S,0,5,1517,0
1518,1,15,S,1,-5,1518,0
1519,1,15,S,1,-4,1519,0
1520,1,15,S,1,-3,1520,0
1521,1,15,S,1,-2,1521,0
1522,1,15,S,1,-1,1522,0
1523,1,15,S,1,0,1523,0
1524,1,15,S,1,1,1524,0
1525,1,15,S,1,2,1525,0
1526,1,15,S,1,3,1526,0
1527,1,15,S,1,4,1527,0
1528,1,15,S,1,5,1528,0
1529,1,15,S,2,-5,1529,0
1530,1,15,S,2,-4,1530,0
1531,1,15,S,2,-3,1531,0
1532,1,15,S,2,-2,1532,0
1533,1,15,S,2,-1,1533,0
1534,1,15,S,2,0,1534,0
1535,1,15,S,2,1,1535,0
1536,1,15,S,2,2,1536,0
1537,1,15,S,2,3,1537,0
1538,1,15,S,2,4,1538,0
1539,1,15,S,2,5,1539,0
1540,1,15,S,3,-5,1540,0
1541,1,15,S,3,-4,1541,0
1542,1,15,S,3,-3,1542,0
1543,1,15,S,3,-2,1543,0
1544,1,15,S,3,-1,1544,0
1545,1,15,S,3,0,1545,0
1546,1,15,S,3,1,1546,0
1547,1,15,S,3,2,1547,0
1548,1,15,S,3,3,1548,0
1549,1,15,S,3,4,1549,0
1550,1,15,S,3,5,1550,0
1551,1,15,S,4,-5,1551,0
1552,1,15,S,4,-4,1552,0
1553,1,15,S,4,-3,1553,0
1554,1,15,S,4,-2,1554,0
1555,1,15,S,4,-1,1555,0
1556,1,15,S,4,0,1556,0
1557,1,15,S,4,1,1557,0
1558,1,15,S,4,2,1558,0
1559,1,15,S,4,3,1559,0
1560,1,15,S,4,4,1560,0
1561,1,15,S,4,5,1561,0
1562,1,15,S,5,-5,1562,0
1563,1,15,S,5,-4,1563,0
1564,1,15,S,5,-3,1564,0
1565,1,15,S,5,-2,1565,0
1566,1,15,S,5,-1,1566,0
1567,1,15,S,5,0,1567,0
1568,1,15,S,5,1,1568,0
1569,1,15,S,5,2,1569,0
1570,1,15,S,5,3,1570,0
1571,1,15,S,5,4,1571,0
1572,1,15,S,5,5,1572,0
1573,2,15,S,-5,-5,1573,0
1574,2,15,S,-5,-4,1574,0
1575,2,15,S,-5,-3,1575,0
1576,2,15,S,-5,-2,1576,0
1577,2,15,S,-5,-1,1577,0
1578,2,15,S,-5,0,1578,0
1579,2,15,S,-5,1,1579,0
1580,2,15,S,-5,2,1580,0
1581,2,15,S,-5,3,1581,0
1582,2,15,S,-5,4,1582,0
1583,2,15,S,-5,5,1583,0
1584,2,15,S,-4,-5,1584,0
1585,2,15,S,-4,-4,1585,0
1586,2,15,S,-4,-3,1586,0
1587,2,15,S,-4,-2,1587,0
1588,2,15,S,-4,-1,1588,0
1589,2,15,S,-4,0,1589,0
1590,2,15,S,-4,1,1590,0
1591,2,15,S,-4,2,1591,0
1592,2,15,S,-4,3,1592,0
1593,2,15,S,-4,4,1593,0
1594,2,15,S,-4,5,1594,0
1595,2,15,S,-3,-5,1595,0
1596,2,15,S,-3,-4,1596,0
1597,2,15,S,-3,-3,1597,0
1598,2,15,S,-3,-2,1598,0
1599,2,15,S,-3,-1,1599,0
1600,2,15,S,-3,0,1600,0
1601,2,15,S,-3,1,1601,0
1602,2,15,S,-3,2,1602,0
1603,2,15,S,-3,3,1603,0
1604,2,15,S,-3,4,1604,0
1605,2,15,S,-3,5,1605,0
1606,2,15,S,-2,-5,1606,0
1607,2,15,S,-2,-4,1607,0
1608,2,15,S,-2,-3,1608,0
1609,2,15,S,-2,-2,1609,0
1610,2,15,S,-2,-1,1610,0
1611,2,15,S,-2,0,1611,0
1612,2,15,S,-2,1,1612,0
1613,2,15,S,-2,2,1613,0
1614,2,15,S,-2,3,1614,0
1615,2,15,S,-2,4,1615,0
1616,2,15,S,-2,5,1616,0
1617,2,15,S,-1,-5,1617,0
1618,2,15,S,-1,-4,1618,0
1619,2,15,S,-1,-3,1619,0
1620,2,15,S,-1,-2,1620,0
1621,2,15,S,-1,-1,1621,0
1622,2,15,S,-1,0,1622,0
1623,2,15,S,-1,1,1623,0
1624,2,15,S,-1,2,1624,0
1625,2,15,S,-1,3,1625,0
1626,2,15,S,-1,4,1626,0
1627,2,15,S,-1,5,1627,0
1628,2,15,S,0,-5,1628,0
1629,2,15,S,0,-4,1629,0
1630,2,15,S,0,-3,1630,0
1631,2,15,S,0,-2,1631,0
1632,2,15,S,0,-1,1632,0
1633,2,15,S,0,0,1633,0
1634,2,15,S,0,1,1634,0
1635,2,15,S,0,2,1635,0
1636,2,15,S,0,3,1636,0
1637,2,15,S,0,4,1637,0
1638,2,15,S,0,5,1638,0
1639,2,15,S,1,-5,1639,0
1640,2,15,S,1,-4,1640,0
1641,2,15,S,1,-3,1641,0
1642,2,15,S,1,-2,1642,0
1643,2,15,S,1,-1,1643,0
1644,2,15,S,1,0,1644,0
1645,2,15,S,1,1,1645,0
1646,2,15,S,1,2,1646,0
1647,2,15,S,1,3,1647,0
1648,2,15,S,1,4,1648,0
1649,2,15,S,1,5,1649,0
1650,2,15,S,2,-5,1650,0
1651,2,15,S,2,-4,1651,0
1652,2,15,S,2,-3,1652,0
1653,2,15,S,2,-2,1653,0
1654,2,15,S,2,-1,1654,0
1655,2,15,S,2,0,1655,0
1656,2,15,S,2,1,1656,0
1657,2,15,S,2,2,1657,0
1658,2,15,S,2,3,1658,0
1659,2,15,S,2,4,1659,0
1660,2,15,S,2,5,1660,0
1661,2,15,S,3,-5,1661,0
1662,2,15,S,3,-4,1662,0
1663,2,15,S,3,-3,1663,0
1664,2,15,S,3,-2,1664,0
1665,2,15,S,3,-1,1665,0
1666,2,15,S,3,0,1666,0
1667,2,15,S,3,1,1667,0
1668,2,15,S,3,2,1668,0
1669,2,15,S,3,3,1669,0
1670,2,15,S,3,4,1670,0
1671,2,15,S,3,5,1671,0
1672,2,15,S,4,-5,1672,0
1673,2,15,S,4,-4,1673,0
1674,2,15,S,4,-3,1674,0
1675,2,15,S,4,-2,1675,0
1676,2,15,S,4,-1,1676,0
1677,2,15,S,4,0,1677,0
1678,2,15,S,4,1,1678,0
1679,2,15,S,4,2,1679,0
1680,2,15,S,4,3,1680,0
1681,2,15,S,4,4,1681,0
1682,2,15,S,4,5,1682,0
1683,2,15,S,5,-5,1683,0
1684,2,15,S,5,-4,1684,0
1685,2,15,S,5,-3,1685,0
1686,2,15,S,5,-2,1686,0
1687,2,15,S,5,-1,1687,0
1688,2,15,S,5,0,1688,0
1689,2,15,S,5,1,1689,0
1690,2,15,S,5,2,1690,0
1691,2,15,S,5,3,1691,0
1692,2,15,S,5,4,1692,0
1693,2,15,S,5,5,1693,0
1694,3,15,S,-5,-5,1694,0
1695,3,15,S,-5,-4,1695,0
1696,3,15,S,-5,-3,1696,0
1697,3,15,S,-5,-2,1697,0
1698,3,15,S,-5,-1,1698,0
1699,3,15,S,-5,0,1699,0
1700,3,15,S,-5,1,1700,0
1701,3,15,S,-5,2,1701,0
1702,3,15,S,-5,3,1702,0
1703,3,15,S,-5,4,1703,0
1704,3,15,S,-5,5,1704,0
1705,3,15,S,-4,-5,1705,0
1706,3,15,S,-4,-4,1706,0
1707,3,15,S,-4,-3,1707,0
1708,3,15,S,-4,-2,1708,0
1709,3,15,S,-4,-1,1709,0
1710,3,15,S,-4,0,1710,0
1711,3,15,S,-4,1,1711,0
1712,3,15,S,-4,2,1712,0
1713,3,15,S,-4,3,1713,0
1714,3,15,S,-4,4,1714,0
1715,3,15,S,-4,5,1715,0
1716,3,15,S,-3,-5,1716,0
1717,3,15,S,-3,-4,1717,0
1718,3,15,S,-3,-3,1718,0
1719,3,15,S,-3,-2,1719,0
1720,3,15,S,-3,-1,1720,0
1721,3,15,S,-3,0,1721,0
1722,3,15,S,-3,1,1722,0
1723,3,15,S,-3,2,1723,0
1724,3,15,S,-3,3,1724,0
1725,3,15,S,-3,4,1725,0
1726,3,15,S,-3,5,1726,0
1727,3,15,S,-2,-5,1727,0
1728,3,15,S,-2,-4,1728,0
1729,3,15,S,-2,-3,1729,0
1730,3,15,S,-2,-2,1730,0
1731,3,15,S,-2,-1,1731,0
1732,3,15,S,-2,0,1732,0
1733,3,15,S,-2,1,1733,0
1734,3,15,S,-2,2,1734,0
1735,3,15,S,-2,3,1735,0
1736,3,15,S,-2,4,1736,0
1737,3,15,S,-2,5,1737,0
1738,3,15,S,-1,-5,1738,0
1739,3,15,S,-1,-4,1739,0
1740,3,15,S,-1,-3,1740,0
1741,3,15,S,-1,-2,1741,0
1742,3,15,S,-1,-1,1742,0
1743,3,15,S,-1,0,1743,0
1744,3,15,S,-1,1,1744,0
1745,3,15,S,-1,2,1745,0
1746,3,15,S,-1,3,1746,0
1747,3,15,S,-1,4,1747,0
1748,3,15,S,-1,5,1748,0
1749,3,15,S,0,-5,1749,0
1750,3,15,S,0,-4,1750,0
1751,3,15,S,0,-3,1751,0
1752,3,15,S,0,-2,1752,0
1753,3,15,S,0,-1,1753,0
1754,3,15,S,0,0,1754,0
1755,3,15,S,0,1,1755,0
1756,3,15,S,0,2,1756,0
1757,3,15,S,0,3,1757,0
1758,3,15,S,0,4,1758,0
1759,3,15,S,0,5,1759,0
1760,3,15,S,1,-5,1760,0
1761,3,15,S,1,-4,1761,0
1762,3,15,S,1,-3,1762,0
1763,3,15,S,1,-2,1763,0
1764,3,15,S,1,-1,1764,0
1765,3,15,S,1,0,1765,0
1766,3,15,S,1,1,1766,0
1767,3,15,S,1,2,1767,0
1768,3,15,S,1,3,1768,0
1769,3,15,S,1,4,1769,0
1770,3,15,S,1,5,1770,0
1771,3,15,S,2,-5,1771,0
1772,3,15,S,2,-4,1772,0
1773,3,15,S,2,-3,1773,0
1774,3,15,S,2,-2,1774,0
1775,3,15,S,2,-1,1775,0
1776,3,15,S,2,0,1776,0
1777,3,15,S,2,1,1777,0
1778,3,15,S,2,2,1778,0
1779,3,15,S,2,3,1779,0
1780,3,15,S,2,4,1780,0
1781,3,15,S,2,5,1781,0
1782,3,15,S,3,-5,1782,0
1783,3,15,S,3,-4,1783,0
1784,3,15,S,3,-3,1784,0
1785,3,15,S,3,-2,1785,0
1786,3,15,S,3,-1,1786,0
1787,3,15,S,3,0,1787,0
1788,3,15,S,3,1,1788,0
1789,3,15,S,3,2,1789,0
1790,3,15,S,3,3,1790,0
1791,3,15,S,3,4,1791,0
1792,3,15,S,3,5,1792,0
1793,3,15,S,4,-5,1793,0
1794,3,15,S,4,-4,1794,0
1795,3,15,S,4,-3,1795,0
1796,3,15,S,4,-2,1796,0
1797,3,15,S,4,-1,1797,0
1798,3,15,S,4,0,1798,0
1799,3,15,S,4,1,1799,0
1800,3,15,S,4,2,1800,0
1801,3,15,S,4,3,1801,0
1802,3,15,S,4,4,1802,0
1803,3,15,S,4,5,1803,0
1804,3,15,S,5,-5,1804,0
1805,3,15,S,5,-4,1805,0
1806,3,15,S,5,-3,1806,0
1807,3,15,S,5,-2,1807,0
1808,3,15,S,5,-1,1808,0
1809,3,15,S,5,0,1809,0
1810,3,15,S,5,1,1810,0
1811,3,15,S,5,2,1811,0
1812,3,15,S,5,3,1812,0
1813,3,15,S,5,4,1813,0
1814,3,15,S,5,5,1814,0
1815,4,15,S,-5,-5,1815,0
1816,4,15,S,-5,-4,1816,0
1817,4,15,S,-5,-3,1817,0
1818,4,15,S,-5,-2,1818,0
1819,4,15,S,-5,-1,1819,0
1820,4,15,S,-5,0,1820,0
1821,4,15,S,-5,1,1821,0
1822,4,15,S,-5,2,1822,0
1823,4,15,S,-5,3,1823,0
1824,4,15,S,-5,4,1824,0
1825,4,15,S,-5,5,1825,0
1826,4,15,S,-4,-5,1826,0
1827,4,15,S,-4,-4,1827,0
1828,4,15,S,-4,-3,1828,0
1829,4,15,S,-4,-2,1829,0
1830,4,15,S,-4,-1,1830,0
1831,4,15,S,-4,0,1831,0
1832,4,15,S,-4,1,1832,0
1833,4,15,S,-4,2,1833,0
1834,4,15,S,-4,3,1834,0
1835,4,15,S,-4,4,1835,0
1836,4,15,S,-4,5,1836,0
1837,4,15,S,-3,-5,1837,0
1838,4,15,S,-3,-4,1838,0
1839,4,15,S,-3,-3,1839,0
1840,4,15,S,-3,-2,1840,0
1841,4,15,S,-3,-1,1841,0
1842,4,15,S,-3,0,1842,0
1843,4,15,S,-3,1,1843,0
1844,4,15,S,-3,2,1844,0
1845,4,15,S,-3,3,1845,0
1846,4,15,S,-3,4,1846,0
1847,4,15,S,-3,5,1847,0
1848,4,15,S,-2,-5,1848,0
1849,4,15,S,-2,-4,1849,0
1850,4,15,S,-2,-3,1850,0
1851,4,15,S,-2,-2,1851,0
1852,4,15,S,-2,-1,1852,0
1853,4,15,S,-2,0,1853,0
1854,4,15,S,-2,1,1854,0
1855,4,15,S,-2,2,1855,0
1856,4,15,S,-2,3,1856,0
1857,4,15,S,-2,4,1857,0
1858,4,15,S,-2,5,1858,0
1859,4,15,S,-1,-5,1859,0
1860,4,15,S,-1,-4,1860,0
1861,4,15,S,-1,-3,1861,0
1862,4,15,S,-1,-2,1862,0
1863,4,15,S,-1,-1,1863,0
1864,4,15,S,-1,0,1864,0
1865,4,15,S,-1,1,1865,0
1866,4,15,S,-1,2,1866,0
1867,4,15,S,-1,3,1867,0
1868,4,15,S,-1,4,1868,0
1869,4,15,S,-1,5,1869,0
1870,4,15,S,0,-5,1870,0
1871,4,15,S,0,-4,1871,0
1872,4,15,S,0,-3,1872,0
1873,4,15,S,0,-2,1873,0
1874,4,15,S,0,-1,1874,0
1875,4,15,S,0,0,1875,0
1876,4,15,S,0,1,1876,0
1877,4,15,S,0,2,1877,0
1878,4,15,S,0,3,1878,0
1879,4,15,S,0,4,1879,0
1880,4,15,S,0,5,1880,0
1881,4,15,S,1,-5,1881,0
1882,4,15,S,1,-4,1882,0
1883,4,15,S,1,-3,1883,0
1884,4,15,S,1,-2,1884,0
1885,4,15,S,1,-1,1885,0
1886,4,15,S,1,0,1886,0
1887,4,15,S,1,1,1887,0
1888,4,15,S,1,2,1888,0
1889,4,15,S,1,3,1889,0
1890,4,15,S,1,4,1890,0
1891,4,15,S,1,5,1891,0
1892,4,15,S,2,-5,1892,0
1893,4,15,S,2,-4,1893,0
1894,4,15,S,2,-3,1894,0
1895,4,15,S,2,-2,1895,0
1896,4,15,S,2,-1,1896,0
1897,4,15,S,2,0,1897,0
1898,4,15,S,2,1,1898,0
1899,4,15,S,2,2,1899,0
1900,4,15,S,2,3,1900,0
1901,4,15,S,2,4,1901,0
1902,4,15,S,2,5,1902,0
1903,4,15,S,3,-5,1903,0
1904,4,15,S,3,-4,1904,0
1905,4,15,S,3,-3,1905,0
1906,4,15,S,3,-2,1906,0
1907,4,15,S,3,-1,1907,0
1908,4,15,S,3,0,1908,0
1909,4,15,S,3,1,1909,0
1910,4,15,S,3,2,1910,0
1911,4,15,S,3,3,1911,0
1912,4,15,S,3,4,1912,0
1913,4,15,S,3,5,1913,0
1914,4,15,S,4,-5,1914,0
1915,4,15,S,4,-4,1915,0
1916,4,15,S,4,-3,1916,0
1917,4,15,S,4,-2,1917,0
1918,4,15,S,4,-1,1918,0
1919,4,15,S,4,0,1919,0
1920,4,15,S,4,1,1920,0
1921,4,15,S,4,2,1921,0
1922,4,15,S,4,3,1922,0
1923,4,15,S,4,4,1923,0
1924,4,15,S,4,5,1924,0
1925,4,15,S,5,-5,1925,0
1926,4,15,S,5,-4,1926,0
1927,4,15,S,5,-3,1927,0
1928,4,15,S,5,-2,1928,0
1929,4,15,S,5,-1,1929,0
1930,4,15,S,5,0,1930,0
1931,4,15,S,5,1,1931,0
1932,4,15,S,5,2,1932,0
1933,4,15,S,5,3,1933,0
1934,4,15,S,5,4,1934,0
1935,4,15,S,5,5,1935,0
