,X,Y,month,day,FFMC,DMC,DC,ISI,temp,RH,wind,rain
0,7,5,7,5,86.2,26.2,94.3,5.1,8.2,51.0,6.7,0.0
1,7,4,7,2,90.6,35.4,669.1,6.7,18.0,33.0,0.9,0.0
2,7,4,7,6,90.6,43.7,686.9,6.7,14.6,33.0,1.3,0.0
3,8,6,8,5,91.7,33.3,77.5,9.0,8.3,97.0,4.0,0.2
4,8,6,8,7,89.3,51.3,102.2,9.6,11.4,99.0,1.8,0.0
5,8,6,8,7,92.3,85.3,488.0,14.7,22.2,29.0,5.4,0.0
6,8,6,8,1,92.3,88.9,495.6,8.5,24.1,27.0,3.1,0.0
7,8,6,8,1,91.5,145.4,608.2,10.7,8.0,86.0,2.2,0.0
9,7,5,7,6,92.5,88.0,698.6,7.1,22.8,40.0,4.0,0.0
11,7,5,7,6,92.8,73.2,713.0,22.6,19.3,38.0,4.0,0.0
12,6,5,6,5,63.5,70.8,665.3,0.8,17.0,72.0,6.7,0.0
13,6,5,6,1,90.9,126.5,686.5,7.0,21.3,42.0,2.2,0.0
14,6,5,6,3,92.9,133.3,699.6,9.2,26.4,21.0,4.5,0.0
15,6,5,6,5,93.3,141.2,713.9,13.9,22.9,44.0,5.4,0.0
16,5,5,5,6,91.7,35.8,80.8,7.8,15.1,27.0,5.4,0.0
17,8,5,8,1,84.9,32.8,664.2,3.0,16.7,47.0,4.9,0.0
18,6,4,6,3,89.2,27.9,70.8,6.3,15.9,35.0,4.0,0.0
19,6,4,6,6,86.3,27.4,97.1,5.1,9.3,44.0,4.5,0.0
21,5,4,5,1,91.8,78.5,724.3,9.2,19.1,38.0,2.7,0.0
22,7,4,7,7,94.3,96.3,200.0,56.1,21.0,44.0,4.5,0.0
23,7,4,7,6,90.2,110.9,537.4,6.2,19.5,43.0,5.8,0.0
24,7,4,7,6,93.5,139.4,594.2,20.3,23.7,32.0,5.8,0.0
25,7,4,7,7,91.4,142.4,601.4,10.6,16.3,60.0,5.4,0.0
27,7,4,7,1,90.9,126.5,686.5,7.0,19.4,48.0,1.3,0.0
29,6,3,6,7,93.5,149.3,728.6,8.1,22.8,39.0,3.6,0.0
30,6,3,6,5,94.3,85.1,692.3,15.9,25.4,24.0,3.6,0.0
31,6,3,6,1,88.6,91.8,709.9,7.1,11.2,78.0,7.6,0.0
32,6,3,6,5,88.6,69.7,706.8,5.8,20.6,37.0,1.8,0.0
33,6,3,6,7,91.7,75.6,718.3,7.8,17.7,39.0,3.6,0.0
34,6,3,6,1,91.8,78.5,724.3,9.2,21.2,32.0,2.7,0.0
36,6,3,6,2,90.6,35.4,669.1,6.7,21.7,24.0,4.5,0.0
37,7,4,7,5,90.0,41.5,682.6,8.7,11.3,60.0,5.4,0.0
39,4,4,4,2,88.1,25.7,67.6,3.8,14.1,43.0,2.7,0.0
41,4,4,4,6,90.2,96.9,624.2,8.9,18.4,42.0,6.7,0.0
42,4,4,4,2,94.8,108.3,647.1,17.0,16.6,54.0,5.4,0.0
43,4,4,4,6,92.5,88.0,698.6,7.1,19.6,48.0,2.7,0.0
44,4,4,4,3,90.1,82.9,735.7,6.2,12.9,74.0,4.9,0.0
45,5,6,5,3,94.3,85.1,692.3,15.9,25.9,24.0,4.0,0.0
46,5,6,5,1,90.9,126.5,686.5,7.0,14.7,70.0,3.6,0.0
47,6,6,6,1,94.2,62.3,442.9,11.0,23.0,36.0,3.1,0.0
48,4,4,4,1,87.2,23.9,64.7,4.1,11.8,35.0,1.8,0.0
50,4,4,4,4,92.9,137.0,706.4,9.2,20.8,17.0,1.3,0.0
51,4,3,4,7,90.2,99.6,631.2,6.3,21.5,34.0,2.2,0.0
52,4,3,4,3,92.1,111.2,654.1,9.6,20.4,42.0,4.9,0.0
53,4,3,4,3,92.1,111.2,654.1,9.6,20.4,42.0,4.9,0.0
54,4,3,4,4,91.7,114.3,661.3,6.3,17.6,45.0,3.6,0.0
56,4,3,4,2,90.3,80.7,730.2,6.3,17.8,63.0,4.9,0.0
58,2,2,2,1,84.0,9.3,34.0,2.1,13.9,40.0,5.4,0.0
59,2,2,2,5,86.6,13.2,43.0,5.3,12.3,51.0,0.9,0.0
60,2,2,2,7,89.3,51.3,102.2,9.6,11.5,39.0,5.8,0.0
61,2,2,2,7,89.3,51.3,102.2,9.6,5.5,59.0,6.3,0.0
62,2,2,2,4,93.0,75.3,466.6,7.7,18.8,35.0,4.9,0.0
63,2,2,2,7,90.2,99.6,631.2,6.3,20.8,33.0,2.7,0.0
64,2,2,2,1,91.1,103.2,638.8,5.8,23.1,31.0,3.1,0.0
65,2,2,2,4,91.7,114.3,661.3,6.3,18.6,44.0,4.5,0.0
66,2,2,2,5,92.4,117.9,668.0,12.2,23.0,37.0,4.5,0.0
69,4,5,4,5,91.7,33.3,77.5,9.0,17.2,26.0,4.5,0.0
71,4,5,4,5,94.3,85.1,692.3,15.9,17.7,37.0,3.6,0.0
72,5,4,5,5,91.7,33.3,77.5,9.0,15.6,25.0,6.3,0.0
73,5,4,5,2,88.8,147.3,614.5,9.0,17.3,43.0,4.5,0.0
74,5,4,5,5,93.3,141.2,713.9,13.9,27.6,30.0,1.3,0.0
76,9,9,9,5,86.6,13.2,43.0,5.3,15.7,43.0,3.1,0.0
78,1,2,1,5,90.1,108.0,529.8,12.5,14.7,66.0,2.7,0.0
79,1,2,1,2,91.0,121.2,561.6,7.0,21.6,19.0,6.7,0.0
80,1,2,1,7,91.4,142.4,601.4,10.6,19.5,39.0,6.3,0.0
81,1,2,1,7,90.2,99.6,631.2,6.3,17.9,44.0,2.2,0.0
83,1,2,1,3,92.1,111.2,654.1,9.6,16.6,47.0,0.9,0.0
85,1,2,1,4,92.9,137.0,706.4,9.2,21.5,15.0,0.9,0.0
86,1,2,1,4,92.9,137.0,706.4,9.2,25.4,27.0,2.2,0.0
87,1,2,1,4,92.9,137.0,706.4,9.2,22.4,34.0,2.2,0.0
88,1,2,1,7,93.5,149.3,728.6,8.1,25.3,36.0,3.6,0.0
89,6,5,6,6,91.7,35.8,80.8,7.8,17.4,25.0,4.9,0.0
90,6,5,6,6,90.2,96.9,624.2,8.9,14.7,59.0,5.8,0.0
92,8,6,8,7,92.3,85.3,488.0,14.7,20.8,32.0,6.3,0.0
93,8,6,8,7,91.4,142.4,601.4,10.6,18.2,43.0,4.9,0.0
94,8,6,8,1,91.1,103.2,638.8,5.8,23.4,22.0,2.7,0.0
95,4,4,4,7,89.7,90.0,704.4,4.8,17.8,64.0,1.3,0.0
96,3,4,3,6,83.9,8.0,30.2,2.6,12.7,48.0,1.8,0.0
97,3,4,3,6,69.0,2.4,15.5,0.7,17.4,24.0,5.4,0.0
98,3,4,3,7,91.4,142.4,601.4,10.6,11.6,87.0,4.5,0.0
99,3,4,3,7,91.4,142.4,601.4,10.6,19.8,39.0,5.4,0.0
101,3,4,3,2,88.8,147.3,614.5,9.0,14.4,66.0,5.4,0.0
103,2,4,2,6,92.5,121.1,674.4,8.6,24.1,29.0,4.5,0.0
104,2,4,2,6,82.1,3.7,9.3,2.9,5.3,78.0,3.1,0.0
105,4,5,4,5,85.9,19.5,57.3,2.8,12.7,52.0,6.3,0.0
106,4,5,4,4,91.4,30.7,74.3,7.5,18.2,29.0,3.1,0.0
108,4,5,4,6,92.5,88.0,698.6,7.1,20.3,45.0,3.1,0.0
109,4,5,4,1,88.6,91.8,709.9,7.1,17.4,56.0,5.4,0.0
110,4,4,4,5,85.9,19.5,57.3,2.8,13.7,43.0,5.8,0.0
111,3,4,3,5,91.7,33.3,77.5,9.0,18.8,18.0,4.5,0.0
112,3,4,3,7,89.7,90.0,704.4,4.8,22.8,39.0,3.6,0.0
113,3,4,3,1,91.8,78.5,724.3,9.2,18.9,35.0,2.7,0.0
114,3,4,3,2,88.1,25.7,67.6,3.8,15.8,27.0,7.6,0.0
115,3,5,3,2,88.1,25.7,67.6,3.8,15.5,27.0,6.3,0.0
116,3,4,3,6,91.7,35.8,80.8,7.8,11.6,30.0,6.3,0.0
121,3,4,3,1,91.5,145.4,608.2,10.7,17.1,43.0,5.4,0.0
122,3,4,3,7,92.4,124.1,680.7,8.5,22.5,42.0,5.4,0.0
123,3,4,3,2,84.4,73.4,671.9,3.2,17.9,45.0,3.1,0.0
124,3,4,3,5,94.3,85.1,692.3,15.9,19.8,50.0,5.4,0.0
125,3,4,3,7,92.6,46.5,691.8,8.8,20.6,24.0,5.4,0.0
127,3,5,3,5,93.5,149.3,728.6,8.1,17.2,43.0,3.1,0.0
128,3,5,3,3,91.4,37.9,673.8,5.2,15.9,46.0,3.6,0.0
129,2,5,2,7,92.6,46.5,691.8,8.8,15.4,35.0,0.9,0.0
130,4,6,4,6,68.2,21.5,87.2,0.8,15.4,40.0,2.7,0.0
132,4,6,4,7,89.3,51.3,102.2,9.6,10.6,46.0,4.9,0.0
133,4,6,4,4,93.7,80.9,685.2,17.9,17.6,42.0,3.1,0.0
134,3,5,3,2,88.1,25.7,67.6,3.8,14.9,38.0,2.7,0.0
137,3,6,3,1,90.9,126.5,686.5,7.0,15.6,66.0,3.1,0.0
139,1,4,1,2,91.0,129.5,692.6,7.0,21.7,38.0,2.2,0.0
140,2,5,2,1,90.9,126.5,686.5,7.0,21.9,39.0,1.8,0.0
141,1,2,1,3,95.5,99.9,513.3,13.2,23.3,31.0,4.5,0.0
142,8,6,8,5,90.1,108.0,529.8,12.5,21.2,51.0,8.9,0.0
143,1,2,1,6,90.0,51.3,296.3,8.7,16.6,53.0,5.4,0.0
144,2,5,2,3,95.5,99.9,513.3,13.2,23.8,32.0,5.4,0.0
145,6,5,6,4,95.2,131.7,578.8,10.4,27.4,22.0,4.0,0.0
147,8,3,8,2,84.4,73.4,671.9,3.2,24.2,28.0,3.6,0.0
148,2,2,2,2,94.8,108.3,647.1,17.0,17.4,43.0,6.7,0.0
149,8,6,8,4,93.7,80.9,685.2,17.9,23.7,25.0,4.5,0.0
150,6,5,6,5,92.5,56.4,433.3,7.1,23.2,39.0,5.4,0.0
151,9,9,9,7,90.1,68.6,355.2,7.2,24.8,29.0,2.2,0.0
152,3,4,3,6,90.1,51.2,424.1,6.2,24.6,43.0,1.8,0.0
154,1,5,1,6,93.4,145.4,721.4,8.1,29.6,27.0,2.7,0.0
155,7,4,7,7,94.8,108.3,647.1,17.0,16.4,47.0,1.3,0.0
157,2,2,2,3,92.1,111.2,654.1,9.6,18.4,45.0,3.6,0.0
158,2,4,2,3,92.1,111.2,654.1,9.6,20.5,35.0,4.0,0.0
159,7,4,7,5,92.4,117.9,668.0,12.2,19.0,34.0,5.8,0.0
160,7,4,7,1,90.1,39.7,86.6,6.2,16.1,29.0,3.1,0.0
161,6,4,6,4,95.2,131.7,578.8,10.4,20.3,41.0,4.0,0.0
162,6,3,6,6,90.6,50.1,100.4,7.8,15.2,31.0,8.5,0.0
163,8,6,8,6,92.5,121.1,674.4,8.6,17.8,56.0,1.8,0.0
164,8,5,8,7,89.7,90.0,704.4,4.8,17.8,67.0,2.2,0.0
165,6,5,6,4,84.9,18.2,55.0,3.0,5.3,70.0,4.5,0.0
166,6,5,6,3,92.1,111.2,654.1,9.6,16.6,47.0,0.9,0.0
167,6,5,6,3,96.0,127.1,570.5,16.5,23.4,33.0,4.5,0.0
168,6,5,6,5,91.2,48.3,97.8,12.5,14.6,26.0,9.4,0.0
170,5,4,5,3,92.9,133.3,699.6,9.2,21.9,35.0,1.8,0.0
171,8,6,8,3,85.6,90.4,609.6,6.6,17.4,50.0,4.0,0.0
172,7,4,7,7,91.4,142.4,601.4,10.6,20.1,39.0,5.4,0.0
173,4,4,4,1,90.9,126.5,686.5,7.0,17.7,39.0,2.2,0.0
174,1,4,1,6,90.2,96.9,624.2,8.9,14.2,53.0,1.8,0.0
175,1,4,1,6,90.2,96.9,624.2,8.9,20.3,39.0,4.9,0.0
176,6,5,6,4,81.5,9.1,55.2,2.7,5.8,54.0,5.8,0.0
178,2,5,2,3,90.1,82.9,735.7,6.2,18.3,45.0,2.2,0.0
179,8,6,8,2,88.8,147.3,614.5,9.0,14.4,66.0,5.4,0.0
180,1,3,1,7,92.4,124.1,680.7,8.5,23.9,32.0,6.7,0.0
181,8,6,8,1,84.9,32.8,664.2,3.0,19.1,32.0,4.0,0.0
183,7,4,7,1,91.7,48.5,696.1,11.1,16.8,45.0,4.5,0.0
184,8,6,8,5,93.9,135.7,586.7,15.1,20.8,34.0,4.9,0.0
185,2,5,2,2,91.0,129.5,692.6,7.0,17.6,46.0,3.1,0.0
186,8,6,8,7,89.3,51.3,102.2,9.6,11.5,39.0,5.8,0.0
187,1,5,1,1,90.9,126.5,686.5,7.0,21.0,42.0,2.2,0.0
189,7,4,7,7,90.7,44.0,92.4,5.5,11.5,60.0,4.0,0.0
190,6,5,6,5,91.2,48.3,97.8,12.5,11.7,33.0,4.0,0.0
191,2,5,2,4,95.2,131.7,578.8,10.4,24.2,28.0,2.7,0.0
192,2,2,2,2,94.8,108.3,647.1,17.0,24.6,22.0,4.5,0.0
194,2,2,2,2,94.8,108.3,647.1,17.0,24.6,22.0,4.5,0.0
195,2,5,2,5,93.9,135.7,586.7,15.1,23.5,36.0,5.4,0.0
196,6,5,6,4,81.5,9.1,55.2,2.7,5.8,54.0,5.8,0.0
197,4,5,4,4,92.9,137.0,706.4,9.2,21.5,15.0,0.9,0.0
198,3,4,3,2,91.0,129.5,692.6,7.0,13.9,59.0,6.3,0.0
199,2,4,2,1,63.5,70.8,665.3,0.8,22.6,38.0,3.6,0.0
200,1,5,1,2,91.0,129.5,692.6,7.0,21.6,33.0,2.2,0.0
202,7,4,7,7,83.9,8.7,32.1,2.1,8.8,68.0,2.2,0.0
203,8,6,8,3,91.4,37.9,673.8,5.2,20.2,37.0,2.7,0.0
204,5,6,5,6,90.6,50.1,100.4,7.8,15.1,64.0,4.0,0.0
206,2,2,2,6,93.5,139.4,594.2,20.3,22.9,31.0,7.2,0.0
209,8,3,8,4,93.7,80.9,685.2,17.9,23.2,26.0,4.9,0.0
210,4,4,4,6,90.6,43.7,686.9,6.7,18.4,25.0,3.1,0.0
211,7,4,7,6,93.5,139.4,594.2,20.3,5.1,96.0,5.8,0.0
212,7,4,7,5,94.3,85.1,692.3,15.9,20.1,47.0,4.9,0.0
213,7,3,7,1,87.6,52.2,103.8,5.0,11.0,46.0,5.8,0.0
214,4,4,4,6,91.7,35.8,80.8,7.8,17.0,27.0,4.9,0.0
215,4,4,4,6,91.7,35.8,80.8,7.8,17.0,27.0,4.9,0.0
216,4,4,4,7,92.4,124.1,680.7,8.5,16.9,60.0,1.3,0.0
217,1,3,1,1,88.6,91.8,709.9,7.1,12.4,73.0,6.3,0.0
218,4,5,4,3,92.9,133.3,699.6,9.2,19.4,19.0,1.3,0.0
220,8,6,8,7,90.2,99.6,631.2,6.3,16.2,59.0,3.1,0.0
222,4,3,4,1,87.6,52.2,103.8,5.0,11.0,46.0,5.8,0.0
223,2,2,2,5,88.3,150.3,309.9,6.8,13.4,79.0,3.6,0.0
224,7,4,7,3,90.1,82.9,735.7,6.2,15.4,57.0,4.5,0.0
225,4,4,4,7,93.5,149.3,728.6,8.1,22.9,39.0,4.9,0.0
229,8,6,8,6,92.2,81.8,480.8,11.9,16.4,43.0,4.0,0.0
230,4,4,4,3,92.9,133.3,699.6,9.2,26.4,21.0,4.5,0.0
231,1,5,1,7,93.5,149.3,728.6,8.1,27.8,27.0,3.1,0.0
232,6,4,6,2,91.0,129.5,692.6,7.0,18.7,43.0,2.7,0.0
233,9,4,9,2,84.4,73.4,671.9,3.2,24.3,36.0,3.1,0.0
234,4,5,4,6,92.5,121.1,674.4,8.6,17.7,25.0,3.1,0.0
237,1,2,1,2,91.0,129.5,692.6,7.0,18.8,40.0,2.2,0.0
239,7,5,7,7,81.9,3.0,7.9,3.5,13.4,75.0,1.8,0.0
241,4,4,4,5,83.0,23.3,85.3,2.3,16.7,20.0,3.1,0.0
242,2,4,2,7,94.2,122.3,589.9,12.9,15.4,66.0,4.0,0.0
243,7,4,7,7,91.8,175.1,700.7,13.8,21.9,73.0,7.6,1.0
244,2,4,2,7,91.8,175.1,700.7,13.8,22.4,54.0,7.6,0.0
245,3,4,3,7,91.8,175.1,700.7,13.8,26.8,38.0,6.3,0.0
246,5,4,5,7,91.8,175.1,700.7,13.8,25.7,39.0,5.4,0.0
248,8,6,8,3,93.1,157.3,666.7,13.5,28.7,28.0,2.7,0.0
249,3,4,3,3,93.1,157.3,666.7,13.5,21.7,40.0,0.4,0.0
250,8,5,8,3,93.1,157.3,666.7,13.5,26.8,25.0,3.1,0.0
252,6,5,6,3,93.1,157.3,666.7,13.5,22.1,37.0,3.6,0.0
253,7,4,7,4,91.9,109.2,565.5,8.0,21.4,38.0,2.7,0.0
254,6,3,6,4,91.6,138.1,621.7,6.3,18.9,41.0,3.1,0.0
255,2,5,2,4,87.5,77.0,694.8,5.0,22.3,46.0,4.0,0.0
256,8,6,8,6,94.2,117.2,581.1,11.0,23.9,41.0,2.2,0.0
258,3,4,3,6,91.8,170.9,692.3,13.7,20.6,59.0,0.9,0.0
259,7,4,7,6,91.8,170.9,692.3,13.7,23.7,40.0,1.8,0.0
260,2,4,2,1,93.6,97.9,542.0,14.4,28.3,32.0,4.0,0.0
261,3,4,3,5,91.6,112.4,573.0,8.9,11.2,84.0,7.6,0.0
262,2,4,2,5,91.6,112.4,573.0,8.9,21.4,42.0,3.1,0.0
263,6,3,6,5,91.1,141.1,629.1,7.1,19.3,39.0,3.6,0.0
265,4,4,4,2,93.7,102.2,550.3,14.6,22.1,54.0,7.6,0.0
266,6,5,6,2,94.3,131.7,607.1,22.7,19.4,55.0,4.0,0.0
267,2,2,2,2,92.1,152.6,658.2,14.3,23.7,24.0,3.1,0.0
268,3,4,3,2,92.1,152.6,658.2,14.3,21.0,32.0,3.1,0.0
269,4,4,4,2,92.1,152.6,658.2,14.3,19.1,53.0,2.7,0.0
270,2,2,2,2,92.1,152.6,658.2,14.3,21.8,56.0,3.1,0.0
272,2,5,2,2,92.1,152.6,658.2,14.3,20.2,47.0,4.0,0.0
273,4,6,4,7,84.4,27.2,353.5,6.8,4.8,57.0,8.5,0.0
274,8,6,8,3,84.0,27.8,354.6,5.3,5.1,61.0,8.0,0.0
275,4,6,4,4,84.6,26.4,352.0,2.0,5.1,61.0,4.9,0.0
276,4,4,4,1,85.4,25.4,349.7,2.6,4.6,21.0,8.5,0.0
277,3,4,3,1,85.4,25.4,349.7,2.6,4.6,21.0,8.5,0.0
278,4,4,4,1,85.4,25.4,349.7,2.6,4.6,21.0,8.5,0.0
279,4,4,4,1,85.4,25.4,349.7,2.6,4.6,21.0,8.5,0.0
282,6,3,6,7,84.9,27.5,353.5,3.4,4.2,51.0,4.0,0.0
283,3,4,3,3,86.9,6.6,18.7,3.2,8.8,35.0,3.1,0.0
284,5,4,5,5,85.2,4.9,15.8,6.3,7.5,46.0,8.0,0.0
285,2,5,2,7,93.9,169.7,411.8,12.3,23.4,40.0,6.3,0.0
286,7,6,7,3,91.2,183.1,437.7,12.5,12.6,90.0,7.6,0.2
287,7,4,7,6,91.6,104.2,474.9,9.0,22.1,49.0,2.7,0.0
289,7,4,7,6,91.6,104.2,474.9,9.0,24.3,30.0,1.8,0.0
290,2,5,2,6,91.6,104.2,474.9,9.0,18.7,53.0,1.8,0.0
291,9,4,9,6,91.6,104.2,474.9,9.0,25.3,39.0,0.9,0.0
292,4,5,4,5,91.6,100.2,466.3,6.3,22.9,40.0,1.3,0.0
293,7,6,7,2,93.1,180.4,430.8,11.0,26.9,28.0,5.4,0.0
294,8,6,8,2,92.3,88.8,440.9,8.5,17.1,67.0,3.6,0.0
295,7,5,7,7,93.1,180.4,430.8,11.0,22.2,48.0,1.3,0.0
296,6,4,6,7,90.4,89.5,290.8,6.4,14.3,46.0,1.8,0.0
297,8,6,8,7,90.4,89.5,290.8,6.4,15.4,45.0,2.2,0.0
298,8,6,8,3,91.2,147.8,377.2,12.7,19.6,43.0,4.9,0.0
299,6,5,6,6,53.4,71.0,233.8,0.4,10.6,90.0,2.7,0.0
300,6,5,6,1,90.4,93.3,298.1,7.5,20.7,25.0,4.9,0.0
301,6,5,6,1,90.4,93.3,298.1,7.5,19.1,39.0,5.4,0.0
302,3,6,3,5,91.1,94.1,232.1,7.1,19.2,38.0,4.5,0.0
303,3,6,3,5,91.1,94.1,232.1,7.1,19.2,38.0,4.5,0.0
304,6,5,6,6,85.1,28.0,113.8,3.5,11.3,94.0,4.9,0.0
305,1,4,1,7,89.6,84.1,714.3,5.7,19.0,52.0,2.2,0.0
306,7,4,7,7,89.6,84.1,714.3,5.7,17.1,53.0,5.4,0.0
307,3,4,3,7,89.6,84.1,714.3,5.7,23.8,35.0,3.6,0.0
308,2,4,2,7,92.4,105.8,758.1,9.9,16.0,45.0,1.8,0.0
309,2,4,2,7,92.4,105.8,758.1,9.9,24.9,27.0,2.2,0.0
311,6,3,6,7,92.4,105.8,758.1,9.9,24.8,28.0,1.8,0.0
312,2,4,2,7,50.4,46.2,706.6,0.4,12.2,78.0,6.3,0.0
313,6,5,6,3,92.6,115.4,777.1,8.8,24.3,27.0,4.9,0.0
314,4,4,4,3,92.6,115.4,777.1,8.8,19.7,41.0,1.8,0.0
315,3,4,3,3,91.2,134.7,817.5,7.2,18.5,30.0,2.7,0.0
316,4,5,4,4,92.4,96.2,739.4,8.6,18.6,24.0,5.8,0.0
317,4,4,4,4,92.4,96.2,739.4,8.6,19.2,24.0,4.9,0.0
318,6,5,6,4,92.8,119.0,783.5,7.5,21.6,27.0,2.2,0.0
319,5,4,5,4,92.8,119.0,783.5,7.5,21.6,28.0,6.3,0.0
321,1,4,1,4,92.8,119.0,783.5,7.5,16.8,28.0,4.0,0.0
322,6,5,6,4,92.8,119.0,783.5,7.5,16.8,28.0,4.0,0.0
323,3,5,3,4,90.7,136.9,822.8,6.8,12.9,39.0,2.7,0.0
324,6,5,6,4,88.1,53.3,726.9,5.4,13.7,56.0,1.8,0.0
325,1,4,1,6,92.2,102.3,751.5,8.4,24.2,27.0,3.1,0.0
326,5,4,5,6,92.2,102.3,751.5,8.4,24.1,27.0,3.1,0.0
327,6,5,6,6,92.2,102.3,751.5,8.4,21.2,32.0,2.2,0.0
328,6,5,6,6,92.2,102.3,751.5,8.4,19.7,35.0,1.8,0.0
329,4,3,4,6,92.2,102.3,751.5,8.4,23.5,27.0,4.0,0.0
330,3,3,3,6,92.2,102.3,751.5,8.4,24.2,27.0,3.1,0.0
331,7,4,7,6,91.2,124.4,795.3,8.5,21.5,28.0,4.5,0.0
334,2,3,2,1,91.6,108.4,764.0,6.2,18.0,51.0,5.4,0.0
337,6,3,6,1,91.6,108.4,764.0,6.2,23.0,34.0,2.2,0.0
338,8,6,8,1,91.6,108.4,764.0,6.2,22.7,35.0,2.2,0.0
339,2,4,2,1,91.6,108.4,764.0,6.2,20.4,41.0,1.8,0.0
340,2,5,2,1,91.6,108.4,764.0,6.2,19.3,44.0,2.2,0.0
342,6,3,6,1,91.5,130.1,807.1,7.5,20.6,37.0,1.8,0.0
343,8,6,8,1,91.5,130.1,807.1,7.5,15.9,51.0,4.5,0.0
344,6,3,6,1,91.5,130.1,807.1,7.5,12.2,66.0,4.9,0.0
345,2,2,2,1,91.5,130.1,807.1,7.5,16.8,43.0,3.1,0.0
347,5,4,5,5,92.1,99.0,745.3,9.6,10.1,75.0,3.6,0.0
348,3,4,3,5,92.1,99.0,745.3,9.6,17.4,57.0,4.5,0.0
349,5,4,5,5,92.1,99.0,745.3,9.6,12.8,64.0,3.6,0.0
351,4,4,4,5,92.1,99.0,745.3,9.6,15.4,53.0,6.3,0.0
352,7,4,7,5,92.1,99.0,745.3,9.6,20.6,43.0,3.6,0.0
354,7,4,7,5,92.1,99.0,745.3,9.6,18.7,50.0,2.2,0.0
355,4,4,4,5,92.1,99.0,745.3,9.6,20.8,35.0,4.9,0.0
356,4,4,4,5,92.1,99.0,745.3,9.6,20.8,35.0,4.9,0.0
357,6,3,6,5,92.5,122.0,789.7,10.2,15.9,55.0,3.6,0.0
358,6,3,6,5,92.5,122.0,789.7,10.2,19.7,39.0,2.7,0.0
362,7,4,7,5,88.2,55.2,732.3,11.6,15.2,64.0,3.1,0.0
363,4,3,4,2,91.9,111.7,770.3,6.5,15.9,53.0,2.2,0.0
364,6,5,6,2,91.9,111.7,770.3,6.5,21.1,35.0,2.7,0.0
365,6,5,6,2,91.9,111.7,770.3,6.5,19.6,45.0,3.1,0.0
366,4,5,4,2,91.1,132.3,812.1,12.5,15.9,38.0,5.4,0.0
367,4,5,4,2,91.1,132.3,812.1,12.5,16.4,27.0,3.6,0.0
368,6,5,6,6,91.2,94.3,744.4,8.4,16.8,47.0,4.9,0.0
370,7,4,7,7,91.0,276.3,825.1,7.1,13.8,77.0,7.6,0.0
371,3,4,3,3,91.9,133.6,520.5,8.0,14.2,58.0,4.0,0.0
373,5,4,5,4,94.8,222.4,698.6,13.9,20.3,42.0,2.7,0.0
374,6,5,6,5,90.3,290.0,855.3,7.4,10.3,78.0,4.0,0.0
375,6,5,6,6,91.2,94.3,744.4,8.4,15.4,57.0,4.9,0.0
377,2,2,2,6,93.7,231.1,715.1,8.4,21.9,42.0,2.2,0.0
378,6,5,6,4,90.9,18.9,30.6,8.0,8.7,51.0,5.8,0.0
379,4,5,4,7,18.7,1.1,171.4,0.0,5.2,100.0,0.9,0.0
380,5,4,5,3,93.7,101.3,458.8,11.9,19.3,39.0,7.2,0.0
382,8,6,8,3,95.2,217.7,690.0,18.0,28.2,29.0,1.8,0.0
383,9,6,9,4,91.6,248.4,753.8,6.3,20.5,58.0,2.7,0.0
384,8,4,8,6,91.6,273.8,819.1,7.7,21.3,44.0,4.5,0.0
385,2,4,2,7,91.6,181.3,613.0,7.6,20.9,50.0,2.2,0.0
386,3,4,3,7,90.5,96.7,750.5,11.4,20.6,55.0,5.4,0.0
388,6,4,6,5,94.8,227.0,706.7,12.0,23.3,34.0,3.1,0.0
389,7,4,7,5,94.8,227.0,706.7,12.0,23.3,34.0,3.1,0.0
392,1,3,1,7,91.0,276.3,825.1,7.1,21.9,43.0,4.0,0.0
393,2,4,2,2,93.4,15.0,25.6,11.4,15.2,19.0,7.6,0.0
394,6,5,6,1,84.1,4.6,46.7,2.2,5.3,68.0,1.8,0.0
395,4,5,4,7,85.0,9.0,56.9,3.5,10.1,62.0,1.8,0.0
397,5,6,5,7,91.6,181.3,613.0,7.6,24.3,33.0,3.6,0.0
398,1,2,1,6,93.7,231.1,715.1,8.4,25.9,32.0,3.1,0.0
399,9,5,9,3,93.3,49.5,297.7,14.0,28.0,34.0,4.5,0.0
400,9,5,9,3,93.3,49.5,297.7,14.0,28.0,34.0,4.5,0.0
401,3,4,3,4,91.1,88.2,731.7,8.3,22.8,46.0,4.0,0.0
402,9,9,9,5,94.8,227.0,706.7,12.0,25.0,36.0,4.0,0.0
403,8,6,8,4,90.7,194.1,643.0,6.8,21.3,41.0,3.6,0.0
404,2,4,2,3,87.9,84.8,725.1,3.7,21.8,34.0,2.2,0.0
406,6,5,6,6,87.1,291.3,860.6,4.0,17.0,67.0,4.9,0.0
407,4,5,4,6,84.7,8.2,55.0,2.9,14.2,46.0,4.0,0.0
408,4,3,4,5,90.3,290.0,855.3,7.4,19.9,44.0,3.1,0.0
409,1,4,1,2,92.3,96.2,450.2,12.1,23.4,31.0,5.4,0.0
410,6,3,6,5,84.1,7.3,52.8,2.7,14.7,42.0,2.7,0.0
411,7,4,7,5,84.6,3.2,43.6,3.3,8.2,53.0,9.4,0.0
412,9,4,9,1,92.3,92.1,442.1,9.8,22.8,27.0,4.5,0.0
413,7,5,7,6,93.7,231.1,715.1,8.4,26.4,33.0,3.6,0.0
414,5,4,5,7,93.6,235.1,723.1,10.1,24.1,50.0,4.0,0.0
416,6,3,6,2,92.7,164.1,575.8,8.9,26.3,39.0,3.1,0.0
417,6,5,6,3,93.4,17.3,28.3,9.9,13.8,24.0,5.8,0.0
418,2,4,2,7,92.0,203.2,664.5,8.1,24.9,42.0,5.4,0.0
419,2,5,2,7,91.6,181.3,613.0,7.6,24.8,36.0,4.0,0.0
420,8,8,8,3,91.7,191.4,635.9,7.8,26.2,36.0,4.5,0.0
422,8,6,8,7,88.9,263.1,795.9,5.2,29.3,27.0,3.6,0.0
424,8,6,8,6,93.7,231.1,715.1,8.4,26.9,31.0,3.6,0.0
425,2,2,2,4,91.6,248.4,753.8,6.3,20.4,56.0,2.2,0.0
427,2,4,2,1,92.1,207.0,672.6,8.2,27.9,33.0,2.2,0.0
428,1,3,1,4,94.8,222.4,698.6,13.9,26.2,34.0,5.8,0.0
429,3,4,3,7,91.6,181.3,613.0,7.6,24.6,44.0,4.0,0.0
430,7,4,7,4,89.7,287.2,849.3,6.8,19.4,45.0,3.6,0.0
431,1,3,1,6,92.1,178.0,605.3,9.6,23.3,40.0,4.0,0.0
436,8,6,8,1,92.1,207.0,672.6,8.2,26.8,35.0,1.3,0.0
437,8,6,8,6,89.4,253.6,768.4,9.7,14.2,73.0,2.7,0.0
438,2,5,2,6,93.7,231.1,715.1,8.4,23.6,53.0,4.0,0.0
440,5,4,5,5,90.3,290.0,855.3,7.4,16.2,58.0,3.6,0.0
441,8,6,8,1,92.1,207.0,672.6,8.2,25.5,29.0,1.8,0.0
442,6,5,6,1,87.9,24.9,41.6,3.7,10.9,64.0,3.1,0.0
443,1,2,1,5,90.7,80.9,368.3,16.8,14.8,78.0,8.0,0.0
445,5,5,5,7,94.0,47.9,100.7,10.7,17.3,80.0,4.5,0.0
446,6,5,6,7,92.0,203.2,664.5,8.1,19.1,70.0,2.2,0.0
447,3,4,3,3,93.4,17.3,28.3,9.9,8.9,35.0,8.0,0.0
450,4,5,4,3,95.2,217.7,690.0,18.0,23.4,49.0,5.4,0.0
451,1,4,1,5,90.5,196.8,649.9,16.3,11.8,88.0,4.9,0.0
452,7,4,7,1,91.5,238.2,730.6,7.5,17.7,65.0,4.0,0.0
453,4,5,4,4,89.4,266.2,803.3,5.6,17.4,54.0,3.1,0.0
454,3,4,3,4,91.6,248.4,753.8,6.3,16.8,56.0,3.1,0.0
455,3,4,3,1,94.6,160.0,567.2,16.7,17.9,48.0,2.7,0.0
456,2,4,2,4,91.6,248.4,753.8,6.3,16.6,59.0,2.7,0.0
457,1,4,1,3,91.7,191.4,635.9,7.8,19.9,50.0,4.0,0.0
458,8,6,8,6,93.7,231.1,715.1,8.4,18.9,64.0,4.9,0.0
459,7,4,7,6,91.6,273.8,819.1,7.7,15.5,72.0,8.0,0.0
460,2,5,2,6,93.7,231.1,715.1,8.4,18.9,64.0,4.9,0.0
461,8,6,8,6,93.7,231.1,715.1,8.4,18.9,64.0,4.9,0.0
462,1,4,1,7,91.0,276.3,825.1,7.1,14.5,76.0,7.6,0.0
463,6,5,6,2,75.1,4.4,16.2,1.9,4.6,82.0,6.3,0.0
465,2,2,2,6,79.5,3.6,15.3,1.8,4.6,59.0,0.9,0.0
467,3,4,3,3,90.2,18.5,41.1,7.3,11.2,41.0,5.4,0.0
468,6,5,6,4,91.3,20.6,43.5,8.5,13.3,27.0,3.6,0.0
469,6,3,6,7,91.0,14.6,25.6,12.3,13.7,33.0,9.4,0.0
470,5,4,5,7,91.0,14.6,25.6,12.3,17.6,27.0,5.8,0.0
471,4,3,4,5,89.6,25.4,73.7,5.7,18.0,40.0,4.0,0.0
472,8,3,8,1,88.2,96.2,229.0,4.7,14.3,79.0,4.0,0.0
473,9,4,9,6,90.5,61.1,252.6,9.4,24.5,50.0,3.1,0.0
474,4,3,4,4,93.0,103.8,316.7,10.8,26.4,35.0,2.7,0.0
475,2,5,2,4,93.7,121.7,350.2,18.0,22.7,40.0,9.4,0.0
476,4,3,4,4,93.5,85.3,395.0,9.9,27.2,28.0,1.3,0.0
478,7,4,7,7,93.7,101.3,423.4,14.7,18.2,82.0,4.5,0.0
479,7,4,7,1,89.2,103.9,431.6,6.4,22.6,57.0,4.9,0.0
480,9,9,9,4,93.2,114.4,560.0,9.5,30.2,25.0,4.5,0.0
481,4,3,4,4,93.2,114.4,560.0,9.5,30.2,22.0,4.9,0.0
482,3,4,3,7,94.9,130.3,587.1,14.1,23.4,40.0,5.8,0.0
483,8,6,8,7,94.9,130.3,587.1,14.1,31.0,27.0,5.4,0.0
485,2,4,2,1,95.0,135.5,596.3,21.3,30.6,28.0,3.6,0.0
487,5,4,5,2,95.1,141.3,605.8,17.7,26.4,34.0,3.6,0.0
488,4,4,4,2,95.1,141.3,605.8,17.7,19.4,71.0,7.6,0.0
489,4,4,4,3,95.1,141.3,605.8,17.7,20.6,58.0,1.3,0.0
490,4,4,4,3,95.1,141.3,605.8,17.7,28.7,33.0,4.0,0.0
491,4,4,4,4,95.8,152.0,624.1,13.8,32.4,21.0,4.5,0.0
492,1,3,1,5,95.9,158.0,633.6,11.3,32.4,27.0,2.2,0.0
493,1,3,1,5,95.9,158.0,633.6,11.3,27.5,29.0,4.5,0.0
494,6,6,6,6,96.0,164.0,643.0,14.0,30.8,30.0,4.9,0.0
495,6,6,6,1,96.2,175.5,661.8,16.8,23.9,42.0,2.2,0.0
496,4,5,4,1,96.2,175.5,661.8,16.8,32.6,26.0,3.1,0.0
497,3,4,3,2,96.1,181.1,671.2,14.3,32.3,27.0,2.2,0.0
498,6,5,6,2,96.1,181.1,671.2,14.3,33.3,26.0,2.7,0.0
499,7,5,7,2,96.1,181.1,671.2,14.3,27.3,63.0,4.9,6.4
501,7,5,7,2,96.1,181.1,671.2,14.3,21.6,65.0,4.9,0.8
502,4,4,4,2,96.1,181.1,671.2,14.3,20.7,69.0,4.9,0.4
504,4,3,4,3,94.5,139.4,689.1,20.0,28.9,29.0,4.9,0.0
505,1,2,1,4,91.0,163.2,744.4,10.1,26.7,35.0,1.8,0.0
506,1,2,1,5,91.0,166.9,752.6,7.1,18.5,73.0,8.5,0.0
507,2,4,2,5,91.0,166.9,752.6,7.1,25.9,41.0,3.6,0.0
508,1,2,1,5,91.0,166.9,752.6,7.1,25.9,41.0,3.6,0.0
509,5,4,5,5,91.0,166.9,752.6,7.1,21.1,71.0,7.6,1.4
511,8,6,8,7,81.6,56.7,665.6,1.9,27.8,35.0,2.7,0.0
512,4,3,4,7,81.6,56.7,665.6,1.9,27.8,32.0,2.7,0.0
513,2,4,2,7,81.6,56.7,665.6,1.9,21.9,71.0,5.8,0.0
514,7,4,7,7,81.6,56.7,665.6,1.9,21.2,70.0,6.7,0.0
515,1,4,1,6,94.4,146.0,614.7,11.3,25.6,42.0,4.0,0.0
