,Sex,Length,Diameter,Height,Whole_weight,Shucked_weight,Viscera_weight,Shell_weight,Class
2,F,0.53,0.42,0.135,0.677,0.2565,0.1415,0.21,9
3,M,0.44,0.365,0.125,0.516,0.2155,0.114,0.155,10
5,I,0.425,0.3,0.095,0.3515,0.141,0.0775,0.12,8
8,M,0.475,0.37,0.125,0.5095,0.2165,0.1125,0.165,9
12,M,0.49,0.38,0.135,0.5415,0.2175,0.095,0.19,11
13,F,0.535,0.405,0.145,0.6845,0.2725,0.171,0.205,10
19,M,0.45,0.32,0.1,0.381,0.1705,0.075,0.115,9
25,F,0.56,0.44,0.14,0.9285,0.3825,0.188,0.3,11
30,M,0.58,0.47,0.165,0.9975,0.3935,0.242,0.33,10
33,F,0.68,0.55,0.175,1.798,0.815,0.3925,0.455,19
37,F,0.45,0.355,0.105,0.5225,0.237,0.1165,0.145,8
40,F,0.45,0.335,0.105,0.425,0.1865,0.091,0.115,9
52,M,0.485,0.36,0.13,0.5415,0.2595,0.096,0.16,10
54,M,0.405,0.31,0.1,0.385,0.173,0.0915,0.11,7
55,F,0.5,0.4,0.14,0.6615,0.2565,0.1755,0.22,8
56,M,0.445,0.35,0.12,0.4425,0.192,0.0955,0.135,8
61,M,0.505,0.405,0.11,0.625,0.305,0.16,0.175,9
62,F,0.53,0.41,0.13,0.6965,0.302,0.1935,0.2,10
63,M,0.425,0.325,0.095,0.3785,0.1705,0.08,0.1,7
64,M,0.52,0.4,0.12,0.58,0.234,0.1315,0.185,8
67,F,0.595,0.495,0.185,1.285,0.416,0.224,0.485,13
70,M,0.555,0.425,0.13,0.7665,0.264,0.168,0.275,13
72,F,0.595,0.475,0.17,1.247,0.48,0.225,0.425,20
74,F,0.605,0.45,0.195,1.098,0.481,0.2895,0.315,13
75,F,0.6,0.475,0.15,1.0075,0.4425,0.221,0.28,15
76,M,0.595,0.475,0.14,0.944,0.3625,0.189,0.315,9
80,F,0.575,0.445,0.14,0.941,0.3845,0.252,0.285,9
83,M,0.595,0.475,0.16,1.3175,0.408,0.234,0.58,21
85,F,0.57,0.465,0.18,1.295,0.339,0.2225,0.44,12
86,M,0.625,0.465,0.14,1.195,0.4825,0.205,0.4,13
87,M,0.56,0.44,0.16,0.8645,0.3305,0.2075,0.26,10
90,M,0.565,0.425,0.135,0.8115,0.341,0.1675,0.255,15
91,M,0.555,0.44,0.15,0.755,0.307,0.1525,0.26,12
93,F,0.625,0.495,0.165,1.262,0.507,0.318,0.39,10
95,M,0.665,0.535,0.195,1.606,0.5755,0.388,0.48,14
96,M,0.535,0.435,0.15,0.725,0.269,0.1385,0.25,9
101,M,0.55,0.435,0.145,0.843,0.328,0.1915,0.255,15
103,M,0.53,0.415,0.14,0.724,0.3105,0.1675,0.205,10
106,F,0.545,0.43,0.165,0.802,0.2935,0.183,0.28,11
108,F,0.51,0.39,0.135,0.6335,0.231,0.179,0.2,9
109,F,0.435,0.395,0.105,0.3635,0.136,0.098,0.13,9
110,M,0.495,0.395,0.125,0.5415,0.2375,0.1345,0.155,9
113,M,0.425,0.35,0.105,0.393,0.13,0.063,0.165,9
114,F,0.545,0.41,0.125,0.6935,0.2975,0.146,0.21,11
116,F,0.49,0.375,0.135,0.6125,0.2555,0.102,0.22,11
117,M,0.44,0.34,0.105,0.402,0.1305,0.0955,0.165,10
118,F,0.56,0.43,0.15,0.8825,0.3465,0.172,0.31,9
119,M,0.405,0.305,0.085,0.2605,0.1145,0.0595,0.085,8
121,I,0.385,0.295,0.085,0.2535,0.103,0.0575,0.085,7
123,M,0.37,0.265,0.075,0.214,0.09,0.051,0.07,6
125,I,0.27,0.195,0.06,0.073,0.0285,0.0235,0.03,5
127,I,0.385,0.29,0.085,0.2505,0.112,0.061,0.08,8
130,M,0.595,0.48,0.165,1.262,0.4835,0.283,0.41,17
133,I,0.35,0.26,0.095,0.211,0.086,0.056,0.068,7
134,I,0.265,0.2,0.065,0.0975,0.04,0.0205,0.028,7
143,M,0.56,0.455,0.155,0.797,0.34,0.19,0.2425,11
146,M,0.46,0.35,0.12,0.515,0.224,0.108,0.1565,10
147,I,0.28,0.205,0.08,0.127,0.052,0.039,0.042,9
148,I,0.175,0.13,0.055,0.0315,0.0105,0.0065,0.0125,5
149,I,0.17,0.13,0.095,0.03,0.013,0.008,0.01,4
150,M,0.59,0.475,0.145,1.053,0.4415,0.262,0.325,15
151,F,0.605,0.5,0.185,1.1185,0.469,0.2585,0.335,9
153,F,0.605,0.485,0.16,1.0565,0.37,0.2355,0.355,10
157,M,0.645,0.485,0.215,1.514,0.546,0.2615,0.635,16
159,F,0.575,0.46,0.165,1.124,0.2985,0.1785,0.44,13
162,M,0.61,0.485,0.175,1.2445,0.544,0.297,0.345,12
163,F,0.725,0.56,0.21,2.141,0.65,0.398,1.005,18
167,F,0.68,0.57,0.205,1.842,0.625,0.408,0.65,20
169,F,0.68,0.515,0.175,1.6185,0.5125,0.409,0.62,12
170,M,0.695,0.55,0.215,1.9565,0.7125,0.541,0.59,14
175,I,0.36,0.26,0.09,0.1785,0.0645,0.037,0.075,7
176,I,0.315,0.21,0.06,0.125,0.06,0.0375,0.035,5
177,I,0.315,0.245,0.085,0.1435,0.053,0.0475,0.05,8
179,M,0.58,0.475,0.15,0.97,0.385,0.2165,0.35,11
181,M,0.64,0.51,0.175,1.368,0.515,0.266,0.57,21
193,I,0.355,0.275,0.085,0.22,0.092,0.06,0.15,8
195,M,0.5,0.405,0.155,0.772,0.346,0.1535,0.245,12
197,M,0.64,0.5,0.185,1.3035,0.4445,0.2635,0.465,16
204,M,0.42,0.335,0.115,0.369,0.171,0.071,0.12,8
205,F,0.44,0.34,0.14,0.482,0.186,0.1085,0.16,9
209,I,0.37,0.28,0.095,0.2655,0.122,0.052,0.08,7
210,F,0.49,0.365,0.145,0.6345,0.1995,0.1625,0.22,10
216,M,0.45,0.35,0.13,0.46,0.174,0.111,0.135,8
218,M,0.47,0.36,0.135,0.501,0.1665,0.115,0.165,10
221,F,0.47,0.35,0.145,0.5175,0.187,0.1235,0.18,11
222,F,0.49,0.375,0.15,0.5755,0.22,0.144,0.19,9
225,F,0.5,0.37,0.135,0.45,0.1715,0.1055,0.155,9
226,F,0.39,0.29,0.125,0.3055,0.121,0.082,0.09,7
227,I,0.365,0.27,0.085,0.205,0.078,0.0485,0.07,7
228,F,0.58,0.465,0.165,1.1015,0.404,0.2095,0.35,11
231,M,0.565,0.44,0.175,0.9025,0.31,0.193,0.325,14
233,I,0.275,0.215,0.075,0.1155,0.0485,0.029,0.035,7
234,I,0.44,0.35,0.135,0.435,0.1815,0.083,0.125,12
235,I,0.295,0.225,0.08,0.124,0.0485,0.032,0.04,9
236,I,0.075,0.055,0.01,0.002,0.001,0.0005,0.0015,1
238,I,0.11,0.09,0.03,0.008,0.0025,0.002,0.003,3
244,I,0.33,0.255,0.085,0.1655,0.063,0.039,0.06,8
247,I,0.36,0.275,0.085,0.1975,0.0745,0.0415,0.07,9
248,I,0.305,0.245,0.075,0.156,0.0675,0.038,0.045,7
249,I,0.345,0.27,0.11,0.2135,0.082,0.0545,0.07,7
251,M,0.59,0.47,0.18,1.1235,0.4205,0.2805,0.36,13
253,F,0.575,0.46,0.185,1.094,0.4485,0.217,0.345,15
254,M,0.6,0.495,0.165,1.2415,0.485,0.2775,0.34,15
255,M,0.56,0.45,0.175,1.011,0.3835,0.2065,0.37,15
258,F,0.635,0.505,0.17,1.415,0.605,0.297,0.365,15
259,F,0.59,0.475,0.16,1.1015,0.4775,0.2555,0.295,13
262,M,0.53,0.42,0.165,0.8945,0.319,0.239,0.245,11
265,F,0.46,0.38,0.13,0.639,0.3,0.1525,0.16,11
266,M,0.52,0.45,0.15,0.895,0.3615,0.186,0.235,14
268,M,0.47,0.39,0.15,0.6355,0.2185,0.0885,0.255,9
276,F,0.66,0.53,0.185,1.3485,0.493,0.245,0.49,12
279,F,0.515,0.425,0.135,0.712,0.2665,0.1605,0.25,11
282,F,0.455,0.355,0.12,0.4495,0.177,0.104,0.15,9
283,M,0.485,0.395,0.14,0.6295,0.2285,0.127,0.225,14
285,F,0.535,0.415,0.17,0.879,0.295,0.1965,0.285,10
288,M,0.44,0.355,0.125,0.4775,0.132,0.0815,0.19,9
289,F,0.535,0.435,0.16,0.8105,0.3155,0.1795,0.24,10
294,M,0.6,0.495,0.195,1.0575,0.384,0.19,0.375,26
295,I,0.295,0.215,0.085,0.128,0.049,0.034,0.04,6
303,M,0.36,0.27,0.1,0.217,0.0885,0.0495,0.0715,6
307,M,0.645,0.515,0.24,1.5415,0.471,0.369,0.535,13
311,M,0.56,0.44,0.14,0.971,0.443,0.2045,0.265,14
313,F,0.62,0.47,0.2,1.2255,0.381,0.27,0.435,23
317,M,0.45,0.35,0.1,0.3675,0.1465,0.1015,0.12,10
319,I,0.33,0.255,0.095,0.172,0.066,0.0255,0.06,6
321,I,0.19,0.145,0.04,0.038,0.0165,0.0065,0.015,4
323,I,0.265,0.205,0.07,0.1055,0.039,0.041,0.035,5
324,M,0.335,0.265,0.105,0.222,0.0935,0.056,0.075,7
327,M,0.51,0.4,0.13,0.6435,0.27,0.1665,0.205,12
328,M,0.36,0.295,0.105,0.241,0.0865,0.053,0.095,8
329,I,0.36,0.28,0.09,0.2255,0.0885,0.04,0.09,8
334,F,0.74,0.6,0.195,1.974,0.598,0.4085,0.71,16
336,M,0.6,0.475,0.19,1.0875,0.403,0.2655,0.325,14
337,M,0.59,0.45,0.185,1.283,0.473,0.276,0.425,16
339,F,0.565,0.45,0.195,1.0035,0.406,0.2505,0.285,15
340,M,0.575,0.455,0.145,1.165,0.581,0.2275,0.3,14
341,F,0.62,0.51,0.205,1.3475,0.4775,0.2565,0.48,14
344,F,0.46,0.425,0.155,0.746,0.3005,0.152,0.24,8
353,M,0.58,0.455,0.17,0.93,0.408,0.259,0.22,9
356,M,0.675,0.525,0.185,1.587,0.6935,0.336,0.395,13
358,M,0.745,0.585,0.215,2.499,0.9265,0.472,0.7,17
359,F,0.685,0.545,0.18,1.768,0.7495,0.392,0.485,16
360,M,0.605,0.49,0.18,1.227,0.48,0.287,0.35,18
361,F,0.59,0.465,0.15,0.997,0.392,0.246,0.34,12
363,F,0.6,0.48,0.15,1.029,0.4085,0.2705,0.295,16
364,F,0.62,0.5,0.175,1.186,0.4985,0.3015,0.35,12
366,M,0.58,0.465,0.145,0.887,0.4405,0.1655,0.265,11
368,M,0.63,0.49,0.18,1.13,0.458,0.2765,0.315,12
371,F,0.66,0.565,0.195,1.7605,0.692,0.3265,0.5,16
375,F,0.675,0.545,0.195,1.7345,0.6845,0.3695,0.605,20
376,M,0.63,0.49,0.19,1.1775,0.4935,0.3365,0.285,11
380,M,0.605,0.47,0.18,1.1405,0.3755,0.2805,0.385,15
382,M,0.485,0.4,0.135,0.663,0.313,0.137,0.2,10
385,F,0.455,0.37,0.105,0.4925,0.216,0.1245,0.135,9
387,M,0.46,0.38,0.135,0.482,0.207,0.1225,0.145,10
388,M,0.49,0.42,0.125,0.609,0.239,0.1435,0.22,14
393,I,0.365,0.295,0.095,0.25,0.1075,0.0545,0.08,9
394,I,0.345,0.275,0.095,0.1995,0.0755,0.0535,0.07,6
396,F,0.5,0.395,0.14,0.7155,0.3165,0.176,0.24,10
397,M,0.47,0.38,0.145,0.5865,0.2385,0.144,0.185,8
399,M,0.585,0.455,0.15,0.987,0.4355,0.2075,0.31,11
400,F,0.485,0.365,0.12,0.5885,0.27,0.131,0.175,9
401,M,0.515,0.455,0.135,0.7225,0.295,0.1625,0.235,9
402,F,0.435,0.325,0.11,0.4335,0.178,0.0985,0.155,7
404,I,0.44,0.345,0.12,0.365,0.1655,0.083,0.11,7
412,F,0.58,0.46,0.12,0.9935,0.4625,0.2385,0.28,11
414,F,0.605,0.495,0.17,1.2385,0.528,0.2465,0.39,14
415,F,0.62,0.47,0.14,1.0325,0.3605,0.224,0.36,15
416,F,0.63,0.5,0.17,1.3135,0.5595,0.267,0.4,20
418,F,0.63,0.5,0.155,1.005,0.367,0.199,0.36,16
423,I,0.29,0.225,0.07,0.101,0.036,0.0235,0.035,8
428,F,0.56,0.455,0.125,0.943,0.344,0.129,0.375,21
429,F,0.575,0.45,0.17,1.0475,0.3775,0.1705,0.385,18
431,M,0.6,0.47,0.155,1.036,0.4375,0.196,0.325,20
434,I,0.44,0.345,0.1,0.366,0.122,0.0905,0.12,13
443,I,0.395,0.295,0.1,0.2715,0.134,0.0325,0.085,10
445,F,0.56,0.455,0.19,0.714,0.283,0.129,0.275,9
449,F,0.565,0.455,0.15,0.8205,0.365,0.159,0.26,18
450,M,0.725,0.565,0.215,1.891,0.6975,0.4725,0.58,16
451,F,0.675,0.535,0.16,1.41,0.592,0.3175,0.42,16
452,F,0.665,0.555,0.195,1.4385,0.581,0.354,0.36,17
453,F,0.565,0.49,0.155,0.9245,0.405,0.2195,0.255,11
454,F,0.645,0.55,0.175,1.2915,0.57,0.3045,0.33,14
455,M,0.575,0.47,0.14,0.8375,0.3485,0.1735,0.24,11
456,F,0.64,0.54,0.175,1.221,0.51,0.259,0.39,15
457,I,0.36,0.28,0.105,0.199,0.0695,0.045,0.08,9
459,F,0.525,0.41,0.135,0.7085,0.293,0.1525,0.235,11
463,I,0.22,0.165,0.055,0.0545,0.0215,0.012,0.02,5
465,I,0.175,0.125,0.05,0.0235,0.008,0.0035,0.008,5
467,M,0.655,0.53,0.195,1.388,0.567,0.2735,0.41,13
469,M,0.675,0.555,0.2,1.4385,0.545,0.2665,0.465,21
472,I,0.43,0.34,0.12,0.3575,0.151,0.0645,0.1045,9
474,F,0.545,0.415,0.16,0.7715,0.272,0.1455,0.2765,10
475,M,0.53,0.415,0.175,0.7395,0.261,0.1395,0.2645,17
476,F,0.465,0.35,0.115,0.421,0.1565,0.091,0.1345,9
480,F,0.7,0.585,0.185,1.8075,0.7055,0.3215,0.475,29
484,M,0.63,0.48,0.145,1.0115,0.4235,0.237,0.305,12
491,M,0.58,0.46,0.13,0.921,0.357,0.181,0.29,13
493,M,0.655,0.53,0.175,1.2635,0.486,0.2635,0.415,15
494,M,0.625,0.5,0.195,1.369,0.5875,0.2185,0.37,17
498,F,0.615,0.525,0.155,1.0385,0.427,0.2315,0.345,11
499,M,0.555,0.45,0.175,0.874,0.3275,0.202,0.305,10
504,F,0.625,0.485,0.19,1.1745,0.4385,0.2305,0.42,17
512,F,0.49,0.38,0.145,0.6725,0.249,0.181,0.21,10
513,M,0.31,0.22,0.085,0.146,0.061,0.0365,0.045,6
516,M,0.4,0.29,0.115,0.2795,0.1115,0.0575,0.075,9
517,M,0.28,0.2,0.08,0.0915,0.033,0.0215,0.03,5
518,M,0.325,0.23,0.09,0.147,0.06,0.034,0.045,4
522,I,0.365,0.26,0.115,0.218,0.0935,0.0445,0.07,9
524,M,0.235,0.16,0.06,0.0545,0.0265,0.0095,0.015,4
527,F,0.57,0.445,0.155,0.733,0.282,0.159,0.235,14
528,F,0.57,0.45,0.16,0.9715,0.3965,0.255,0.26,12
529,M,0.385,0.3,0.095,0.24,0.0885,0.059,0.085,9
530,I,0.53,0.42,0.185,0.752,0.299,0.156,0.205,20
531,F,0.46,0.355,0.13,0.458,0.192,0.1055,0.13,13
533,F,0.435,0.335,0.11,0.38,0.1695,0.086,0.11,9
534,I,0.47,0.37,0.14,0.4985,0.2095,0.1225,0.145,10
535,I,0.465,0.38,0.13,0.454,0.1895,0.08,0.155,11
537,M,0.29,0.23,0.075,0.1165,0.043,0.0255,0.04,7
539,F,0.375,0.29,0.115,0.2705,0.093,0.066,0.0885,10
540,F,0.5,0.375,0.14,0.604,0.242,0.1415,0.179,15
546,M,0.255,0.195,0.065,0.08,0.0315,0.018,0.027,8
547,M,0.205,0.155,0.045,0.0425,0.017,0.0055,0.0155,7
550,I,0.65,0.515,0.16,1.1625,0.495,0.203,0.33,17
551,I,0.615,0.49,0.155,0.9885,0.4145,0.195,0.345,13
553,I,0.48,0.37,0.12,0.514,0.2075,0.131,0.155,13
554,I,0.485,0.39,0.125,0.591,0.287,0.141,0.12,9
560,F,0.44,0.34,0.105,0.364,0.148,0.0805,0.1175,8
561,I,0.515,0.4,0.12,0.659,0.2705,0.179,0.17,13
563,F,0.545,0.415,0.15,0.7335,0.2795,0.163,0.2185,11
564,F,0.47,0.355,0.13,0.5465,0.2005,0.126,0.185,14
566,I,0.485,0.355,0.13,0.581,0.245,0.132,0.168,12
569,F,0.41,0.32,0.115,0.387,0.165,0.1005,0.0985,11
570,I,0.45,0.35,0.14,0.474,0.21,0.109,0.1275,16
571,I,0.45,0.345,0.135,0.443,0.1975,0.0875,0.1175,14
572,F,0.59,0.455,0.155,1.066,0.382,0.2275,0.415,20
574,I,0.61,0.475,0.15,0.9665,0.4145,0.2,0.345,10
575,F,0.61,0.475,0.14,1.133,0.5275,0.2355,0.35,11
576,I,0.56,0.425,0.14,0.9175,0.4005,0.1975,0.26,10
577,F,0.585,0.435,0.175,0.982,0.4055,0.2495,0.27,10
578,I,0.58,0.445,0.15,0.8865,0.383,0.209,0.255,11
579,F,0.63,0.48,0.175,1.3675,0.5015,0.3035,0.515,17
580,F,0.625,0.49,0.175,1.233,0.5565,0.247,0.365,11
581,I,0.55,0.425,0.15,0.806,0.376,0.171,0.245,14
582,F,0.645,0.525,0.19,1.4635,0.6615,0.3435,0.435,19
584,F,0.41,0.305,0.1,0.363,0.1735,0.065,0.11,11
586,I,0.52,0.425,0.17,0.6805,0.28,0.174,0.195,10
588,M,0.45,0.335,0.14,0.4625,0.164,0.076,0.15,14
589,F,0.405,0.31,0.12,0.3095,0.138,0.058,0.095,13
590,I,0.51,0.4,0.15,0.745,0.2865,0.1675,0.235,13
592,I,0.525,0.41,0.175,0.874,0.3585,0.207,0.205,18
593,F,0.66,0.52,0.18,1.514,0.526,0.2975,0.42,19
596,F,0.55,0.43,0.14,0.7135,0.2565,0.186,0.225,9
597,I,0.605,0.47,0.14,0.939,0.3385,0.201,0.32,13
598,I,0.605,0.495,0.145,1.054,0.369,0.2255,0.36,12
601,F,0.385,0.315,0.11,0.286,0.1225,0.0635,0.0835,10
605,I,0.425,0.345,0.125,0.425,0.16,0.0795,0.154,13
606,M,0.345,0.27,0.09,0.195,0.078,0.0455,0.059,9
608,M,0.37,0.285,0.1,0.228,0.0675,0.0675,0.081,10
611,M,0.195,0.145,0.05,0.032,0.01,0.008,0.012,4
614,I,0.45,0.35,0.145,0.525,0.2085,0.1,0.1655,15
615,M,0.415,0.345,0.135,0.3865,0.128,0.07,0.148,13
617,M,0.32,0.24,0.085,0.17,0.0655,0.047,0.049,7
619,M,0.235,0.17,0.055,0.0515,0.018,0.0105,0.0195,7
620,M,0.345,0.255,0.08,0.169,0.06,0.0425,0.054,10
622,F,0.5,0.385,0.115,0.6785,0.2945,0.138,0.195,12
623,F,0.5,0.385,0.105,0.498,0.1795,0.1095,0.17,17
624,I,0.465,0.36,0.105,0.498,0.214,0.116,0.14,15
627,F,0.38,0.305,0.095,0.2815,0.1255,0.0525,0.09,8
631,F,0.43,0.34,0.12,0.391,0.1555,0.095,0.1405,7
632,M,0.46,0.365,0.125,0.467,0.1895,0.0945,0.158,10
636,M,0.38,0.235,0.1,0.258,0.1055,0.054,0.08,7
637,M,0.355,0.26,0.085,0.1905,0.081,0.0485,0.055,6
638,I,0.44,0.345,0.12,0.487,0.1965,0.108,0.16,14
639,F,0.51,0.4,0.13,0.5735,0.219,0.1365,0.195,13
640,M,0.325,0.24,0.085,0.173,0.0795,0.038,0.05,7
647,M,0.48,0.375,0.145,0.777,0.216,0.13,0.17,9
648,I,0.46,0.35,0.12,0.4885,0.193,0.105,0.155,11
654,F,0.37,0.28,0.11,0.2305,0.0945,0.0465,0.075,10
658,I,0.58,0.49,0.195,1.3165,0.5305,0.254,0.41,18
663,F,0.38,0.305,0.105,0.281,0.1045,0.0615,0.09,12
668,M,0.55,0.425,0.155,0.9175,0.2775,0.243,0.335,13
677,F,0.5,0.375,0.115,0.5945,0.185,0.148,0.19,11
679,F,0.37,0.275,0.1,0.2225,0.093,0.026,0.08,8
680,I,0.37,0.275,0.1,0.2295,0.0885,0.0465,0.07,7
683,M,0.535,0.405,0.185,0.8345,0.3175,0.1725,0.29,16
684,M,0.51,0.4,0.14,0.6515,0.2455,0.1665,0.185,10
685,M,0.565,0.44,0.185,0.909,0.344,0.2325,0.255,15
690,M,0.5,0.375,0.15,0.636,0.2535,0.145,0.19,10
691,I,0.255,0.19,0.075,0.0865,0.0345,0.0205,0.025,5
694,I,0.165,0.11,0.02,0.019,0.0065,0.0025,0.005,4
696,I,0.155,0.105,0.05,0.0175,0.005,0.0035,0.005,4
697,M,0.28,0.205,0.1,0.1165,0.0545,0.0285,0.03,5
702,F,0.445,0.33,0.105,0.4525,0.18,0.103,0.123,9
704,M,0.4,0.3,0.125,0.417,0.191,0.09,0.1175,9
714,M,0.35,0.255,0.08,0.1915,0.08,0.0385,0.063,9
715,I,0.275,0.2,0.065,0.1035,0.0475,0.0205,0.03,7
717,I,0.25,0.19,0.06,0.0765,0.036,0.0115,0.0245,6
718,I,0.18,0.125,0.035,0.0265,0.0095,0.0055,0.0085,4
720,I,0.16,0.11,0.025,0.018,0.0065,0.0055,0.005,3
722,M,0.555,0.44,0.15,1.092,0.416,0.212,0.4405,15
723,M,0.525,0.41,0.13,0.99,0.3865,0.243,0.295,15
724,M,0.465,0.36,0.08,0.488,0.191,0.125,0.155,11
726,M,0.4,0.305,0.085,0.297,0.108,0.0705,0.1,10
731,M,0.545,0.42,0.13,0.879,0.374,0.1695,0.23,13
732,M,0.52,0.4,0.12,0.823,0.298,0.1805,0.265,15
733,M,0.505,0.38,0.13,0.656,0.227,0.1785,0.22,13
734,M,0.525,0.425,0.12,0.8665,0.2825,0.176,0.29,18
736,M,0.52,0.385,0.115,0.669,0.2385,0.172,0.205,12
739,M,0.445,0.345,0.09,0.3795,0.143,0.074,0.125,10
742,F,0.535,0.42,0.15,0.7365,0.2785,0.186,0.215,14
744,M,0.53,0.415,0.13,0.8425,0.275,0.1945,0.265,20
745,F,0.53,0.42,0.13,1.001,0.34,0.226,0.265,17
748,M,0.535,0.42,0.13,0.8055,0.301,0.181,0.28,14
750,F,0.51,0.39,0.105,0.612,0.187,0.15,0.195,13
751,M,0.485,0.355,0.12,0.547,0.215,0.1615,0.14,10
760,M,0.585,0.405,0.15,1.2565,0.435,0.202,0.325,15
766,F,0.59,0.445,0.13,1.1325,0.3825,0.234,0.32,13
767,M,0.345,0.27,0.095,0.197,0.0665,0.05,0.07,9
768,F,0.55,0.43,0.155,0.785,0.289,0.227,0.233,11
778,M,0.465,0.35,0.14,0.5755,0.2015,0.1505,0.19,15
780,M,0.56,0.41,0.165,0.93,0.3505,0.237,0.3,13
781,M,0.505,0.385,0.15,0.6415,0.246,0.152,0.215,12
784,I,0.215,0.155,0.06,0.0525,0.021,0.0165,0.015,5
785,M,0.55,0.415,0.175,1.042,0.3295,0.2325,0.2905,15
787,M,0.495,0.385,0.135,0.709,0.211,0.1375,0.262,12
788,F,0.505,0.39,0.16,0.644,0.2475,0.2025,0.1635,9
790,F,0.57,0.465,0.16,0.8935,0.3145,0.2575,0.263,10
791,F,0.485,0.375,0.135,0.556,0.1925,0.1315,0.1685,10
792,M,0.47,0.37,0.18,0.51,0.1915,0.1285,0.1625,9
794,M,0.58,0.465,0.16,1.0345,0.315,0.26,0.3635,12
795,M,0.515,0.405,0.145,0.695,0.215,0.1635,0.234,15
797,M,0.44,0.335,0.11,0.394,0.157,0.096,0.122,9
800,M,0.46,0.34,0.135,0.495,0.1655,0.117,0.185,10
801,M,0.45,0.335,0.125,0.349,0.119,0.1055,0.115,10
813,I,0.255,0.185,0.06,0.088,0.0365,0.021,0.023,5
816,I,0.335,0.25,0.08,0.183,0.0735,0.04,0.0575,6
817,I,0.35,0.27,0.09,0.2055,0.075,0.0575,0.062,6
819,I,0.36,0.3,0.085,0.27,0.1185,0.064,0.0745,7
823,I,0.385,0.29,0.095,0.312,0.143,0.0635,0.086,6
824,I,0.385,0.3,0.1,0.2895,0.1215,0.063,0.09,7
825,I,0.395,0.29,0.095,0.319,0.138,0.08,0.082,7
828,I,0.41,0.325,0.1,0.394,0.208,0.0655,0.106,6
831,I,0.425,0.325,0.1,0.398,0.1185,0.0645,0.0945,6
833,I,0.445,0.335,0.1,0.4895,0.2745,0.086,0.1105,7
835,I,0.45,0.35,0.13,0.547,0.245,0.1405,0.1405,8
840,M,0.49,0.385,0.125,0.609,0.3065,0.096,0.1775,8
841,F,0.495,0.41,0.125,0.7555,0.3355,0.129,0.214,9
843,M,0.505,0.44,0.14,0.8275,0.3415,0.1855,0.239,8
845,M,0.54,0.405,0.125,0.891,0.4815,0.1915,0.202,9
849,M,0.55,0.45,0.15,1.0145,0.407,0.2015,0.2875,10
852,M,0.565,0.45,0.155,1.0595,0.4735,0.24,0.265,10
854,M,0.57,0.435,0.13,0.7535,0.349,0.1755,0.194,10
857,M,0.59,0.46,0.13,1.102,0.455,0.2055,0.33,12
861,F,0.595,0.465,0.14,1.113,0.5175,0.244,0.305,12
864,M,0.6,0.495,0.175,1.29,0.606,0.276,0.3445,11
868,F,0.615,0.52,0.15,1.3435,0.629,0.2605,0.345,10
875,M,0.63,0.505,0.165,1.26,0.4525,0.2755,0.406,14
877,F,0.635,0.5,0.15,1.376,0.6495,0.361,0.31,10
881,M,0.655,0.52,0.165,1.4095,0.586,0.291,0.405,9
883,M,0.66,0.53,0.17,1.3905,0.5905,0.212,0.453,15
888,F,0.68,0.56,0.195,1.7775,0.861,0.322,0.415,11
890,F,0.695,0.56,0.22,1.834,0.8455,0.422,0.455,11
891,M,0.73,0.595,0.23,2.8255,1.1465,0.419,0.897,17
893,I,0.24,0.175,0.055,0.0705,0.025,0.014,0.021,5
897,I,0.265,0.195,0.06,0.092,0.0345,0.025,0.0245,6
898,I,0.28,0.12,0.075,0.117,0.0455,0.029,0.0345,4
905,I,0.32,0.24,0.09,0.1575,0.07,0.0265,0.0425,5
909,I,0.335,0.25,0.075,0.186,0.0945,0.038,0.0445,7
910,I,0.34,0.25,0.075,0.1785,0.0665,0.0455,0.045,5
911,I,0.34,0.25,0.07,0.2225,0.104,0.0425,0.055,7
914,I,0.37,0.28,0.095,0.2865,0.1505,0.069,0.0795,7
922,I,0.42,0.315,0.1,0.3435,0.157,0.0795,0.09,6
924,I,0.425,0.315,0.1,0.377,0.1645,0.072,0.105,6
926,I,0.43,0.325,0.09,0.425,0.217,0.087,0.095,7
927,I,0.435,0.325,0.12,0.3995,0.1815,0.061,0.1125,8
929,I,0.44,0.345,0.13,0.4495,0.209,0.0835,0.134,6
931,F,0.445,0.335,0.11,0.4355,0.2025,0.1095,0.1195,6
938,I,0.455,0.375,0.12,0.497,0.2355,0.1055,0.1295,6
939,I,0.46,0.36,0.1,0.4635,0.2325,0.093,0.115,7
941,I,0.465,0.365,0.115,0.467,0.2315,0.0925,0.113,7
942,I,0.465,0.37,0.115,0.534,0.261,0.098,0.143,7
946,F,0.47,0.365,0.12,0.582,0.29,0.092,0.146,8
947,M,0.475,0.37,0.125,0.537,0.222,0.1215,0.15,9
948,F,0.475,0.36,0.12,0.5915,0.3245,0.11,0.127,6
950,M,0.48,0.385,0.145,0.64,0.2925,0.1405,0.1575,6
951,M,0.48,0.36,0.1,0.439,0.194,0.099,0.115,8
954,M,0.49,0.385,0.125,0.649,0.32,0.124,0.1695,8
958,I,0.5,0.385,0.12,0.56,0.2835,0.103,0.135,8
965,M,0.51,0.39,0.135,0.769,0.3935,0.1455,0.19,8
969,M,0.51,0.41,0.145,0.796,0.3865,0.1815,0.1955,8
976,M,0.53,0.405,0.125,0.6515,0.2715,0.1605,0.186,7
980,F,0.55,0.445,0.155,0.9905,0.544,0.178,0.218,9
981,F,0.55,0.43,0.14,0.8105,0.368,0.161,0.275,9
990,F,0.575,0.46,0.16,1.103,0.538,0.221,0.249,9
994,F,0.58,0.45,0.145,1.137,0.5585,0.22,0.29,8
995,M,0.58,0.49,0.13,1.1335,0.586,0.2565,0.237,9
996,M,0.59,0.465,0.155,1.136,0.5245,0.2615,0.275,11
997,M,0.59,0.47,0.16,1.206,0.479,0.2425,0.309,8
999,F,0.595,0.47,0.155,1.121,0.4515,0.178,0.155,11
1000,F,0.595,0.45,0.15,1.114,0.5865,0.2205,0.25,11
1001,M,0.595,0.475,0.165,1.213,0.621,0.2435,0.274,9
1002,F,0.595,0.46,0.14,1.0045,0.4655,0.2095,0.2515,9
1003,M,0.595,0.455,0.15,1.044,0.518,0.2205,0.27,9
1004,F,0.605,0.49,0.15,1.1345,0.5265,0.2645,0.295,9
1007,M,0.61,0.47,0.15,1.1625,0.565,0.258,0.3085,11
1012,M,0.625,0.49,0.175,1.3325,0.5705,0.271,0.405,10
1013,F,0.625,0.475,0.175,1.1435,0.4755,0.2475,0.349,10
1016,M,0.63,0.485,0.155,1.278,0.637,0.275,0.31,8
1018,M,0.63,0.48,0.15,1.1785,0.5185,0.248,0.3235,8
1020,M,0.635,0.525,0.185,1.4065,0.684,0.3,0.3745,10
1021,M,0.64,0.505,0.155,1.4025,0.705,0.2655,0.335,10
1022,F,0.64,0.5,0.17,1.5175,0.693,0.326,0.409,11
1025,M,0.645,0.52,0.175,1.636,0.779,0.342,0.432,11
1026,M,0.645,0.52,0.175,1.561,0.709,0.3555,0.4,8
1027,F,0.645,0.505,0.165,1.4325,0.684,0.308,0.336,8
1028,M,0.645,0.5,0.175,1.3385,0.633,0.299,0.349,11
1030,F,0.645,0.515,0.15,1.212,0.515,0.2055,0.385,10
1031,M,0.65,0.495,0.16,1.304,0.57,0.312,0.3725,9
1032,M,0.65,0.52,0.21,1.6785,0.6665,0.308,0.46,11
1037,M,0.66,0.535,0.19,1.5905,0.6425,0.297,0.5175,9
1038,M,0.66,0.495,0.195,1.6275,0.594,0.3595,0.485,10
1039,F,0.66,0.475,0.18,1.3695,0.641,0.294,0.335,6
1043,M,0.68,0.535,0.185,1.607,0.7245,0.3215,0.498,12
1044,M,0.69,0.525,0.175,1.7005,0.8255,0.362,0.405,8
1045,M,0.69,0.505,0.2,1.872,0.893,0.4015,0.48,10
1046,F,0.695,0.535,0.175,1.8385,0.8035,0.396,0.503,10
1049,M,0.715,0.565,0.175,1.9525,0.7645,0.4185,0.4135,10
1051,F,0.735,0.6,0.22,2.555,1.1335,0.44,0.6,11
1054,I,0.195,0.15,0.045,0.0375,0.018,0.006,0.011,3
1055,I,0.195,0.135,0.04,0.0325,0.0135,0.005,0.0095,4
1057,I,0.225,0.165,0.055,0.059,0.027,0.0125,0.015,4
1061,I,0.275,0.195,0.065,0.106,0.054,0.02,0.028,6
1064,I,0.3,0.22,0.08,0.1255,0.055,0.0265,0.039,6
1066,I,0.32,0.225,0.085,0.1415,0.0675,0.0295,0.0405,6
1072,I,0.4,0.32,0.095,0.348,0.194,0.053,0.087,6
1074,I,0.41,0.3,0.1,0.282,0.1255,0.057,0.0875,7
1077,I,0.42,0.32,0.11,0.3625,0.174,0.0635,0.105,7
1079,I,0.425,0.325,0.115,0.3685,0.162,0.0865,0.1045,7
1080,M,0.43,0.335,0.12,0.397,0.1985,0.0865,0.1035,7
1081,I,0.435,0.33,0.11,0.413,0.2055,0.096,0.096,6
1086,I,0.445,0.335,0.11,0.411,0.1985,0.0935,0.109,8
1088,I,0.45,0.34,0.12,0.4925,0.241,0.1075,0.12,6
1093,M,0.47,0.36,0.105,0.544,0.27,0.1395,0.129,7
1094,I,0.47,0.38,0.125,0.4845,0.211,0.1075,0.142,6
1095,I,0.475,0.35,0.11,0.4565,0.206,0.099,0.13,6
1096,I,0.475,0.35,0.1,0.4545,0.2165,0.111,0.115,7
1097,I,0.48,0.38,0.125,0.6245,0.3395,0.1085,0.1665,8
1098,M,0.49,0.465,0.125,0.5225,0.235,0.13,0.141,7
1100,I,0.5,0.375,0.12,0.542,0.215,0.116,0.17,9
1102,M,0.5,0.39,0.125,0.5215,0.2485,0.117,0.131,6
1103,F,0.505,0.39,0.125,0.5445,0.246,0.15,0.1405,7
1105,F,0.51,0.4,0.125,0.545,0.261,0.115,0.1385,6
1110,I,0.52,0.38,0.135,0.5395,0.2295,0.133,0.157,8
1118,I,0.535,0.39,0.125,0.599,0.2595,0.149,0.169,9
1121,M,0.545,0.41,0.12,0.793,0.434,0.1405,0.19,9
1125,M,0.55,0.425,0.15,0.8315,0.411,0.1765,0.2165,10
1129,M,0.56,0.415,0.145,0.852,0.43,0.1885,0.205,8
1131,M,0.565,0.435,0.15,0.99,0.5795,0.1825,0.206,8
1132,F,0.565,0.45,0.175,1.0095,0.447,0.2375,0.2645,9
1135,I,0.57,0.44,0.15,0.755,0.3425,0.16,0.224,8
1136,F,0.575,0.46,0.145,0.9945,0.466,0.229,0.265,7
1137,F,0.575,0.45,0.16,1.068,0.556,0.214,0.2575,10
1140,M,0.575,0.455,0.135,0.907,0.4245,0.197,0.26,9
1142,M,0.575,0.445,0.17,1.0225,0.549,0.2175,0.228,9
1143,M,0.575,0.445,0.145,0.847,0.415,0.1945,0.22,9
1144,M,0.58,0.455,0.15,1.114,0.4765,0.2155,0.265,8
1148,M,0.58,0.45,0.145,1.0025,0.547,0.1975,0.2295,8
1149,F,0.58,0.45,0.155,0.93,0.385,0.246,0.265,9
1151,M,0.585,0.465,0.16,0.9555,0.4595,0.236,0.265,7
1153,F,0.6,0.475,0.16,1.0265,0.485,0.2495,0.2565,9
1155,F,0.6,0.465,0.15,1.1025,0.5455,0.262,0.25,8
1157,F,0.605,0.47,0.165,1.1775,0.611,0.2275,0.292,9
1159,M,0.605,0.48,0.17,1.1835,0.582,0.2365,0.317,10
1160,F,0.605,0.475,0.165,1.056,0.433,0.2195,0.357,9
1161,M,0.61,0.485,0.16,1.0145,0.5315,0.212,0.2415,8
1163,M,0.61,0.47,0.165,1.052,0.498,0.242,0.267,9
1164,M,0.615,0.46,0.17,1.0565,0.4815,0.272,0.27,10
1165,F,0.615,0.465,0.15,0.923,0.4615,0.1825,0.2415,9
1167,M,0.62,0.47,0.135,1.0195,0.5315,0.2005,0.2475,8
1169,F,0.62,0.48,0.16,1.1125,0.5635,0.2445,0.281,8
1172,M,0.63,0.47,0.155,1.1325,0.589,0.211,0.287,8
1178,F,0.65,0.5,0.19,1.464,0.6415,0.339,0.4245,9
1179,M,0.65,0.5,0.155,1.202,0.565,0.3135,0.294,11
1181,F,0.655,0.51,0.175,1.415,0.5885,0.3725,0.364,10
1185,F,0.67,0.505,0.205,1.3645,0.6075,0.3025,0.353,9
1186,F,0.685,0.54,0.215,1.7025,0.664,0.3655,0.4735,14
1188,F,0.69,0.54,0.155,1.454,0.624,0.3105,0.39,9
1191,M,0.695,0.56,0.185,1.74,0.885,0.3715,0.4375,10
1196,F,0.71,0.56,0.18,1.652,0.735,0.381,0.4525,11
1198,M,0.715,0.535,0.19,1.6755,0.889,0.313,0.42,10
1202,M,0.725,0.505,0.185,1.978,1.026,0.4255,0.4505,12
1206,F,0.75,0.57,0.21,2.236,1.109,0.5195,0.545,11
1209,F,0.78,0.63,0.215,2.657,1.488,0.4985,0.586,11
1211,I,0.245,0.205,0.06,0.0765,0.034,0.014,0.0215,4
1213,I,0.25,0.19,0.065,0.0835,0.039,0.015,0.025,5
1217,I,0.315,0.23,0.08,0.1375,0.0545,0.031,0.0445,5
1219,I,0.325,0.225,0.075,0.139,0.0565,0.032,0.09,6
1220,I,0.33,0.25,0.095,0.2085,0.102,0.0395,0.052,7
1222,I,0.335,0.245,0.09,0.2015,0.096,0.0405,0.048,7
1223,I,0.34,0.25,0.09,0.179,0.0775,0.033,0.055,6
1224,I,0.345,0.255,0.095,0.1945,0.0925,0.037,0.055,6
1229,I,0.365,0.27,0.085,0.1875,0.081,0.042,0.058,6
1232,I,0.37,0.29,0.09,0.2445,0.089,0.0655,0.075,7
1233,I,0.37,0.28,0.085,0.217,0.1095,0.035,0.062,6
1235,I,0.375,0.29,0.085,0.2385,0.118,0.045,0.0695,7
1238,I,0.375,0.28,0.08,0.2025,0.0825,0.048,0.065,8
1242,I,0.385,0.29,0.09,0.2615,0.111,0.0595,0.0745,9
1244,I,0.385,0.3,0.095,0.302,0.152,0.0615,0.0735,7
1247,I,0.395,0.305,0.105,0.284,0.1135,0.0595,0.0945,8
1248,I,0.395,0.295,0.095,0.2725,0.115,0.0625,0.085,8
1249,I,0.395,0.27,0.1,0.2985,0.1445,0.061,0.082,5
1254,I,0.425,0.325,0.11,0.3335,0.173,0.045,0.1,7
1256,I,0.425,0.31,0.09,0.301,0.1385,0.065,0.08,7
1257,I,0.43,0.34,0.0,0.428,0.2065,0.086,0.115,8
1258,I,0.43,0.315,0.095,0.378,0.175,0.08,0.1045,8
1261,I,0.45,0.33,0.105,0.448,0.208,0.089,0.12,9
1262,I,0.455,0.345,0.105,0.4005,0.164,0.0755,0.126,8
1265,I,0.46,0.36,0.105,0.466,0.2225,0.099,0.11,7
1266,I,0.46,0.35,0.105,0.3705,0.1575,0.077,0.114,9
1268,I,0.465,0.34,0.11,0.346,0.1425,0.073,0.113,11
1273,I,0.475,0.38,0.12,0.441,0.1785,0.0885,0.1505,8
1276,I,0.48,0.355,0.115,0.4725,0.2065,0.112,0.132,8
1279,I,0.495,0.38,0.13,0.5125,0.2185,0.116,0.16,7
1280,M,0.495,0.395,0.12,0.553,0.224,0.1375,0.167,8
1281,I,0.5,0.38,0.135,0.594,0.2945,0.104,0.1565,9
1282,M,0.5,0.42,0.135,0.6765,0.302,0.1415,0.2065,9
1285,I,0.5,0.375,0.125,0.5695,0.259,0.124,0.157,7
1286,I,0.5,0.395,0.14,0.6215,0.2925,0.1205,0.195,9
1287,I,0.505,0.405,0.13,0.6015,0.3015,0.11,0.18,8
1288,I,0.505,0.38,0.12,0.594,0.2595,0.1435,0.18,7
1289,I,0.505,0.395,0.105,0.551,0.248,0.103,0.171,8
1290,I,0.515,0.38,0.12,0.625,0.3265,0.1295,0.16,7
1292,I,0.515,0.4,0.135,0.6965,0.32,0.1255,0.175,9
1295,I,0.525,0.4,0.125,0.6965,0.369,0.1385,0.164,9
1296,M,0.525,0.42,0.155,0.842,0.428,0.1415,0.2045,9
1298,I,0.53,0.42,0.155,0.81,0.4725,0.111,0.192,10
1299,I,0.53,0.415,0.11,0.5745,0.2525,0.1235,0.189,9
1300,I,0.53,0.425,0.13,0.7675,0.419,0.1205,0.21,9
1301,I,0.535,0.4,0.135,0.6025,0.2895,0.121,0.154,9
1304,M,0.535,0.435,0.15,0.717,0.3475,0.1445,0.194,9
1307,I,0.545,0.435,0.135,0.7715,0.372,0.148,0.227,8
1309,I,0.545,0.43,0.15,0.7285,0.302,0.1315,0.2545,10
1310,I,0.545,0.405,0.135,0.5945,0.27,0.1185,0.185,8
1313,M,0.55,0.43,0.15,0.8745,0.413,0.1905,0.248,9
1315,I,0.55,0.425,0.135,0.7305,0.3325,0.1545,0.215,9
1316,M,0.555,0.44,0.14,0.8705,0.407,0.156,0.255,9
1321,I,0.56,0.425,0.145,0.688,0.3095,0.1305,0.2165,9
1324,I,0.565,0.44,0.175,0.8735,0.414,0.21,0.21,11
1325,F,0.565,0.45,0.145,0.8495,0.4215,0.1685,0.225,8
1327,M,0.565,0.39,0.125,0.744,0.352,0.13,0.1685,11
1328,I,0.57,0.45,0.145,0.751,0.2825,0.2195,0.2215,10
1329,I,0.57,0.45,0.135,0.794,0.3815,0.1415,0.245,8
1330,F,0.57,0.46,0.135,0.9795,0.397,0.2525,0.2655,9
1331,M,0.57,0.435,0.17,0.873,0.382,0.183,0.2705,10
1333,M,0.57,0.435,0.125,0.8965,0.383,0.1835,0.275,9
1334,F,0.575,0.42,0.135,0.857,0.461,0.147,0.2125,10
1336,M,0.575,0.46,0.155,0.892,0.4415,0.176,0.22,10
1340,M,0.585,0.465,0.155,0.9145,0.4555,0.1965,0.235,9
1346,M,0.585,0.45,0.18,0.7995,0.336,0.1855,0.237,8
1350,F,0.595,0.465,0.15,0.98,0.4115,0.196,0.2255,10
1351,F,0.595,0.465,0.155,1.026,0.4645,0.112,0.305,12
1355,F,0.6,0.465,0.155,1.04,0.4755,0.25,0.28,11
1358,I,0.605,0.485,0.15,1.238,0.6315,0.226,0.33,11
1359,M,0.605,0.49,0.14,0.9755,0.419,0.206,0.315,10
1360,I,0.605,0.435,0.13,0.9025,0.432,0.174,0.26,11
1363,M,0.61,0.45,0.15,0.871,0.407,0.1835,0.25,10
1366,I,0.61,0.465,0.15,0.9605,0.4495,0.1725,0.286,9
1370,M,0.615,0.47,0.165,1.128,0.4465,0.2195,0.34,10
1372,F,0.615,0.475,0.165,1.023,0.4905,0.1955,0.3035,12
1378,F,0.62,0.5,0.15,1.293,0.596,0.3135,0.354,10
1379,F,0.62,0.475,0.16,1.1295,0.463,0.2685,0.33,10
1380,M,0.625,0.455,0.17,1.082,0.4955,0.2345,0.315,9
1384,F,0.63,0.485,0.17,1.3205,0.5945,0.345,0.345,9
1386,M,0.63,0.485,0.145,1.062,0.5065,0.1785,0.3365,12
1390,F,0.635,0.5,0.165,1.4595,0.705,0.2645,0.39,9
1396,M,0.645,0.51,0.16,1.1835,0.556,0.2385,0.345,11
1400,F,0.65,0.59,0.22,1.662,0.77,0.378,0.435,11
1402,M,0.65,0.51,0.19,1.542,0.7155,0.3735,0.375,9
1403,F,0.65,0.51,0.17,1.567,0.7245,0.349,0.391,10
1407,M,0.655,0.49,0.175,1.3585,0.6395,0.294,0.365,10
1408,F,0.66,0.495,0.21,1.548,0.724,0.3525,0.3925,10
1409,F,0.66,0.515,0.17,1.337,0.615,0.3125,0.3575,10
1410,F,0.665,0.53,0.18,1.491,0.6345,0.342,0.435,10
1411,F,0.67,0.53,0.225,1.5615,0.63,0.487,0.3725,11
1413,M,0.675,0.545,0.185,1.7375,0.876,0.3135,0.469,13
1414,M,0.685,0.545,0.205,1.7925,0.8145,0.416,0.461,9
1415,F,0.695,0.565,0.19,1.7635,0.7465,0.399,0.4975,11
1424,F,0.73,0.58,0.19,1.7375,0.6785,0.4345,0.52,11
1425,F,0.735,0.565,0.205,2.1275,0.949,0.46,0.565,12
1426,F,0.745,0.57,0.215,2.25,1.1565,0.446,0.558,9
1427,F,0.75,0.61,0.235,2.5085,1.232,0.519,0.612,14
1433,I,0.37,0.27,0.095,0.232,0.1325,0.041,0.0615,6
1436,I,0.395,0.295,0.09,0.3025,0.143,0.0665,0.0765,5
1440,I,0.405,0.29,0.09,0.2825,0.112,0.075,0.0815,7
1441,I,0.405,0.3,0.105,0.304,0.1455,0.061,0.0805,6
1442,I,0.41,0.32,0.095,0.2905,0.141,0.063,0.073,5
1444,I,0.425,0.34,0.105,0.389,0.2015,0.0905,0.088,6
1445,I,0.43,0.34,0.105,0.4405,0.2385,0.0745,0.1075,6
1446,I,0.44,0.34,0.105,0.369,0.164,0.08,0.1015,5
1450,I,0.455,0.335,0.135,0.501,0.274,0.0995,0.1065,7
1451,I,0.46,0.355,0.11,0.436,0.1975,0.096,0.125,8
1459,I,0.485,0.38,0.12,0.4725,0.2075,0.1075,0.147,6
1460,M,0.485,0.39,0.085,0.6435,0.2945,0.103,0.198,8
1462,F,0.495,0.38,0.12,0.573,0.2655,0.1285,0.144,7
1465,I,0.515,0.395,0.125,0.556,0.2695,0.096,0.17,8
1467,I,0.515,0.4,0.125,0.5625,0.25,0.1245,0.17,7
1471,M,0.53,0.4,0.125,0.7575,0.398,0.151,0.175,8
1472,F,0.545,0.41,0.14,0.7405,0.3565,0.1775,0.203,9
1475,F,0.56,0.43,0.15,0.8745,0.453,0.161,0.22,8
1477,M,0.57,0.445,0.15,0.9875,0.504,0.207,0.249,8
1482,M,0.585,0.455,0.15,0.906,0.4095,0.23,0.2335,8
1483,M,0.59,0.44,0.15,0.8725,0.387,0.215,0.245,8
1487,M,0.6,0.455,0.155,0.945,0.4365,0.2085,0.25,8
1490,F,0.605,0.485,0.16,1.201,0.417,0.2875,0.38,9
1492,F,0.61,0.485,0.17,1.1005,0.5125,0.229,0.305,11
1495,F,0.62,0.435,0.155,1.012,0.477,0.236,0.275,8
1497,M,0.625,0.52,0.175,1.4105,0.691,0.322,0.3465,10
1498,M,0.625,0.47,0.18,1.136,0.451,0.3245,0.305,11
1499,M,0.63,0.47,0.145,1.1005,0.52,0.26,0.276,9
1502,M,0.63,0.48,0.15,1.271,0.6605,0.2425,0.31,11
1503,F,0.63,0.49,0.225,1.336,0.6805,0.259,0.3245,10
1507,F,0.645,0.515,0.175,1.546,0.7035,0.365,0.415,10
1509,F,0.645,0.505,0.165,1.318,0.55,0.3015,0.335,11
1510,F,0.65,0.545,0.175,1.5245,0.59,0.326,0.495,10
1511,M,0.65,0.515,0.175,1.466,0.677,0.3045,0.4,10
1515,M,0.655,0.51,0.215,1.7835,0.8885,0.4095,0.4195,11
1517,F,0.665,0.515,0.18,1.389,0.5945,0.324,0.395,10
1522,M,0.68,0.515,0.17,1.6115,0.8415,0.306,0.395,11
1525,M,0.7,0.555,0.2,1.858,0.73,0.3665,0.595,11
1536,I,0.335,0.255,0.08,0.168,0.079,0.0355,0.05,5
1538,I,0.355,0.27,0.075,0.1775,0.079,0.0315,0.054,6
1539,I,0.355,0.26,0.09,0.1985,0.0715,0.0495,0.058,7
1540,I,0.36,0.27,0.095,0.2,0.073,0.056,0.061,8
1541,I,0.36,0.275,0.075,0.2205,0.0985,0.044,0.066,7
1543,I,0.365,0.27,0.085,0.2225,0.0935,0.0525,0.066,7
1548,I,0.385,0.29,0.09,0.2365,0.1,0.0505,0.076,8
1549,I,0.385,0.28,0.095,0.257,0.119,0.059,0.07,7
1550,I,0.385,0.3,0.09,0.308,0.1525,0.056,0.0835,8
1554,I,0.41,0.3,0.09,0.304,0.129,0.071,0.0955,8
1556,I,0.415,0.325,0.1,0.313,0.139,0.0625,0.0965,7
1557,I,0.425,0.325,0.11,0.317,0.135,0.048,0.09,8
1561,I,0.45,0.34,0.095,0.3245,0.1385,0.064,0.105,8
1567,I,0.465,0.345,0.11,0.393,0.1825,0.0735,0.12,8
1568,I,0.47,0.355,0.125,0.499,0.21,0.0985,0.155,8
1569,I,0.475,0.36,0.145,0.6325,0.2825,0.137,0.19,8
1575,I,0.485,0.375,0.13,0.6025,0.2935,0.1285,0.16,7
1579,I,0.495,0.4,0.105,0.602,0.2505,0.1265,0.19,8
1583,I,0.51,0.395,0.13,0.6025,0.281,0.143,0.162,7
1587,I,0.515,0.395,0.125,0.6635,0.32,0.14,0.17,8
1589,I,0.52,0.41,0.145,0.646,0.2965,0.1595,0.165,9
1591,M,0.525,0.415,0.145,0.845,0.3525,0.1635,0.2875,8
1594,I,0.525,0.4,0.14,0.654,0.305,0.16,0.169,7
1595,M,0.525,0.4,0.155,0.707,0.282,0.1605,0.225,9
1596,I,0.53,0.42,0.12,0.5965,0.2555,0.141,0.177,7
1597,I,0.53,0.43,0.135,0.6255,0.245,0.1455,0.2135,10
1601,I,0.54,0.43,0.17,0.836,0.3725,0.1815,0.24,9
1605,I,0.54,0.42,0.14,0.6275,0.2505,0.1175,0.235,9
1607,I,0.54,0.425,0.135,0.686,0.3475,0.1545,0.213,8
1608,I,0.545,0.4,0.13,0.686,0.3285,0.1455,0.18,9
1610,I,0.545,0.42,0.125,0.717,0.358,0.112,0.22,8
1612,I,0.55,0.425,0.15,0.639,0.269,0.1345,0.217,9
1613,I,0.55,0.42,0.135,0.816,0.3995,0.1485,0.23,12
1616,I,0.555,0.395,0.13,0.5585,0.222,0.1245,0.17,9
1621,M,0.56,0.425,0.135,0.849,0.3265,0.221,0.2645,10
1628,I,0.57,0.435,0.17,0.848,0.4,0.166,0.25,9
1630,I,0.57,0.445,0.155,0.867,0.3705,0.1705,0.28,9
1631,I,0.57,0.445,0.145,0.7405,0.306,0.172,0.1825,12
1632,M,0.575,0.455,0.165,0.867,0.3765,0.1805,0.268,8
1633,I,0.575,0.425,0.135,0.7965,0.364,0.196,0.239,10
1639,I,0.575,0.45,0.135,0.807,0.3615,0.176,0.254,10
1643,F,0.58,0.435,0.15,0.834,0.428,0.1515,0.23,8
1644,M,0.58,0.46,0.155,1.0335,0.469,0.2225,0.295,10
1647,F,0.585,0.445,0.14,0.913,0.4305,0.2205,0.253,10
1648,M,0.59,0.49,0.165,1.207,0.559,0.235,0.309,10
1651,F,0.595,0.435,0.15,0.9,0.4175,0.17,0.265,8
1654,I,0.595,0.46,0.15,0.8335,0.377,0.1925,0.235,8
1657,M,0.6,0.48,0.165,0.9165,0.4135,0.1965,0.2725,9
1659,F,0.6,0.48,0.18,1.0645,0.4495,0.2455,0.325,10
1664,I,0.605,0.47,0.145,0.8025,0.379,0.2265,0.22,9
1665,F,0.605,0.48,0.14,0.991,0.4735,0.2345,0.24,8
1666,F,0.605,0.47,0.155,0.974,0.393,0.224,0.3345,9
1672,F,0.61,0.475,0.16,1.1155,0.3835,0.223,0.379,10
1675,F,0.61,0.485,0.18,1.2795,0.5735,0.2855,0.355,7
1677,M,0.615,0.475,0.175,1.224,0.6035,0.261,0.311,9
1679,F,0.62,0.515,0.155,1.3255,0.6685,0.2605,0.335,12
1687,F,0.62,0.48,0.175,1.0405,0.464,0.2225,0.3,9
1691,I,0.625,0.47,0.155,1.1955,0.643,0.2055,0.3145,12
1694,M,0.63,0.505,0.17,1.0915,0.4615,0.266,0.3,9
1697,M,0.63,0.485,0.165,1.233,0.6565,0.2315,0.3035,10
1698,M,0.63,0.495,0.175,1.2695,0.605,0.271,0.328,11
1699,I,0.635,0.5,0.165,1.489,0.715,0.3445,0.3615,13
1700,M,0.635,0.5,0.17,1.4345,0.611,0.309,0.418,12
1701,F,0.635,0.49,0.175,1.2435,0.5805,0.313,0.305,10
1703,F,0.64,0.505,0.165,1.2235,0.5215,0.2695,0.36,10
1704,M,0.64,0.515,0.18,1.247,0.5475,0.2925,0.3685,10
1705,M,0.64,0.525,0.185,1.707,0.763,0.4205,0.4435,11
1709,M,0.645,0.51,0.19,1.4745,0.605,0.345,0.48,9
1711,M,0.645,0.51,0.16,1.33,0.6665,0.309,0.317,9
1712,F,0.645,0.51,0.16,1.2415,0.5815,0.276,0.315,9
1713,M,0.645,0.5,0.175,1.3375,0.554,0.308,0.415,10
1715,M,0.645,0.485,0.15,1.2215,0.5695,0.2735,0.33,9
1716,F,0.645,0.48,0.19,1.371,0.6925,0.2905,0.35,12
1717,F,0.65,0.495,0.155,1.337,0.615,0.3195,0.335,9
1720,M,0.65,0.51,0.16,1.3835,0.6385,0.2905,0.3665,9
1725,M,0.66,0.5,0.165,1.3195,0.667,0.269,0.341,9
1726,F,0.66,0.535,0.175,1.5175,0.711,0.3125,0.415,12
1728,M,0.66,0.51,0.165,1.6375,0.7685,0.3545,0.3925,14
1729,M,0.665,0.525,0.175,1.443,0.6635,0.3845,0.353,11
1731,F,0.665,0.505,0.16,1.2915,0.631,0.2925,0.32,11
1734,M,0.67,0.505,0.16,1.2585,0.6255,0.311,0.308,12
1735,M,0.67,0.52,0.165,1.39,0.711,0.2865,0.3,11
1738,F,0.67,0.54,0.195,1.619,0.74,0.3305,0.465,11
1741,M,0.68,0.52,0.195,1.4535,0.592,0.391,0.4125,10
1742,F,0.68,0.51,0.2,1.6075,0.714,0.339,0.4705,11
1743,M,0.685,0.52,0.15,1.3735,0.7185,0.293,0.32,11
1744,F,0.685,0.565,0.175,1.638,0.7775,0.375,0.438,11
1745,F,0.69,0.55,0.2,1.569,0.687,0.3675,0.46,12
1749,M,0.71,0.575,0.215,2.009,0.9895,0.4475,0.502,11
1751,F,0.71,0.54,0.205,1.5805,0.802,0.287,0.435,10
1754,M,0.72,0.55,0.205,2.125,1.1455,0.4425,0.511,13
1756,F,0.725,0.565,0.21,2.1425,1.03,0.487,0.503,14
1759,F,0.74,0.565,0.205,2.119,0.9655,0.5185,0.482,12
1762,M,0.77,0.62,0.195,2.5155,1.1155,0.6415,0.642,12
1764,I,0.275,0.175,0.09,0.2315,0.096,0.057,0.0705,5
1765,I,0.375,0.245,0.1,0.394,0.166,0.091,0.1125,6
1770,I,0.455,0.335,0.105,0.422,0.229,0.0865,0.1,6
1772,I,0.455,0.345,0.11,0.434,0.207,0.0855,0.1215,8
1773,I,0.465,0.325,0.14,0.7615,0.362,0.1535,0.209,10
1781,M,0.515,0.395,0.135,1.007,0.472,0.2495,0.252,8
1782,M,0.525,0.365,0.17,0.9605,0.438,0.2225,0.276,10
1785,F,0.535,0.425,0.135,0.771,0.3765,0.1815,0.1795,8
1786,I,0.535,0.385,0.18,1.0835,0.4955,0.2295,0.304,8
1788,F,0.545,0.415,0.2,1.358,0.567,0.318,0.403,10
1791,M,0.55,0.42,0.16,1.3405,0.6325,0.311,0.344,10
1793,M,0.575,0.44,0.185,1.025,0.5075,0.2245,0.2485,10
1796,M,0.585,0.455,0.145,0.953,0.3945,0.2685,0.258,10
1798,M,0.6,0.495,0.175,1.3005,0.6195,0.284,0.3285,11
1799,M,0.6,0.465,0.165,1.038,0.4975,0.2205,0.251,9
1800,M,0.605,0.475,0.175,1.2525,0.5575,0.3055,0.343,9
1802,F,0.61,0.475,0.15,1.1135,0.5195,0.2575,0.3005,11
1808,F,0.635,0.475,0.15,1.1845,0.533,0.307,0.291,10
1810,M,0.645,0.5,0.16,1.3815,0.672,0.326,0.315,9
1818,F,0.695,0.55,0.185,1.679,0.805,0.4015,0.3965,10
1822,M,0.72,0.56,0.18,1.5865,0.691,0.375,0.4425,11
1823,M,0.73,0.575,0.21,2.069,0.9285,0.409,0.643,11
1827,I,0.34,0.26,0.085,0.1885,0.0815,0.0335,0.06,6
1828,I,0.35,0.265,0.08,0.2,0.09,0.042,0.06,7
1830,I,0.365,0.275,0.085,0.223,0.098,0.0375,0.075,7
1831,I,0.365,0.27,0.075,0.2215,0.095,0.0445,0.07,6
1835,I,0.41,0.335,0.105,0.3305,0.1405,0.064,0.105,7
1838,I,0.415,0.31,0.095,0.311,0.1125,0.0625,0.115,8
1842,I,0.435,0.33,0.11,0.38,0.1515,0.0945,0.11,7
1854,I,0.495,0.375,0.14,0.494,0.181,0.0975,0.191,8
1859,I,0.515,0.415,0.135,0.7125,0.285,0.152,0.245,10
1860,I,0.515,0.42,0.15,0.6725,0.2555,0.1335,0.235,10
1861,M,0.515,0.385,0.11,0.5785,0.253,0.16,0.14,8
1862,I,0.52,0.41,0.11,0.5185,0.2165,0.0915,0.184,8
1864,I,0.52,0.395,0.125,0.5805,0.2445,0.146,0.165,9
1865,I,0.52,0.38,0.115,0.6645,0.3285,0.17,0.1425,7
1866,I,0.52,0.385,0.115,0.581,0.2555,0.156,0.143,10
1867,I,0.525,0.415,0.12,0.596,0.2805,0.12,0.1695,9
1868,I,0.525,0.405,0.145,0.6965,0.3045,0.1535,0.21,8
1870,I,0.53,0.43,0.14,0.677,0.298,0.0965,0.23,8
1871,I,0.53,0.43,0.16,0.7245,0.321,0.1275,0.24,9
1872,I,0.53,0.395,0.13,0.575,0.247,0.115,0.183,9
1875,F,0.54,0.425,0.16,0.9455,0.3675,0.2005,0.295,9
1876,I,0.54,0.395,0.135,0.6555,0.2705,0.155,0.192,9
1879,I,0.545,0.43,0.14,0.687,0.2615,0.1405,0.25,9
1881,I,0.55,0.45,0.13,0.804,0.3375,0.1405,0.23,6
1882,M,0.555,0.435,0.14,0.7495,0.341,0.1645,0.214,8
1887,I,0.56,0.445,0.165,0.832,0.3455,0.179,0.279,9
1888,F,0.565,0.445,0.125,0.8305,0.3135,0.1785,0.23,11
1889,M,0.565,0.415,0.125,0.667,0.302,0.1545,0.185,7
1890,M,0.565,0.455,0.155,0.9355,0.421,0.183,0.26,11
1891,I,0.565,0.435,0.145,0.8445,0.3975,0.158,0.255,9
1894,M,0.57,0.46,0.155,1.0005,0.454,0.205,0.265,11
1900,M,0.575,0.45,0.155,0.9765,0.495,0.2145,0.235,9
1904,F,0.575,0.465,0.175,1.099,0.4735,0.202,0.35,9
1906,I,0.575,0.45,0.135,0.8245,0.3375,0.2115,0.239,11
1908,M,0.575,0.475,0.145,0.857,0.3665,0.173,0.269,9
1910,F,0.58,0.5,0.165,0.925,0.37,0.185,0.3005,10
1914,M,0.595,0.455,0.15,0.886,0.4315,0.201,0.223,10
1919,I,0.605,0.49,0.165,1.071,0.482,0.1935,0.352,10
1920,F,0.605,0.455,0.145,0.862,0.334,0.1985,0.3,9
1924,F,0.61,0.46,0.155,0.957,0.4255,0.1975,0.265,8
1926,M,0.615,0.47,0.145,1.0285,0.4435,0.2825,0.285,11
1928,F,0.615,0.495,0.16,1.255,0.5815,0.3195,0.3225,12
1929,M,0.615,0.495,0.2,1.219,0.564,0.227,0.3885,10
1931,M,0.62,0.49,0.15,1.195,0.4605,0.302,0.355,9
1935,M,0.62,0.485,0.155,1.0295,0.425,0.2315,0.335,12
1939,F,0.625,0.445,0.16,1.09,0.46,0.2965,0.304,11
1940,F,0.625,0.52,0.18,1.354,0.4845,0.351,0.375,11
1941,F,0.625,0.47,0.145,0.984,0.475,0.2,0.265,11
1943,F,0.635,0.485,0.165,1.2695,0.5635,0.3065,0.3395,11
1944,F,0.635,0.52,0.165,1.3405,0.5065,0.296,0.412,11
1948,M,0.635,0.515,0.165,1.229,0.5055,0.2975,0.3535,10
1949,M,0.64,0.53,0.165,1.1895,0.4765,0.3,0.35,11
1952,I,0.64,0.49,0.135,1.1,0.488,0.2505,0.2925,10
1954,F,0.64,0.485,0.185,1.4195,0.6735,0.3465,0.3255,11
1958,I,0.65,0.52,0.15,1.238,0.5495,0.296,0.3305,10
1959,F,0.65,0.51,0.155,1.189,0.483,0.278,0.3645,13
1960,F,0.65,0.51,0.185,1.375,0.531,0.384,0.3985,10
1961,F,0.655,0.515,0.18,1.412,0.6195,0.2485,0.497,11
1962,F,0.655,0.525,0.175,1.348,0.5855,0.2605,0.394,10
1963,M,0.655,0.52,0.17,1.1445,0.53,0.223,0.348,9
1969,F,0.67,0.53,0.205,1.4015,0.643,0.2465,0.416,12
1979,M,0.7,0.55,0.195,1.6245,0.675,0.347,0.535,13
1983,F,0.725,0.57,0.205,1.6195,0.744,0.315,0.488,11
1984,F,0.75,0.55,0.195,1.8325,0.83,0.366,0.44,11
1986,I,0.135,0.13,0.04,0.029,0.0125,0.0065,0.008,4
1987,I,0.16,0.11,0.025,0.0195,0.0075,0.005,0.006,4
1988,I,0.21,0.15,0.055,0.0465,0.017,0.012,0.015,5
1989,I,0.28,0.21,0.075,0.1195,0.053,0.0265,0.03,6
1991,I,0.285,0.215,0.06,0.0935,0.031,0.023,0.03,6
1993,I,0.29,0.21,0.06,0.1195,0.056,0.0235,0.03,6
1994,I,0.29,0.21,0.065,0.097,0.0375,0.022,0.03,6
1997,I,0.335,0.25,0.08,0.1695,0.0695,0.044,0.0495,6
1998,I,0.35,0.235,0.08,0.17,0.0725,0.0465,0.0495,7
2002,I,0.36,0.27,0.085,0.196,0.0905,0.034,0.053,7
2005,I,0.395,0.29,0.095,0.3,0.158,0.068,0.078,7
2007,I,0.415,0.325,0.11,0.316,0.1385,0.0795,0.0925,8
2011,M,0.45,0.33,0.105,0.4955,0.2575,0.082,0.129,8
2018,M,0.505,0.385,0.115,0.4825,0.21,0.1035,0.1535,10
2021,M,0.525,0.41,0.13,0.6875,0.3435,0.1495,0.1765,9
2023,F,0.53,0.405,0.13,0.6355,0.2635,0.1565,0.185,9
2024,M,0.545,0.44,0.14,0.8395,0.356,0.1905,0.2385,11
2025,F,0.55,0.47,0.15,0.9205,0.381,0.2435,0.2675,10
2027,M,0.565,0.445,0.145,0.9255,0.4345,0.212,0.2475,9
2030,M,0.59,0.465,0.165,1.115,0.5165,0.273,0.275,10
2031,F,0.6,0.45,0.14,0.837,0.37,0.177,0.2425,10
2032,M,0.605,0.445,0.14,0.982,0.4295,0.2085,0.295,12
2038,I,0.28,0.215,0.08,0.132,0.072,0.022,0.033,5
2044,F,0.4,0.305,0.16,0.368,0.173,0.0705,0.105,7
2048,I,0.44,0.305,0.115,0.379,0.162,0.091,0.11,9
2049,I,0.445,0.32,0.12,0.378,0.152,0.0825,0.12,8
2052,M,0.46,0.345,0.12,0.4935,0.2435,0.1175,0.132,8
2054,M,0.465,0.36,0.11,0.4955,0.2665,0.085,0.121,7
2055,I,0.465,0.355,0.09,0.4325,0.2005,0.074,0.1275,9
2057,I,0.48,0.35,0.135,0.5465,0.2735,0.0995,0.158,8
2060,M,0.5,0.39,0.135,0.7815,0.361,0.1575,0.2385,9
2066,F,0.54,0.385,0.14,0.7655,0.3265,0.116,0.2365,10
2068,F,0.545,0.43,0.16,0.844,0.3945,0.1855,0.231,9
2071,F,0.565,0.44,0.135,0.83,0.393,0.1735,0.238,9
2074,F,0.585,0.485,0.15,1.079,0.4145,0.2115,0.356,11
2079,F,0.62,0.49,0.16,1.056,0.493,0.244,0.2725,9
2081,M,0.65,0.5,0.14,1.238,0.6165,0.2355,0.32,8
2082,F,0.665,0.525,0.21,1.644,0.818,0.3395,0.4275,10
2083,M,0.685,0.55,0.2,1.7725,0.813,0.387,0.49,11
2087,M,0.72,0.585,0.22,1.914,0.9155,0.448,0.479,11
2092,M,0.53,0.425,0.13,0.7455,0.2995,0.1355,0.245,10
2097,M,0.425,0.33,0.08,0.361,0.134,0.0825,0.125,7
2100,I,0.37,0.29,0.1,0.25,0.1025,0.0505,0.085,10
2101,M,0.5,0.38,0.155,0.66,0.2655,0.1365,0.215,19
2106,M,0.595,0.455,0.155,1.041,0.416,0.2105,0.365,14
2107,F,0.675,0.55,0.18,1.6885,0.562,0.3705,0.6,15
2108,M,0.665,0.535,0.225,2.1835,0.7535,0.391,0.885,27
2110,I,0.325,0.25,0.055,0.166,0.076,0.051,0.045,5
2111,I,0.455,0.355,0.08,0.452,0.2165,0.0995,0.125,9
2113,I,0.385,0.29,0.09,0.232,0.0855,0.0495,0.08,7
2118,F,0.48,0.38,0.12,0.608,0.2705,0.1405,0.185,8
2119,I,0.455,0.37,0.125,0.433,0.201,0.1265,0.145,9
2129,M,0.595,0.47,0.15,0.8915,0.359,0.2105,0.245,12
2130,M,0.585,0.455,0.14,0.97,0.462,0.185,0.295,9
2131,M,0.32,0.24,0.08,0.18,0.08,0.0385,0.055,6
2132,F,0.52,0.41,0.125,0.6985,0.2945,0.1625,0.215,10
2135,M,0.565,0.425,0.1,0.7145,0.3055,0.166,0.18,12
2137,F,0.59,0.455,0.175,0.966,0.391,0.2455,0.31,10
2140,F,0.45,0.36,0.125,0.5065,0.222,0.105,0.16,10
2145,F,0.415,0.325,0.115,0.3455,0.1405,0.0765,0.11,9
2146,M,0.465,0.35,0.12,0.5205,0.2015,0.1625,0.185,11
2148,M,0.415,0.31,0.09,0.3245,0.1305,0.0735,0.115,8
2149,M,0.27,0.195,0.07,0.106,0.0465,0.018,0.036,7
2152,F,0.4,0.3,0.115,0.3025,0.1335,0.0465,0.0935,8
2158,M,0.56,0.42,0.195,0.8085,0.3025,0.1795,0.285,14
2159,F,0.64,0.51,0.2,1.3905,0.61,0.3315,0.41,12
2164,M,0.375,0.305,0.09,0.3245,0.1395,0.0565,0.095,5
2165,F,0.61,0.45,0.16,1.136,0.414,0.311,0.3,9
2167,F,0.37,0.275,0.085,0.2405,0.104,0.0535,0.07,5
2168,M,0.335,0.235,0.085,0.1545,0.066,0.0345,0.045,6
2170,M,0.285,0.21,0.075,0.1185,0.055,0.0285,0.04,7
2171,I,0.19,0.13,0.03,0.0295,0.0155,0.015,0.01,6
2174,F,0.645,0.5,0.17,1.1845,0.4805,0.274,0.355,13
2176,F,0.57,0.45,0.17,1.098,0.414,0.187,0.405,20
2178,F,0.595,0.48,0.2,0.975,0.358,0.2035,0.34,15
2182,M,0.55,0.43,0.16,0.9295,0.317,0.1735,0.355,13
2188,M,0.47,0.37,0.135,0.547,0.222,0.1325,0.17,12
2191,M,0.645,0.495,0.185,1.4935,0.5265,0.2785,0.455,15
2192,F,0.575,0.485,0.165,1.0405,0.419,0.264,0.3,14
2195,I,0.26,0.215,0.08,0.099,0.037,0.0255,0.045,5
2199,F,0.68,0.55,0.2,1.596,0.525,0.4075,0.585,21
2201,F,0.645,0.49,0.215,1.406,0.4265,0.2285,0.51,25
2203,M,0.615,0.48,0.19,1.36,0.5305,0.2375,0.47,18
2206,F,0.29,0.225,0.075,0.14,0.0515,0.0235,0.04,5
2207,M,0.42,0.34,0.115,0.4215,0.175,0.093,0.135,8
2208,F,0.625,0.525,0.215,1.5765,0.5115,0.2595,0.665,16
2209,F,0.55,0.465,0.18,1.2125,0.3245,0.205,0.525,27
2210,M,0.66,0.505,0.2,1.6305,0.4865,0.297,0.61,18
2211,M,0.565,0.47,0.195,1.142,0.387,0.258,0.35,17
2215,F,0.455,0.35,0.14,0.5725,0.1965,0.1325,0.175,10
2217,F,0.515,0.415,0.13,0.764,0.276,0.196,0.25,13
2218,M,0.495,0.39,0.15,0.853,0.3285,0.189,0.27,14
2222,F,0.625,0.525,0.195,1.352,0.4505,0.2445,0.53,13
2223,F,0.555,0.455,0.18,0.958,0.296,0.195,0.39,14
2226,I,0.355,0.28,0.11,0.2235,0.0815,0.0525,0.08,7
2228,F,0.505,0.39,0.175,0.692,0.267,0.15,0.215,12
2230,M,0.555,0.43,0.165,0.7575,0.2735,0.1635,0.275,13
2231,F,0.505,0.4,0.165,0.729,0.2675,0.155,0.25,9
2232,F,0.56,0.445,0.18,0.903,0.3575,0.2045,0.295,9
2233,M,0.595,0.475,0.17,1.0965,0.419,0.229,0.35,17
2240,M,0.415,0.315,0.125,0.388,0.068,0.09,0.125,12
2243,M,0.465,0.36,0.13,0.5265,0.2105,0.1185,0.165,10
2245,M,0.46,0.375,0.14,0.5105,0.192,0.1045,0.205,9
2254,M,0.65,0.495,0.18,1.793,0.8005,0.339,0.53,14
2256,M,0.52,0.38,0.135,0.5825,0.2505,0.1565,0.175,8
2263,F,0.62,0.51,0.15,1.456,0.581,0.2875,0.32,13
2265,F,0.72,0.575,0.215,2.226,0.8955,0.405,0.62,13
2267,F,0.61,0.48,0.175,1.0675,0.391,0.216,0.42,15
2268,F,0.545,0.445,0.175,0.8525,0.3465,0.189,0.295,13
2269,M,0.57,0.45,0.16,0.8615,0.3725,0.2175,0.255,12
2270,F,0.6,0.475,0.18,1.162,0.511,0.2675,0.32,18
2272,M,0.635,0.51,0.21,1.598,0.6535,0.2835,0.58,15
2279,M,0.525,0.405,0.135,0.7575,0.3305,0.216,0.195,10
2281,I,0.485,0.415,0.14,0.5705,0.25,0.134,0.185,8
2282,F,0.495,0.385,0.13,0.6905,0.3125,0.179,0.175,10
2283,I,0.435,0.345,0.12,0.4475,0.221,0.112,0.125,7
2284,I,0.405,0.315,0.105,0.347,0.1605,0.0785,0.1,9
2286,F,0.5,0.395,0.15,0.7145,0.3235,0.173,0.195,9
2287,F,0.385,0.305,0.105,0.3315,0.1365,0.0745,0.1,7
2288,I,0.33,0.265,0.09,0.18,0.068,0.036,0.06,6
2289,F,0.58,0.475,0.155,0.974,0.4305,0.23,0.285,10
2293,I,0.34,0.26,0.09,0.179,0.076,0.0525,0.055,6
2294,M,0.525,0.425,0.12,0.702,0.3335,0.1465,0.22,12
2295,F,0.52,0.415,0.145,0.8045,0.3325,0.1725,0.285,10
2296,F,0.535,0.45,0.135,0.8075,0.322,0.181,0.25,13
2302,M,0.46,0.375,0.13,0.5735,0.2505,0.119,0.195,9
2303,F,0.58,0.455,0.12,0.94,0.399,0.257,0.265,11
2319,F,0.505,0.395,0.145,0.6515,0.2695,0.153,0.205,15
2323,I,0.395,0.325,0.105,0.306,0.111,0.0735,0.095,8
2332,F,0.515,0.42,0.135,0.6295,0.2815,0.127,0.215,9
2334,F,0.8,0.63,0.195,2.526,0.933,0.59,0.62,23
2335,M,0.61,0.49,0.15,1.103,0.425,0.2025,0.36,23
2336,F,0.565,0.48,0.175,0.957,0.3885,0.215,0.275,18
2337,M,0.56,0.455,0.165,0.86,0.4015,0.1695,0.245,11
2338,M,0.655,0.485,0.195,1.62,0.6275,0.358,0.485,17
2340,F,0.59,0.47,0.17,0.9,0.355,0.1905,0.25,11
2341,I,0.31,0.24,0.09,0.1455,0.0605,0.0315,0.045,7
2342,I,0.255,0.185,0.07,0.075,0.028,0.018,0.025,6
2344,M,0.67,0.55,0.17,1.247,0.472,0.2455,0.4,21
2348,M,0.525,0.43,0.165,0.8645,0.376,0.1945,0.2515,16
2349,F,0.45,0.36,0.105,0.4715,0.2035,0.0935,0.149,9
2357,M,0.585,0.455,0.125,1.027,0.391,0.212,0.25,17
2361,M,0.55,0.45,0.155,0.7895,0.343,0.159,0.25,12
2363,M,0.57,0.475,0.195,1.0295,0.4635,0.1905,0.305,18
2367,M,0.65,0.545,0.16,1.2425,0.487,0.296,0.48,15
2374,I,0.435,0.335,0.11,0.383,0.1555,0.0675,0.135,12
2377,I,0.535,0.41,0.155,0.6315,0.2745,0.1415,0.1815,12
2383,F,0.525,0.39,0.135,0.6005,0.2265,0.131,0.21,16
2389,M,0.42,0.34,0.125,0.4495,0.165,0.1125,0.144,11
2390,F,0.455,0.35,0.125,0.4485,0.1585,0.102,0.1335,16
2391,M,0.37,0.29,0.09,0.241,0.11,0.045,0.069,10
2392,M,0.33,0.25,0.09,0.197,0.085,0.041,0.0605,10
2394,I,0.625,0.46,0.16,1.2395,0.55,0.273,0.38,14
2396,I,0.625,0.465,0.155,0.972,0.404,0.1845,0.35,14
2399,F,0.53,0.43,0.17,0.775,0.35,0.152,0.235,17
2406,F,0.58,0.46,0.185,1.017,0.3515,0.2,0.32,10
2413,F,0.505,0.38,0.145,0.651,0.2935,0.19,0.17,12
2420,M,0.35,0.255,0.085,0.2145,0.1,0.0465,0.06,13
2421,I,0.52,0.415,0.16,0.595,0.2105,0.142,0.26,15
2422,F,0.475,0.365,0.13,0.4805,0.1905,0.114,0.1475,12
2423,F,0.41,0.315,0.11,0.321,0.1255,0.0655,0.095,10
2424,M,0.26,0.2,0.065,0.096,0.044,0.027,0.03,6
2425,I,0.575,0.45,0.17,0.9315,0.358,0.2145,0.26,13
2430,I,0.52,0.38,0.14,0.525,0.1775,0.115,0.185,11
2432,F,0.61,0.485,0.165,1.087,0.4255,0.232,0.38,11
2438,F,0.515,0.4,0.17,0.796,0.258,0.1755,0.28,16
2439,F,0.345,0.255,0.1,0.197,0.071,0.051,0.06,9
2444,M,0.5,0.355,0.14,0.528,0.2125,0.149,0.14,9
2446,F,0.55,0.435,0.17,0.884,0.2875,0.1645,0.28,14
2448,F,0.35,0.265,0.09,0.1855,0.0745,0.0415,0.06,7
2455,I,0.235,0.17,0.065,0.0625,0.023,0.014,0.022,6
2458,I,0.2,0.145,0.05,0.036,0.0125,0.008,0.011,4
2460,M,0.445,0.35,0.14,0.5905,0.2025,0.158,0.19,14
2463,M,0.515,0.405,0.14,0.8505,0.312,0.146,0.315,17
2464,F,0.52,0.405,0.14,0.6915,0.276,0.137,0.215,11
2468,F,0.37,0.275,0.08,0.227,0.093,0.0625,0.07,8
2471,M,0.565,0.44,0.175,1.122,0.393,0.2,0.375,20
2478,F,0.47,0.355,0.18,0.441,0.1525,0.1165,0.135,8
2480,F,0.52,0.425,0.145,0.7,0.207,0.1905,0.24,13
2481,M,0.39,0.285,0.095,0.271,0.11,0.06,0.08,8
2483,F,0.54,0.415,0.175,0.8975,0.275,0.241,0.275,14
2487,F,0.63,0.51,0.185,1.235,0.5115,0.349,0.3065,11
2489,M,0.49,0.39,0.135,0.592,0.242,0.096,0.1835,15
2490,M,0.44,0.325,0.115,0.39,0.163,0.087,0.113,7
2493,I,0.42,0.31,0.1,0.2865,0.115,0.0735,0.085,8
2494,M,0.4,0.305,0.13,0.2935,0.096,0.0675,0.105,9
2495,M,0.45,0.36,0.16,0.567,0.174,0.1245,0.225,12
2496,F,0.52,0.4,0.13,0.6245,0.215,0.2065,0.17,15
2503,I,0.3,0.23,0.075,0.127,0.052,0.03,0.0345,6
2504,I,0.31,0.24,0.105,0.2885,0.118,0.065,0.083,6
2508,I,0.415,0.315,0.105,0.33,0.1405,0.0705,0.095,6
2509,I,0.415,0.315,0.09,0.3625,0.175,0.0835,0.093,6
2510,I,0.42,0.32,0.1,0.34,0.1745,0.05,0.0945,8
2512,M,0.465,0.375,0.11,0.5,0.21,0.113,0.1505,8
2513,F,0.465,0.35,0.135,0.6265,0.259,0.1445,0.175,8
2514,I,0.47,0.37,0.11,0.5555,0.25,0.115,0.163,8
2515,F,0.47,0.375,0.12,0.6015,0.2765,0.1455,0.135,8
2517,M,0.48,0.37,0.135,0.6315,0.3445,0.1015,0.161,7
2521,M,0.54,0.42,0.12,0.8115,0.392,0.1455,0.2235,9
2526,M,0.59,0.48,0.16,1.262,0.5685,0.2725,0.335,9
2528,F,0.6,0.475,0.135,1.4405,0.5885,0.191,0.3175,9
2531,M,0.605,0.475,0.175,1.201,0.5395,0.275,0.309,10
2532,F,0.625,0.49,0.155,1.33,0.6675,0.259,0.33,10
2534,M,0.64,0.585,0.195,1.647,0.7225,0.331,0.471,12
2536,F,0.655,0.545,0.165,1.6225,0.6555,0.299,0.513,12
2539,F,0.675,0.555,0.205,1.925,0.713,0.358,0.4535,13
2540,F,0.675,0.55,0.175,1.689,0.694,0.371,0.474,13
2541,F,0.69,0.55,0.18,1.659,0.8715,0.2655,0.4395,9
2545,I,0.205,0.15,0.065,0.04,0.02,0.011,0.013,4
2546,I,0.225,0.17,0.07,0.0565,0.024,0.013,0.016,4
2547,I,0.23,0.18,0.05,0.064,0.0215,0.0135,0.02,5
2548,I,0.275,0.195,0.07,0.0875,0.0345,0.022,0.0255,4
2552,I,0.31,0.225,0.075,0.155,0.065,0.037,0.0365,6
2554,I,0.34,0.265,0.07,0.185,0.0625,0.0395,0.07,7
2556,I,0.38,0.285,0.085,0.237,0.115,0.0405,0.07,6
2557,I,0.39,0.295,0.1,0.279,0.1155,0.059,0.08,7
2559,I,0.415,0.325,0.1,0.3335,0.1445,0.0715,0.095,7
2560,I,0.44,0.335,0.11,0.3885,0.175,0.0835,0.111,7
2562,I,0.44,0.325,0.1,0.4165,0.185,0.0865,0.11,6
2565,I,0.45,0.35,0.12,0.468,0.2005,0.1065,0.1325,8
2566,F,0.455,0.35,0.12,0.4555,0.1945,0.1045,0.1375,7
2567,F,0.46,0.35,0.115,0.46,0.2025,0.1115,0.1165,6
2568,I,0.46,0.345,0.12,0.4155,0.198,0.0885,0.107,7
2572,I,0.475,0.385,0.11,0.5735,0.311,0.1025,0.136,7
2575,M,0.5,0.375,0.145,0.6215,0.274,0.166,0.1485,7
2576,I,0.5,0.38,0.11,0.494,0.218,0.09,0.1325,7
2578,M,0.515,0.395,0.12,0.646,0.285,0.1365,0.172,9
2581,F,0.53,0.42,0.17,0.828,0.41,0.208,0.1505,6
2583,F,0.53,0.405,0.15,0.889,0.4055,0.2275,0.215,8
2584,M,0.54,0.435,0.14,0.7345,0.33,0.1595,0.213,9
2587,F,0.57,0.445,0.15,0.995,0.504,0.185,0.2505,9
2589,M,0.575,0.45,0.155,0.948,0.429,0.206,0.259,7
2590,F,0.58,0.445,0.145,0.888,0.41,0.1815,0.2425,8
2596,F,0.6,0.46,0.145,0.9325,0.3985,0.2245,0.248,8
2598,M,0.6,0.46,0.15,1.247,0.5335,0.2735,0.29,9
2605,F,0.62,0.475,0.16,1.3245,0.6865,0.233,0.3275,9
2606,M,0.625,0.48,0.17,1.3555,0.671,0.268,0.3385,10
2607,F,0.625,0.49,0.165,1.127,0.477,0.2365,0.3185,9
2609,F,0.63,0.495,0.2,1.4255,0.659,0.336,0.38,11
2613,F,0.635,0.495,0.195,1.297,0.556,0.2985,0.37,11
2615,M,0.645,0.5,0.175,1.5105,0.6735,0.3755,0.3775,12
2617,M,0.67,0.52,0.19,1.6385,0.8115,0.369,0.391,9
2619,M,0.69,0.54,0.185,1.71,0.7725,0.3855,0.4325,8
2621,M,0.695,0.525,0.175,1.742,0.696,0.389,0.505,12
2624,M,0.765,0.585,0.18,2.398,1.128,0.512,0.5335,12
2630,I,0.355,0.285,0.095,0.2275,0.0955,0.0475,0.0715,6
2632,I,0.415,0.315,0.1,0.3645,0.1765,0.0795,0.095,8
2633,I,0.425,0.33,0.115,0.3265,0.1315,0.077,0.103,6
2635,I,0.43,0.32,0.1,0.3465,0.1635,0.08,0.09,7
2639,I,0.46,0.37,0.12,0.5335,0.2645,0.108,0.1345,6
2640,I,0.465,0.355,0.105,0.442,0.2085,0.0975,0.1185,7
2641,I,0.475,0.365,0.1,0.1315,0.2025,0.0875,0.123,7
2644,I,0.49,0.375,0.125,0.5445,0.279,0.115,0.13,8
2648,M,0.5,0.38,0.12,0.5765,0.273,0.135,0.145,9
2650,I,0.51,0.395,0.155,0.5395,0.2465,0.1085,0.167,8
2658,I,0.55,0.42,0.13,0.636,0.294,0.144,0.1755,8
2659,F,0.55,0.44,0.135,0.8435,0.434,0.1995,0.185,8
2661,M,0.565,0.43,0.13,0.784,0.3495,0.1885,0.213,9
2665,F,0.575,0.48,0.15,0.897,0.4235,0.1905,0.248,8
2667,F,0.585,0.45,0.15,0.938,0.467,0.203,0.225,7
2668,F,0.585,0.435,0.14,0.6955,0.3085,0.129,0.2245,8
2669,M,0.59,0.47,0.15,0.861,0.413,0.164,0.249,8
2671,F,0.59,0.46,0.16,1.0115,0.445,0.2615,0.2565,8
2673,M,0.595,0.47,0.165,1.108,0.4915,0.2325,0.3345,9
2675,M,0.6,0.49,0.21,1.9875,1.005,0.419,0.491,10
2677,F,0.615,0.475,0.17,1.055,0.543,0.246,0.2345,9
2680,M,0.615,0.475,0.175,1.103,0.4635,0.3095,0.2725,10
2681,M,0.62,0.49,0.155,1.1,0.505,0.2475,0.31,9
2687,M,0.63,0.51,0.175,1.3415,0.6575,0.262,0.375,10
2692,M,0.65,0.515,0.125,1.1805,0.5235,0.283,0.3275,9
2693,M,0.65,0.52,0.175,1.2655,0.615,0.2775,0.336,9
2701,F,0.675,0.55,0.19,1.551,0.7105,0.3685,0.412,13
2704,M,0.7,0.525,0.175,1.7585,0.8745,0.3615,0.47,10
2705,M,0.7,0.55,0.2,1.523,0.693,0.306,0.4405,13
2707,M,0.725,0.55,0.2,1.51,0.8735,0.4265,0.5085,9
2709,F,0.74,0.575,0.22,2.012,0.8915,0.5265,0.471,12
2710,M,0.75,0.555,0.215,2.201,1.0615,0.5235,0.5285,11
2711,I,0.19,0.14,0.03,0.0315,0.0125,0.005,0.0105,3
2712,I,0.21,0.15,0.045,0.04,0.0135,0.008,0.0105,4
2713,I,0.25,0.175,0.06,0.0635,0.0275,0.008,0.02,4
2714,I,0.29,0.215,0.065,0.0985,0.0425,0.021,0.031,5
2715,I,0.335,0.25,0.08,0.167,0.0675,0.0325,0.0575,6
2717,I,0.345,0.255,0.095,0.183,0.075,0.0385,0.06,6
2719,I,0.36,0.26,0.08,0.1795,0.074,0.0315,0.06,5
2720,I,0.37,0.275,0.09,0.2065,0.096,0.0395,0.058,7
2721,I,0.375,0.29,0.14,0.3,0.14,0.0625,0.0825,8
2724,I,0.385,0.285,0.085,0.244,0.1215,0.0445,0.068,8
2727,I,0.405,0.305,0.1,0.271,0.0965,0.061,0.091,7
2729,I,0.405,0.305,0.1,0.268,0.1145,0.053,0.085,7
2733,I,0.415,0.335,0.1,0.358,0.169,0.067,0.105,7
2734,I,0.42,0.325,0.115,0.314,0.1295,0.0635,0.1,8
2737,I,0.445,0.36,0.11,0.4235,0.182,0.0765,0.14,9
2740,I,0.455,0.34,0.115,0.486,0.261,0.0655,0.1315,8
2741,I,0.46,0.35,0.1,0.471,0.252,0.077,0.123,8
2742,I,0.46,0.345,0.105,0.415,0.187,0.087,0.11,8
2743,I,0.475,0.355,0.115,0.5195,0.279,0.088,0.1325,7
2746,I,0.485,0.365,0.14,0.4475,0.1895,0.0925,0.2305,8
2747,I,0.49,0.365,0.125,0.5585,0.252,0.126,0.1615,10
2750,I,0.51,0.385,0.145,0.7665,0.3985,0.14,0.1805,8
2754,I,0.525,0.385,0.13,0.607,0.2355,0.125,0.195,8
2755,F,0.525,0.415,0.15,0.7055,0.329,0.147,0.199,10
2756,I,0.525,0.4,0.13,0.6445,0.345,0.1285,0.2,8
2760,I,0.55,0.43,0.145,0.712,0.3025,0.152,0.225,10
2764,I,0.55,0.465,0.15,0.936,0.481,0.174,0.2435,9
2768,I,0.56,0.435,0.135,0.72,0.329,0.103,0.251,11
2770,F,0.57,0.445,0.155,1.017,0.5265,0.2025,0.265,10
2774,F,0.58,0.425,0.15,0.844,0.3645,0.185,0.2705,9
2777,I,0.585,0.42,0.145,0.6735,0.2895,0.1345,0.22,9
2779,M,0.59,0.47,0.145,0.9235,0.4545,0.173,0.254,9
2781,M,0.595,0.475,0.14,1.0305,0.4925,0.217,0.278,10
2784,M,0.6,0.45,0.145,0.877,0.4325,0.155,0.24,9
2785,M,0.6,0.51,0.185,1.285,0.6095,0.2745,0.315,9
2786,M,0.61,0.48,0.185,1.3065,0.6895,0.2915,0.29,10
2789,F,0.62,0.465,0.14,1.1605,0.6005,0.2195,0.307,9
2793,M,0.63,0.505,0.175,1.221,0.555,0.252,0.34,12
2797,M,0.64,0.505,0.155,1.1955,0.5565,0.211,0.346,11
2799,M,0.64,0.495,0.17,1.139,0.5395,0.282,0.285,10
2803,M,0.65,0.51,0.175,1.446,0.6485,0.2705,0.45,12
2805,F,0.66,0.525,0.2,1.463,0.6525,0.2995,0.422,11
2806,F,0.675,0.525,0.17,1.711,0.8365,0.352,0.475,9
2807,M,0.7,0.54,0.205,1.74,0.7885,0.373,0.4865,13
2809,M,0.71,0.565,0.2,1.601,0.706,0.321,0.45,11
2810,M,0.72,0.55,0.205,2.165,1.1055,0.525,0.404,10
2815,I,0.32,0.235,0.09,0.183,0.098,0.0335,0.042,7
2817,I,0.33,0.225,0.075,0.187,0.0945,0.0395,0.0425,7
2823,I,0.455,0.35,0.105,0.4445,0.213,0.107,0.1115,7
2824,I,0.46,0.365,0.115,0.511,0.2365,0.118,0.123,7
2827,I,0.5,0.375,0.12,0.529,0.2235,0.123,0.16,8
2828,M,0.52,0.4,0.105,0.872,0.4515,0.1615,0.1985,9
2833,F,0.54,0.415,0.15,0.8115,0.3875,0.1875,0.2035,9
2835,M,0.57,0.42,0.14,0.8745,0.416,0.165,0.25,8
2836,M,0.58,0.445,0.16,0.984,0.49,0.201,0.27,9
2849,M,0.63,0.49,0.165,1.2005,0.575,0.273,0.294,10
2850,M,0.63,0.485,0.16,1.243,0.623,0.275,0.3,10
2851,F,0.635,0.51,0.185,1.286,0.526,0.295,0.4105,12
2852,F,0.645,0.49,0.16,1.1665,0.4935,0.3155,0.299,9
2856,F,0.655,0.515,0.17,1.527,0.8485,0.2635,0.331,11
2857,M,0.665,0.515,0.19,1.6385,0.831,0.3575,0.371,11
2858,M,0.695,0.54,0.195,1.691,0.768,0.363,0.4755,11
2859,F,0.72,0.565,0.18,1.719,0.8465,0.407,0.3875,11
2863,M,0.74,0.595,0.19,2.3235,1.1495,0.5115,0.505,11
2867,I,0.325,0.25,0.075,0.1585,0.075,0.0305,0.0455,6
2869,I,0.37,0.28,0.085,0.198,0.0805,0.0455,0.058,5
2883,I,0.5,0.37,0.12,0.5445,0.249,0.1065,0.152,8
2887,I,0.51,0.4,0.145,0.5775,0.231,0.143,0.177,9
2889,I,0.52,0.4,0.11,0.597,0.2935,0.1155,0.16,8
2891,I,0.53,0.38,0.125,0.616,0.292,0.113,0.185,8
2893,F,0.535,0.445,0.125,0.8725,0.417,0.199,0.24,8
2894,I,0.54,0.425,0.13,0.8155,0.3675,0.1365,0.246,11
2903,F,0.575,0.425,0.15,0.8765,0.455,0.18,0.228,8
2905,M,0.575,0.45,0.165,0.9655,0.498,0.19,0.23,8
2907,M,0.58,0.46,0.15,1.049,0.5205,0.1935,0.305,10
2913,M,0.59,0.5,0.15,1.142,0.485,0.265,0.345,9
2916,M,0.595,0.47,0.155,1.2015,0.492,0.3865,0.265,10
2918,I,0.6,0.445,0.135,0.9205,0.445,0.2035,0.253,9
2923,F,0.605,0.495,0.17,1.0915,0.4365,0.2715,0.335,13
2925,I,0.605,0.48,0.155,0.9995,0.425,0.1985,0.3,10
2930,F,0.615,0.475,0.175,1.194,0.559,0.259,0.3165,11
2931,F,0.615,0.515,0.135,1.1215,0.545,0.2305,0.29,9
2932,M,0.615,0.455,0.15,0.9335,0.382,0.247,0.2615,10
2933,F,0.615,0.495,0.165,1.198,0.5415,0.2865,0.3185,10
2934,F,0.62,0.475,0.15,0.9545,0.455,0.1865,0.277,9
2939,F,0.625,0.49,0.145,0.92,0.437,0.1735,0.28,10
2941,F,0.63,0.48,0.165,1.2615,0.5505,0.277,0.3885,10
2942,M,0.63,0.53,0.18,1.2795,0.618,0.256,0.315,9
2946,M,0.635,0.52,0.175,1.292,0.6,0.269,0.367,11
2951,M,0.64,0.575,0.175,1.4585,0.625,0.266,0.4395,11
2952,F,0.645,0.485,0.15,1.151,0.5935,0.2315,0.293,12
2954,M,0.645,0.495,0.19,1.539,0.6115,0.408,0.445,12
2956,F,0.65,0.565,0.2,1.6645,0.753,0.367,0.43,12
2958,F,0.655,0.515,0.2,1.494,0.7255,0.309,0.405,12
2963,F,0.67,0.525,0.19,1.527,0.5755,0.353,0.44,12
2965,M,0.67,0.525,0.195,1.4405,0.6595,0.2675,0.425,9
2967,M,0.68,0.515,0.16,1.2345,0.618,0.2625,0.325,11
2969,M,0.685,0.505,0.19,1.533,0.667,0.4055,0.41,10
2972,M,0.72,0.58,0.19,2.0885,0.9955,0.478,0.5305,13
2974,M,0.745,0.575,0.2,1.884,0.954,0.336,0.495,12
2975,I,0.32,0.215,0.095,0.305,0.14,0.067,0.0885,6
2977,I,0.43,0.33,0.1,0.449,0.254,0.0825,0.097,6
2978,M,0.485,0.365,0.155,1.029,0.4235,0.2285,0.313,8
2979,M,0.49,0.355,0.155,0.981,0.465,0.2015,0.2505,8
2980,I,0.5,0.37,0.115,0.5745,0.306,0.112,0.141,7
2981,F,0.505,0.38,0.13,0.693,0.391,0.1195,0.1515,8
2982,F,0.51,0.37,0.21,1.183,0.508,0.292,0.343,9
2986,M,0.535,0.405,0.175,1.2705,0.548,0.3265,0.337,13
2989,M,0.56,0.425,0.135,0.9415,0.509,0.2015,0.1975,9
2991,M,0.595,0.485,0.15,1.0835,0.5305,0.231,0.276,8
2994,M,0.61,0.475,0.175,1.024,0.409,0.261,0.322,9
2996,F,0.62,0.5,0.17,1.148,0.5475,0.22,0.3315,10
2999,F,0.635,0.525,0.18,1.3695,0.634,0.318,0.363,11
3000,M,0.64,0.485,0.16,1.006,0.456,0.2245,0.2835,9
3003,F,0.655,0.505,0.175,1.2905,0.6205,0.2965,0.326,10
3004,F,0.67,0.515,0.17,1.4265,0.6605,0.3395,0.37,11
3005,M,0.68,0.54,0.21,1.7885,0.8345,0.408,0.437,13
3006,M,0.7,0.545,0.185,1.6135,0.75,0.4035,0.3685,11
3009,I,0.255,0.185,0.065,0.074,0.0305,0.0165,0.02,4
3012,I,0.39,0.3,0.1,0.2665,0.1105,0.059,0.084,7
3013,I,0.39,0.28,0.09,0.215,0.0845,0.034,0.079,8
3014,I,0.395,0.3,0.09,0.253,0.1155,0.05,0.075,6
3015,I,0.42,0.32,0.11,0.309,0.115,0.0645,0.0945,6
3017,I,0.435,0.325,0.105,0.335,0.136,0.065,0.115,8
3023,I,0.47,0.375,0.125,0.5225,0.2265,0.104,0.162,8
3024,I,0.475,0.375,0.11,0.456,0.182,0.099,0.16,9
3025,I,0.495,0.33,0.1,0.44,0.177,0.095,0.15,7
3030,I,0.52,0.395,0.115,0.6445,0.3155,0.1245,0.186,11
3031,I,0.525,0.4,0.11,0.6275,0.3015,0.126,0.18,8
3032,I,0.535,0.42,0.145,0.6885,0.273,0.1515,0.237,9
3033,M,0.535,0.41,0.12,0.6835,0.3125,0.1655,0.159,8
3035,I,0.55,0.405,0.15,0.6755,0.3015,0.1465,0.21,10
3036,I,0.55,0.445,0.145,0.783,0.3045,0.157,0.265,11
3038,I,0.565,0.44,0.135,0.768,0.3305,0.1385,0.2475,9
3039,M,0.57,0.45,0.145,0.95,0.4005,0.2235,0.2845,10
3042,I,0.575,0.43,0.13,0.7425,0.2895,0.2005,0.22,8
3044,I,0.575,0.445,0.16,0.9175,0.45,0.1935,0.24,9
3046,M,0.585,0.45,0.175,1.1275,0.4925,0.262,0.335,11
3048,I,0.59,0.47,0.145,0.974,0.453,0.236,0.289,8
3050,M,0.595,0.47,0.175,0.991,0.382,0.2395,0.5,12
3053,F,0.6,0.45,0.14,0.869,0.3425,0.195,0.291,11
3054,M,0.6,0.45,0.15,0.8665,0.3695,0.1955,0.255,12
3055,F,0.61,0.495,0.16,1.089,0.469,0.198,0.384,11
3058,I,0.62,0.475,0.16,0.907,0.371,0.167,0.3075,11
3059,F,0.625,0.515,0.155,1.1635,0.4875,0.259,0.355,11
3062,F,0.635,0.505,0.165,1.251,0.577,0.227,0.3825,11
3063,F,0.635,0.49,0.155,1.145,0.4775,0.3035,0.3155,9
3066,F,0.64,0.5,0.15,1.2015,0.559,0.231,0.3355,9
3067,M,0.65,0.505,0.17,1.5595,0.695,0.3515,0.395,11
3068,M,0.65,0.51,0.175,1.3165,0.6345,0.2605,0.364,12
3071,F,0.655,0.455,0.17,1.2895,0.587,0.3165,0.3415,11
3075,F,0.68,0.52,0.185,1.494,0.615,0.3935,0.406,11
3078,F,0.695,0.535,0.2,1.5855,0.667,0.334,0.471,11
3081,F,0.73,0.55,0.205,1.908,0.5415,0.3565,0.5965,14
3082,F,0.755,0.575,0.2,2.073,1.0135,0.4655,0.48,11
3086,I,0.355,0.27,0.075,0.204,0.3045,0.046,0.0595,7
3089,M,0.455,0.35,0.11,0.458,0.2,0.111,0.1305,8
3090,M,0.46,0.355,0.14,0.491,0.207,0.115,0.174,10
3092,M,0.51,0.395,0.125,0.5805,0.244,0.1335,0.188,11
3094,M,0.525,0.4,0.13,0.622,0.2655,0.147,0.184,9
3095,M,0.53,0.415,0.12,0.706,0.3355,0.1635,0.1345,9
3096,F,0.53,0.395,0.115,0.5685,0.249,0.1375,0.161,9
3098,F,0.55,0.43,0.15,0.655,0.2635,0.122,0.221,8
3100,M,0.58,0.43,0.125,0.9115,0.446,0.2075,0.121,10
3108,I,0.375,0.285,0.08,0.226,0.0975,0.04,0.0725,7
3109,I,0.38,0.29,0.085,0.2285,0.088,0.0465,0.075,7
3111,I,0.41,0.325,0.105,0.361,0.1605,0.0665,0.103,8
3113,I,0.425,0.325,0.105,0.3975,0.1815,0.081,0.1175,7
3115,I,0.44,0.34,0.12,0.4995,0.2965,0.0945,0.1185,6
3116,M,0.465,0.405,0.135,0.7775,0.436,0.1715,0.1455,10
3120,F,0.525,0.4,0.13,0.6995,0.3115,0.131,0.223,9
3124,F,0.575,0.45,0.135,0.8285,0.362,0.1655,0.236,10
3125,M,0.585,0.46,0.15,1.206,0.581,0.216,0.323,10
3127,F,0.62,0.485,0.155,1.1945,0.5105,0.271,0.352,9
3128,F,0.63,0.495,0.19,1.1655,0.536,0.2115,0.1625,10
3130,M,0.67,0.515,0.165,1.1735,0.526,0.285,0.316,11
3137,M,0.465,0.36,0.105,0.488,0.188,0.0845,0.19,10
3143,I,0.2,0.15,0.04,0.046,0.021,0.007,0.0065,4
3146,M,0.585,0.45,0.15,1.047,0.4315,0.276,0.315,14
3147,F,0.645,0.5,0.18,1.2785,0.5345,0.2995,0.345,13
3148,F,0.71,0.53,0.195,1.8745,0.6755,0.4065,0.6855,12
3151,F,0.665,0.5,0.175,1.742,0.595,0.3025,0.725,21
3152,F,0.47,0.375,0.105,0.513,0.232,0.142,0.13,11
3154,M,0.54,0.41,0.13,0.56,0.2375,0.1065,0.175,7
3155,M,0.505,0.395,0.125,0.635,0.29,0.1555,0.175,9
3156,M,0.535,0.44,0.165,0.875,0.279,0.18,0.3,10
3157,F,0.43,0.35,0.09,0.397,0.1575,0.089,0.12,9
3158,M,0.55,0.435,0.11,0.806,0.3415,0.203,0.215,9
3160,I,0.275,0.2,0.065,0.1165,0.0565,0.013,0.035,7
3161,F,0.335,0.22,0.07,0.17,0.076,0.0365,0.05,6
3163,F,0.55,0.44,0.125,0.765,0.33,0.2125,0.245,9
3165,F,0.545,0.41,0.115,0.6765,0.29,0.158,0.22,9
3166,F,0.64,0.54,0.175,1.571,0.627,0.271,0.475,18
3171,M,0.525,0.405,0.16,0.792,0.316,0.1455,0.28,13
3172,F,0.505,0.405,0.18,0.606,0.239,0.1235,0.18,11
3173,M,0.35,0.265,0.09,0.2265,0.0995,0.0575,0.065,6
3174,M,0.45,0.355,0.12,0.3955,0.147,0.0765,0.145,9
3176,F,0.49,0.38,0.13,0.539,0.229,0.1355,0.165,12
3178,M,0.38,0.3,0.1,0.2505,0.106,0.0535,0.0775,8
3181,M,0.5,0.385,0.135,0.551,0.2245,0.0715,0.206,11
3184,F,0.67,0.545,0.175,1.707,0.6995,0.387,0.575,13
3192,F,0.525,0.405,0.115,0.72,0.3105,0.1915,0.2,14
3194,F,0.61,0.47,0.16,1.017,0.426,0.2255,0.32,12
3195,F,0.545,0.405,0.175,0.98,0.2585,0.207,0.38,18
3197,I,0.31,0.235,0.075,0.1515,0.056,0.0315,0.05,7
3199,F,0.49,0.38,0.155,0.578,0.2395,0.1255,0.18,9
3206,I,0.295,0.215,0.075,0.116,0.037,0.0295,0.04,8
3207,I,0.48,0.38,0.125,0.523,0.2105,0.1045,0.175,15
3211,F,0.6,0.48,0.165,1.1345,0.4535,0.27,0.335,10
3213,F,0.555,0.42,0.14,0.868,0.33,0.243,0.21,13
3214,F,0.57,0.495,0.16,1.0915,0.452,0.275,0.315,14
3215,F,0.62,0.485,0.175,1.271,0.531,0.3075,0.37,11
3216,M,0.63,0.51,0.19,1.4985,0.4125,0.3075,0.545,16
3218,F,0.64,0.505,0.19,1.2355,0.4435,0.3105,0.365,14
3222,M,0.52,0.435,0.195,0.973,0.2985,0.2135,0.355,18
3224,M,0.64,0.525,0.2,1.3765,0.44,0.3075,0.47,16
3225,I,0.44,0.35,0.12,0.375,0.1425,0.0965,0.115,9
3226,F,0.42,0.32,0.13,0.4135,0.1645,0.106,0.119,10
3227,F,0.45,0.35,0.135,0.56,0.231,0.137,0.145,13
3229,F,0.64,0.505,0.19,1.2765,0.4835,0.328,0.4,12
3231,M,0.41,0.325,0.12,0.3745,0.158,0.081,0.125,12
3236,I,0.345,0.285,0.1,0.2225,0.0865,0.058,0.075,8
3237,M,0.635,0.51,0.155,1.156,0.428,0.289,0.315,18
3238,M,0.695,0.53,0.15,1.477,0.6375,0.3025,0.43,14
3239,F,0.69,0.54,0.185,1.5715,0.6935,0.318,0.47,15
3245,F,0.695,0.55,0.16,1.6365,0.694,0.3005,0.44,13
3249,M,0.3,0.24,0.09,0.161,0.0725,0.039,0.05,6
3250,F,0.435,0.35,0.125,0.459,0.197,0.1145,0.145,9
3252,M,0.48,0.38,0.13,0.6175,0.3,0.142,0.175,12
3254,F,0.435,0.35,0.105,0.4195,0.194,0.1005,0.13,7
3255,I,0.3,0.23,0.075,0.15,0.0605,0.042,0.045,5
3258,M,0.455,0.375,0.125,0.484,0.2155,0.102,0.165,7
3259,M,0.64,0.505,0.165,1.4435,0.6145,0.3035,0.39,18
3262,F,0.595,0.485,0.145,1.2515,0.5035,0.2925,0.33,14
3263,M,0.565,0.45,0.115,0.9085,0.398,0.197,0.29,17
3265,M,0.48,0.38,0.135,0.528,0.2,0.1395,0.16,14
3267,F,0.4,0.335,0.115,0.4335,0.2105,0.1205,0.12,10
3268,M,0.41,0.31,0.125,0.3595,0.1415,0.0885,0.115,11
3278,M,0.525,0.415,0.16,0.6445,0.26,0.1575,0.22,12
3285,F,0.665,0.57,0.185,1.522,0.6965,0.3025,0.405,13
3287,M,0.55,0.46,0.13,0.7085,0.305,0.1455,0.205,12
3288,F,0.605,0.475,0.145,1.0185,0.4695,0.225,0.27,15
3290,F,0.51,0.395,0.12,0.6175,0.262,0.122,0.193,12
3292,F,0.495,0.375,0.15,0.597,0.2615,0.135,0.178,11
3295,M,0.59,0.45,0.12,0.7485,0.3345,0.1315,0.22,14
3301,F,0.66,0.525,0.19,1.67,0.6525,0.4875,0.49,11
3302,F,0.71,0.575,0.175,1.555,0.6465,0.3705,0.52,15
3303,F,0.565,0.45,0.185,0.9285,0.302,0.1805,0.265,12
3304,F,0.57,0.435,0.14,0.8085,0.3235,0.183,0.22,16
3305,I,0.6,0.445,0.175,1.057,0.383,0.216,0.355,16
3307,F,0.45,0.325,0.135,0.438,0.1805,0.1165,0.11,9
3308,M,0.275,0.2,0.08,0.099,0.037,0.024,0.03,5
3311,F,0.48,0.38,0.135,0.507,0.1915,0.1365,0.155,12
3315,M,0.35,0.26,0.09,0.195,0.0745,0.041,0.0655,9
3318,M,0.165,0.125,0.04,0.0245,0.0095,0.0045,0.008,4
3320,F,0.535,0.425,0.155,0.7765,0.302,0.1565,0.25,16
3323,F,0.395,0.3,0.105,0.3375,0.1435,0.0755,0.098,12
3325,M,0.345,0.265,0.09,0.163,0.0615,0.037,0.0485,10
3330,F,0.385,0.305,0.125,0.314,0.146,0.0555,0.08,10
3331,F,0.51,0.34,0.18,0.7005,0.312,0.165,0.2,11
3335,F,0.425,0.325,0.135,0.382,0.1465,0.079,0.14,12
3336,F,0.45,0.35,0.125,0.4435,0.185,0.09,0.145,11
3345,F,0.48,0.38,0.145,0.59,0.232,0.141,0.23,12
3349,I,0.47,0.375,0.105,0.468,0.1665,0.108,0.17,10
3353,I,0.475,0.365,0.14,0.4545,0.171,0.118,0.158,8
3354,F,0.455,0.36,0.11,0.4385,0.206,0.098,0.125,10
3358,M,0.285,0.215,0.075,0.106,0.0415,0.023,0.035,5
3362,M,0.41,0.3,0.1,0.301,0.124,0.069,0.09,9
3363,I,0.54,0.405,0.15,0.7585,0.307,0.2075,0.19,10
3364,M,0.33,0.245,0.085,0.171,0.0655,0.0365,0.055,11
3366,M,0.28,0.21,0.065,0.0905,0.035,0.02,0.03,5
3368,I,0.61,0.48,0.165,1.097,0.4215,0.264,0.335,13
3371,M,0.33,0.235,0.09,0.163,0.0615,0.034,0.055,10
3373,M,0.54,0.405,0.155,0.9715,0.3225,0.194,0.29,19
3374,F,0.475,0.375,0.125,0.588,0.237,0.1715,0.155,10
3375,F,0.46,0.33,0.15,0.5325,0.2085,0.1805,0.125,10
3377,I,0.255,0.19,0.07,0.0815,0.028,0.016,0.031,5
3379,I,0.295,0.21,0.08,0.1,0.038,0.026,0.031,8
3382,M,0.495,0.4,0.12,0.6605,0.2605,0.161,0.19,15
3384,F,0.305,0.225,0.07,0.1485,0.0585,0.0335,0.045,7
3386,M,0.515,0.4,0.125,0.955,0.341,0.2535,0.26,13
3387,M,0.545,0.41,0.145,0.873,0.3035,0.196,0.31,18
3395,F,0.605,0.45,0.165,1.2225,0.357,0.202,0.385,13
3398,M,0.365,0.285,0.085,0.2205,0.0855,0.0515,0.07,9
3405,I,0.34,0.25,0.075,0.1765,0.0785,0.0405,0.05,7
3407,I,0.35,0.265,0.08,0.192,0.081,0.0465,0.053,6
3409,I,0.395,0.31,0.095,0.313,0.131,0.072,0.093,7
3413,M,0.49,0.395,0.12,0.674,0.3325,0.1235,0.185,9
3414,F,0.49,0.37,0.105,0.5265,0.249,0.1005,0.148,7
3418,F,0.58,0.48,0.18,1.2495,0.4945,0.27,0.371,8
3419,M,0.59,0.47,0.135,1.1685,0.539,0.279,0.28,8
3423,F,0.63,0.475,0.15,1.172,0.536,0.254,0.316,11
3424,M,0.64,0.51,0.17,1.3715,0.567,0.307,0.409,10
3432,I,0.36,0.27,0.09,0.219,0.097,0.0405,0.065,6
3436,I,0.38,0.275,0.095,0.2505,0.0945,0.0655,0.075,6
3437,I,0.395,0.3,0.09,0.279,0.134,0.049,0.075,8
3439,I,0.44,0.35,0.125,0.456,0.21,0.0955,0.131,8
3443,I,0.485,0.37,0.1,0.513,0.219,0.1075,0.13,7
3445,I,0.495,0.4,0.145,0.578,0.2545,0.1305,0.1645,8
3446,I,0.5,0.385,0.11,0.596,0.3015,0.104,0.151,8
3451,M,0.55,0.44,0.155,0.9155,0.3645,0.195,0.25,8
3454,F,0.575,0.46,0.165,1.065,0.4985,0.2145,0.2815,8
3455,M,0.6,0.475,0.155,1.1385,0.502,0.2295,0.31,9
3460,M,0.62,0.485,0.165,1.1325,0.5235,0.2505,0.2825,9
3463,M,0.625,0.485,0.17,1.437,0.5855,0.293,0.475,11
3464,M,0.635,0.495,0.155,1.3635,0.583,0.2985,0.295,10
3468,F,0.665,0.52,0.165,1.6885,0.7295,0.407,0.4265,11
3470,M,0.72,0.565,0.2,1.787,0.718,0.385,0.529,11
3472,I,0.165,0.12,0.05,0.021,0.0075,0.0045,0.014,3
3473,I,0.21,0.15,0.055,0.0455,0.02,0.0065,0.013,4
3476,I,0.4,0.29,0.1,0.258,0.104,0.059,0.0815,7
3478,I,0.435,0.335,0.11,0.411,0.2025,0.0945,0.1,7
3481,I,0.465,0.345,0.105,0.4015,0.242,0.0345,0.109,6
3482,I,0.47,0.355,0.145,0.4485,0.156,0.102,0.123,7
3484,I,0.475,0.42,0.16,0.7095,0.35,0.1505,0.1845,8
3485,I,0.485,0.37,0.115,0.637,0.38,0.1335,0.128,7
3487,I,0.51,0.405,0.13,0.599,0.3065,0.1155,0.1485,8
3491,M,0.55,0.44,0.16,0.985,0.4645,0.201,0.27,8
3492,M,0.555,0.44,0.145,0.85,0.4165,0.1685,0.23,8
3493,M,0.555,0.44,0.15,0.838,0.4155,0.146,0.23,8
3494,F,0.555,0.43,0.135,0.812,0.4055,0.163,0.2215,9
3496,M,0.575,0.44,0.145,0.87,0.3945,0.2195,0.225,8
3498,M,0.59,0.46,0.145,0.929,0.38,0.24,0.255,10
3506,M,0.625,0.47,0.175,1.179,0.605,0.258,0.271,9
3507,F,0.64,0.5,0.165,1.1635,0.554,0.239,0.32,11
3508,F,0.64,0.475,0.175,1.1545,0.4865,0.341,0.288,9
3512,F,0.655,0.54,0.175,1.5585,0.7285,0.402,0.385,11
3517,F,0.7,0.56,0.175,1.6605,0.8605,0.3275,0.398,11
3518,M,0.71,0.57,0.195,1.348,0.8985,0.4435,0.4535,11
3519,M,0.715,0.545,0.18,1.7405,0.871,0.347,0.449,10
3521,I,0.215,0.15,0.055,0.041,0.015,0.009,0.0125,3
3522,I,0.24,0.185,0.06,0.0655,0.0295,0.0005,0.02,4
3523,I,0.26,0.205,0.07,0.097,0.0415,0.019,0.0305,4
3526,I,0.335,0.26,0.085,0.192,0.097,0.03,0.054,6
3528,I,0.35,0.265,0.085,0.1735,0.0775,0.034,0.056,6
3529,I,0.36,0.265,0.075,0.1785,0.0785,0.035,0.054,6
3532,I,0.38,0.285,0.09,0.2305,0.1005,0.039,0.0775,7
3535,I,0.4,0.265,0.1,0.2775,0.1245,0.0605,0.08,9
3542,I,0.455,0.435,0.11,0.4265,0.195,0.09,0.1205,8
3550,M,0.505,0.39,0.115,0.5585,0.2575,0.119,0.1535,8
3551,I,0.515,0.4,0.135,0.636,0.3055,0.1215,0.1855,9
3553,I,0.53,0.405,0.13,0.6615,0.2945,0.1395,0.19,9
3554,I,0.53,0.42,0.13,0.658,0.296,0.1245,0.198,8
3555,M,0.535,0.415,0.135,0.78,0.3165,0.169,0.2365,8
3559,F,0.565,0.45,0.175,1.2365,0.5305,0.2455,0.308,10
3565,F,0.575,0.475,0.16,0.895,0.3605,0.221,0.271,9
3568,I,0.58,0.46,0.14,0.8295,0.3915,0.165,0.238,10
3569,I,0.58,0.47,0.15,0.907,0.444,0.1855,0.2445,11
3574,F,0.6,0.47,0.17,1.0805,0.4995,0.2245,0.3205,9
3583,F,0.625,0.5,0.175,1.273,0.564,0.302,0.374,9
3589,M,0.65,0.515,0.18,1.463,0.658,0.3135,0.4115,11
3592,M,0.655,0.525,0.16,1.46,0.686,0.311,0.405,11
3593,F,0.655,0.53,0.165,1.2835,0.583,0.1255,0.4,8
3594,F,0.66,0.5,0.155,1.3765,0.6485,0.288,0.335,12
3596,M,0.675,0.515,0.145,1.265,0.6025,0.299,0.325,10
3600,I,0.175,0.125,0.04,0.028,0.0095,0.008,0.009,4
3602,I,0.395,0.3,0.09,0.2855,0.1385,0.0625,0.077,5
3606,F,0.51,0.375,0.11,0.5805,0.2865,0.118,0.148,7
3608,M,0.545,0.43,0.155,0.8035,0.409,0.144,0.228,7
3610,M,0.58,0.45,0.16,0.8675,0.3935,0.221,0.215,9
3613,F,0.61,0.49,0.17,1.3475,0.7045,0.25,0.3045,11
3615,M,0.615,0.475,0.19,1.4335,0.7315,0.305,0.3285,9
3618,M,0.63,0.515,0.17,1.385,0.6355,0.2955,0.38,11
3619,F,0.64,0.5,0.17,1.12,0.4955,0.2645,0.32,12
3621,F,0.655,0.455,0.17,1.275,0.583,0.303,0.333,8
3623,M,0.66,0.53,0.175,1.583,0.7395,0.3505,0.405,10
3626,M,0.69,0.53,0.19,1.5955,0.678,0.331,0.48,10
3631,I,0.295,0.22,0.085,0.1285,0.0585,0.027,0.0365,5
3633,I,0.3,0.22,0.065,0.1195,0.052,0.0155,0.035,5
3637,I,0.435,0.325,0.1,0.342,0.1335,0.0835,0.105,6
3638,I,0.44,0.34,0.105,0.344,0.123,0.081,0.125,8
3639,I,0.44,0.32,0.095,0.3275,0.1495,0.059,0.1,8
3642,I,0.465,0.355,0.12,0.4975,0.2375,0.099,0.14,8
3643,I,0.47,0.345,0.12,0.3685,0.1525,0.0615,0.125,8
3644,I,0.475,0.365,0.105,0.4175,0.1645,0.099,0.127,7
3645,I,0.475,0.335,0.1,0.4425,0.1895,0.086,0.135,9
3648,I,0.49,0.39,0.12,0.511,0.2205,0.103,0.1745,9
3649,I,0.515,0.405,0.13,0.573,0.213,0.134,0.195,9
3652,F,0.525,0.425,0.14,0.8735,0.4205,0.182,0.2225,10
3653,I,0.53,0.425,0.13,0.781,0.3905,0.2005,0.215,9
3654,I,0.53,0.42,0.14,0.6765,0.256,0.1855,0.208,9
3655,M,0.53,0.41,0.125,0.769,0.346,0.173,0.215,9
3659,M,0.545,0.41,0.14,0.737,0.349,0.15,0.212,9
3660,F,0.545,0.41,0.125,0.654,0.2945,0.1315,0.205,10
3661,I,0.55,0.415,0.15,0.7915,0.3535,0.176,0.236,10
3666,I,0.575,0.44,0.15,0.983,0.486,0.215,0.239,8
3668,F,0.585,0.465,0.145,0.9855,0.4325,0.2145,0.2845,10
3670,M,0.59,0.465,0.135,0.9895,0.4235,0.199,0.28,8
3671,I,0.595,0.47,0.135,0.9365,0.434,0.184,0.287,10
3673,F,0.595,0.46,0.155,1.0455,0.4565,0.24,0.3085,10
3674,F,0.595,0.45,0.165,1.081,0.49,0.2525,0.279,12
3679,M,0.61,0.45,0.19,1.0805,0.517,0.2495,0.2935,10
3684,I,0.62,0.47,0.155,0.966,0.447,0.171,0.284,11
3685,M,0.62,0.48,0.165,1.0855,0.481,0.2575,0.305,10
3690,M,0.64,0.5,0.175,1.273,0.5065,0.2925,0.405,13
3694,M,0.65,0.495,0.16,1.2075,0.55,0.2695,0.32,10
3695,F,0.65,0.52,0.195,1.281,0.5985,0.246,0.3825,10
3696,M,0.65,0.525,0.205,1.4275,0.69,0.306,0.4355,13
3697,M,0.65,0.51,0.175,1.155,0.4955,0.2025,0.385,12
3705,F,0.67,0.54,0.2,1.46,0.6435,0.328,0.4165,9
3707,M,0.675,0.51,0.17,1.527,0.809,0.318,0.341,11
3710,M,0.685,0.535,0.175,1.432,0.637,0.247,0.46,11
3711,M,0.705,0.55,0.21,1.4385,0.655,0.3255,0.462,11
3712,F,0.705,0.53,0.17,1.564,0.612,0.394,0.44,10
3718,I,0.36,0.25,0.115,0.465,0.21,0.1055,0.128,7
3719,I,0.38,0.28,0.095,0.2885,0.165,0.0435,0.067,7
3720,F,0.38,0.32,0.115,0.6475,0.323,0.1325,0.164,7
3724,F,0.485,0.365,0.15,0.9145,0.4145,0.199,0.273,7
3725,M,0.495,0.375,0.155,0.976,0.45,0.2285,0.2475,9
3726,I,0.5,0.395,0.145,0.7865,0.332,0.1815,0.2455,8
3727,M,0.505,0.4,0.15,0.775,0.3445,0.157,0.185,7
3728,I,0.51,0.375,0.15,0.8415,0.3845,0.156,0.255,10
3731,F,0.55,0.415,0.18,1.1655,0.502,0.301,0.311,9
3734,M,0.615,0.505,0.165,1.167,0.4895,0.2955,0.345,10
3735,M,0.615,0.475,0.15,1.0375,0.476,0.2325,0.283,9
3737,M,0.625,0.47,0.15,1.124,0.556,0.2315,0.287,9
3738,F,0.635,0.505,0.17,1.2635,0.512,0.322,0.355,9
3742,F,0.695,0.525,0.205,1.8185,0.819,0.4025,0.4525,13
3745,I,0.285,0.205,0.07,0.106,0.039,0.0285,0.034,5
3746,I,0.36,0.265,0.085,0.1865,0.0675,0.037,0.0615,7
3747,I,0.385,0.29,0.1,0.2575,0.1,0.061,0.086,6
3748,I,0.4,0.315,0.1,0.3225,0.143,0.0735,0.091,6
3749,I,0.43,0.33,0.095,0.32,0.118,0.065,0.123,7
3750,I,0.435,0.375,0.11,0.4155,0.17,0.076,0.145,8
3753,I,0.475,0.36,0.11,0.452,0.191,0.099,0.13,8
3754,I,0.485,0.37,0.14,0.5065,0.2425,0.088,0.1465,8
3756,I,0.515,0.39,0.12,0.565,0.235,0.135,0.179,9
3765,I,0.535,0.45,0.135,0.728,0.2845,0.1845,0.265,9
3768,M,0.56,0.465,0.145,0.8875,0.3345,0.22,0.2695,9
3771,I,0.575,0.45,0.145,0.795,0.364,0.1505,0.26,10
3772,M,0.575,0.465,0.12,1.0535,0.516,0.2185,0.235,9
3774,I,0.58,0.42,0.14,0.701,0.3285,0.102,0.2255,9
3779,M,0.595,0.48,0.185,1.1785,0.526,0.2975,0.314,10
3781,M,0.615,0.455,0.13,0.9685,0.49,0.182,0.2655,10
3782,F,0.62,0.5,0.175,1.107,0.4895,0.24,0.343,11
3783,I,0.62,0.48,0.18,1.1305,0.5285,0.2655,0.306,12
3785,M,0.625,0.495,0.155,1.177,0.5055,0.278,0.345,9
3795,M,0.675,0.54,0.175,1.5545,0.6645,0.278,0.512,12
3797,M,0.695,0.58,0.2,1.8995,0.675,0.478,0.5295,13
3798,F,0.695,0.535,0.175,1.361,0.5465,0.2815,0.465,10
3804,I,0.355,0.27,0.1,0.2255,0.11,0.042,0.064,7
3806,I,0.425,0.31,0.095,0.3505,0.1645,0.071,0.1,8
3807,F,0.45,0.365,0.115,0.5885,0.318,0.121,0.1325,8
3811,M,0.555,0.445,0.13,0.8625,0.4225,0.155,0.24,9
3812,F,0.61,0.49,0.17,1.137,0.4605,0.2825,0.344,12
3815,I,0.46,0.34,0.1,0.386,0.1805,0.0875,0.0965,8
3817,M,0.475,0.385,0.12,0.562,0.289,0.0905,0.153,8
3821,M,0.595,0.46,0.155,1.03,0.4275,0.207,0.3305,10
3826,F,0.68,0.52,0.185,1.541,0.5985,0.395,0.4575,10
3827,M,0.68,0.54,0.195,1.7825,0.5565,0.3235,0.4285,11
3828,M,0.68,0.52,0.175,1.543,0.7525,0.351,0.374,11
3830,M,0.5,0.385,0.12,0.6335,0.2305,0.125,0.235,14
3832,F,0.46,0.365,0.115,0.4485,0.165,0.083,0.17,14
3834,M,0.335,0.26,0.075,0.22,0.0855,0.04,0.085,6
3835,F,0.425,0.35,0.1,0.4425,0.175,0.0755,0.175,7
3836,M,0.41,0.325,0.1,0.3555,0.146,0.072,0.105,9
3837,I,0.17,0.105,0.035,0.034,0.012,0.0085,0.005,4
3840,F,0.53,0.41,0.145,0.8255,0.375,0.204,0.245,9
3841,M,0.5,0.42,0.125,0.62,0.255,0.15,0.205,11
3843,M,0.575,0.45,0.16,0.955,0.44,0.1685,0.27,16
3846,I,0.37,0.275,0.085,0.2045,0.096,0.056,0.08,6
3847,M,0.445,0.37,0.125,0.515,0.2495,0.087,0.159,9
3853,F,0.57,0.465,0.155,0.9685,0.446,0.261,0.255,9
3854,F,0.485,0.4,0.155,0.731,0.236,0.183,0.255,11
3856,I,0.335,0.255,0.085,0.1785,0.071,0.0405,0.055,9
3857,M,0.655,0.515,0.2,1.373,0.443,0.3375,0.49,16
3861,F,0.63,0.475,0.175,1.423,0.4155,0.3385,0.49,14
3865,M,0.525,0.395,0.165,0.782,0.285,0.1405,0.285,19
3866,F,0.525,0.43,0.165,0.717,0.289,0.1745,0.195,10
3869,F,0.49,0.385,0.16,0.656,0.2455,0.171,0.205,9
3871,F,0.45,0.36,0.11,0.447,0.203,0.082,0.13,12
3878,M,0.45,0.355,0.115,0.478,0.18,0.1185,0.155,10
3885,I,0.41,0.33,0.105,0.335,0.1525,0.074,0.11,7
3886,F,0.46,0.375,0.12,0.4915,0.2205,0.088,0.17,7
3887,F,0.56,0.44,0.155,0.9705,0.4315,0.263,0.255,9
3889,M,0.62,0.5,0.2,1.221,0.4605,0.263,0.43,12
3890,M,0.515,0.4,0.14,0.7365,0.2955,0.184,0.185,16
3895,F,0.595,0.5,0.18,1.053,0.4405,0.192,0.39,13
3899,I,0.14,0.105,0.035,0.0145,0.005,0.0035,0.005,4
3901,F,0.525,0.43,0.125,0.813,0.3315,0.166,0.1775,12
3904,M,0.575,0.47,0.165,0.853,0.292,0.179,0.35,16
3906,M,0.245,0.18,0.065,0.0635,0.0245,0.0135,0.02,4
3907,I,0.48,0.39,0.15,0.6275,0.276,0.134,0.185,13
3912,I,0.52,0.405,0.14,0.6765,0.2865,0.146,0.205,15
3914,I,0.52,0.39,0.14,0.7325,0.2415,0.144,0.26,19
3917,I,0.615,0.46,0.19,1.066,0.4335,0.226,0.33,13
3918,F,0.645,0.49,0.19,1.3065,0.479,0.3565,0.345,18
3919,I,0.565,0.43,0.135,0.8545,0.321,0.1775,0.275,11
3922,I,0.525,0.4,0.14,0.6955,0.2405,0.16,0.253,10
3927,I,0.5,0.38,0.155,0.6675,0.2745,0.156,0.18,12
3928,I,0.725,0.55,0.22,2.0495,0.7735,0.4405,0.655,10
3930,F,0.67,0.535,0.185,1.597,0.6275,0.35,0.47,21
3932,F,0.49,0.37,0.115,0.541,0.171,0.1175,0.185,11
3933,I,0.235,0.18,0.06,0.058,0.022,0.0145,0.018,6
3935,M,0.52,0.41,0.115,0.77,0.263,0.157,0.26,11
3942,F,0.525,0.4,0.115,0.6295,0.2555,0.144,0.18,11
3946,M,0.525,0.41,0.165,0.8005,0.2635,0.1985,0.25,13
3947,M,0.475,0.365,0.14,0.6175,0.202,0.1445,0.19,16
3950,F,0.53,0.425,0.13,0.717,0.2115,0.166,0.255,13
3954,M,0.485,0.385,0.105,0.556,0.296,0.104,0.133,7
3969,I,0.38,0.3,0.09,0.277,0.1655,0.0625,0.082,6
3972,M,0.415,0.315,0.12,0.4015,0.199,0.087,0.097,8
3980,F,0.525,0.41,0.115,0.7745,0.416,0.163,0.18,7
3981,M,0.565,0.455,0.15,0.9795,0.444,0.205,0.275,8
3983,F,0.585,0.45,0.125,0.874,0.3545,0.2075,0.225,6
3985,M,0.63,0.48,0.185,1.21,0.53,0.2555,0.322,11
3986,F,0.645,0.525,0.17,1.37,0.6135,0.283,0.34,10
3988,M,0.665,0.515,0.165,1.3855,0.621,0.302,0.3445,8
3989,F,0.67,0.52,0.195,1.8065,0.758,0.3735,0.5055,11
3990,M,0.67,0.51,0.2,1.5945,0.6705,0.3845,0.4505,10
3992,M,0.7,0.6,0.23,2.003,0.8105,0.4045,0.5755,10
3993,M,0.72,0.6,0.235,2.2385,0.984,0.411,0.621,12
3998,I,0.375,0.28,0.08,0.2235,0.115,0.043,0.055,6
3999,I,0.415,0.31,0.095,0.34,0.181,0.057,0.083,6
4000,I,0.455,0.35,0.135,0.5365,0.2855,0.0855,0.1325,7
4002,I,0.485,0.375,0.125,0.562,0.2505,0.1345,0.1525,8
4004,M,0.52,0.395,0.125,0.5815,0.2565,0.1265,0.17,10
4005,F,0.555,0.43,0.14,0.7545,0.3525,0.1835,0.2015,9
4009,M,0.61,0.49,0.16,1.146,0.597,0.246,0.265,8
4012,F,0.62,0.465,0.14,1.011,0.479,0.2385,0.255,8
4014,M,0.625,0.48,0.175,1.065,0.4865,0.259,0.285,10
4015,M,0.635,0.48,0.145,1.181,0.665,0.229,0.225,10
4018,M,0.66,0.485,0.155,1.2275,0.61,0.274,0.3,8
4020,F,0.68,0.55,0.175,1.473,0.713,0.282,0.4295,11
4021,F,0.69,0.58,0.195,1.658,0.708,0.3615,0.4715,10
4027,I,0.365,0.27,0.09,0.2155,0.1005,0.049,0.0655,6
4028,I,0.42,0.31,0.1,0.2805,0.1125,0.0615,0.0925,8
4029,I,0.435,0.335,0.11,0.334,0.1355,0.0775,0.0965,7
4033,I,0.495,0.385,0.125,0.5125,0.2075,0.1155,0.172,10
4043,F,0.58,0.46,0.135,0.926,0.4025,0.208,0.275,8
4053,F,0.625,0.485,0.165,1.2255,0.5075,0.296,0.36,10
4055,F,0.645,0.5,0.15,1.159,0.4675,0.3355,0.31,9
4056,M,0.645,0.51,0.165,1.403,0.5755,0.2515,0.4545,11
4059,M,0.515,0.39,0.12,0.6125,0.302,0.1365,0.1415,8
4063,F,0.63,0.515,0.16,1.336,0.553,0.3205,0.35,11
4064,F,0.64,0.49,0.18,1.36,0.653,0.347,0.305,9
4067,I,0.4,0.3,0.115,0.318,0.1335,0.0725,0.0935,6
4076,I,0.545,0.43,0.14,0.772,0.289,0.19,0.2615,8
4080,I,0.555,0.43,0.125,0.7005,0.3395,0.1355,0.2095,8
4081,M,0.56,0.45,0.145,0.9355,0.425,0.1645,0.2725,11
4085,M,0.585,0.51,0.16,1.218,0.639,0.241,0.3,11
4091,M,0.625,0.5,0.18,1.3705,0.645,0.303,0.3705,12
4093,M,0.63,0.485,0.18,1.2435,0.5175,0.308,0.37,11
4094,M,0.63,0.53,0.175,1.4135,0.667,0.2945,0.3555,13
4095,F,0.635,0.485,0.155,1.073,0.467,0.1975,0.35,11
4097,M,0.635,0.5,0.18,1.2915,0.594,0.2695,0.37,9
4098,F,0.65,0.495,0.16,1.3105,0.577,0.3315,0.355,9
4099,M,0.67,0.525,0.18,1.4915,0.728,0.343,0.381,9
4100,F,0.675,0.52,0.175,1.494,0.7365,0.3055,0.37,9
4102,M,0.68,0.545,0.185,1.672,0.7075,0.364,0.48,11
4106,F,0.72,0.59,0.205,1.7495,0.7755,0.4225,0.48,11
4108,I,0.48,0.35,0.1,0.519,0.2365,0.1275,0.126,7
4110,M,0.51,0.41,0.155,1.2825,0.569,0.291,0.3795,9
4111,I,0.515,0.4,0.14,0.7165,0.3495,0.1595,0.1785,8
4112,F,0.56,0.42,0.18,1.6645,0.7755,0.35,0.4525,9
4113,I,0.56,0.42,0.14,0.837,0.414,0.214,0.2,8
4117,F,0.64,0.505,0.175,1.3185,0.6185,0.302,0.3315,9
4121,I,0.455,0.35,0.13,0.4725,0.215,0.0745,0.15,9
4125,I,0.54,0.415,0.135,0.709,0.3195,0.174,0.185,9
4127,I,0.55,0.445,0.11,0.7935,0.378,0.142,0.26,10
4128,M,0.555,0.435,0.145,0.9205,0.404,0.2275,0.255,8
4131,I,0.58,0.425,0.145,0.83,0.379,0.1605,0.2575,11
4133,M,0.585,0.45,0.15,0.997,0.4055,0.283,0.251,11
4134,F,0.595,0.455,0.14,0.914,0.3895,0.2225,0.271,9
4139,F,0.635,0.495,0.175,1.2355,0.5205,0.3085,0.347,10
4143,F,0.655,0.5,0.22,1.359,0.642,0.3255,0.405,13
4146,M,0.695,0.53,0.21,1.51,0.664,0.4095,0.385,10
4149,I,0.28,0.215,0.07,0.124,0.063,0.0215,0.03,6
4151,I,0.35,0.25,0.075,0.1695,0.0835,0.0355,0.041,6
4153,I,0.43,0.315,0.115,0.384,0.1885,0.0715,0.11,8
4154,I,0.435,0.33,0.095,0.393,0.219,0.075,0.0885,6
4155,I,0.44,0.35,0.11,0.3805,0.1575,0.0895,0.115,6
4157,M,0.475,0.36,0.14,0.5135,0.241,0.1045,0.155,8
4158,I,0.48,0.355,0.11,0.4495,0.201,0.089,0.14,8
4160,F,0.585,0.475,0.165,1.053,0.458,0.217,0.3,11
4161,F,0.585,0.455,0.17,0.9945,0.4255,0.263,0.2845,11
4162,M,0.385,0.255,0.1,0.3175,0.137,0.068,0.092,8
4164,I,0.39,0.29,0.1,0.2845,0.1255,0.0635,0.081,7
4166,I,0.475,0.365,0.115,0.499,0.232,0.0885,0.156,10
4168,F,0.515,0.4,0.125,0.615,0.2865,0.123,0.1765,8
4170,M,0.55,0.43,0.13,0.8395,0.3155,0.1955,0.2405,10
4172,F,0.565,0.45,0.165,0.887,0.37,0.239,0.249,11
4173,M,0.59,0.44,0.135,0.966,0.439,0.2145,0.2605,10
4175,F,0.625,0.485,0.15,1.0945,0.531,0.261,0.296,10
