,nodeID,parentNode,dataSetFilters,evaluated,nodeFeature,nodePrediction,childrenNodes,gainOrMSE,treeLevel,pruned,isLeaf
0,0,-1,{},True,Uniformity_of_cell_size,2,"{'belowMean': 1, 'aboveMean': 2}",0.6299822297555454,0,False,False
1,1,0,{'Uniformity_of_cell_size': 'belowMean'},True,Uniformity_of_cell_shape,2,"{'belowMean': 3, 'aboveMean': 4}",0.3703128194253662,1,False,False
2,2,0,{'Uniformity_of_cell_size': 'aboveMean'},True,Clump_thickness,4,"{'belowMean': 5, 'aboveMean': 6}",0.0849443611783441,1,False,False
3,3,1,"{'Uniformity_of_cell_size': 'belowMean', 'Uniformity_of_cell_shape': 'belowMean'}",True,Bare_nuclei,2,"{'belowMean': 7, 'aboveMean': 8}",0.220807319155315,2,False,False
4,4,1,"{'Uniformity_of_cell_size': 'belowMean', 'Uniformity_of_cell_shape': 'aboveMean'}",True,Clump_thickness,4,"{'belowMean': 9, 'aboveMean': 10}",0.5641797438388476,2,False,False
5,5,2,"{'Uniformity_of_cell_size': 'aboveMean', 'Clump_thickness': 'belowMean'}",True,Mitoses,4,"{'belowMean': 11, 'aboveMean': 12}",0.133601226723655,2,False,False
6,6,2,"{'Uniformity_of_cell_size': 'aboveMean', 'Clump_thickness': 'aboveMean'}",True,Bland_chromatin,4,"{'belowMean': 13, 'aboveMean': 14}",0.0622155596821721,2,False,False
7,7,3,"{'Uniformity_of_cell_size': 'belowMean', 'Uniformity_of_cell_shape': 'belowMean', 'Bare_nuclei': 'belowMean'}",True,Bland_chromatin,2,"{'belowMean': 15, 'aboveMean': 16}",0.1316572888281459,3,False,False
8,8,3,"{'Uniformity_of_cell_size': 'belowMean', 'Uniformity_of_cell_shape': 'belowMean', 'Bare_nuclei': 'aboveMean'}",True,Clump_thickness,2,"{'belowMean': 17, 'aboveMean': 18}",0.2216446328128688,3,True,True
9,9,4,"{'Uniformity_of_cell_size': 'belowMean', 'Uniformity_of_cell_shape': 'aboveMean', 'Clump_thickness': 'belowMean'}",True,,2,{},0.0,3,False,True
10,10,4,"{'Uniformity_of_cell_size': 'belowMean', 'Uniformity_of_cell_shape': 'aboveMean', 'Clump_thickness': 'aboveMean'}",True,Mitoses,4,"{'belowMean': 19, 'aboveMean': 20}",0.1552867032901072,3,False,False
11,11,5,"{'Uniformity_of_cell_size': 'aboveMean', 'Clump_thickness': 'belowMean', 'Mitoses': 'belowMean'}",True,Normal_nucleoli,4,"{'aboveMean': 21, 'belowMean': 22}",0.1964747981014735,3,False,False
12,12,5,"{'Uniformity_of_cell_size': 'aboveMean', 'Clump_thickness': 'belowMean', 'Mitoses': 'aboveMean'}",True,,4,{},0.0,3,False,True
13,13,6,"{'Uniformity_of_cell_size': 'aboveMean', 'Clump_thickness': 'aboveMean', 'Bland_chromatin': 'belowMean'}",True,Single_epithelial_cell_size,4,"{'belowMean': 23, 'aboveMean': 24}",0.1527870969815311,3,False,False
14,14,6,"{'Uniformity_of_cell_size': 'aboveMean', 'Clump_thickness': 'aboveMean', 'Bland_chromatin': 'aboveMean'}",True,,4,{},0.0,3,False,True
15,15,7,"{'Uniformity_of_cell_size': 'belowMean', 'Uniformity_of_cell_shape': 'belowMean', 'Bare_nuclei': 'belowMean', 'Bland_chromatin': 'belowMean'}",True,,2,{},0.0,4,False,True
16,16,7,"{'Uniformity_of_cell_size': 'belowMean', 'Uniformity_of_cell_shape': 'belowMean', 'Bare_nuclei': 'belowMean', 'Bland_chromatin': 'aboveMean'}",True,Clump_thickness,2,"{'aboveMean': 25, 'belowMean': 26}",0.3448621035939505,4,False,False
17,17,8,"{'Uniformity_of_cell_size': 'belowMean', 'Uniformity_of_cell_shape': 'belowMean', 'Bare_nuclei': 'aboveMean', 'Clump_thickness': 'belowMean'}",True,Marginal_adhesion,2,"{'belowMean': 27, 'aboveMean': 28}",0.9999905365287288,4,False,False
18,18,8,"{'Uniformity_of_cell_size': 'belowMean', 'Uniformity_of_cell_shape': 'belowMean', 'Bare_nuclei': 'aboveMean', 'Clump_thickness': 'aboveMean'}",True,Marginal_adhesion,4,"{'aboveMean': 29, 'belowMean': 30}",0.364181484271511,4,True,True
19,19,10,"{'Uniformity_of_cell_size': 'belowMean', 'Uniformity_of_cell_shape': 'aboveMean', 'Clump_thickness': 'aboveMean', 'Mitoses': 'belowMean'}",True,Bare_nuclei,4,"{'aboveMean': 31, 'belowMean': 32}",0.0715350325103905,4,False,False
20,20,10,"{'Uniformity_of_cell_size': 'belowMean', 'Uniformity_of_cell_shape': 'aboveMean', 'Clump_thickness': 'aboveMean', 'Mitoses': 'aboveMean'}",True,,4,{},0.0,4,False,True
21,21,11,"{'Uniformity_of_cell_size': 'aboveMean', 'Clump_thickness': 'belowMean', 'Mitoses': 'belowMean', 'Normal_nucleoli': 'aboveMean'}",True,Bare_nuclei,4,"{'belowMean': 33, 'aboveMean': 34}",0.4459226768614346,4,False,False
22,22,11,"{'Uniformity_of_cell_size': 'aboveMean', 'Clump_thickness': 'belowMean', 'Mitoses': 'belowMean', 'Normal_nucleoli': 'belowMean'}",True,,4,{},0.0,4,False,True
23,23,13,"{'Uniformity_of_cell_size': 'aboveMean', 'Clump_thickness': 'aboveMean', 'Bland_chromatin': 'belowMean', 'Single_epithelial_cell_size': 'belowMean'}",True,Marginal_adhesion,4,"{'belowMean': 35, 'aboveMean': 36}",0.1510594977620362,4,False,False
24,24,13,"{'Uniformity_of_cell_size': 'aboveMean', 'Clump_thickness': 'aboveMean', 'Bland_chromatin': 'belowMean', 'Single_epithelial_cell_size': 'aboveMean'}",True,,4,{},0.0,4,False,True
25,25,16,"{'Uniformity_of_cell_size': 'belowMean', 'Uniformity_of_cell_shape': 'belowMean', 'Bare_nuclei': 'belowMean', 'Bland_chromatin': 'aboveMean', 'Clump_thickness': 'aboveMean'}",True,Normal_nucleoli,2,"{'belowMean': 37, 'aboveMean': 38}",0.9999800684314308,5,False,False
26,26,16,"{'Uniformity_of_cell_size': 'belowMean', 'Uniformity_of_cell_shape': 'belowMean', 'Bare_nuclei': 'belowMean', 'Bland_chromatin': 'aboveMean', 'Clump_thickness': 'belowMean'}",True,,2,{},0.0,5,False,True
27,27,17,"{'Uniformity_of_cell_size': 'belowMean', 'Uniformity_of_cell_shape': 'belowMean', 'Bare_nuclei': 'aboveMean', 'Clump_thickness': 'belowMean', 'Marginal_adhesion': 'belowMean'}",True,,2,{},0.0,5,False,True
28,28,17,"{'Uniformity_of_cell_size': 'belowMean', 'Uniformity_of_cell_shape': 'belowMean', 'Bare_nuclei': 'aboveMean', 'Clump_thickness': 'belowMean', 'Marginal_adhesion': 'aboveMean'}",True,,4,{},0.0,5,False,True
29,29,18,"{'Uniformity_of_cell_size': 'belowMean', 'Uniformity_of_cell_shape': 'belowMean', 'Bare_nuclei': 'aboveMean', 'Clump_thickness': 'aboveMean', 'Marginal_adhesion': 'aboveMean'}",True,Mitoses,2,"{'belowMean': 39, 'aboveMean': 40}",0.2367917377805144,5,False,False
30,30,18,"{'Uniformity_of_cell_size': 'belowMean', 'Uniformity_of_cell_shape': 'belowMean', 'Bare_nuclei': 'aboveMean', 'Clump_thickness': 'aboveMean', 'Marginal_adhesion': 'belowMean'}",True,,4,{},0.0,5,False,True
31,31,19,"{'Uniformity_of_cell_size': 'belowMean', 'Uniformity_of_cell_shape': 'aboveMean', 'Clump_thickness': 'aboveMean', 'Mitoses': 'belowMean', 'Bare_nuclei': 'aboveMean'}",True,Single_epithelial_cell_size,4,"{'aboveMean': 41, 'belowMean': 42}",0.3315552752320583,5,False,False
32,32,19,"{'Uniformity_of_cell_size': 'belowMean', 'Uniformity_of_cell_shape': 'aboveMean', 'Clump_thickness': 'aboveMean', 'Mitoses': 'belowMean', 'Bare_nuclei': 'belowMean'}",True,Bland_chromatin,2,"{'belowMean': 43, 'aboveMean': 44}",0.9999800684314308,5,True,True
33,33,21,"{'Uniformity_of_cell_size': 'aboveMean', 'Clump_thickness': 'belowMean', 'Mitoses': 'belowMean', 'Normal_nucleoli': 'aboveMean', 'Bare_nuclei': 'belowMean'}",True,,2,{},0.0,5,False,True
34,34,21,"{'Uniformity_of_cell_size': 'aboveMean', 'Clump_thickness': 'belowMean', 'Mitoses': 'belowMean', 'Normal_nucleoli': 'aboveMean', 'Bare_nuclei': 'aboveMean'}",True,Uniformity_of_cell_shape,4,"{'aboveMean': 45, 'belowMean': 46}",0.1510594977620362,5,False,False
35,35,23,"{'Uniformity_of_cell_size': 'aboveMean', 'Clump_thickness': 'aboveMean', 'Bland_chromatin': 'belowMean', 'Single_epithelial_cell_size': 'belowMean', 'Marginal_adhesion': 'belowMean'}",True,Bare_nuclei,4,{'aboveMean': 47},,5,False,False
36,36,23,"{'Uniformity_of_cell_size': 'aboveMean', 'Clump_thickness': 'aboveMean', 'Bland_chromatin': 'belowMean', 'Single_epithelial_cell_size': 'belowMean', 'Marginal_adhesion': 'aboveMean'}",True,,4,{},0.0,5,False,True
37,37,25,"{'Uniformity_of_cell_size': 'belowMean', 'Uniformity_of_cell_shape': 'belowMean', 'Bare_nuclei': 'belowMean', 'Bland_chromatin': 'aboveMean', 'Clump_thickness': 'aboveMean', 'Normal_nucleoli': 'belowMean'}",True,,2,{},0.0,6,False,True
38,38,25,"{'Uniformity_of_cell_size': 'belowMean', 'Uniformity_of_cell_shape': 'belowMean', 'Bare_nuclei': 'belowMean', 'Bland_chromatin': 'aboveMean', 'Clump_thickness': 'aboveMean', 'Normal_nucleoli': 'aboveMean'}",True,,4,{},0.0,6,False,True
39,39,29,"{'Uniformity_of_cell_size': 'belowMean', 'Uniformity_of_cell_shape': 'belowMean', 'Bare_nuclei': 'aboveMean', 'Clump_thickness': 'aboveMean', 'Marginal_adhesion': 'aboveMean', 'Mitoses': 'belowMean'}",True,Normal_nucleoli,2,"{'belowMean': 48, 'aboveMean': 49}",0.3836824045693475,6,False,False
40,40,29,"{'Uniformity_of_cell_size': 'belowMean', 'Uniformity_of_cell_shape': 'belowMean', 'Bare_nuclei': 'aboveMean', 'Clump_thickness': 'aboveMean', 'Marginal_adhesion': 'aboveMean', 'Mitoses': 'aboveMean'}",True,,2,{},0.0,6,False,True
41,41,31,"{'Uniformity_of_cell_size': 'belowMean', 'Uniformity_of_cell_shape': 'aboveMean', 'Clump_thickness': 'aboveMean', 'Mitoses': 'belowMean', 'Bare_nuclei': 'aboveMean', 'Single_epithelial_cell_size': 'aboveMean'}",True,Marginal_adhesion,2,"{'aboveMean': 50, 'belowMean': 51}",0.9999800684314308,6,False,False
42,42,31,"{'Uniformity_of_cell_size': 'belowMean', 'Uniformity_of_cell_shape': 'aboveMean', 'Clump_thickness': 'aboveMean', 'Mitoses': 'belowMean', 'Bare_nuclei': 'aboveMean', 'Single_epithelial_cell_size': 'belowMean'}",True,,4,{},0.0,6,False,True
43,43,32,"{'Uniformity_of_cell_size': 'belowMean', 'Uniformity_of_cell_shape': 'aboveMean', 'Clump_thickness': 'aboveMean', 'Mitoses': 'belowMean', 'Bare_nuclei': 'belowMean', 'Bland_chromatin': 'belowMean'}",True,,2,{},0.0,6,False,True
44,44,32,"{'Uniformity_of_cell_size': 'belowMean', 'Uniformity_of_cell_shape': 'aboveMean', 'Clump_thickness': 'aboveMean', 'Mitoses': 'belowMean', 'Bare_nuclei': 'belowMean', 'Bland_chromatin': 'aboveMean'}",True,,4,{},0.0,6,False,True
45,45,34,"{'Uniformity_of_cell_size': 'aboveMean', 'Clump_thickness': 'belowMean', 'Mitoses': 'belowMean', 'Normal_nucleoli': 'aboveMean', 'Bare_nuclei': 'aboveMean', 'Uniformity_of_cell_shape': 'aboveMean'}",True,Bland_chromatin,4,{'aboveMean': 52},,6,False,False
46,46,34,"{'Uniformity_of_cell_size': 'aboveMean', 'Clump_thickness': 'belowMean', 'Mitoses': 'belowMean', 'Normal_nucleoli': 'aboveMean', 'Bare_nuclei': 'aboveMean', 'Uniformity_of_cell_shape': 'belowMean'}",True,,4,{},0.0,6,False,True
47,47,35,"{'Uniformity_of_cell_size': 'aboveMean', 'Clump_thickness': 'aboveMean', 'Bland_chromatin': 'belowMean', 'Single_epithelial_cell_size': 'belowMean', 'Marginal_adhesion': 'belowMean', 'Bare_nuclei': 'aboveMean'}",True,Mitoses,4,{'belowMean': 53},,6,False,False
48,48,39,"{'Uniformity_of_cell_size': 'belowMean', 'Uniformity_of_cell_shape': 'belowMean', 'Bare_nuclei': 'aboveMean', 'Clump_thickness': 'aboveMean', 'Marginal_adhesion': 'aboveMean', 'Mitoses': 'belowMean', 'Normal_nucleoli': 'belowMean'}",True,Single_epithelial_cell_size,2,"{'belowMean': 54, 'aboveMean': 55}",0.2740103071367113,7,False,False
49,49,39,"{'Uniformity_of_cell_size': 'belowMean', 'Uniformity_of_cell_shape': 'belowMean', 'Bare_nuclei': 'aboveMean', 'Clump_thickness': 'aboveMean', 'Marginal_adhesion': 'aboveMean', 'Mitoses': 'belowMean', 'Normal_nucleoli': 'aboveMean'}",True,,4,{},0.0,7,False,True
50,50,41,"{'Uniformity_of_cell_size': 'belowMean', 'Uniformity_of_cell_shape': 'aboveMean', 'Clump_thickness': 'aboveMean', 'Mitoses': 'belowMean', 'Bare_nuclei': 'aboveMean', 'Single_epithelial_cell_size': 'aboveMean', 'Marginal_adhesion': 'aboveMean'}",True,,2,{},0.0,7,False,True
51,51,41,"{'Uniformity_of_cell_size': 'belowMean', 'Uniformity_of_cell_shape': 'aboveMean', 'Clump_thickness': 'aboveMean', 'Mitoses': 'belowMean', 'Bare_nuclei': 'aboveMean', 'Single_epithelial_cell_size': 'aboveMean', 'Marginal_adhesion': 'belowMean'}",True,,4,{},0.0,7,False,True
52,52,45,"{'Uniformity_of_cell_size': 'aboveMean', 'Clump_thickness': 'belowMean', 'Mitoses': 'belowMean', 'Normal_nucleoli': 'aboveMean', 'Bare_nuclei': 'aboveMean', 'Uniformity_of_cell_shape': 'aboveMean', 'Bland_chromatin': 'aboveMean'}",True,Marginal_adhesion,4,{'aboveMean': 56},,7,False,False
53,53,47,"{'Uniformity_of_cell_size': 'aboveMean', 'Clump_thickness': 'aboveMean', 'Bland_chromatin': 'belowMean', 'Single_epithelial_cell_size': 'belowMean', 'Marginal_adhesion': 'belowMean', 'Bare_nuclei': 'aboveMean', 'Mitoses': 'belowMean'}",True,Normal_nucleoli,4,{'aboveMean': 57},,7,False,False
54,54,48,"{'Uniformity_of_cell_size': 'belowMean', 'Uniformity_of_cell_shape': 'belowMean', 'Bare_nuclei': 'aboveMean', 'Clump_thickness': 'aboveMean', 'Marginal_adhesion': 'aboveMean', 'Mitoses': 'belowMean', 'Normal_nucleoli': 'belowMean', 'Single_epithelial_cell_size': 'belowMean'}",True,,2,{},0.0,8,False,True
55,55,48,"{'Uniformity_of_cell_size': 'belowMean', 'Uniformity_of_cell_shape': 'belowMean', 'Bare_nuclei': 'aboveMean', 'Clump_thickness': 'aboveMean', 'Marginal_adhesion': 'aboveMean', 'Mitoses': 'belowMean', 'Normal_nucleoli': 'belowMean', 'Single_epithelial_cell_size': 'aboveMean'}",True,,2,{},0.0,8,False,True
56,56,52,"{'Uniformity_of_cell_size': 'aboveMean', 'Clump_thickness': 'belowMean', 'Mitoses': 'belowMean', 'Normal_nucleoli': 'aboveMean', 'Bare_nuclei': 'aboveMean', 'Uniformity_of_cell_shape': 'aboveMean', 'Bland_chromatin': 'aboveMean', 'Marginal_adhesion': 'aboveMean'}",True,,4,{},0.0,8,False,True
57,57,53,"{'Uniformity_of_cell_size': 'aboveMean', 'Clump_thickness': 'aboveMean', 'Bland_chromatin': 'belowMean', 'Single_epithelial_cell_size': 'belowMean', 'Marginal_adhesion': 'belowMean', 'Bare_nuclei': 'aboveMean', 'Mitoses': 'belowMean', 'Normal_nucleoli': 'aboveMean'}",True,,4,{},0.0,8,False,True
