,nodeID,parentNode,dataSetFilters,evaluated,nodeFeature,nodePrediction,childrenNodes,gainOrMSE,treeLevel,pruned,isLeaf
0,0,-1,{},True,Shell_weight,9.997007779772591,"{'belowMean': 1, 'aboveMean': 2}",8.142604730070804,0,False,False
1,1,0,{'Shell_weight': 'belowMean'},True,Sex,8.370285714285714,"{'I': 3, 'F': 4, 'M': 5}",5.42171130406173,1,False,False
2,2,0,{'Shell_weight': 'aboveMean'},True,Shucked_weight,11.785175879396984,"{'belowMean': 6, 'aboveMean': 7}",10.039239218776327,1,False,False
3,3,1,"{'Shell_weight': 'belowMean', 'Sex': 'I'}",True,Height,7.5456475583864115,"{'belowMean': 8, 'aboveMean': 9}",3.8705160946811525,2,False,False
4,4,1,"{'Shell_weight': 'belowMean', 'Sex': 'F'}",True,Height,9.75,"{'aboveMean': 10, 'belowMean': 11}",5.630186623721106,2,False,False
5,5,1,"{'Shell_weight': 'belowMean', 'Sex': 'M'}",True,Height,9.033898305084746,"{'aboveMean': 12, 'belowMean': 13}",6.192323213509654,2,False,False
6,6,2,"{'Shell_weight': 'aboveMean', 'Shucked_weight': 'belowMean'}",True,Sex,12.733333333333333,"{'F': 14, 'I': 15, 'M': 16}",12.925621118012423,2,False,False
7,7,2,"{'Shell_weight': 'aboveMean', 'Shucked_weight': 'aboveMean'}",True,Height,11.616863905325443,"{'aboveMean': 17, 'belowMean': 18}",9.306670559571625,2,False,False
8,8,3,"{'Shell_weight': 'belowMean', 'Sex': 'I', 'Height': 'belowMean'}",True,Diameter,7.248210023866348,"{'belowMean': 19, 'aboveMean': 20}",3.2368090754985426,3,False,False
9,9,3,"{'Shell_weight': 'belowMean', 'Sex': 'I', 'Height': 'aboveMean'}",True,Shucked_weight,9.942307692307692,"{'aboveMean': 21, 'belowMean': 22}",7.462524654832347,3,False,False
10,10,4,"{'Shell_weight': 'belowMean', 'Sex': 'F', 'Height': 'aboveMean'}",True,Whole_weight,10.711538461538462,"{'belowMean': 23, 'aboveMean': 24}",4.5315705128205135,3,False,False
11,11,4,"{'Shell_weight': 'belowMean', 'Sex': 'F', 'Height': 'belowMean'}",True,Shucked_weight,9.318965517241379,"{'belowMean': 25, 'aboveMean': 26}",5.237108876117496,3,False,False
12,12,5,"{'Shell_weight': 'belowMean', 'Sex': 'M', 'Height': 'aboveMean'}",True,Length,10.277777777777779,"{'aboveMean': 27, 'belowMean': 28}",7.28956228956229,3,False,False
13,13,5,"{'Shell_weight': 'belowMean', 'Sex': 'M', 'Height': 'belowMean'}",True,Diameter,8.664835164835164,"{'aboveMean': 29, 'belowMean': 30}",5.0115022232669295,3,False,False
14,14,6,"{'Shell_weight': 'aboveMean', 'Shucked_weight': 'belowMean', 'Sex': 'F'}",True,Height,13.434782608695652,"{'aboveMean': 31, 'belowMean': 32}",17.678632723112127,3,False,False
15,15,6,"{'Shell_weight': 'aboveMean', 'Shucked_weight': 'belowMean', 'Sex': 'I'}",True,Height,11.071428571428571,"{'aboveMean': 33, 'belowMean': 34}",7.744897959183674,3,False,False
16,16,6,"{'Shell_weight': 'aboveMean', 'Shucked_weight': 'belowMean', 'Sex': 'M'}",True,Whole_weight,13.043478260869565,"{'aboveMean': 35, 'belowMean': 36}",9.010144927536231,3,False,False
17,17,7,"{'Shell_weight': 'aboveMean', 'Shucked_weight': 'aboveMean', 'Height': 'aboveMean'}",True,Length,11.674961119751167,"{'aboveMean': 37, 'belowMean': 38}",9.482669850793206,3,False,False
18,18,7,"{'Shell_weight': 'aboveMean', 'Shucked_weight': 'aboveMean', 'Height': 'belowMean'}",True,Whole_weight,10.484848484848484,"{'aboveMean': 39, 'belowMean': 40}",4.541055718475074,3,False,False
19,19,8,"{'Shell_weight': 'belowMean', 'Sex': 'I', 'Height': 'belowMean', 'Diameter': 'belowMean'}",True,Length,7.164179104477612,"{'belowMean': 41, 'aboveMean': 42}",3.2822171402924925,4,False,False
20,20,8,"{'Shell_weight': 'belowMean', 'Sex': 'I', 'Height': 'belowMean', 'Diameter': 'aboveMean'}",True,Length,9.235294117647058,"{'aboveMean': 43, 'belowMean': 44}",0.7058823529411765,4,False,False
21,21,9,"{'Shell_weight': 'belowMean', 'Sex': 'I', 'Height': 'aboveMean', 'Shucked_weight': 'aboveMean'}",True,Whole_weight,9.23076923076923,"{'belowMean': 45, 'aboveMean': 46}",5.802197802197802,4,False,False
22,22,9,"{'Shell_weight': 'belowMean', 'Sex': 'I', 'Height': 'aboveMean', 'Shucked_weight': 'belowMean'}",True,Viscera_weight,10.179487179487179,"{'belowMean': 47, 'aboveMean': 48}",7.565452091767881,4,False,False
23,23,10,"{'Shell_weight': 'belowMean', 'Sex': 'F', 'Height': 'aboveMean', 'Whole_weight': 'belowMean'}",True,Shucked_weight,11.475,"{'belowMean': 49, 'aboveMean': 50}",5.407638888888889,4,False,False
24,24,10,"{'Shell_weight': 'belowMean', 'Sex': 'F', 'Height': 'aboveMean', 'Whole_weight': 'aboveMean'}",True,Viscera_weight,8.166666666666666,"{'aboveMean': 51, 'belowMean': 52}",0.7424242424242425,4,False,False
25,25,11,"{'Shell_weight': 'belowMean', 'Sex': 'F', 'Height': 'belowMean', 'Shucked_weight': 'belowMean'}",True,Length,9.351851851851851,"{'belowMean': 53, 'aboveMean': 54}",5.498215624531413,4,False,False
26,26,11,"{'Shell_weight': 'belowMean', 'Sex': 'F', 'Height': 'belowMean', 'Shucked_weight': 'aboveMean'}",True,Whole_weight,8.875,"{'aboveMean': 55, 'belowMean': 56}",1.09375,4,False,False
27,27,12,"{'Shell_weight': 'belowMean', 'Sex': 'M', 'Height': 'aboveMean', 'Length': 'aboveMean'}",True,Shucked_weight,8.969696969696969,"{'aboveMean': 57, 'belowMean': 58}",1.5684848484848484,4,False,False
28,28,12,"{'Shell_weight': 'belowMean', 'Sex': 'M', 'Height': 'aboveMean', 'Length': 'belowMean'}",True,Shucked_weight,12.333333333333334,"{'belowMean': 59, 'aboveMean': 60}",14.323809523809524,4,False,False
29,29,13,"{'Shell_weight': 'belowMean', 'Sex': 'M', 'Height': 'belowMean', 'Diameter': 'aboveMean'}",True,Shucked_weight,9.411764705882353,"{'aboveMean': 61, 'belowMean': 62}",1.7504201680672271,4,False,False
30,30,13,"{'Shell_weight': 'belowMean', 'Sex': 'M', 'Height': 'belowMean', 'Diameter': 'belowMean'}",True,Viscera_weight,8.587878787878788,"{'belowMean': 63, 'aboveMean': 64}",5.322895622895622,4,False,False
31,31,14,"{'Shell_weight': 'aboveMean', 'Shucked_weight': 'belowMean', 'Sex': 'F', 'Height': 'aboveMean'}",True,Whole_weight,12.868421052631579,"{'belowMean': 65, 'aboveMean': 66}",16.72203947368421,4,False,False
32,32,14,"{'Shell_weight': 'aboveMean', 'Shucked_weight': 'belowMean', 'Sex': 'F', 'Height': 'belowMean'}",True,Diameter,16.125,"{'aboveMean': 67, 'belowMean': 68}",12.464285714285715,4,False,False
33,33,15,"{'Shell_weight': 'aboveMean', 'Shucked_weight': 'belowMean', 'Sex': 'I', 'Height': 'aboveMean'}",True,Length,11.571428571428571,"{'aboveMean': 69, 'belowMean': 70}",7.274509803921569,4,False,False
34,34,15,"{'Shell_weight': 'aboveMean', 'Shucked_weight': 'belowMean', 'Sex': 'I', 'Height': 'belowMean'}",True,Diameter,9.571428571428571,"{'aboveMean': 71, 'belowMean': 72}",0.9761904761904763,4,False,False
35,35,16,"{'Shell_weight': 'aboveMean', 'Shucked_weight': 'belowMean', 'Sex': 'M', 'Whole_weight': 'aboveMean'}",True,Height,13.466666666666667,"{'aboveMean': 73, 'belowMean': 74}",10.338302277432712,4,False,False
36,36,16,"{'Shell_weight': 'aboveMean', 'Shucked_weight': 'belowMean', 'Sex': 'M', 'Whole_weight': 'belowMean'}",True,Diameter,12.25,"{'aboveMean': 75, 'belowMean': 76}",4.334090909090909,4,False,False
37,37,17,"{'Shell_weight': 'aboveMean', 'Shucked_weight': 'aboveMean', 'Height': 'aboveMean', 'Length': 'aboveMean'}",True,Viscera_weight,11.704581358609795,"{'aboveMean': 77, 'belowMean': 78}",9.463293591740271,4,False,False
38,38,17,"{'Shell_weight': 'aboveMean', 'Shucked_weight': 'aboveMean', 'Height': 'aboveMean', 'Length': 'belowMean'}",True,Diameter,9.8,"{'aboveMean': 79, 'belowMean': 80}",6.358333333333333,4,False,False
39,39,18,"{'Shell_weight': 'aboveMean', 'Shucked_weight': 'aboveMean', 'Height': 'belowMean', 'Whole_weight': 'aboveMean'}",True,Sex,10.612903225806452,"{'M': 81, 'I': 82, 'F': 83}",4.597983870967742,4,False,False
40,40,18,"{'Shell_weight': 'aboveMean', 'Shucked_weight': 'aboveMean', 'Height': 'belowMean', 'Whole_weight': 'belowMean'}",True,Diameter,8.5,"{'aboveMean': 84, 'belowMean': 85}",0.0,4,False,False
41,41,19,"{'Shell_weight': 'belowMean', 'Sex': 'I', 'Height': 'belowMean', 'Diameter': 'belowMean', 'Length': 'belowMean'}",True,Shucked_weight,7.138107416879795,"{'belowMean': 86, 'aboveMean': 87}",3.365022123748348,5,False,False
42,42,19,"{'Shell_weight': 'belowMean', 'Sex': 'I', 'Height': 'belowMean', 'Diameter': 'belowMean', 'Length': 'aboveMean'}",True,Shucked_weight,8.090909090909092,{'belowMean': 88},0.2644628099173554,5,False,False
43,43,20,"{'Shell_weight': 'belowMean', 'Sex': 'I', 'Height': 'belowMean', 'Diameter': 'aboveMean', 'Length': 'aboveMean'}",True,Shucked_weight,9.0,"{'belowMean': 89, 'aboveMean': 90}",0.6865079365079365,5,False,False
44,44,20,"{'Shell_weight': 'belowMean', 'Sex': 'I', 'Height': 'belowMean', 'Diameter': 'aboveMean', 'Length': 'belowMean'}",True,,13.0,{},0.0,5,False,True
45,45,21,"{'Shell_weight': 'belowMean', 'Sex': 'I', 'Height': 'aboveMean', 'Shucked_weight': 'aboveMean', 'Whole_weight': 'belowMean'}",True,Viscera_weight,8.0,"{'belowMean': 91, 'aboveMean': 92}",0.13333333333333333,5,False,False
46,46,21,"{'Shell_weight': 'belowMean', 'Sex': 'I', 'Height': 'aboveMean', 'Shucked_weight': 'aboveMean', 'Whole_weight': 'aboveMean'}",True,Viscera_weight,10.285714285714286,"{'aboveMean': 93, 'belowMean': 94}",10.202380952380953,5,False,False
47,47,22,"{'Shell_weight': 'belowMean', 'Sex': 'I', 'Height': 'aboveMean', 'Shucked_weight': 'belowMean', 'Viscera_weight': 'belowMean'}",True,Diameter,10.157894736842104,"{'aboveMean': 95, 'belowMean': 96}",7.7637559808612435,5,False,False
48,48,22,"{'Shell_weight': 'belowMean', 'Sex': 'I', 'Height': 'aboveMean', 'Shucked_weight': 'belowMean', 'Viscera_weight': 'aboveMean'}",True,,11.0,{},0.0,5,False,True
49,49,23,"{'Shell_weight': 'belowMean', 'Sex': 'F', 'Height': 'aboveMean', 'Whole_weight': 'belowMean', 'Shucked_weight': 'belowMean'}",True,Length,11.63888888888889,"{'belowMean': 97, 'aboveMean': 98}",5.854166666666667,5,False,False
50,50,23,"{'Shell_weight': 'belowMean', 'Sex': 'F', 'Height': 'aboveMean', 'Whole_weight': 'belowMean', 'Shucked_weight': 'aboveMean'}",True,Viscera_weight,10.0,"{'aboveMean': 99, 'belowMean': 100}",0.16666666666666666,5,False,False
51,51,24,"{'Shell_weight': 'belowMean', 'Sex': 'F', 'Height': 'aboveMean', 'Whole_weight': 'aboveMean', 'Viscera_weight': 'aboveMean'}",True,Diameter,8.090909090909092,"{'aboveMean': 101, 'belowMean': 102}",0.8090909090909091,5,False,False
52,52,24,"{'Shell_weight': 'belowMean', 'Sex': 'F', 'Height': 'aboveMean', 'Whole_weight': 'aboveMean', 'Viscera_weight': 'belowMean'}",True,,9.0,{},0.0,5,False,True
53,53,25,"{'Shell_weight': 'belowMean', 'Sex': 'F', 'Height': 'belowMean', 'Shucked_weight': 'belowMean', 'Length': 'belowMean'}",True,Viscera_weight,9.273684210526316,"{'belowMean': 103, 'aboveMean': 104}",5.881380871533673,5,False,False
54,54,25,"{'Shell_weight': 'belowMean', 'Sex': 'F', 'Height': 'belowMean', 'Shucked_weight': 'belowMean', 'Length': 'aboveMean'}",True,Viscera_weight,9.923076923076923,"{'belowMean': 105, 'aboveMean': 106}",2.338461538461538,5,False,False
55,55,26,"{'Shell_weight': 'belowMean', 'Sex': 'F', 'Height': 'belowMean', 'Shucked_weight': 'aboveMean', 'Whole_weight': 'aboveMean'}",True,Viscera_weight,8.75,"{'aboveMean': 107, 'belowMean': 108}",0.625,5,False,False
56,56,26,"{'Shell_weight': 'belowMean', 'Sex': 'F', 'Height': 'belowMean', 'Shucked_weight': 'aboveMean', 'Whole_weight': 'belowMean'}",True,Diameter,9.0,{'aboveMean': 109},1.5,5,False,False
57,57,27,"{'Shell_weight': 'belowMean', 'Sex': 'M', 'Height': 'aboveMean', 'Length': 'aboveMean', 'Shucked_weight': 'aboveMean'}",True,Whole_weight,8.64,"{'aboveMean': 110, 'belowMean': 111}",0.9173913043478261,5,False,False
58,58,27,"{'Shell_weight': 'belowMean', 'Sex': 'M', 'Height': 'aboveMean', 'Length': 'aboveMean', 'Shucked_weight': 'belowMean'}",True,Diameter,10.0,"{'aboveMean': 112, 'belowMean': 113}",2.65,5,False,False
59,59,28,"{'Shell_weight': 'belowMean', 'Sex': 'M', 'Height': 'aboveMean', 'Length': 'belowMean', 'Shucked_weight': 'belowMean'}",True,Viscera_weight,12.6,"{'belowMean': 114, 'aboveMean': 115}",15.027450980392157,5,False,False
60,60,28,"{'Shell_weight': 'belowMean', 'Sex': 'M', 'Height': 'aboveMean', 'Length': 'belowMean', 'Shucked_weight': 'aboveMean'}",True,,7.0,{},0.0,5,False,True
61,61,29,"{'Shell_weight': 'belowMean', 'Sex': 'M', 'Height': 'belowMean', 'Diameter': 'aboveMean', 'Shucked_weight': 'aboveMean'}",True,Viscera_weight,9.857142857142858,"{'belowMean': 116, 'aboveMean': 117}",0.7571428571428571,5,False,False
62,62,29,"{'Shell_weight': 'belowMean', 'Sex': 'M', 'Height': 'belowMean', 'Diameter': 'aboveMean', 'Shucked_weight': 'belowMean'}",True,Whole_weight,9.1,"{'belowMean': 118, 'aboveMean': 119}",1.5555555555555556,5,False,False
63,63,30,"{'Shell_weight': 'belowMean', 'Sex': 'M', 'Height': 'belowMean', 'Diameter': 'belowMean', 'Viscera_weight': 'belowMean'}",True,Length,8.574074074074074,"{'belowMean': 120, 'aboveMean': 121}",5.360992402659069,5,False,False
64,64,30,"{'Shell_weight': 'belowMean', 'Sex': 'M', 'Height': 'belowMean', 'Diameter': 'belowMean', 'Viscera_weight': 'aboveMean'}",True,Length,9.333333333333334,"{'aboveMean': 122, 'belowMean': 123}",0.16666666666666666,5,False,False
65,65,31,"{'Shell_weight': 'aboveMean', 'Shucked_weight': 'belowMean', 'Sex': 'F', 'Height': 'aboveMean', 'Whole_weight': 'belowMean'}",True,Length,11.3125,"{'belowMean': 124, 'aboveMean': 125}",15.952083333333334,5,False,False
66,66,31,"{'Shell_weight': 'aboveMean', 'Shucked_weight': 'belowMean', 'Sex': 'F', 'Height': 'aboveMean', 'Whole_weight': 'aboveMean'}",True,Viscera_weight,14.0,"{'aboveMean': 126, 'belowMean': 127}",13.925505050505052,5,False,False
67,67,32,"{'Shell_weight': 'aboveMean', 'Shucked_weight': 'belowMean', 'Sex': 'F', 'Height': 'belowMean', 'Diameter': 'aboveMean'}",True,Whole_weight,16.571428571428573,"{'belowMean': 128, 'aboveMean': 129}",13.809523809523808,5,False,False
68,68,32,"{'Shell_weight': 'aboveMean', 'Shucked_weight': 'belowMean', 'Sex': 'F', 'Height': 'belowMean', 'Diameter': 'belowMean'}",True,,13.0,{},0.0,5,False,True
69,69,33,"{'Shell_weight': 'aboveMean', 'Shucked_weight': 'belowMean', 'Sex': 'I', 'Height': 'aboveMean', 'Length': 'aboveMean'}",True,Whole_weight,10.882352941176471,"{'belowMean': 130, 'aboveMean': 131}",5.492869875222816,5,False,False
70,70,33,"{'Shell_weight': 'aboveMean', 'Shucked_weight': 'belowMean', 'Sex': 'I', 'Height': 'aboveMean', 'Length': 'belowMean'}",True,Viscera_weight,14.5,"{'belowMean': 132, 'aboveMean': 133}",2.666666666666667,5,False,False
71,71,34,"{'Shell_weight': 'aboveMean', 'Shucked_weight': 'belowMean', 'Sex': 'I', 'Height': 'belowMean', 'Diameter': 'aboveMean'}",True,Viscera_weight,10.166666666666666,"{'aboveMean': 134, 'belowMean': 135}",1.1111111111111112,5,False,False
72,72,34,"{'Shell_weight': 'aboveMean', 'Shucked_weight': 'belowMean', 'Sex': 'I', 'Height': 'belowMean', 'Diameter': 'belowMean'}",True,,6.0,{},0.0,5,False,True
73,73,35,"{'Shell_weight': 'aboveMean', 'Shucked_weight': 'belowMean', 'Sex': 'M', 'Whole_weight': 'aboveMean', 'Height': 'aboveMean'}",True,Length,13.73913043478261,"{'aboveMean': 136, 'belowMean': 137}",12.426501035196686,5,False,False
74,74,35,"{'Shell_weight': 'aboveMean', 'Shucked_weight': 'belowMean', 'Sex': 'M', 'Whole_weight': 'aboveMean', 'Height': 'belowMean'}",True,Length,12.571428571428571,"{'belowMean': 138, 'aboveMean': 139}",1.7142857142857142,5,False,False
75,75,36,"{'Shell_weight': 'aboveMean', 'Shucked_weight': 'belowMean', 'Sex': 'M', 'Whole_weight': 'belowMean', 'Diameter': 'aboveMean'}",True,Viscera_weight,11.363636363636363,"{'belowMean': 140, 'aboveMean': 141}",3.272727272727273,5,False,False
76,76,36,"{'Shell_weight': 'aboveMean', 'Shucked_weight': 'belowMean', 'Sex': 'M', 'Whole_weight': 'belowMean', 'Diameter': 'belowMean'}",True,Height,14.2,"{'belowMean': 142, 'aboveMean': 143}",4.0,5,False,False
77,77,37,"{'Shell_weight': 'aboveMean', 'Shucked_weight': 'aboveMean', 'Height': 'aboveMean', 'Length': 'aboveMean', 'Viscera_weight': 'aboveMean'}",True,Sex,11.657284768211921,"{'F': 144, 'M': 145, 'I': 146}",9.188029378036198,5,False,False
78,78,37,"{'Shell_weight': 'aboveMean', 'Shucked_weight': 'aboveMean', 'Height': 'aboveMean', 'Length': 'aboveMean', 'Viscera_weight': 'belowMean'}",True,Sex,12.689655172413794,"{'M': 147, 'I': 148, 'F': 149}",12.425287356321839,5,False,False
79,79,38,"{'Shell_weight': 'aboveMean', 'Shucked_weight': 'aboveMean', 'Height': 'aboveMean', 'Length': 'belowMean', 'Diameter': 'aboveMean'}",True,Sex,11.25,"{'M': 150, 'F': 151}",11.166666666666666,5,False,False
80,80,38,"{'Shell_weight': 'aboveMean', 'Shucked_weight': 'aboveMean', 'Height': 'aboveMean', 'Length': 'belowMean', 'Diameter': 'belowMean'}",True,Sex,8.833333333333334,"{'M': 152, 'F': 153, 'I': 154}",0.3333333333333333,5,False,False
81,81,39,"{'Shell_weight': 'aboveMean', 'Shucked_weight': 'aboveMean', 'Height': 'belowMean', 'Whole_weight': 'aboveMean', 'Sex': 'M'}",True,Viscera_weight,11.0625,"{'aboveMean': 155, 'belowMean': 156}",6.6499999999999995,5,False,False
82,82,39,"{'Shell_weight': 'aboveMean', 'Shucked_weight': 'aboveMean', 'Height': 'belowMean', 'Whole_weight': 'aboveMean', 'Sex': 'I'}",True,Viscera_weight,10.0,"{'aboveMean': 157, 'belowMean': 158}",0.15,5,False,False
83,83,39,"{'Shell_weight': 'aboveMean', 'Shucked_weight': 'aboveMean', 'Height': 'belowMean', 'Whole_weight': 'aboveMean', 'Sex': 'F'}",True,Viscera_weight,10.2,"{'belowMean': 159, 'aboveMean': 160}",1.7,5,False,False
84,84,40,"{'Shell_weight': 'aboveMean', 'Shucked_weight': 'aboveMean', 'Height': 'belowMean', 'Whole_weight': 'belowMean', 'Diameter': 'aboveMean'}",True,,8.0,{},0.0,5,False,True
85,85,40,"{'Shell_weight': 'aboveMean', 'Shucked_weight': 'aboveMean', 'Height': 'belowMean', 'Whole_weight': 'belowMean', 'Diameter': 'belowMean'}",True,,9.0,{},0.0,5,False,True
86,86,41,"{'Shell_weight': 'belowMean', 'Sex': 'I', 'Height': 'belowMean', 'Diameter': 'belowMean', 'Length': 'belowMean', 'Shucked_weight': 'belowMean'}",True,Viscera_weight,7.141388174807198,"{'belowMean': 161, 'aboveMean': 162}",3.3707033631039143,6,False,False
87,87,41,"{'Shell_weight': 'belowMean', 'Sex': 'I', 'Height': 'belowMean', 'Diameter': 'belowMean', 'Length': 'belowMean', 'Shucked_weight': 'aboveMean'}",True,Viscera_weight,6.5,{'belowMean': 163},2.25,6,False,False
88,88,42,"{'Shell_weight': 'belowMean', 'Sex': 'I', 'Height': 'belowMean', 'Diameter': 'belowMean', 'Length': 'aboveMean', 'Shucked_weight': 'belowMean'}",True,Viscera_weight,8.090909090909092,{'belowMean': 164},0.2644628099173554,6,False,False
89,89,43,"{'Shell_weight': 'belowMean', 'Sex': 'I', 'Height': 'belowMean', 'Diameter': 'aboveMean', 'Length': 'aboveMean', 'Shucked_weight': 'belowMean'}",True,Viscera_weight,9.222222222222221,"{'belowMean': 165, 'aboveMean': 166}",0.8148148148148149,6,False,False
90,90,43,"{'Shell_weight': 'belowMean', 'Sex': 'I', 'Height': 'belowMean', 'Diameter': 'aboveMean', 'Length': 'aboveMean', 'Shucked_weight': 'aboveMean'}",True,Whole_weight,8.714285714285714,"{'belowMean': 167, 'aboveMean': 168}",0.24285714285714285,6,False,False
91,91,45,"{'Shell_weight': 'belowMean', 'Sex': 'I', 'Height': 'aboveMean', 'Shucked_weight': 'aboveMean', 'Whole_weight': 'belowMean', 'Viscera_weight': 'belowMean'}",True,Diameter,7.8,"{'belowMean': 169, 'aboveMean': 170}",0.13333333333333336,6,False,False
92,92,45,"{'Shell_weight': 'belowMean', 'Sex': 'I', 'Height': 'aboveMean', 'Shucked_weight': 'aboveMean', 'Whole_weight': 'belowMean', 'Viscera_weight': 'aboveMean'}",True,,9.0,{},0.0,6,False,True
93,93,46,"{'Shell_weight': 'belowMean', 'Sex': 'I', 'Height': 'aboveMean', 'Shucked_weight': 'aboveMean', 'Whole_weight': 'aboveMean', 'Viscera_weight': 'aboveMean'}",True,Diameter,10.75,{'aboveMean': 171},17.6875,6,False,False
94,94,46,"{'Shell_weight': 'belowMean', 'Sex': 'I', 'Height': 'aboveMean', 'Shucked_weight': 'aboveMean', 'Whole_weight': 'aboveMean', 'Viscera_weight': 'belowMean'}",True,Diameter,9.666666666666666,{'aboveMean': 172},0.2222222222222222,6,False,False
95,95,47,"{'Shell_weight': 'belowMean', 'Sex': 'I', 'Height': 'aboveMean', 'Shucked_weight': 'belowMean', 'Viscera_weight': 'belowMean', 'Diameter': 'aboveMean'}",True,Length,10.125,"{'aboveMean': 173, 'belowMean': 174}",7.483333333333333,6,False,False
96,96,47,"{'Shell_weight': 'belowMean', 'Sex': 'I', 'Height': 'aboveMean', 'Shucked_weight': 'belowMean', 'Viscera_weight': 'belowMean', 'Diameter': 'belowMean'}",True,Length,10.181818181818182,"{'belowMean': 175, 'aboveMean': 176}",7.762360446570972,6,False,False
97,97,49,"{'Shell_weight': 'belowMean', 'Sex': 'F', 'Height': 'aboveMean', 'Whole_weight': 'belowMean', 'Shucked_weight': 'belowMean', 'Length': 'belowMean'}",True,Viscera_weight,11.416666666666666,"{'belowMean': 177, 'aboveMean': 178}",5.591666666666666,6,False,False
98,98,49,"{'Shell_weight': 'belowMean', 'Sex': 'F', 'Height': 'aboveMean', 'Whole_weight': 'belowMean', 'Shucked_weight': 'belowMean', 'Length': 'aboveMean'}",True,Viscera_weight,12.083333333333334,"{'belowMean': 179, 'aboveMean': 180}",6.076190476190476,6,False,False
99,99,50,"{'Shell_weight': 'belowMean', 'Sex': 'F', 'Height': 'aboveMean', 'Whole_weight': 'belowMean', 'Shucked_weight': 'aboveMean', 'Viscera_weight': 'aboveMean'}",True,Length,9.666666666666666,"{'aboveMean': 181, 'belowMean': 182}",0.0,6,False,False
100,100,50,"{'Shell_weight': 'belowMean', 'Sex': 'F', 'Height': 'aboveMean', 'Whole_weight': 'belowMean', 'Shucked_weight': 'aboveMean', 'Viscera_weight': 'belowMean'}",True,,11.0,{},0.0,6,False,True
101,101,51,"{'Shell_weight': 'belowMean', 'Sex': 'F', 'Height': 'aboveMean', 'Whole_weight': 'aboveMean', 'Viscera_weight': 'aboveMean', 'Diameter': 'aboveMean'}",True,Length,8.1,{'aboveMean': 183},0.89,6,False,False
102,102,51,"{'Shell_weight': 'belowMean', 'Sex': 'F', 'Height': 'aboveMean', 'Whole_weight': 'aboveMean', 'Viscera_weight': 'aboveMean', 'Diameter': 'belowMean'}",True,,8.0,{},0.0,6,False,True
103,103,53,"{'Shell_weight': 'belowMean', 'Sex': 'F', 'Height': 'belowMean', 'Shucked_weight': 'belowMean', 'Length': 'belowMean', 'Viscera_weight': 'belowMean'}",True,Diameter,9.279569892473118,"{'belowMean': 184, 'aboveMean': 185}",5.986260454002389,6,False,False
104,104,53,"{'Shell_weight': 'belowMean', 'Sex': 'F', 'Height': 'belowMean', 'Shucked_weight': 'belowMean', 'Length': 'belowMean', 'Viscera_weight': 'aboveMean'}",True,Diameter,9.0,{'belowMean': 186},1.0,6,False,False
105,105,54,"{'Shell_weight': 'belowMean', 'Sex': 'F', 'Height': 'belowMean', 'Shucked_weight': 'belowMean', 'Length': 'aboveMean', 'Viscera_weight': 'belowMean'}",True,Diameter,9.6,"{'belowMean': 187, 'aboveMean': 188}",1.1583333333333334,6,False,False
106,106,54,"{'Shell_weight': 'belowMean', 'Sex': 'F', 'Height': 'belowMean', 'Shucked_weight': 'belowMean', 'Length': 'aboveMean', 'Viscera_weight': 'aboveMean'}",True,Diameter,11.0,"{'belowMean': 189, 'aboveMean': 190}",1.5,6,False,False
107,107,55,"{'Shell_weight': 'belowMean', 'Sex': 'F', 'Height': 'belowMean', 'Shucked_weight': 'aboveMean', 'Whole_weight': 'aboveMean', 'Viscera_weight': 'aboveMean'}",True,Diameter,8.5,{'aboveMean': 191},0.25,6,False,False
108,108,55,"{'Shell_weight': 'belowMean', 'Sex': 'F', 'Height': 'belowMean', 'Shucked_weight': 'aboveMean', 'Whole_weight': 'aboveMean', 'Viscera_weight': 'belowMean'}",True,Diameter,9.0,{'aboveMean': 192},1.0,6,False,False
109,109,56,"{'Shell_weight': 'belowMean', 'Sex': 'F', 'Height': 'belowMean', 'Shucked_weight': 'aboveMean', 'Whole_weight': 'belowMean', 'Diameter': 'aboveMean'}",True,Length,9.0,{'aboveMean': 193},1.5,6,False,False
110,110,57,"{'Shell_weight': 'belowMean', 'Sex': 'M', 'Height': 'aboveMean', 'Length': 'aboveMean', 'Shucked_weight': 'aboveMean', 'Whole_weight': 'aboveMean'}",True,Diameter,8.73913043478261,"{'aboveMean': 194, 'belowMean': 195}",0.8379446640316206,6,False,False
111,111,57,"{'Shell_weight': 'belowMean', 'Sex': 'M', 'Height': 'aboveMean', 'Length': 'aboveMean', 'Shucked_weight': 'aboveMean', 'Whole_weight': 'belowMean'}",True,Viscera_weight,7.5,"{'aboveMean': 196, 'belowMean': 197}",0.0,6,False,False
112,112,58,"{'Shell_weight': 'belowMean', 'Sex': 'M', 'Height': 'aboveMean', 'Length': 'aboveMean', 'Shucked_weight': 'belowMean', 'Diameter': 'aboveMean'}",True,Viscera_weight,10.6,{'belowMean': 198},2.6399999999999997,6,False,False
113,113,58,"{'Shell_weight': 'belowMean', 'Sex': 'M', 'Height': 'aboveMean', 'Length': 'aboveMean', 'Shucked_weight': 'belowMean', 'Diameter': 'belowMean'}",True,Viscera_weight,9.0,"{'belowMean': 199, 'aboveMean': 200}",0.6666666666666666,6,False,False
114,114,59,"{'Shell_weight': 'belowMean', 'Sex': 'M', 'Height': 'aboveMean', 'Length': 'belowMean', 'Shucked_weight': 'belowMean', 'Viscera_weight': 'belowMean'}",True,Diameter,12.647058823529411,{'belowMean': 201},16.581314878892734,6,False,False
115,115,59,"{'Shell_weight': 'belowMean', 'Sex': 'M', 'Height': 'aboveMean', 'Length': 'belowMean', 'Shucked_weight': 'belowMean', 'Viscera_weight': 'aboveMean'}",True,Diameter,12.333333333333334,{'belowMean': 202},6.222222222222221,6,False,False
116,116,61,"{'Shell_weight': 'belowMean', 'Sex': 'M', 'Height': 'belowMean', 'Diameter': 'aboveMean', 'Shucked_weight': 'aboveMean', 'Viscera_weight': 'belowMean'}",True,Length,11.5,{'aboveMean': 203},2.25,6,False,False
117,117,61,"{'Shell_weight': 'belowMean', 'Sex': 'M', 'Height': 'belowMean', 'Diameter': 'aboveMean', 'Shucked_weight': 'aboveMean', 'Viscera_weight': 'aboveMean'}",True,Whole_weight,9.2,"{'aboveMean': 204, 'belowMean': 205}",0.15,6,False,False
118,118,62,"{'Shell_weight': 'belowMean', 'Sex': 'M', 'Height': 'belowMean', 'Diameter': 'aboveMean', 'Shucked_weight': 'belowMean', 'Whole_weight': 'belowMean'}",True,Viscera_weight,9.222222222222221,"{'aboveMean': 206, 'belowMean': 207}",1.6527777777777777,6,False,False
119,119,62,"{'Shell_weight': 'belowMean', 'Sex': 'M', 'Height': 'belowMean', 'Diameter': 'aboveMean', 'Shucked_weight': 'belowMean', 'Whole_weight': 'aboveMean'}",True,,8.0,{},0.0,6,False,True
120,120,63,"{'Shell_weight': 'belowMean', 'Sex': 'M', 'Height': 'belowMean', 'Diameter': 'belowMean', 'Viscera_weight': 'belowMean', 'Length': 'belowMean'}",True,Shucked_weight,8.557692307692308,"{'belowMean': 208, 'aboveMean': 209}",5.528635290148448,6,False,False
121,121,63,"{'Shell_weight': 'belowMean', 'Sex': 'M', 'Height': 'belowMean', 'Diameter': 'belowMean', 'Viscera_weight': 'belowMean', 'Length': 'aboveMean'}",True,Shucked_weight,9.0,"{'aboveMean': 210, 'belowMean': 211}",0.875,6,False,False
122,122,64,"{'Shell_weight': 'belowMean', 'Sex': 'M', 'Height': 'belowMean', 'Diameter': 'belowMean', 'Viscera_weight': 'aboveMean', 'Length': 'aboveMean'}",True,,7.0,{},0.0,6,False,True
123,123,64,"{'Shell_weight': 'belowMean', 'Sex': 'M', 'Height': 'belowMean', 'Diameter': 'belowMean', 'Viscera_weight': 'aboveMean', 'Length': 'belowMean'}",True,Shucked_weight,10.5,{'belowMean': 212},0.25,6,False,False
124,124,65,"{'Shell_weight': 'aboveMean', 'Shucked_weight': 'belowMean', 'Sex': 'F', 'Height': 'aboveMean', 'Whole_weight': 'belowMean', 'Length': 'belowMean'}",True,Viscera_weight,12.833333333333334,"{'belowMean': 213, 'aboveMean': 214}",22.46666666666667,6,False,False
125,125,65,"{'Shell_weight': 'aboveMean', 'Shucked_weight': 'belowMean', 'Sex': 'F', 'Height': 'aboveMean', 'Whole_weight': 'belowMean', 'Length': 'aboveMean'}",True,Diameter,10.4,"{'belowMean': 215, 'aboveMean': 216}",10.7375,6,False,False
126,126,66,"{'Shell_weight': 'aboveMean', 'Shucked_weight': 'belowMean', 'Sex': 'F', 'Height': 'aboveMean', 'Whole_weight': 'aboveMean', 'Viscera_weight': 'aboveMean'}",True,Diameter,13.277777777777779,"{'aboveMean': 217, 'belowMean': 218}",10.777777777777779,6,False,False
127,127,66,"{'Shell_weight': 'aboveMean', 'Shucked_weight': 'belowMean', 'Sex': 'F', 'Height': 'aboveMean', 'Whole_weight': 'aboveMean', 'Viscera_weight': 'belowMean'}",True,Length,17.25,"{'aboveMean': 219, 'belowMean': 220}",18.666666666666664,6,False,False
128,128,67,"{'Shell_weight': 'aboveMean', 'Shucked_weight': 'belowMean', 'Sex': 'F', 'Height': 'belowMean', 'Diameter': 'aboveMean', 'Whole_weight': 'belowMean'}",True,Viscera_weight,17.333333333333332,"{'belowMean': 221, 'aboveMean': 222}",1.5,6,False,False
129,129,67,"{'Shell_weight': 'aboveMean', 'Shucked_weight': 'belowMean', 'Sex': 'F', 'Height': 'belowMean', 'Diameter': 'aboveMean', 'Whole_weight': 'aboveMean'}",True,Viscera_weight,16.0,"{'belowMean': 223, 'aboveMean': 224}",2.666666666666667,6,False,False
130,130,69,"{'Shell_weight': 'aboveMean', 'Shucked_weight': 'belowMean', 'Sex': 'I', 'Height': 'aboveMean', 'Length': 'aboveMean', 'Whole_weight': 'belowMean'}",True,Diameter,10.363636363636363,"{'aboveMean': 225, 'belowMean': 226}",3.090909090909091,6,False,False
131,131,69,"{'Shell_weight': 'aboveMean', 'Shucked_weight': 'belowMean', 'Sex': 'I', 'Height': 'aboveMean', 'Length': 'aboveMean', 'Whole_weight': 'aboveMean'}",True,Viscera_weight,11.833333333333334,"{'aboveMean': 227, 'belowMean': 228}",6.458333333333333,6,False,False
132,132,70,"{'Shell_weight': 'aboveMean', 'Shucked_weight': 'belowMean', 'Sex': 'I', 'Height': 'aboveMean', 'Length': 'belowMean', 'Viscera_weight': 'belowMean'}",True,Diameter,16.333333333333332,"{'aboveMean': 229, 'belowMean': 230}",2.6666666666666665,6,False,False
133,133,70,"{'Shell_weight': 'aboveMean', 'Shucked_weight': 'belowMean', 'Sex': 'I', 'Height': 'aboveMean', 'Length': 'belowMean', 'Viscera_weight': 'aboveMean'}",True,,9.0,{},0.0,6,False,True
134,134,71,"{'Shell_weight': 'aboveMean', 'Shucked_weight': 'belowMean', 'Sex': 'I', 'Height': 'belowMean', 'Diameter': 'aboveMean', 'Viscera_weight': 'aboveMean'}",True,Length,10.333333333333334,{'aboveMean': 231},1.5555555555555556,6,False,False
135,135,71,"{'Shell_weight': 'aboveMean', 'Shucked_weight': 'belowMean', 'Sex': 'I', 'Height': 'belowMean', 'Diameter': 'aboveMean', 'Viscera_weight': 'belowMean'}",True,Length,10.0,"{'aboveMean': 232, 'belowMean': 233}",0.6666666666666666,6,False,False
136,136,73,"{'Shell_weight': 'aboveMean', 'Shucked_weight': 'belowMean', 'Sex': 'M', 'Whole_weight': 'aboveMean', 'Height': 'aboveMean', 'Length': 'aboveMean'}",True,Diameter,13.904761904761905,"{'aboveMean': 234, 'belowMean': 235}",12.311904761904762,6,False,False
137,137,73,"{'Shell_weight': 'aboveMean', 'Shucked_weight': 'belowMean', 'Sex': 'M', 'Whole_weight': 'aboveMean', 'Height': 'aboveMean', 'Length': 'belowMean'}",True,,12.0,{},0.0,6,False,True
138,138,74,"{'Shell_weight': 'aboveMean', 'Shucked_weight': 'belowMean', 'Sex': 'M', 'Whole_weight': 'aboveMean', 'Height': 'belowMean', 'Length': 'belowMean'}",True,Diameter,14.0,{'belowMean': 236},1.0,6,False,False
139,139,74,"{'Shell_weight': 'aboveMean', 'Shucked_weight': 'belowMean', 'Sex': 'M', 'Whole_weight': 'aboveMean', 'Height': 'belowMean', 'Length': 'aboveMean'}",True,Viscera_weight,12.0,"{'aboveMean': 237, 'belowMean': 238}",0.5,6,False,False
140,140,75,"{'Shell_weight': 'aboveMean', 'Shucked_weight': 'belowMean', 'Sex': 'M', 'Whole_weight': 'belowMean', 'Diameter': 'aboveMean', 'Viscera_weight': 'belowMean'}",True,Length,11.0,"{'belowMean': 239, 'aboveMean': 240}",2.742857142857143,6,False,False
141,141,75,"{'Shell_weight': 'aboveMean', 'Shucked_weight': 'belowMean', 'Sex': 'M', 'Whole_weight': 'belowMean', 'Diameter': 'aboveMean', 'Viscera_weight': 'aboveMean'}",True,Height,12.0,{'aboveMean': 241},3.5,6,False,False
142,142,76,"{'Shell_weight': 'aboveMean', 'Shucked_weight': 'belowMean', 'Sex': 'M', 'Whole_weight': 'belowMean', 'Diameter': 'belowMean', 'Height': 'belowMean'}",True,Length,13.0,{'belowMean': 242},0.6666666666666666,6,False,False
143,143,76,"{'Shell_weight': 'aboveMean', 'Shucked_weight': 'belowMean', 'Sex': 'M', 'Whole_weight': 'belowMean', 'Diameter': 'belowMean', 'Height': 'aboveMean'}",True,Length,16.0,{'aboveMean': 243},9.0,6,False,False
144,144,77,"{'Shell_weight': 'aboveMean', 'Shucked_weight': 'aboveMean', 'Height': 'aboveMean', 'Length': 'aboveMean', 'Viscera_weight': 'aboveMean', 'Sex': 'F'}",True,Diameter,11.711267605633802,"{'aboveMean': 244, 'belowMean': 245}",9.821778728910566,6,False,False
145,145,77,"{'Shell_weight': 'aboveMean', 'Shucked_weight': 'aboveMean', 'Height': 'aboveMean', 'Length': 'aboveMean', 'Viscera_weight': 'aboveMean', 'Sex': 'M'}",True,Diameter,11.563829787234043,"{'aboveMean': 246, 'belowMean': 247}",8.387556647976036,6,False,False
146,146,77,"{'Shell_weight': 'aboveMean', 'Shucked_weight': 'aboveMean', 'Height': 'aboveMean', 'Length': 'aboveMean', 'Viscera_weight': 'aboveMean', 'Sex': 'I'}",True,Diameter,11.947368421052632,{'aboveMean': 248},10.260387811634349,6,False,False
147,147,78,"{'Shell_weight': 'aboveMean', 'Shucked_weight': 'aboveMean', 'Height': 'aboveMean', 'Length': 'aboveMean', 'Viscera_weight': 'belowMean', 'Sex': 'M'}",True,Diameter,12.5,{'aboveMean': 249},13.821428571428571,6,False,False
148,148,78,"{'Shell_weight': 'aboveMean', 'Shucked_weight': 'aboveMean', 'Height': 'aboveMean', 'Length': 'aboveMean', 'Viscera_weight': 'belowMean', 'Sex': 'I'}",True,Whole_weight,10.166666666666666,"{'belowMean': 250, 'aboveMean': 251}",1.4583333333333333,6,False,False
149,149,78,"{'Shell_weight': 'aboveMean', 'Shucked_weight': 'aboveMean', 'Height': 'aboveMean', 'Length': 'aboveMean', 'Viscera_weight': 'belowMean', 'Sex': 'F'}",True,Diameter,14.666666666666666,{'aboveMean': 252},16.444444444444443,6,False,False
150,150,79,"{'Shell_weight': 'aboveMean', 'Shucked_weight': 'aboveMean', 'Height': 'aboveMean', 'Length': 'belowMean', 'Diameter': 'aboveMean', 'Sex': 'M'}",True,,8.0,{},0.0,6,False,True
151,151,79,"{'Shell_weight': 'aboveMean', 'Shucked_weight': 'aboveMean', 'Height': 'aboveMean', 'Length': 'belowMean', 'Diameter': 'aboveMean', 'Sex': 'F'}",True,Viscera_weight,12.333333333333334,{'aboveMean': 253},14.888888888888888,6,False,False
152,152,80,"{'Shell_weight': 'aboveMean', 'Shucked_weight': 'aboveMean', 'Height': 'aboveMean', 'Length': 'belowMean', 'Diameter': 'belowMean', 'Sex': 'M'}",True,,9.0,{},0.0,6,False,True
153,153,80,"{'Shell_weight': 'aboveMean', 'Shucked_weight': 'aboveMean', 'Height': 'aboveMean', 'Length': 'belowMean', 'Diameter': 'belowMean', 'Sex': 'F'}",True,Viscera_weight,8.0,{'aboveMean': 254},1.0,6,False,False
154,154,80,"{'Shell_weight': 'aboveMean', 'Shucked_weight': 'aboveMean', 'Height': 'aboveMean', 'Length': 'belowMean', 'Diameter': 'belowMean', 'Sex': 'I'}",True,,10.0,{},0.0,6,False,True
155,155,81,"{'Shell_weight': 'aboveMean', 'Shucked_weight': 'aboveMean', 'Height': 'belowMean', 'Whole_weight': 'aboveMean', 'Sex': 'M', 'Viscera_weight': 'aboveMean'}",True,Diameter,10.8,{'aboveMean': 255},7.093333333333333,6,False,False
156,156,81,"{'Shell_weight': 'aboveMean', 'Shucked_weight': 'aboveMean', 'Height': 'belowMean', 'Whole_weight': 'aboveMean', 'Sex': 'M', 'Viscera_weight': 'belowMean'}",True,,15.0,{},0.0,6,False,True
157,157,82,"{'Shell_weight': 'aboveMean', 'Shucked_weight': 'aboveMean', 'Height': 'belowMean', 'Whole_weight': 'aboveMean', 'Sex': 'I', 'Viscera_weight': 'aboveMean'}",True,Diameter,9.75,{'aboveMean': 256},0.1875,6,False,False
158,158,82,"{'Shell_weight': 'aboveMean', 'Shucked_weight': 'aboveMean', 'Height': 'belowMean', 'Whole_weight': 'aboveMean', 'Sex': 'I', 'Viscera_weight': 'belowMean'}",True,,11.0,{},0.0,6,False,True
159,159,83,"{'Shell_weight': 'aboveMean', 'Shucked_weight': 'aboveMean', 'Height': 'belowMean', 'Whole_weight': 'aboveMean', 'Sex': 'F', 'Viscera_weight': 'belowMean'}",True,Diameter,10.5,{'aboveMean': 257},2.75,6,False,False
160,160,83,"{'Shell_weight': 'aboveMean', 'Shucked_weight': 'aboveMean', 'Height': 'belowMean', 'Whole_weight': 'aboveMean', 'Sex': 'F', 'Viscera_weight': 'aboveMean'}",True,Diameter,10.0,{'aboveMean': 258},1.0,6,False,False
161,161,86,"{'Shell_weight': 'belowMean', 'Sex': 'I', 'Height': 'belowMean', 'Diameter': 'belowMean', 'Length': 'belowMean', 'Shucked_weight': 'belowMean', 'Viscera_weight': 'belowMean'}",True,,7.141752577319588,{},0.0,7,False,True
162,162,86,"{'Shell_weight': 'belowMean', 'Sex': 'I', 'Height': 'belowMean', 'Diameter': 'belowMean', 'Length': 'belowMean', 'Shucked_weight': 'belowMean', 'Viscera_weight': 'aboveMean'}",True,,7.0,{},0.0,7,False,True
163,163,87,"{'Shell_weight': 'belowMean', 'Sex': 'I', 'Height': 'belowMean', 'Diameter': 'belowMean', 'Length': 'belowMean', 'Shucked_weight': 'aboveMean', 'Viscera_weight': 'belowMean'}",True,,6.5,{},0.0,7,False,True
164,164,88,"{'Shell_weight': 'belowMean', 'Sex': 'I', 'Height': 'belowMean', 'Diameter': 'belowMean', 'Length': 'aboveMean', 'Shucked_weight': 'belowMean', 'Viscera_weight': 'belowMean'}",True,,8.090909090909092,{},0.0,7,False,True
165,165,89,"{'Shell_weight': 'belowMean', 'Sex': 'I', 'Height': 'belowMean', 'Diameter': 'aboveMean', 'Length': 'aboveMean', 'Shucked_weight': 'belowMean', 'Viscera_weight': 'belowMean'}",True,,9.333333333333334,{},0.0,7,False,True
166,166,89,"{'Shell_weight': 'belowMean', 'Sex': 'I', 'Height': 'belowMean', 'Diameter': 'aboveMean', 'Length': 'aboveMean', 'Shucked_weight': 'belowMean', 'Viscera_weight': 'aboveMean'}",True,,9.0,{},0.0,7,False,True
167,167,90,"{'Shell_weight': 'belowMean', 'Sex': 'I', 'Height': 'belowMean', 'Diameter': 'aboveMean', 'Length': 'aboveMean', 'Shucked_weight': 'aboveMean', 'Whole_weight': 'belowMean'}",True,,8.4,{},0.0,7,False,True
168,168,90,"{'Shell_weight': 'belowMean', 'Sex': 'I', 'Height': 'belowMean', 'Diameter': 'aboveMean', 'Length': 'aboveMean', 'Shucked_weight': 'aboveMean', 'Whole_weight': 'aboveMean'}",True,,9.5,{},0.0,7,False,True
169,169,91,"{'Shell_weight': 'belowMean', 'Sex': 'I', 'Height': 'aboveMean', 'Shucked_weight': 'aboveMean', 'Whole_weight': 'belowMean', 'Viscera_weight': 'belowMean', 'Diameter': 'belowMean'}",True,,7.666666666666667,{},0.0,7,False,True
170,170,91,"{'Shell_weight': 'belowMean', 'Sex': 'I', 'Height': 'aboveMean', 'Shucked_weight': 'aboveMean', 'Whole_weight': 'belowMean', 'Viscera_weight': 'belowMean', 'Diameter': 'aboveMean'}",True,,8.0,{},0.0,7,False,True
171,171,93,"{'Shell_weight': 'belowMean', 'Sex': 'I', 'Height': 'aboveMean', 'Shucked_weight': 'aboveMean', 'Whole_weight': 'aboveMean', 'Viscera_weight': 'aboveMean', 'Diameter': 'aboveMean'}",True,,10.75,{},0.0,7,False,True
172,172,94,"{'Shell_weight': 'belowMean', 'Sex': 'I', 'Height': 'aboveMean', 'Shucked_weight': 'aboveMean', 'Whole_weight': 'aboveMean', 'Viscera_weight': 'belowMean', 'Diameter': 'aboveMean'}",True,,9.666666666666666,{},0.0,7,False,True
173,173,95,"{'Shell_weight': 'belowMean', 'Sex': 'I', 'Height': 'aboveMean', 'Shucked_weight': 'belowMean', 'Viscera_weight': 'belowMean', 'Diameter': 'aboveMean', 'Length': 'aboveMean'}",True,,10.4,{},0.0,7,False,True
174,174,95,"{'Shell_weight': 'belowMean', 'Sex': 'I', 'Height': 'aboveMean', 'Shucked_weight': 'belowMean', 'Viscera_weight': 'belowMean', 'Diameter': 'aboveMean', 'Length': 'belowMean'}",True,,9.666666666666666,{},0.0,7,False,True
175,175,96,"{'Shell_weight': 'belowMean', 'Sex': 'I', 'Height': 'aboveMean', 'Shucked_weight': 'belowMean', 'Viscera_weight': 'belowMean', 'Diameter': 'belowMean', 'Length': 'belowMean'}",True,,10.31578947368421,{},0.0,7,False,True
176,176,96,"{'Shell_weight': 'belowMean', 'Sex': 'I', 'Height': 'aboveMean', 'Shucked_weight': 'belowMean', 'Viscera_weight': 'belowMean', 'Diameter': 'belowMean', 'Length': 'aboveMean'}",True,,9.333333333333334,{},0.0,7,False,True
177,177,97,"{'Shell_weight': 'belowMean', 'Sex': 'F', 'Height': 'aboveMean', 'Whole_weight': 'belowMean', 'Shucked_weight': 'belowMean', 'Length': 'belowMean', 'Viscera_weight': 'belowMean'}",True,,11.3,{},0.0,7,False,True
178,178,97,"{'Shell_weight': 'belowMean', 'Sex': 'F', 'Height': 'aboveMean', 'Whole_weight': 'belowMean', 'Shucked_weight': 'belowMean', 'Length': 'belowMean', 'Viscera_weight': 'aboveMean'}",True,,12.0,{},0.0,7,False,True
179,179,98,"{'Shell_weight': 'belowMean', 'Sex': 'F', 'Height': 'aboveMean', 'Whole_weight': 'belowMean', 'Shucked_weight': 'belowMean', 'Length': 'aboveMean', 'Viscera_weight': 'belowMean'}",True,,12.428571428571429,{},0.0,7,False,True
180,180,98,"{'Shell_weight': 'belowMean', 'Sex': 'F', 'Height': 'aboveMean', 'Whole_weight': 'belowMean', 'Shucked_weight': 'belowMean', 'Length': 'aboveMean', 'Viscera_weight': 'aboveMean'}",True,,11.6,{},0.0,7,False,True
181,181,99,"{'Shell_weight': 'belowMean', 'Sex': 'F', 'Height': 'aboveMean', 'Whole_weight': 'belowMean', 'Shucked_weight': 'aboveMean', 'Viscera_weight': 'aboveMean', 'Length': 'aboveMean'}",True,,9.0,{},0.0,7,False,True
182,182,99,"{'Shell_weight': 'belowMean', 'Sex': 'F', 'Height': 'aboveMean', 'Whole_weight': 'belowMean', 'Shucked_weight': 'aboveMean', 'Viscera_weight': 'aboveMean', 'Length': 'belowMean'}",True,,10.0,{},0.0,7,False,True
183,183,101,"{'Shell_weight': 'belowMean', 'Sex': 'F', 'Height': 'aboveMean', 'Whole_weight': 'aboveMean', 'Viscera_weight': 'aboveMean', 'Diameter': 'aboveMean', 'Length': 'aboveMean'}",True,,8.1,{},0.0,7,False,True
184,184,103,"{'Shell_weight': 'belowMean', 'Sex': 'F', 'Height': 'belowMean', 'Shucked_weight': 'belowMean', 'Length': 'belowMean', 'Viscera_weight': 'belowMean', 'Diameter': 'belowMean'}",True,,9.277777777777779,{},0.0,7,False,True
185,185,103,"{'Shell_weight': 'belowMean', 'Sex': 'F', 'Height': 'belowMean', 'Shucked_weight': 'belowMean', 'Length': 'belowMean', 'Viscera_weight': 'belowMean', 'Diameter': 'aboveMean'}",True,,9.333333333333334,{},0.0,7,False,True
186,186,104,"{'Shell_weight': 'belowMean', 'Sex': 'F', 'Height': 'belowMean', 'Shucked_weight': 'belowMean', 'Length': 'belowMean', 'Viscera_weight': 'aboveMean', 'Diameter': 'belowMean'}",True,,9.0,{},0.0,7,False,True
187,187,105,"{'Shell_weight': 'belowMean', 'Sex': 'F', 'Height': 'belowMean', 'Shucked_weight': 'belowMean', 'Length': 'aboveMean', 'Viscera_weight': 'belowMean', 'Diameter': 'belowMean'}",True,,9.25,{},0.0,7,False,True
188,188,105,"{'Shell_weight': 'belowMean', 'Sex': 'F', 'Height': 'belowMean', 'Shucked_weight': 'belowMean', 'Length': 'aboveMean', 'Viscera_weight': 'belowMean', 'Diameter': 'aboveMean'}",True,,9.833333333333334,{},0.0,7,False,True
189,189,106,"{'Shell_weight': 'belowMean', 'Sex': 'F', 'Height': 'belowMean', 'Shucked_weight': 'belowMean', 'Length': 'aboveMean', 'Viscera_weight': 'aboveMean', 'Diameter': 'belowMean'}",True,,14.0,{},0.0,7,False,True
190,190,106,"{'Shell_weight': 'belowMean', 'Sex': 'F', 'Height': 'belowMean', 'Shucked_weight': 'belowMean', 'Length': 'aboveMean', 'Viscera_weight': 'aboveMean', 'Diameter': 'aboveMean'}",True,,9.5,{},0.0,7,False,True
191,191,107,"{'Shell_weight': 'belowMean', 'Sex': 'F', 'Height': 'belowMean', 'Shucked_weight': 'aboveMean', 'Whole_weight': 'aboveMean', 'Viscera_weight': 'aboveMean', 'Diameter': 'aboveMean'}",True,,8.5,{},0.0,7,False,True
192,192,108,"{'Shell_weight': 'belowMean', 'Sex': 'F', 'Height': 'belowMean', 'Shucked_weight': 'aboveMean', 'Whole_weight': 'aboveMean', 'Viscera_weight': 'belowMean', 'Diameter': 'aboveMean'}",True,,9.0,{},0.0,7,False,True
193,193,109,"{'Shell_weight': 'belowMean', 'Sex': 'F', 'Height': 'belowMean', 'Shucked_weight': 'aboveMean', 'Whole_weight': 'belowMean', 'Diameter': 'aboveMean', 'Length': 'aboveMean'}",True,,9.0,{},0.0,7,False,True
194,194,110,"{'Shell_weight': 'belowMean', 'Sex': 'M', 'Height': 'aboveMean', 'Length': 'aboveMean', 'Shucked_weight': 'aboveMean', 'Whole_weight': 'aboveMean', 'Diameter': 'aboveMean'}",True,,8.818181818181818,{},0.0,7,False,True
195,195,110,"{'Shell_weight': 'belowMean', 'Sex': 'M', 'Height': 'aboveMean', 'Length': 'aboveMean', 'Shucked_weight': 'aboveMean', 'Whole_weight': 'aboveMean', 'Diameter': 'belowMean'}",True,,7.0,{},0.0,7,False,True
196,196,111,"{'Shell_weight': 'belowMean', 'Sex': 'M', 'Height': 'aboveMean', 'Length': 'aboveMean', 'Shucked_weight': 'aboveMean', 'Whole_weight': 'belowMean', 'Viscera_weight': 'aboveMean'}",True,,8.0,{},0.0,7,False,True
197,197,111,"{'Shell_weight': 'belowMean', 'Sex': 'M', 'Height': 'aboveMean', 'Length': 'aboveMean', 'Shucked_weight': 'aboveMean', 'Whole_weight': 'belowMean', 'Viscera_weight': 'belowMean'}",True,,7.0,{},0.0,7,False,True
198,198,112,"{'Shell_weight': 'belowMean', 'Sex': 'M', 'Height': 'aboveMean', 'Length': 'aboveMean', 'Shucked_weight': 'belowMean', 'Diameter': 'aboveMean', 'Viscera_weight': 'belowMean'}",True,,10.6,{},0.0,7,False,True
199,199,113,"{'Shell_weight': 'belowMean', 'Sex': 'M', 'Height': 'aboveMean', 'Length': 'aboveMean', 'Shucked_weight': 'belowMean', 'Diameter': 'belowMean', 'Viscera_weight': 'belowMean'}",True,,8.0,{},0.0,7,False,True
200,200,113,"{'Shell_weight': 'belowMean', 'Sex': 'M', 'Height': 'aboveMean', 'Length': 'aboveMean', 'Shucked_weight': 'belowMean', 'Diameter': 'belowMean', 'Viscera_weight': 'aboveMean'}",True,,11.0,{},0.0,7,False,True
201,201,114,"{'Shell_weight': 'belowMean', 'Sex': 'M', 'Height': 'aboveMean', 'Length': 'belowMean', 'Shucked_weight': 'belowMean', 'Viscera_weight': 'belowMean', 'Diameter': 'belowMean'}",True,,12.647058823529411,{},0.0,7,False,True
202,202,115,"{'Shell_weight': 'belowMean', 'Sex': 'M', 'Height': 'aboveMean', 'Length': 'belowMean', 'Shucked_weight': 'belowMean', 'Viscera_weight': 'aboveMean', 'Diameter': 'belowMean'}",True,,12.333333333333334,{},0.0,7,False,True
203,203,116,"{'Shell_weight': 'belowMean', 'Sex': 'M', 'Height': 'belowMean', 'Diameter': 'aboveMean', 'Shucked_weight': 'aboveMean', 'Viscera_weight': 'belowMean', 'Length': 'aboveMean'}",True,,11.5,{},0.0,7,False,True
204,204,117,"{'Shell_weight': 'belowMean', 'Sex': 'M', 'Height': 'belowMean', 'Diameter': 'aboveMean', 'Shucked_weight': 'aboveMean', 'Viscera_weight': 'aboveMean', 'Whole_weight': 'aboveMean'}",True,,9.25,{},0.0,7,False,True
205,205,117,"{'Shell_weight': 'belowMean', 'Sex': 'M', 'Height': 'belowMean', 'Diameter': 'aboveMean', 'Shucked_weight': 'aboveMean', 'Viscera_weight': 'aboveMean', 'Whole_weight': 'belowMean'}",True,,9.0,{},0.0,7,False,True
206,206,118,"{'Shell_weight': 'belowMean', 'Sex': 'M', 'Height': 'belowMean', 'Diameter': 'aboveMean', 'Shucked_weight': 'belowMean', 'Whole_weight': 'belowMean', 'Viscera_weight': 'aboveMean'}",True,,10.0,{},0.0,7,False,True
207,207,118,"{'Shell_weight': 'belowMean', 'Sex': 'M', 'Height': 'belowMean', 'Diameter': 'aboveMean', 'Shucked_weight': 'belowMean', 'Whole_weight': 'belowMean', 'Viscera_weight': 'belowMean'}",True,,9.125,{},0.0,7,False,True
208,208,120,"{'Shell_weight': 'belowMean', 'Sex': 'M', 'Height': 'belowMean', 'Diameter': 'belowMean', 'Viscera_weight': 'belowMean', 'Length': 'belowMean', 'Shucked_weight': 'belowMean'}",True,,8.55921052631579,{},0.0,7,False,True
209,209,120,"{'Shell_weight': 'belowMean', 'Sex': 'M', 'Height': 'belowMean', 'Diameter': 'belowMean', 'Viscera_weight': 'belowMean', 'Length': 'belowMean', 'Shucked_weight': 'aboveMean'}",True,,8.5,{},0.0,7,False,True
210,210,121,"{'Shell_weight': 'belowMean', 'Sex': 'M', 'Height': 'belowMean', 'Diameter': 'belowMean', 'Viscera_weight': 'belowMean', 'Length': 'aboveMean', 'Shucked_weight': 'aboveMean'}",True,,8.5,{},0.0,7,False,True
211,211,121,"{'Shell_weight': 'belowMean', 'Sex': 'M', 'Height': 'belowMean', 'Diameter': 'belowMean', 'Viscera_weight': 'belowMean', 'Length': 'aboveMean', 'Shucked_weight': 'belowMean'}",True,,9.25,{},0.0,7,False,True
212,212,123,"{'Shell_weight': 'belowMean', 'Sex': 'M', 'Height': 'belowMean', 'Diameter': 'belowMean', 'Viscera_weight': 'aboveMean', 'Length': 'belowMean', 'Shucked_weight': 'belowMean'}",True,,10.5,{},0.0,7,False,True
213,213,124,"{'Shell_weight': 'aboveMean', 'Shucked_weight': 'belowMean', 'Sex': 'F', 'Height': 'aboveMean', 'Whole_weight': 'belowMean', 'Length': 'belowMean', 'Viscera_weight': 'belowMean'}",True,,13.2,{},0.0,7,False,True
214,214,124,"{'Shell_weight': 'aboveMean', 'Shucked_weight': 'belowMean', 'Sex': 'F', 'Height': 'aboveMean', 'Whole_weight': 'belowMean', 'Length': 'belowMean', 'Viscera_weight': 'aboveMean'}",True,,11.0,{},0.0,7,False,True
215,215,125,"{'Shell_weight': 'aboveMean', 'Shucked_weight': 'belowMean', 'Sex': 'F', 'Height': 'aboveMean', 'Whole_weight': 'belowMean', 'Length': 'aboveMean', 'Diameter': 'belowMean'}",True,,8.5,{},0.0,7,False,True
216,216,125,"{'Shell_weight': 'aboveMean', 'Shucked_weight': 'belowMean', 'Sex': 'F', 'Height': 'aboveMean', 'Whole_weight': 'belowMean', 'Length': 'aboveMean', 'Diameter': 'aboveMean'}",True,,10.875,{},0.0,7,False,True
217,217,126,"{'Shell_weight': 'aboveMean', 'Shucked_weight': 'belowMean', 'Sex': 'F', 'Height': 'aboveMean', 'Whole_weight': 'aboveMean', 'Viscera_weight': 'aboveMean', 'Diameter': 'aboveMean'}",True,,12.666666666666666,{},0.0,7,False,True
218,218,126,"{'Shell_weight': 'aboveMean', 'Shucked_weight': 'belowMean', 'Sex': 'F', 'Height': 'aboveMean', 'Whole_weight': 'aboveMean', 'Viscera_weight': 'aboveMean', 'Diameter': 'belowMean'}",True,,16.333333333333332,{},0.0,7,False,True
219,219,127,"{'Shell_weight': 'aboveMean', 'Shucked_weight': 'belowMean', 'Sex': 'F', 'Height': 'aboveMean', 'Whole_weight': 'aboveMean', 'Viscera_weight': 'belowMean', 'Length': 'aboveMean'}",True,,16.666666666666668,{},0.0,7,False,True
220,220,127,"{'Shell_weight': 'aboveMean', 'Shucked_weight': 'belowMean', 'Sex': 'F', 'Height': 'aboveMean', 'Whole_weight': 'aboveMean', 'Viscera_weight': 'belowMean', 'Length': 'belowMean'}",True,,19.0,{},0.0,7,False,True
221,221,128,"{'Shell_weight': 'aboveMean', 'Shucked_weight': 'belowMean', 'Sex': 'F', 'Height': 'belowMean', 'Diameter': 'aboveMean', 'Whole_weight': 'belowMean', 'Viscera_weight': 'belowMean'}",True,,14.5,{},0.0,7,False,True
222,222,128,"{'Shell_weight': 'aboveMean', 'Shucked_weight': 'belowMean', 'Sex': 'F', 'Height': 'belowMean', 'Diameter': 'aboveMean', 'Whole_weight': 'belowMean', 'Viscera_weight': 'aboveMean'}",True,,23.0,{},0.0,7,False,True
223,223,129,"{'Shell_weight': 'aboveMean', 'Shucked_weight': 'belowMean', 'Sex': 'F', 'Height': 'belowMean', 'Diameter': 'aboveMean', 'Whole_weight': 'aboveMean', 'Viscera_weight': 'belowMean'}",True,,21.0,{},0.0,7,False,True
224,224,129,"{'Shell_weight': 'aboveMean', 'Shucked_weight': 'belowMean', 'Sex': 'F', 'Height': 'belowMean', 'Diameter': 'aboveMean', 'Whole_weight': 'aboveMean', 'Viscera_weight': 'aboveMean'}",True,,14.333333333333334,{},0.0,7,False,True
225,225,130,"{'Shell_weight': 'aboveMean', 'Shucked_weight': 'belowMean', 'Sex': 'I', 'Height': 'aboveMean', 'Length': 'aboveMean', 'Whole_weight': 'belowMean', 'Diameter': 'aboveMean'}",True,,10.0,{},0.0,7,False,True
226,226,130,"{'Shell_weight': 'aboveMean', 'Shucked_weight': 'belowMean', 'Sex': 'I', 'Height': 'aboveMean', 'Length': 'aboveMean', 'Whole_weight': 'belowMean', 'Diameter': 'belowMean'}",True,,12.0,{},0.0,7,False,True
227,227,131,"{'Shell_weight': 'aboveMean', 'Shucked_weight': 'belowMean', 'Sex': 'I', 'Height': 'aboveMean', 'Length': 'aboveMean', 'Whole_weight': 'aboveMean', 'Viscera_weight': 'aboveMean'}",True,,10.75,{},0.0,7,False,True
228,228,131,"{'Shell_weight': 'aboveMean', 'Shucked_weight': 'belowMean', 'Sex': 'I', 'Height': 'aboveMean', 'Length': 'aboveMean', 'Whole_weight': 'aboveMean', 'Viscera_weight': 'belowMean'}",True,,14.0,{},0.0,7,False,True
229,229,132,"{'Shell_weight': 'aboveMean', 'Shucked_weight': 'belowMean', 'Sex': 'I', 'Height': 'aboveMean', 'Length': 'belowMean', 'Viscera_weight': 'belowMean', 'Diameter': 'aboveMean'}",True,,15.0,{},0.0,7,False,True
230,230,132,"{'Shell_weight': 'aboveMean', 'Shucked_weight': 'belowMean', 'Sex': 'I', 'Height': 'aboveMean', 'Length': 'belowMean', 'Viscera_weight': 'belowMean', 'Diameter': 'belowMean'}",True,,17.0,{},0.0,7,False,True
231,231,134,"{'Shell_weight': 'aboveMean', 'Shucked_weight': 'belowMean', 'Sex': 'I', 'Height': 'belowMean', 'Diameter': 'aboveMean', 'Viscera_weight': 'aboveMean', 'Length': 'aboveMean'}",True,,10.333333333333334,{},0.0,7,False,True
232,232,135,"{'Shell_weight': 'aboveMean', 'Shucked_weight': 'belowMean', 'Sex': 'I', 'Height': 'belowMean', 'Diameter': 'aboveMean', 'Viscera_weight': 'belowMean', 'Length': 'aboveMean'}",True,,10.0,{},0.0,7,False,True
233,233,135,"{'Shell_weight': 'aboveMean', 'Shucked_weight': 'belowMean', 'Sex': 'I', 'Height': 'belowMean', 'Diameter': 'aboveMean', 'Viscera_weight': 'belowMean', 'Length': 'belowMean'}",True,,10.0,{},0.0,7,False,True
234,234,136,"{'Shell_weight': 'aboveMean', 'Shucked_weight': 'belowMean', 'Sex': 'M', 'Whole_weight': 'aboveMean', 'Height': 'aboveMean', 'Length': 'aboveMean', 'Diameter': 'aboveMean'}",True,,13.65,{},0.0,7,False,True
235,235,136,"{'Shell_weight': 'aboveMean', 'Shucked_weight': 'belowMean', 'Sex': 'M', 'Whole_weight': 'aboveMean', 'Height': 'aboveMean', 'Length': 'aboveMean', 'Diameter': 'belowMean'}",True,,19.0,{},0.0,7,False,True
236,236,138,"{'Shell_weight': 'aboveMean', 'Shucked_weight': 'belowMean', 'Sex': 'M', 'Whole_weight': 'aboveMean', 'Height': 'belowMean', 'Length': 'belowMean', 'Diameter': 'belowMean'}",True,,14.0,{},0.0,7,False,True
237,237,139,"{'Shell_weight': 'aboveMean', 'Shucked_weight': 'belowMean', 'Sex': 'M', 'Whole_weight': 'aboveMean', 'Height': 'belowMean', 'Length': 'aboveMean', 'Viscera_weight': 'aboveMean'}",True,,10.5,{},0.0,7,False,True
238,238,139,"{'Shell_weight': 'aboveMean', 'Shucked_weight': 'belowMean', 'Sex': 'M', 'Whole_weight': 'aboveMean', 'Height': 'belowMean', 'Length': 'aboveMean', 'Viscera_weight': 'belowMean'}",True,,13.0,{},0.0,7,False,True
239,239,140,"{'Shell_weight': 'aboveMean', 'Shucked_weight': 'belowMean', 'Sex': 'M', 'Whole_weight': 'belowMean', 'Diameter': 'aboveMean', 'Viscera_weight': 'belowMean', 'Length': 'belowMean'}",True,,12.0,{},0.0,7,False,True
240,240,140,"{'Shell_weight': 'aboveMean', 'Shucked_weight': 'belowMean', 'Sex': 'M', 'Whole_weight': 'belowMean', 'Diameter': 'aboveMean', 'Viscera_weight': 'belowMean', 'Length': 'aboveMean'}",True,,10.6,{},0.0,7,False,True
241,241,141,"{'Shell_weight': 'aboveMean', 'Shucked_weight': 'belowMean', 'Sex': 'M', 'Whole_weight': 'belowMean', 'Diameter': 'aboveMean', 'Viscera_weight': 'aboveMean', 'Height': 'aboveMean'}",True,,12.0,{},0.0,7,False,True
242,242,142,"{'Shell_weight': 'aboveMean', 'Shucked_weight': 'belowMean', 'Sex': 'M', 'Whole_weight': 'belowMean', 'Diameter': 'belowMean', 'Height': 'belowMean', 'Length': 'belowMean'}",True,,13.0,{},0.0,7,False,True
243,243,143,"{'Shell_weight': 'aboveMean', 'Shucked_weight': 'belowMean', 'Sex': 'M', 'Whole_weight': 'belowMean', 'Diameter': 'belowMean', 'Height': 'aboveMean', 'Length': 'aboveMean'}",True,,16.0,{},0.0,7,False,True
244,244,144,"{'Shell_weight': 'aboveMean', 'Shucked_weight': 'aboveMean', 'Height': 'aboveMean', 'Length': 'aboveMean', 'Viscera_weight': 'aboveMean', 'Sex': 'F', 'Diameter': 'aboveMean'}",True,,11.717314487632509,{},0.0,7,False,True
245,245,144,"{'Shell_weight': 'aboveMean', 'Shucked_weight': 'aboveMean', 'Height': 'aboveMean', 'Length': 'aboveMean', 'Viscera_weight': 'aboveMean', 'Sex': 'F', 'Diameter': 'belowMean'}",True,,10.0,{},0.0,7,False,True
246,246,145,"{'Shell_weight': 'aboveMean', 'Shucked_weight': 'aboveMean', 'Height': 'aboveMean', 'Length': 'aboveMean', 'Viscera_weight': 'aboveMean', 'Sex': 'M', 'Diameter': 'aboveMean'}",True,,11.552346570397113,{},0.0,7,False,True
247,247,145,"{'Shell_weight': 'aboveMean', 'Shucked_weight': 'aboveMean', 'Height': 'aboveMean', 'Length': 'aboveMean', 'Viscera_weight': 'aboveMean', 'Sex': 'M', 'Diameter': 'belowMean'}",True,,12.2,{},0.0,7,False,True
248,248,146,"{'Shell_weight': 'aboveMean', 'Shucked_weight': 'aboveMean', 'Height': 'aboveMean', 'Length': 'aboveMean', 'Viscera_weight': 'aboveMean', 'Sex': 'I', 'Diameter': 'aboveMean'}",True,,11.947368421052632,{},0.0,7,False,True
249,249,147,"{'Shell_weight': 'aboveMean', 'Shucked_weight': 'aboveMean', 'Height': 'aboveMean', 'Length': 'aboveMean', 'Viscera_weight': 'belowMean', 'Sex': 'M', 'Diameter': 'aboveMean'}",True,,12.5,{},0.0,7,False,True
250,250,148,"{'Shell_weight': 'aboveMean', 'Shucked_weight': 'aboveMean', 'Height': 'aboveMean', 'Length': 'aboveMean', 'Viscera_weight': 'belowMean', 'Sex': 'I', 'Whole_weight': 'belowMean'}",True,,12.0,{},0.0,7,False,True
251,251,148,"{'Shell_weight': 'aboveMean', 'Shucked_weight': 'aboveMean', 'Height': 'aboveMean', 'Length': 'aboveMean', 'Viscera_weight': 'belowMean', 'Sex': 'I', 'Whole_weight': 'aboveMean'}",True,,9.25,{},0.0,7,False,True
252,252,149,"{'Shell_weight': 'aboveMean', 'Shucked_weight': 'aboveMean', 'Height': 'aboveMean', 'Length': 'aboveMean', 'Viscera_weight': 'belowMean', 'Sex': 'F', 'Diameter': 'aboveMean'}",True,,14.666666666666666,{},0.0,7,False,True
253,253,151,"{'Shell_weight': 'aboveMean', 'Shucked_weight': 'aboveMean', 'Height': 'aboveMean', 'Length': 'belowMean', 'Diameter': 'aboveMean', 'Sex': 'F', 'Viscera_weight': 'aboveMean'}",True,,12.333333333333334,{},0.0,7,False,True
254,254,153,"{'Shell_weight': 'aboveMean', 'Shucked_weight': 'aboveMean', 'Height': 'aboveMean', 'Length': 'belowMean', 'Diameter': 'belowMean', 'Sex': 'F', 'Viscera_weight': 'aboveMean'}",True,,8.0,{},0.0,7,False,True
255,255,155,"{'Shell_weight': 'aboveMean', 'Shucked_weight': 'aboveMean', 'Height': 'belowMean', 'Whole_weight': 'aboveMean', 'Sex': 'M', 'Viscera_weight': 'aboveMean', 'Diameter': 'aboveMean'}",True,,10.8,{},0.0,7,False,True
256,256,157,"{'Shell_weight': 'aboveMean', 'Shucked_weight': 'aboveMean', 'Height': 'belowMean', 'Whole_weight': 'aboveMean', 'Sex': 'I', 'Viscera_weight': 'aboveMean', 'Diameter': 'aboveMean'}",True,,9.75,{},0.0,7,False,True
257,257,159,"{'Shell_weight': 'aboveMean', 'Shucked_weight': 'aboveMean', 'Height': 'belowMean', 'Whole_weight': 'aboveMean', 'Sex': 'F', 'Viscera_weight': 'belowMean', 'Diameter': 'aboveMean'}",True,,10.5,{},0.0,7,False,True
258,258,160,"{'Shell_weight': 'aboveMean', 'Shucked_weight': 'aboveMean', 'Height': 'belowMean', 'Whole_weight': 'aboveMean', 'Sex': 'F', 'Viscera_weight': 'aboveMean', 'Diameter': 'aboveMean'}",True,,10.0,{},0.0,7,False,True
