,nodeID,parentNode,dataSetFilters,evaluated,nodeFeature,nodePrediction,childrenNodes,gainOrMSE,treeLevel,pruned,isLeaf
0,0,-1,{},True,Shell_weight,9.985637342908438,"{'belowMean': 1, 'aboveMean': 2}",8.045008048575866,0,False,False
1,1,0,{'Shell_weight': 'belowMean'},True,Sex,8.350176263219742,"{'M': 3, 'I': 4, 'F': 5}",5.069105712430125,1,False,False
2,2,0,{'Shell_weight': 'aboveMean'},True,Shucked_weight,11.682926829268293,"{'aboveMean': 6, 'belowMean': 7}",9.73371359373352,1,False,False
3,3,1,"{'Shell_weight': 'belowMean', 'Sex': 'M'}",True,Height,9.091324200913242,"{'belowMean': 8, 'aboveMean': 9}",5.573265165486941,2,False,False
4,4,1,"{'Shell_weight': 'belowMean', 'Sex': 'I'}",True,Height,7.36322869955157,"{'belowMean': 10, 'aboveMean': 11}",4.067482389668298,2,False,False
5,5,1,"{'Shell_weight': 'belowMean', 'Sex': 'F'}",True,Shucked_weight,9.844086021505376,"{'belowMean': 12, 'aboveMean': 13}",5.1663254755996695,2,False,False
6,6,2,"{'Shell_weight': 'aboveMean', 'Shucked_weight': 'aboveMean'}",True,Length,11.495750708215297,"{'aboveMean': 14, 'belowMean': 15}",9.028526830777245,2,False,False
7,7,2,"{'Shell_weight': 'aboveMean', 'Shucked_weight': 'belowMean'}",True,Sex,12.842105263157896,"{'M': 16, 'F': 17, 'I': 18}",12.893666869828804,2,False,False
8,8,3,"{'Shell_weight': 'belowMean', 'Sex': 'M', 'Height': 'belowMean'}",True,Viscera_weight,8.96132596685083,"{'belowMean': 19, 'aboveMean': 20}",5.724909703484803,3,False,False
9,9,3,"{'Shell_weight': 'belowMean', 'Sex': 'M', 'Height': 'aboveMean'}",True,Shucked_weight,9.710526315789474,"{'belowMean': 21, 'aboveMean': 22}",3.573407202216066,3,False,False
10,10,4,"{'Shell_weight': 'belowMean', 'Sex': 'I', 'Height': 'belowMean'}",True,Diameter,7.14043583535109,"{'belowMean': 23, 'aboveMean': 24}",3.649430099378346,3,False,False
11,11,4,"{'Shell_weight': 'belowMean', 'Sex': 'I', 'Height': 'aboveMean'}",True,Shucked_weight,10.151515151515152,"{'belowMean': 25, 'aboveMean': 26}",6.6398484848484856,3,False,False
12,12,5,"{'Shell_weight': 'belowMean', 'Sex': 'F', 'Shucked_weight': 'belowMean'}",True,Height,9.9875,"{'aboveMean': 27, 'belowMean': 28}",5.682692307692308,3,False,False
13,13,5,"{'Shell_weight': 'belowMean', 'Sex': 'F', 'Shucked_weight': 'aboveMean'}",True,Height,8.961538461538462,"{'belowMean': 29, 'aboveMean': 30}",0.7678571428571429,3,False,False
14,14,6,"{'Shell_weight': 'aboveMean', 'Shucked_weight': 'aboveMean', 'Length': 'aboveMean'}",True,Height,11.533045977011493,"{'aboveMean': 31, 'belowMean': 32}",9.070086850322994,3,False,False
15,15,6,"{'Shell_weight': 'aboveMean', 'Shucked_weight': 'aboveMean', 'Length': 'belowMean'}",True,Sex,8.9,"{'F': 33, 'M': 34, 'I': 35}",3.0,3,False,False
16,16,7,"{'Shell_weight': 'aboveMean', 'Shucked_weight': 'belowMean', 'Sex': 'M'}",True,Whole_weight,12.946428571428571,"{'aboveMean': 36, 'belowMean': 37}",10.564860426929394,3,False,False
17,17,7,"{'Shell_weight': 'aboveMean', 'Shucked_weight': 'belowMean', 'Sex': 'F'}",True,Diameter,13.439024390243903,"{'aboveMean': 38, 'belowMean': 39}",14.350979305247598,3,False,False
18,18,7,"{'Shell_weight': 'aboveMean', 'Shucked_weight': 'belowMean', 'Sex': 'I'}",True,Diameter,11.058823529411764,"{'belowMean': 40, 'aboveMean': 41}",5.510180995475114,3,False,False
19,19,8,"{'Shell_weight': 'belowMean', 'Sex': 'M', 'Height': 'belowMean', 'Viscera_weight': 'belowMean'}",True,Whole_weight,8.901162790697674,"{'belowMean': 42, 'aboveMean': 43}",5.653610771113831,4,False,False
20,20,8,"{'Shell_weight': 'belowMean', 'Sex': 'M', 'Height': 'belowMean', 'Viscera_weight': 'aboveMean'}",True,Diameter,10.11111111111111,"{'belowMean': 44, 'aboveMean': 45}",2.7407407407407405,4,False,False
21,21,9,"{'Shell_weight': 'belowMean', 'Sex': 'M', 'Height': 'aboveMean', 'Shucked_weight': 'belowMean'}",True,Diameter,10.68421052631579,"{'belowMean': 46, 'aboveMean': 47}",5.913157894736842,4,False,False
22,22,9,"{'Shell_weight': 'belowMean', 'Sex': 'M', 'Height': 'aboveMean', 'Shucked_weight': 'aboveMean'}",True,Diameter,8.736842105263158,"{'aboveMean': 48, 'belowMean': 49}",0.8622291021671827,4,False,False
23,23,10,"{'Shell_weight': 'belowMean', 'Sex': 'I', 'Height': 'belowMean', 'Diameter': 'belowMean'}",True,Length,7.043256997455471,"{'belowMean': 50, 'aboveMean': 51}",3.722481081259707,4,False,False
24,24,10,"{'Shell_weight': 'belowMean', 'Sex': 'I', 'Height': 'belowMean', 'Diameter': 'aboveMean'}",True,Length,9.05,"{'belowMean': 52, 'aboveMean': 53}",1.0568627450980392,4,False,False
25,25,11,"{'Shell_weight': 'belowMean', 'Sex': 'I', 'Height': 'aboveMean', 'Shucked_weight': 'belowMean'}",True,Whole_weight,10.48,"{'belowMean': 54, 'aboveMean': 55}",6.133333333333334,4,False,False
26,26,11,"{'Shell_weight': 'belowMean', 'Sex': 'I', 'Height': 'aboveMean', 'Shucked_weight': 'aboveMean'}",True,Whole_weight,9.125,"{'aboveMean': 56, 'belowMean': 57}",0.6785714285714286,4,False,False
27,27,12,"{'Shell_weight': 'belowMean', 'Sex': 'F', 'Shucked_weight': 'belowMean', 'Height': 'aboveMean'}",True,Length,10.9,"{'aboveMean': 58, 'belowMean': 59}",4.977651515151516,4,False,False
28,28,12,"{'Shell_weight': 'belowMean', 'Sex': 'F', 'Shucked_weight': 'belowMean', 'Height': 'belowMean'}",True,Whole_weight,9.776923076923078,"{'belowMean': 60, 'aboveMean': 61}",5.631536442560065,4,False,False
29,29,13,"{'Shell_weight': 'belowMean', 'Sex': 'F', 'Shucked_weight': 'aboveMean', 'Height': 'belowMean'}",True,Viscera_weight,8.75,"{'aboveMean': 62, 'belowMean': 63}",0.5428571428571428,4,False,False
30,30,13,"{'Shell_weight': 'belowMean', 'Sex': 'F', 'Shucked_weight': 'aboveMean', 'Height': 'aboveMean'}",True,Viscera_weight,9.142857142857142,"{'belowMean': 64, 'aboveMean': 65}",0.8253968253968254,4,False,False
31,31,14,"{'Shell_weight': 'aboveMean', 'Shucked_weight': 'aboveMean', 'Length': 'aboveMean', 'Height': 'aboveMean'}",True,Diameter,11.585516178736517,"{'aboveMean': 66, 'belowMean': 67}",9.317959995611252,4,False,False
32,32,14,"{'Shell_weight': 'aboveMean', 'Shucked_weight': 'aboveMean', 'Length': 'aboveMean', 'Height': 'belowMean'}",True,Sex,10.808510638297872,"{'F': 68, 'M': 69, 'I': 70}",5.02095282146161,4,False,False
33,33,15,"{'Shell_weight': 'aboveMean', 'Shucked_weight': 'aboveMean', 'Length': 'belowMean', 'Sex': 'F'}",True,Diameter,9.666666666666666,{'aboveMean': 71},9.555555555555555,4,False,False
34,34,15,"{'Shell_weight': 'aboveMean', 'Shucked_weight': 'aboveMean', 'Length': 'belowMean', 'Sex': 'M'}",True,Diameter,8.333333333333334,"{'belowMean': 72, 'aboveMean': 73}",0.19999999999999998,4,False,False
35,35,15,"{'Shell_weight': 'aboveMean', 'Shucked_weight': 'aboveMean', 'Length': 'belowMean', 'Sex': 'I'}",True,,10.0,{},0.0,4,False,True
36,36,16,"{'Shell_weight': 'aboveMean', 'Shucked_weight': 'belowMean', 'Sex': 'M', 'Whole_weight': 'aboveMean'}",True,Length,14.03448275862069,"{'aboveMean': 74, 'belowMean': 75}",10.378033205619412,4,False,False
37,37,16,"{'Shell_weight': 'aboveMean', 'Shucked_weight': 'belowMean', 'Sex': 'M', 'Whole_weight': 'belowMean'}",True,Diameter,11.777777777777779,"{'aboveMean': 76, 'belowMean': 77}",10.264550264550266,4,False,False
38,38,17,"{'Shell_weight': 'aboveMean', 'Shucked_weight': 'belowMean', 'Sex': 'F', 'Diameter': 'aboveMean'}",True,Whole_weight,12.787878787878787,"{'aboveMean': 78, 'belowMean': 79}",11.089466089466088,4,False,False
39,39,17,"{'Shell_weight': 'aboveMean', 'Shucked_weight': 'belowMean', 'Sex': 'F', 'Diameter': 'belowMean'}",True,Height,16.125,"{'aboveMean': 80, 'belowMean': 81}",21.15,4,False,False
40,40,18,"{'Shell_weight': 'aboveMean', 'Shucked_weight': 'belowMean', 'Sex': 'I', 'Diameter': 'belowMean'}",True,Whole_weight,14.25,"{'belowMean': 82, 'aboveMean': 83}",3.5,4,False,False
41,41,18,"{'Shell_weight': 'aboveMean', 'Shucked_weight': 'belowMean', 'Sex': 'I', 'Diameter': 'aboveMean'}",True,Height,10.076923076923077,"{'belowMean': 84, 'aboveMean': 85}",2.769230769230769,4,False,False
42,42,19,"{'Shell_weight': 'belowMean', 'Sex': 'M', 'Height': 'belowMean', 'Viscera_weight': 'belowMean', 'Whole_weight': 'belowMean'}",True,Diameter,8.87719298245614,"{'belowMean': 86, 'aboveMean': 87}",5.672932330827067,5,False,False
43,43,19,"{'Shell_weight': 'belowMean', 'Sex': 'M', 'Height': 'belowMean', 'Viscera_weight': 'belowMean', 'Whole_weight': 'aboveMean'}",True,,13.0,{},0.0,5,False,True
44,44,20,"{'Shell_weight': 'belowMean', 'Sex': 'M', 'Height': 'belowMean', 'Viscera_weight': 'aboveMean', 'Diameter': 'belowMean'}",True,Length,12.333333333333334,{'belowMean': 88},6.888888888888888,5,False,False
45,45,20,"{'Shell_weight': 'belowMean', 'Sex': 'M', 'Height': 'belowMean', 'Viscera_weight': 'aboveMean', 'Diameter': 'aboveMean'}",True,Length,9.0,"{'belowMean': 89, 'aboveMean': 90}",0.4666666666666666,5,False,False
46,46,21,"{'Shell_weight': 'belowMean', 'Sex': 'M', 'Height': 'aboveMean', 'Shucked_weight': 'belowMean', 'Diameter': 'belowMean'}",True,Viscera_weight,10.4,"{'belowMean': 91, 'aboveMean': 92}",6.053846153846154,5,False,False
47,47,21,"{'Shell_weight': 'belowMean', 'Sex': 'M', 'Height': 'aboveMean', 'Shucked_weight': 'belowMean', 'Diameter': 'aboveMean'}",True,Length,11.75,{'aboveMean': 93},4.6875,5,False,False
48,48,22,"{'Shell_weight': 'belowMean', 'Sex': 'M', 'Height': 'aboveMean', 'Shucked_weight': 'aboveMean', 'Diameter': 'aboveMean'}",True,Length,8.647058823529411,"{'aboveMean': 94, 'belowMean': 95}",0.9080882352941176,5,False,False
49,49,22,"{'Shell_weight': 'belowMean', 'Sex': 'M', 'Height': 'aboveMean', 'Shucked_weight': 'aboveMean', 'Diameter': 'belowMean'}",True,Viscera_weight,9.5,"{'aboveMean': 96, 'belowMean': 97}",0.0,5,False,False
50,50,23,"{'Shell_weight': 'belowMean', 'Sex': 'I', 'Height': 'belowMean', 'Diameter': 'belowMean', 'Length': 'belowMean'}",True,Shucked_weight,7.012987012987013,"{'belowMean': 98, 'aboveMean': 99}",3.7886357970127604,5,False,False
51,51,23,"{'Shell_weight': 'belowMean', 'Sex': 'I', 'Height': 'belowMean', 'Diameter': 'belowMean', 'Length': 'aboveMean'}",True,Shucked_weight,8.5,{'belowMean': 100},0.5,5,False,False
52,52,24,"{'Shell_weight': 'belowMean', 'Sex': 'I', 'Height': 'belowMean', 'Diameter': 'aboveMean', 'Length': 'belowMean'}",True,Shucked_weight,10.333333333333334,{'belowMean': 101},3.555555555555556,5,False,False
53,53,24,"{'Shell_weight': 'belowMean', 'Sex': 'I', 'Height': 'belowMean', 'Diameter': 'aboveMean', 'Length': 'aboveMean'}",True,Viscera_weight,8.823529411764707,"{'belowMean': 102, 'aboveMean': 103}",0.6092436974789917,5,False,False
54,54,25,"{'Shell_weight': 'belowMean', 'Sex': 'I', 'Height': 'aboveMean', 'Shucked_weight': 'belowMean', 'Whole_weight': 'belowMean'}",True,Viscera_weight,10.166666666666666,"{'belowMean': 104, 'aboveMean': 105}",6.2272727272727275,5,False,False
55,55,25,"{'Shell_weight': 'belowMean', 'Sex': 'I', 'Height': 'aboveMean', 'Shucked_weight': 'belowMean', 'Whole_weight': 'aboveMean'}",True,,18.0,{},0.0,5,False,True
56,56,26,"{'Shell_weight': 'belowMean', 'Sex': 'I', 'Height': 'aboveMean', 'Shucked_weight': 'aboveMean', 'Whole_weight': 'aboveMean'}",True,Viscera_weight,9.285714285714286,"{'belowMean': 106, 'aboveMean': 107}",0.7738095238095238,5,False,False
57,57,26,"{'Shell_weight': 'belowMean', 'Sex': 'I', 'Height': 'aboveMean', 'Shucked_weight': 'aboveMean', 'Whole_weight': 'belowMean'}",True,,8.0,{},0.0,5,False,True
58,58,27,"{'Shell_weight': 'belowMean', 'Sex': 'F', 'Shucked_weight': 'belowMean', 'Height': 'aboveMean', 'Length': 'aboveMean'}",True,Diameter,9.375,"{'belowMean': 108, 'aboveMean': 109}",3.928571428571428,5,False,False
59,59,27,"{'Shell_weight': 'belowMean', 'Sex': 'F', 'Shucked_weight': 'belowMean', 'Height': 'aboveMean', 'Length': 'belowMean'}",True,Diameter,11.454545454545455,"{'belowMean': 110, 'aboveMean': 111}",4.808080808080808,5,False,False
60,60,28,"{'Shell_weight': 'belowMean', 'Sex': 'F', 'Shucked_weight': 'belowMean', 'Height': 'belowMean', 'Whole_weight': 'belowMean'}",True,Viscera_weight,9.755905511811024,"{'belowMean': 112, 'aboveMean': 113}",5.487278807890949,5,False,False
61,61,28,"{'Shell_weight': 'belowMean', 'Sex': 'F', 'Shucked_weight': 'belowMean', 'Height': 'belowMean', 'Whole_weight': 'aboveMean'}",True,Viscera_weight,10.666666666666666,"{'aboveMean': 114, 'belowMean': 115}",8.166666666666666,5,False,False
62,62,29,"{'Shell_weight': 'belowMean', 'Sex': 'F', 'Shucked_weight': 'aboveMean', 'Height': 'belowMean', 'Viscera_weight': 'aboveMean'}",True,Whole_weight,8.428571428571429,"{'aboveMean': 116, 'belowMean': 117}",0.4571428571428572,5,False,False
63,63,29,"{'Shell_weight': 'belowMean', 'Sex': 'F', 'Shucked_weight': 'aboveMean', 'Height': 'belowMean', 'Viscera_weight': 'belowMean'}",True,Whole_weight,9.2,"{'belowMean': 118, 'aboveMean': 119}",0.4,5,False,False
64,64,30,"{'Shell_weight': 'belowMean', 'Sex': 'F', 'Shucked_weight': 'aboveMean', 'Height': 'aboveMean', 'Viscera_weight': 'belowMean'}",True,Diameter,9.0,{'aboveMean': 120},1.2,5,False,False
65,65,30,"{'Shell_weight': 'belowMean', 'Sex': 'F', 'Shucked_weight': 'aboveMean', 'Height': 'aboveMean', 'Viscera_weight': 'aboveMean'}",True,Whole_weight,9.222222222222221,"{'aboveMean': 121, 'belowMean': 122}",0.6111111111111112,5,False,False
66,66,31,"{'Shell_weight': 'aboveMean', 'Shucked_weight': 'aboveMean', 'Length': 'aboveMean', 'Height': 'aboveMean', 'Diameter': 'aboveMean'}",True,Sex,11.597523219814242,"{'F': 123, 'M': 124, 'I': 125}",9.325866826061343,5,False,False
67,67,31,"{'Shell_weight': 'aboveMean', 'Shucked_weight': 'aboveMean', 'Length': 'aboveMean', 'Height': 'aboveMean', 'Diameter': 'belowMean'}",True,Sex,9.0,"{'M': 126, 'I': 127, 'F': 128}",0.0,5,False,False
68,68,32,"{'Shell_weight': 'aboveMean', 'Shucked_weight': 'aboveMean', 'Length': 'aboveMean', 'Height': 'belowMean', 'Sex': 'F'}",True,Viscera_weight,10.73913043478261,"{'aboveMean': 129, 'belowMean': 130}",3.101449275362319,5,False,False
69,69,32,"{'Shell_weight': 'aboveMean', 'Shucked_weight': 'aboveMean', 'Length': 'aboveMean', 'Height': 'belowMean', 'Sex': 'M'}",True,Viscera_weight,11.15,"{'aboveMean': 131, 'belowMean': 132}",7.171875,5,False,False
70,70,32,"{'Shell_weight': 'aboveMean', 'Shucked_weight': 'aboveMean', 'Length': 'aboveMean', 'Height': 'belowMean', 'Sex': 'I'}",True,Viscera_weight,9.5,"{'belowMean': 133, 'aboveMean': 134}",1.1666666666666667,5,False,False
71,71,33,"{'Shell_weight': 'aboveMean', 'Shucked_weight': 'aboveMean', 'Length': 'belowMean', 'Sex': 'F', 'Diameter': 'aboveMean'}",True,Height,9.666666666666666,{'aboveMean': 135},9.555555555555555,5,False,False
72,72,34,"{'Shell_weight': 'aboveMean', 'Shucked_weight': 'aboveMean', 'Length': 'belowMean', 'Sex': 'M', 'Diameter': 'belowMean'}",True,Height,8.4,"{'aboveMean': 136, 'belowMean': 137}",0.2,5,False,False
73,73,34,"{'Shell_weight': 'aboveMean', 'Shucked_weight': 'aboveMean', 'Length': 'belowMean', 'Sex': 'M', 'Diameter': 'aboveMean'}",True,,8.0,{},0.0,5,False,True
74,74,36,"{'Shell_weight': 'aboveMean', 'Shucked_weight': 'belowMean', 'Sex': 'M', 'Whole_weight': 'aboveMean', 'Length': 'aboveMean'}",True,Viscera_weight,13.962962962962964,"{'aboveMean': 138, 'belowMean': 139}",10.31543209876543,5,False,False
75,75,36,"{'Shell_weight': 'aboveMean', 'Shucked_weight': 'belowMean', 'Sex': 'M', 'Whole_weight': 'aboveMean', 'Length': 'belowMean'}",True,Diameter,15.0,"{'belowMean': 140, 'aboveMean': 141}",0.0,5,False,False
76,76,37,"{'Shell_weight': 'aboveMean', 'Shucked_weight': 'belowMean', 'Sex': 'M', 'Whole_weight': 'belowMean', 'Diameter': 'aboveMean'}",True,Viscera_weight,11.428571428571429,"{'belowMean': 142, 'aboveMean': 143}",5.48639455782313,5,False,False
77,77,37,"{'Shell_weight': 'aboveMean', 'Shucked_weight': 'belowMean', 'Sex': 'M', 'Whole_weight': 'belowMean', 'Diameter': 'belowMean'}",True,Length,13.0,"{'aboveMean': 144, 'belowMean': 145}",24.86666666666667,5,False,False
78,78,38,"{'Shell_weight': 'aboveMean', 'Shucked_weight': 'belowMean', 'Sex': 'F', 'Diameter': 'aboveMean', 'Whole_weight': 'aboveMean'}",True,Viscera_weight,13.714285714285714,"{'aboveMean': 146, 'belowMean': 147}",10.036630036630036,5,False,False
79,79,38,"{'Shell_weight': 'aboveMean', 'Shucked_weight': 'belowMean', 'Sex': 'F', 'Diameter': 'aboveMean', 'Whole_weight': 'belowMean'}",True,Height,11.166666666666666,"{'belowMean': 148, 'aboveMean': 149}",7.0740740740740735,5,False,False
80,80,39,"{'Shell_weight': 'aboveMean', 'Shucked_weight': 'belowMean', 'Sex': 'F', 'Diameter': 'belowMean', 'Height': 'aboveMean'}",True,Viscera_weight,15.6,"{'belowMean': 150, 'aboveMean': 151}",32.13333333333334,5,False,False
81,81,39,"{'Shell_weight': 'aboveMean', 'Shucked_weight': 'belowMean', 'Sex': 'F', 'Diameter': 'belowMean', 'Height': 'belowMean'}",True,Length,17.0,"{'aboveMean': 152, 'belowMean': 153}",0.16666666666666666,5,False,False
82,82,40,"{'Shell_weight': 'aboveMean', 'Shucked_weight': 'belowMean', 'Sex': 'I', 'Diameter': 'belowMean', 'Whole_weight': 'belowMean'}",True,Height,16.0,"{'aboveMean': 154, 'belowMean': 155}",0.16666666666666666,5,False,False
83,83,40,"{'Shell_weight': 'aboveMean', 'Shucked_weight': 'belowMean', 'Sex': 'I', 'Diameter': 'belowMean', 'Whole_weight': 'aboveMean'}",True,,9.0,{},0.0,5,False,True
84,84,41,"{'Shell_weight': 'aboveMean', 'Shucked_weight': 'belowMean', 'Sex': 'I', 'Diameter': 'aboveMean', 'Height': 'belowMean'}",True,Whole_weight,9.5,"{'aboveMean': 156, 'belowMean': 157}",1.8333333333333335,5,False,False
85,85,41,"{'Shell_weight': 'aboveMean', 'Shucked_weight': 'belowMean', 'Sex': 'I', 'Diameter': 'aboveMean', 'Height': 'aboveMean'}",True,Viscera_weight,11.0,"{'belowMean': 158, 'aboveMean': 159}",1.35,5,False,False
86,86,42,"{'Shell_weight': 'belowMean', 'Sex': 'M', 'Height': 'belowMean', 'Viscera_weight': 'belowMean', 'Whole_weight': 'belowMean', 'Diameter': 'belowMean'}",True,Shucked_weight,8.833333333333334,"{'belowMean': 160, 'aboveMean': 161}",5.867037037037037,6,False,False
87,87,42,"{'Shell_weight': 'belowMean', 'Sex': 'M', 'Height': 'belowMean', 'Viscera_weight': 'belowMean', 'Whole_weight': 'belowMean', 'Diameter': 'aboveMean'}",True,Length,9.19047619047619,"{'belowMean': 162, 'aboveMean': 163}",3.791005291005291,6,False,False
88,88,44,"{'Shell_weight': 'belowMean', 'Sex': 'M', 'Height': 'belowMean', 'Viscera_weight': 'aboveMean', 'Diameter': 'belowMean', 'Length': 'belowMean'}",True,Shucked_weight,12.333333333333334,{'belowMean': 164},6.888888888888888,6,False,False
89,89,45,"{'Shell_weight': 'belowMean', 'Sex': 'M', 'Height': 'belowMean', 'Viscera_weight': 'aboveMean', 'Diameter': 'aboveMean', 'Length': 'belowMean'}",True,,8.0,{},0.0,6,False,True
90,90,45,"{'Shell_weight': 'belowMean', 'Sex': 'M', 'Height': 'belowMean', 'Viscera_weight': 'aboveMean', 'Diameter': 'aboveMean', 'Length': 'aboveMean'}",True,Shucked_weight,9.2,"{'aboveMean': 165, 'belowMean': 166}",0.5,6,False,False
91,91,46,"{'Shell_weight': 'belowMean', 'Sex': 'M', 'Height': 'aboveMean', 'Shucked_weight': 'belowMean', 'Diameter': 'belowMean', 'Viscera_weight': 'belowMean'}",True,Length,10.23076923076923,{'belowMean': 167},6.946745562130177,6,False,False
92,92,46,"{'Shell_weight': 'belowMean', 'Sex': 'M', 'Height': 'aboveMean', 'Shucked_weight': 'belowMean', 'Diameter': 'belowMean', 'Viscera_weight': 'aboveMean'}",True,Length,11.5,"{'aboveMean': 168, 'belowMean': 169}",0.0,6,False,False
93,93,47,"{'Shell_weight': 'belowMean', 'Sex': 'M', 'Height': 'aboveMean', 'Shucked_weight': 'belowMean', 'Diameter': 'aboveMean', 'Length': 'aboveMean'}",True,Viscera_weight,11.75,{'belowMean': 170},4.6875,6,False,False
94,94,48,"{'Shell_weight': 'belowMean', 'Sex': 'M', 'Height': 'aboveMean', 'Shucked_weight': 'aboveMean', 'Diameter': 'aboveMean', 'Length': 'aboveMean'}",True,Viscera_weight,8.6875,"{'aboveMean': 171, 'belowMean': 172}",0.9423076923076923,6,False,False
95,95,48,"{'Shell_weight': 'belowMean', 'Sex': 'M', 'Height': 'aboveMean', 'Shucked_weight': 'aboveMean', 'Diameter': 'aboveMean', 'Length': 'belowMean'}",True,,8.0,{},0.0,6,False,True
96,96,49,"{'Shell_weight': 'belowMean', 'Sex': 'M', 'Height': 'aboveMean', 'Shucked_weight': 'aboveMean', 'Diameter': 'belowMean', 'Viscera_weight': 'aboveMean'}",True,,9.0,{},0.0,6,False,True
97,97,49,"{'Shell_weight': 'belowMean', 'Sex': 'M', 'Height': 'aboveMean', 'Shucked_weight': 'aboveMean', 'Diameter': 'belowMean', 'Viscera_weight': 'belowMean'}",True,,10.0,{},0.0,6,False,True
98,98,50,"{'Shell_weight': 'belowMean', 'Sex': 'I', 'Height': 'belowMean', 'Diameter': 'belowMean', 'Length': 'belowMean', 'Shucked_weight': 'belowMean'}",True,Viscera_weight,7.010471204188482,{'belowMean': 173},3.785230668018969,6,False,False
99,99,50,"{'Shell_weight': 'belowMean', 'Sex': 'I', 'Height': 'belowMean', 'Diameter': 'belowMean', 'Length': 'belowMean', 'Shucked_weight': 'aboveMean'}",True,Viscera_weight,7.333333333333333,{'belowMean': 174},4.222222222222222,6,False,False
100,100,51,"{'Shell_weight': 'belowMean', 'Sex': 'I', 'Height': 'belowMean', 'Diameter': 'belowMean', 'Length': 'aboveMean', 'Shucked_weight': 'belowMean'}",True,Viscera_weight,8.5,{'belowMean': 175},0.5,6,False,False
101,101,52,"{'Shell_weight': 'belowMean', 'Sex': 'I', 'Height': 'belowMean', 'Diameter': 'aboveMean', 'Length': 'belowMean', 'Shucked_weight': 'belowMean'}",True,Viscera_weight,10.333333333333334,{'belowMean': 176},3.555555555555556,6,False,False
102,102,53,"{'Shell_weight': 'belowMean', 'Sex': 'I', 'Height': 'belowMean', 'Diameter': 'aboveMean', 'Length': 'aboveMean', 'Viscera_weight': 'belowMean'}",True,Shucked_weight,8.785714285714286,"{'aboveMean': 177, 'belowMean': 178}",0.5833333333333333,6,False,False
103,103,53,"{'Shell_weight': 'belowMean', 'Sex': 'I', 'Height': 'belowMean', 'Diameter': 'aboveMean', 'Length': 'aboveMean', 'Viscera_weight': 'aboveMean'}",True,Shucked_weight,9.0,{'aboveMean': 179},0.6666666666666666,6,False,False
104,104,54,"{'Shell_weight': 'belowMean', 'Sex': 'I', 'Height': 'aboveMean', 'Shucked_weight': 'belowMean', 'Whole_weight': 'belowMean', 'Viscera_weight': 'belowMean'}",True,Diameter,10.045454545454545,"{'belowMean': 180, 'aboveMean': 181}",5.975135975135975,6,False,False
105,105,54,"{'Shell_weight': 'belowMean', 'Sex': 'I', 'Height': 'aboveMean', 'Shucked_weight': 'belowMean', 'Whole_weight': 'belowMean', 'Viscera_weight': 'aboveMean'}",True,Diameter,11.5,{'aboveMean': 182},6.25,6,False,False
106,106,56,"{'Shell_weight': 'belowMean', 'Sex': 'I', 'Height': 'aboveMean', 'Shucked_weight': 'aboveMean', 'Whole_weight': 'aboveMean', 'Viscera_weight': 'belowMean'}",True,Diameter,9.25,{'aboveMean': 183},0.1875,6,False,False
107,107,56,"{'Shell_weight': 'belowMean', 'Sex': 'I', 'Height': 'aboveMean', 'Shucked_weight': 'aboveMean', 'Whole_weight': 'aboveMean', 'Viscera_weight': 'aboveMean'}",True,Diameter,9.333333333333334,{'aboveMean': 184},1.5555555555555556,6,False,False
108,108,58,"{'Shell_weight': 'belowMean', 'Sex': 'F', 'Shucked_weight': 'belowMean', 'Height': 'aboveMean', 'Length': 'aboveMean', 'Diameter': 'belowMean'}",True,,10.0,{},0.0,6,False,True
109,109,58,"{'Shell_weight': 'belowMean', 'Sex': 'F', 'Shucked_weight': 'belowMean', 'Height': 'aboveMean', 'Length': 'aboveMean', 'Diameter': 'aboveMean'}",True,Whole_weight,9.285714285714286,"{'aboveMean': 185, 'belowMean': 186}",4.380952380952381,6,False,False
110,110,59,"{'Shell_weight': 'belowMean', 'Sex': 'F', 'Shucked_weight': 'belowMean', 'Height': 'aboveMean', 'Length': 'belowMean', 'Diameter': 'belowMean'}",True,Viscera_weight,11.11111111111111,"{'belowMean': 187, 'aboveMean': 188}",4.385416666666667,6,False,False
111,111,59,"{'Shell_weight': 'belowMean', 'Sex': 'F', 'Shucked_weight': 'belowMean', 'Height': 'aboveMean', 'Length': 'belowMean', 'Diameter': 'aboveMean'}",True,Viscera_weight,13.0,"{'belowMean': 189, 'aboveMean': 190}",6.5,6,False,False
112,112,60,"{'Shell_weight': 'belowMean', 'Sex': 'F', 'Shucked_weight': 'belowMean', 'Height': 'belowMean', 'Whole_weight': 'belowMean', 'Viscera_weight': 'belowMean'}",True,Diameter,9.733870967741936,"{'belowMean': 191, 'aboveMean': 192}",5.3858640645680325,6,False,False
113,113,60,"{'Shell_weight': 'belowMean', 'Sex': 'F', 'Shucked_weight': 'belowMean', 'Height': 'belowMean', 'Whole_weight': 'belowMean', 'Viscera_weight': 'aboveMean'}",True,Diameter,10.666666666666666,"{'aboveMean': 193, 'belowMean': 194}",0.16666666666666666,6,False,False
114,114,61,"{'Shell_weight': 'belowMean', 'Sex': 'F', 'Shucked_weight': 'belowMean', 'Height': 'belowMean', 'Whole_weight': 'aboveMean', 'Viscera_weight': 'aboveMean'}",True,Diameter,9.5,{'aboveMean': 195},12.25,6,False,False
115,115,61,"{'Shell_weight': 'belowMean', 'Sex': 'F', 'Shucked_weight': 'belowMean', 'Height': 'belowMean', 'Whole_weight': 'aboveMean', 'Viscera_weight': 'belowMean'}",True,,13.0,{},0.0,6,False,True
116,116,62,"{'Shell_weight': 'belowMean', 'Sex': 'F', 'Shucked_weight': 'aboveMean', 'Height': 'belowMean', 'Viscera_weight': 'aboveMean', 'Whole_weight': 'aboveMean'}",True,Diameter,8.6,{'aboveMean': 196},0.64,6,False,False
117,117,62,"{'Shell_weight': 'belowMean', 'Sex': 'F', 'Shucked_weight': 'aboveMean', 'Height': 'belowMean', 'Viscera_weight': 'aboveMean', 'Whole_weight': 'belowMean'}",True,,8.0,{},0.0,6,False,True
118,118,63,"{'Shell_weight': 'belowMean', 'Sex': 'F', 'Shucked_weight': 'aboveMean', 'Height': 'belowMean', 'Viscera_weight': 'belowMean', 'Whole_weight': 'belowMean'}",True,Diameter,9.0,{'aboveMean': 197},0.5,6,False,False
119,119,63,"{'Shell_weight': 'belowMean', 'Sex': 'F', 'Shucked_weight': 'aboveMean', 'Height': 'belowMean', 'Viscera_weight': 'belowMean', 'Whole_weight': 'aboveMean'}",True,,10.0,{},0.0,6,False,True
120,120,64,"{'Shell_weight': 'belowMean', 'Sex': 'F', 'Shucked_weight': 'aboveMean', 'Height': 'aboveMean', 'Viscera_weight': 'belowMean', 'Diameter': 'aboveMean'}",True,Length,9.0,{'aboveMean': 198},1.2,6,False,False
121,121,65,"{'Shell_weight': 'belowMean', 'Sex': 'F', 'Shucked_weight': 'aboveMean', 'Height': 'aboveMean', 'Viscera_weight': 'aboveMean', 'Whole_weight': 'aboveMean'}",True,Diameter,9.25,{'aboveMean': 199},0.6875,6,False,False
122,122,65,"{'Shell_weight': 'belowMean', 'Sex': 'F', 'Shucked_weight': 'aboveMean', 'Height': 'aboveMean', 'Viscera_weight': 'aboveMean', 'Whole_weight': 'belowMean'}",True,,9.0,{},0.0,6,False,True
123,123,66,"{'Shell_weight': 'aboveMean', 'Shucked_weight': 'aboveMean', 'Length': 'aboveMean', 'Height': 'aboveMean', 'Diameter': 'aboveMean', 'Sex': 'F'}",True,Whole_weight,11.426282051282051,"{'aboveMean': 200, 'belowMean': 201}",9.323563360540852,6,False,False
124,124,66,"{'Shell_weight': 'aboveMean', 'Shucked_weight': 'aboveMean', 'Length': 'aboveMean', 'Height': 'aboveMean', 'Diameter': 'aboveMean', 'Sex': 'M'}",True,Viscera_weight,11.726973684210526,"{'aboveMean': 202, 'belowMean': 203}",9.20047216254923,6,False,False
125,125,66,"{'Shell_weight': 'aboveMean', 'Shucked_weight': 'aboveMean', 'Length': 'aboveMean', 'Height': 'aboveMean', 'Diameter': 'aboveMean', 'Sex': 'I'}",True,Viscera_weight,12.066666666666666,"{'aboveMean': 204, 'belowMean': 205}",9.061904761904762,6,False,False
126,126,67,"{'Shell_weight': 'aboveMean', 'Shucked_weight': 'aboveMean', 'Length': 'aboveMean', 'Height': 'aboveMean', 'Diameter': 'belowMean', 'Sex': 'M'}",True,,10.0,{},0.0,6,False,True
127,127,67,"{'Shell_weight': 'aboveMean', 'Shucked_weight': 'aboveMean', 'Length': 'aboveMean', 'Height': 'aboveMean', 'Diameter': 'belowMean', 'Sex': 'I'}",True,,8.0,{},0.0,6,False,True
128,128,67,"{'Shell_weight': 'aboveMean', 'Shucked_weight': 'aboveMean', 'Length': 'aboveMean', 'Height': 'aboveMean', 'Diameter': 'belowMean', 'Sex': 'F'}",True,,9.0,{},0.0,6,False,True
129,129,68,"{'Shell_weight': 'aboveMean', 'Shucked_weight': 'aboveMean', 'Length': 'aboveMean', 'Height': 'belowMean', 'Sex': 'F', 'Viscera_weight': 'aboveMean'}",True,Diameter,10.333333333333334,{'aboveMean': 206},3.1555555555555554,6,False,False
130,130,68,"{'Shell_weight': 'aboveMean', 'Shucked_weight': 'aboveMean', 'Length': 'aboveMean', 'Height': 'belowMean', 'Sex': 'F', 'Viscera_weight': 'belowMean'}",True,Diameter,11.5,{'aboveMean': 207},3.0,6,False,False
131,131,69,"{'Shell_weight': 'aboveMean', 'Shucked_weight': 'aboveMean', 'Length': 'aboveMean', 'Height': 'belowMean', 'Sex': 'M', 'Viscera_weight': 'aboveMean'}",True,Diameter,10.8125,{'aboveMean': 208},6.40234375,6,False,False
132,132,69,"{'Shell_weight': 'aboveMean', 'Shucked_weight': 'aboveMean', 'Length': 'aboveMean', 'Height': 'belowMean', 'Sex': 'M', 'Viscera_weight': 'belowMean'}",True,Diameter,12.5,{'aboveMean': 209},10.25,6,False,False
133,133,70,"{'Shell_weight': 'aboveMean', 'Shucked_weight': 'aboveMean', 'Length': 'aboveMean', 'Height': 'belowMean', 'Sex': 'I', 'Viscera_weight': 'belowMean'}",True,Diameter,9.666666666666666,{'aboveMean': 210},1.5555555555555556,6,False,False
134,134,70,"{'Shell_weight': 'aboveMean', 'Shucked_weight': 'aboveMean', 'Length': 'aboveMean', 'Height': 'belowMean', 'Sex': 'I', 'Viscera_weight': 'aboveMean'}",True,,9.0,{},0.0,6,False,True
135,135,71,"{'Shell_weight': 'aboveMean', 'Shucked_weight': 'aboveMean', 'Length': 'belowMean', 'Sex': 'F', 'Diameter': 'aboveMean', 'Height': 'aboveMean'}",True,Viscera_weight,9.666666666666666,{'aboveMean': 211},9.555555555555555,6,False,False
136,136,72,"{'Shell_weight': 'aboveMean', 'Shucked_weight': 'aboveMean', 'Length': 'belowMean', 'Sex': 'M', 'Diameter': 'belowMean', 'Height': 'aboveMean'}",True,Viscera_weight,8.5,{'aboveMean': 212},0.25,6,False,False
137,137,72,"{'Shell_weight': 'aboveMean', 'Shucked_weight': 'aboveMean', 'Length': 'belowMean', 'Sex': 'M', 'Diameter': 'belowMean', 'Height': 'belowMean'}",True,,8.0,{},0.0,6,False,True
138,138,74,"{'Shell_weight': 'aboveMean', 'Shucked_weight': 'belowMean', 'Sex': 'M', 'Whole_weight': 'aboveMean', 'Length': 'aboveMean', 'Viscera_weight': 'aboveMean'}",True,Height,13.6,"{'belowMean': 213, 'aboveMean': 214}",12.109090909090908,6,False,False
139,139,74,"{'Shell_weight': 'aboveMean', 'Shucked_weight': 'belowMean', 'Sex': 'M', 'Whole_weight': 'aboveMean', 'Length': 'aboveMean', 'Viscera_weight': 'belowMean'}",True,Height,14.416666666666666,"{'aboveMean': 215, 'belowMean': 216}",7.675,6,False,False
140,140,75,"{'Shell_weight': 'aboveMean', 'Shucked_weight': 'belowMean', 'Sex': 'M', 'Whole_weight': 'aboveMean', 'Length': 'belowMean', 'Diameter': 'belowMean'}",True,,12.0,{},0.0,6,False,True
141,141,75,"{'Shell_weight': 'aboveMean', 'Shucked_weight': 'belowMean', 'Sex': 'M', 'Whole_weight': 'aboveMean', 'Length': 'belowMean', 'Diameter': 'aboveMean'}",True,,18.0,{},0.0,6,False,True
142,142,76,"{'Shell_weight': 'aboveMean', 'Shucked_weight': 'belowMean', 'Sex': 'M', 'Whole_weight': 'belowMean', 'Diameter': 'aboveMean', 'Viscera_weight': 'belowMean'}",True,Height,11.642857142857142,"{'belowMean': 217, 'aboveMean': 218}",5.2,6,False,False
143,143,76,"{'Shell_weight': 'aboveMean', 'Shucked_weight': 'belowMean', 'Sex': 'M', 'Whole_weight': 'belowMean', 'Diameter': 'aboveMean', 'Viscera_weight': 'aboveMean'}",True,Height,11.0,"{'aboveMean': 219, 'belowMean': 220}",5.547619047619047,6,False,False
144,144,77,"{'Shell_weight': 'aboveMean', 'Shucked_weight': 'belowMean', 'Sex': 'M', 'Whole_weight': 'belowMean', 'Diameter': 'belowMean', 'Length': 'aboveMean'}",True,,10.0,{},0.0,6,False,True
145,145,77,"{'Shell_weight': 'aboveMean', 'Shucked_weight': 'belowMean', 'Sex': 'M', 'Whole_weight': 'belowMean', 'Diameter': 'belowMean', 'Length': 'belowMean'}",True,Height,13.6,"{'belowMean': 221, 'aboveMean': 222}",29.3,6,False,False
146,146,78,"{'Shell_weight': 'aboveMean', 'Shucked_weight': 'belowMean', 'Sex': 'F', 'Diameter': 'aboveMean', 'Whole_weight': 'aboveMean', 'Viscera_weight': 'aboveMean'}",True,Height,12.307692307692308,"{'aboveMean': 223, 'belowMean': 224}",4.378205128205129,6,False,False
147,147,78,"{'Shell_weight': 'aboveMean', 'Shucked_weight': 'belowMean', 'Sex': 'F', 'Diameter': 'aboveMean', 'Whole_weight': 'aboveMean', 'Viscera_weight': 'belowMean'}",True,Height,16.0,"{'aboveMean': 225, 'belowMean': 226}",18.916666666666668,6,False,False
148,148,79,"{'Shell_weight': 'aboveMean', 'Shucked_weight': 'belowMean', 'Sex': 'F', 'Diameter': 'aboveMean', 'Whole_weight': 'belowMean', 'Height': 'belowMean'}",True,Length,10.333333333333334,"{'aboveMean': 227, 'belowMean': 228}",0.6666666666666666,6,False,False
149,149,79,"{'Shell_weight': 'aboveMean', 'Shucked_weight': 'belowMean', 'Sex': 'F', 'Diameter': 'aboveMean', 'Whole_weight': 'belowMean', 'Height': 'aboveMean'}",True,Length,11.444444444444445,"{'aboveMean': 229, 'belowMean': 230}",8.875,6,False,False
150,150,80,"{'Shell_weight': 'aboveMean', 'Shucked_weight': 'belowMean', 'Sex': 'F', 'Diameter': 'belowMean', 'Height': 'aboveMean', 'Viscera_weight': 'belowMean'}",True,Length,14.666666666666666,{'belowMean': 231},29.555555555555557,6,False,False
151,151,80,"{'Shell_weight': 'aboveMean', 'Shucked_weight': 'belowMean', 'Sex': 'F', 'Diameter': 'belowMean', 'Height': 'aboveMean', 'Viscera_weight': 'aboveMean'}",True,Length,17.0,{'belowMean': 232},36.0,6,False,False
152,152,81,"{'Shell_weight': 'aboveMean', 'Shucked_weight': 'belowMean', 'Sex': 'F', 'Diameter': 'belowMean', 'Height': 'belowMean', 'Length': 'aboveMean'}",True,,16.0,{},0.0,6,False,True
153,153,81,"{'Shell_weight': 'aboveMean', 'Shucked_weight': 'belowMean', 'Sex': 'F', 'Diameter': 'belowMean', 'Height': 'belowMean', 'Length': 'belowMean'}",True,Viscera_weight,17.5,"{'aboveMean': 233, 'belowMean': 234}",0.0,6,False,False
154,154,82,"{'Shell_weight': 'aboveMean', 'Shucked_weight': 'belowMean', 'Sex': 'I', 'Diameter': 'belowMean', 'Whole_weight': 'belowMean', 'Height': 'aboveMean'}",True,Length,14.5,"{'aboveMean': 235, 'belowMean': 236}",0.0,6,False,False
155,155,82,"{'Shell_weight': 'aboveMean', 'Shucked_weight': 'belowMean', 'Sex': 'I', 'Diameter': 'belowMean', 'Whole_weight': 'belowMean', 'Height': 'belowMean'}",True,,19.0,{},0.0,6,False,True
156,156,84,"{'Shell_weight': 'aboveMean', 'Shucked_weight': 'belowMean', 'Sex': 'I', 'Diameter': 'aboveMean', 'Height': 'belowMean', 'Whole_weight': 'aboveMean'}",True,Length,10.333333333333334,{'aboveMean': 237},4.222222222222222,6,False,False
157,157,84,"{'Shell_weight': 'aboveMean', 'Shucked_weight': 'belowMean', 'Sex': 'I', 'Diameter': 'aboveMean', 'Height': 'belowMean', 'Whole_weight': 'belowMean'}",True,Length,9.0,{'aboveMean': 238},0.4,6,False,False
158,158,85,"{'Shell_weight': 'aboveMean', 'Shucked_weight': 'belowMean', 'Sex': 'I', 'Diameter': 'aboveMean', 'Height': 'aboveMean', 'Viscera_weight': 'belowMean'}",True,Length,11.75,{'aboveMean': 239},1.6875,6,False,False
159,159,85,"{'Shell_weight': 'aboveMean', 'Shucked_weight': 'belowMean', 'Sex': 'I', 'Diameter': 'aboveMean', 'Height': 'aboveMean', 'Viscera_weight': 'aboveMean'}",True,,8.0,{},0.0,6,False,True
160,160,86,"{'Shell_weight': 'belowMean', 'Sex': 'M', 'Height': 'belowMean', 'Viscera_weight': 'belowMean', 'Whole_weight': 'belowMean', 'Diameter': 'belowMean', 'Shucked_weight': 'belowMean'}",True,,8.86111111111111,{},0.0,7,False,True
161,161,86,"{'Shell_weight': 'belowMean', 'Sex': 'M', 'Height': 'belowMean', 'Viscera_weight': 'belowMean', 'Whole_weight': 'belowMean', 'Diameter': 'belowMean', 'Shucked_weight': 'aboveMean'}",True,,8.166666666666666,{},0.0,7,False,True
162,162,87,"{'Shell_weight': 'belowMean', 'Sex': 'M', 'Height': 'belowMean', 'Viscera_weight': 'belowMean', 'Whole_weight': 'belowMean', 'Diameter': 'aboveMean', 'Length': 'belowMean'}",True,,10.666666666666666,{},0.0,7,False,True
163,163,87,"{'Shell_weight': 'belowMean', 'Sex': 'M', 'Height': 'belowMean', 'Viscera_weight': 'belowMean', 'Whole_weight': 'belowMean', 'Diameter': 'aboveMean', 'Length': 'aboveMean'}",True,,8.944444444444445,{},0.0,7,False,True
164,164,88,"{'Shell_weight': 'belowMean', 'Sex': 'M', 'Height': 'belowMean', 'Viscera_weight': 'aboveMean', 'Diameter': 'belowMean', 'Length': 'belowMean', 'Shucked_weight': 'belowMean'}",True,,12.333333333333334,{},0.0,7,False,True
165,165,90,"{'Shell_weight': 'belowMean', 'Sex': 'M', 'Height': 'belowMean', 'Viscera_weight': 'aboveMean', 'Diameter': 'aboveMean', 'Length': 'aboveMean', 'Shucked_weight': 'aboveMean'}",True,,9.0,{},0.0,7,False,True
166,166,90,"{'Shell_weight': 'belowMean', 'Sex': 'M', 'Height': 'belowMean', 'Viscera_weight': 'aboveMean', 'Diameter': 'aboveMean', 'Length': 'aboveMean', 'Shucked_weight': 'belowMean'}",True,,9.5,{},0.0,7,False,True
167,167,91,"{'Shell_weight': 'belowMean', 'Sex': 'M', 'Height': 'aboveMean', 'Shucked_weight': 'belowMean', 'Diameter': 'belowMean', 'Viscera_weight': 'belowMean', 'Length': 'belowMean'}",True,,10.23076923076923,{},0.0,7,False,True
168,168,92,"{'Shell_weight': 'belowMean', 'Sex': 'M', 'Height': 'aboveMean', 'Shucked_weight': 'belowMean', 'Diameter': 'belowMean', 'Viscera_weight': 'aboveMean', 'Length': 'aboveMean'}",True,,11.0,{},0.0,7,False,True
169,169,92,"{'Shell_weight': 'belowMean', 'Sex': 'M', 'Height': 'aboveMean', 'Shucked_weight': 'belowMean', 'Diameter': 'belowMean', 'Viscera_weight': 'aboveMean', 'Length': 'belowMean'}",True,,12.0,{},0.0,7,False,True
170,170,93,"{'Shell_weight': 'belowMean', 'Sex': 'M', 'Height': 'aboveMean', 'Shucked_weight': 'belowMean', 'Diameter': 'aboveMean', 'Length': 'aboveMean', 'Viscera_weight': 'belowMean'}",True,,11.75,{},0.0,7,False,True
171,171,94,"{'Shell_weight': 'belowMean', 'Sex': 'M', 'Height': 'aboveMean', 'Shucked_weight': 'aboveMean', 'Diameter': 'aboveMean', 'Length': 'aboveMean', 'Viscera_weight': 'aboveMean'}",True,,8.615384615384615,{},0.0,7,False,True
172,172,94,"{'Shell_weight': 'belowMean', 'Sex': 'M', 'Height': 'aboveMean', 'Shucked_weight': 'aboveMean', 'Diameter': 'aboveMean', 'Length': 'aboveMean', 'Viscera_weight': 'belowMean'}",True,,9.0,{},0.0,7,False,True
173,173,98,"{'Shell_weight': 'belowMean', 'Sex': 'I', 'Height': 'belowMean', 'Diameter': 'belowMean', 'Length': 'belowMean', 'Shucked_weight': 'belowMean', 'Viscera_weight': 'belowMean'}",True,,7.010471204188482,{},0.0,7,False,True
174,174,99,"{'Shell_weight': 'belowMean', 'Sex': 'I', 'Height': 'belowMean', 'Diameter': 'belowMean', 'Length': 'belowMean', 'Shucked_weight': 'aboveMean', 'Viscera_weight': 'belowMean'}",True,,7.333333333333333,{},0.0,7,False,True
175,175,100,"{'Shell_weight': 'belowMean', 'Sex': 'I', 'Height': 'belowMean', 'Diameter': 'belowMean', 'Length': 'aboveMean', 'Shucked_weight': 'belowMean', 'Viscera_weight': 'belowMean'}",True,,8.5,{},0.0,7,False,True
176,176,101,"{'Shell_weight': 'belowMean', 'Sex': 'I', 'Height': 'belowMean', 'Diameter': 'aboveMean', 'Length': 'belowMean', 'Shucked_weight': 'belowMean', 'Viscera_weight': 'belowMean'}",True,,10.333333333333334,{},0.0,7,False,True
177,177,102,"{'Shell_weight': 'belowMean', 'Sex': 'I', 'Height': 'belowMean', 'Diameter': 'aboveMean', 'Length': 'aboveMean', 'Viscera_weight': 'belowMean', 'Shucked_weight': 'aboveMean'}",True,,8.5,{},0.0,7,False,True
178,178,102,"{'Shell_weight': 'belowMean', 'Sex': 'I', 'Height': 'belowMean', 'Diameter': 'aboveMean', 'Length': 'aboveMean', 'Viscera_weight': 'belowMean', 'Shucked_weight': 'belowMean'}",True,,8.833333333333334,{},0.0,7,False,True
179,179,103,"{'Shell_weight': 'belowMean', 'Sex': 'I', 'Height': 'belowMean', 'Diameter': 'aboveMean', 'Length': 'aboveMean', 'Viscera_weight': 'aboveMean', 'Shucked_weight': 'aboveMean'}",True,,9.0,{},0.0,7,False,True
180,180,104,"{'Shell_weight': 'belowMean', 'Sex': 'I', 'Height': 'aboveMean', 'Shucked_weight': 'belowMean', 'Whole_weight': 'belowMean', 'Viscera_weight': 'belowMean', 'Diameter': 'belowMean'}",True,,10.461538461538462,{},0.0,7,False,True
181,181,104,"{'Shell_weight': 'belowMean', 'Sex': 'I', 'Height': 'aboveMean', 'Shucked_weight': 'belowMean', 'Whole_weight': 'belowMean', 'Viscera_weight': 'belowMean', 'Diameter': 'aboveMean'}",True,,9.444444444444445,{},0.0,7,False,True
182,182,105,"{'Shell_weight': 'belowMean', 'Sex': 'I', 'Height': 'aboveMean', 'Shucked_weight': 'belowMean', 'Whole_weight': 'belowMean', 'Viscera_weight': 'aboveMean', 'Diameter': 'aboveMean'}",True,,11.5,{},0.0,7,False,True
183,183,106,"{'Shell_weight': 'belowMean', 'Sex': 'I', 'Height': 'aboveMean', 'Shucked_weight': 'aboveMean', 'Whole_weight': 'aboveMean', 'Viscera_weight': 'belowMean', 'Diameter': 'aboveMean'}",True,,9.25,{},0.0,7,False,True
184,184,107,"{'Shell_weight': 'belowMean', 'Sex': 'I', 'Height': 'aboveMean', 'Shucked_weight': 'aboveMean', 'Whole_weight': 'aboveMean', 'Viscera_weight': 'aboveMean', 'Diameter': 'aboveMean'}",True,,9.333333333333334,{},0.0,7,False,True
185,185,109,"{'Shell_weight': 'belowMean', 'Sex': 'F', 'Shucked_weight': 'belowMean', 'Height': 'aboveMean', 'Length': 'aboveMean', 'Diameter': 'aboveMean', 'Whole_weight': 'aboveMean'}",True,,9.666666666666666,{},0.0,7,False,True
186,186,109,"{'Shell_weight': 'belowMean', 'Sex': 'F', 'Shucked_weight': 'belowMean', 'Height': 'aboveMean', 'Length': 'aboveMean', 'Diameter': 'aboveMean', 'Whole_weight': 'belowMean'}",True,,9.0,{},0.0,7,False,True
187,187,110,"{'Shell_weight': 'belowMean', 'Sex': 'F', 'Shucked_weight': 'belowMean', 'Height': 'aboveMean', 'Length': 'belowMean', 'Diameter': 'belowMean', 'Viscera_weight': 'belowMean'}",True,,11.1875,{},0.0,7,False,True
188,188,110,"{'Shell_weight': 'belowMean', 'Sex': 'F', 'Shucked_weight': 'belowMean', 'Height': 'aboveMean', 'Length': 'belowMean', 'Diameter': 'belowMean', 'Viscera_weight': 'aboveMean'}",True,,10.5,{},0.0,7,False,True
189,189,111,"{'Shell_weight': 'belowMean', 'Sex': 'F', 'Shucked_weight': 'belowMean', 'Height': 'aboveMean', 'Length': 'belowMean', 'Diameter': 'aboveMean', 'Viscera_weight': 'belowMean'}",True,,13.0,{},0.0,7,False,True
190,190,111,"{'Shell_weight': 'belowMean', 'Sex': 'F', 'Shucked_weight': 'belowMean', 'Height': 'aboveMean', 'Length': 'belowMean', 'Diameter': 'aboveMean', 'Viscera_weight': 'aboveMean'}",True,,13.0,{},0.0,7,False,True
191,191,112,"{'Shell_weight': 'belowMean', 'Sex': 'F', 'Shucked_weight': 'belowMean', 'Height': 'belowMean', 'Whole_weight': 'belowMean', 'Viscera_weight': 'belowMean', 'Diameter': 'belowMean'}",True,,9.716814159292035,{},0.0,7,False,True
192,192,112,"{'Shell_weight': 'belowMean', 'Sex': 'F', 'Shucked_weight': 'belowMean', 'Height': 'belowMean', 'Whole_weight': 'belowMean', 'Viscera_weight': 'belowMean', 'Diameter': 'aboveMean'}",True,,9.909090909090908,{},0.0,7,False,True
193,193,113,"{'Shell_weight': 'belowMean', 'Sex': 'F', 'Shucked_weight': 'belowMean', 'Height': 'belowMean', 'Whole_weight': 'belowMean', 'Viscera_weight': 'aboveMean', 'Diameter': 'aboveMean'}",True,,8.5,{},0.0,7,False,True
194,194,113,"{'Shell_weight': 'belowMean', 'Sex': 'F', 'Shucked_weight': 'belowMean', 'Height': 'belowMean', 'Whole_weight': 'belowMean', 'Viscera_weight': 'aboveMean', 'Diameter': 'belowMean'}",True,,15.0,{},0.0,7,False,True
195,195,114,"{'Shell_weight': 'belowMean', 'Sex': 'F', 'Shucked_weight': 'belowMean', 'Height': 'belowMean', 'Whole_weight': 'aboveMean', 'Viscera_weight': 'aboveMean', 'Diameter': 'aboveMean'}",True,,9.5,{},0.0,7,False,True
196,196,116,"{'Shell_weight': 'belowMean', 'Sex': 'F', 'Shucked_weight': 'aboveMean', 'Height': 'belowMean', 'Viscera_weight': 'aboveMean', 'Whole_weight': 'aboveMean', 'Diameter': 'aboveMean'}",True,,8.6,{},0.0,7,False,True
197,197,118,"{'Shell_weight': 'belowMean', 'Sex': 'F', 'Shucked_weight': 'aboveMean', 'Height': 'belowMean', 'Viscera_weight': 'belowMean', 'Whole_weight': 'belowMean', 'Diameter': 'aboveMean'}",True,,9.0,{},0.0,7,False,True
198,198,120,"{'Shell_weight': 'belowMean', 'Sex': 'F', 'Shucked_weight': 'aboveMean', 'Height': 'aboveMean', 'Viscera_weight': 'belowMean', 'Diameter': 'aboveMean', 'Length': 'aboveMean'}",True,,9.0,{},0.0,7,False,True
199,199,121,"{'Shell_weight': 'belowMean', 'Sex': 'F', 'Shucked_weight': 'aboveMean', 'Height': 'aboveMean', 'Viscera_weight': 'aboveMean', 'Whole_weight': 'aboveMean', 'Diameter': 'aboveMean'}",True,,9.25,{},0.0,7,False,True
200,200,123,"{'Shell_weight': 'aboveMean', 'Shucked_weight': 'aboveMean', 'Length': 'aboveMean', 'Height': 'aboveMean', 'Diameter': 'aboveMean', 'Sex': 'F', 'Whole_weight': 'aboveMean'}",True,,11.405144694533762,{},0.0,7,False,True
201,201,123,"{'Shell_weight': 'aboveMean', 'Shucked_weight': 'aboveMean', 'Length': 'aboveMean', 'Height': 'aboveMean', 'Diameter': 'aboveMean', 'Sex': 'F', 'Whole_weight': 'belowMean'}",True,,18.0,{},0.0,7,False,True
202,202,124,"{'Shell_weight': 'aboveMean', 'Shucked_weight': 'aboveMean', 'Length': 'aboveMean', 'Height': 'aboveMean', 'Diameter': 'aboveMean', 'Sex': 'M', 'Viscera_weight': 'aboveMean'}",True,,11.70748299319728,{},0.0,7,False,True
203,203,124,"{'Shell_weight': 'aboveMean', 'Shucked_weight': 'aboveMean', 'Length': 'aboveMean', 'Height': 'aboveMean', 'Diameter': 'aboveMean', 'Sex': 'M', 'Viscera_weight': 'belowMean'}",True,,12.3,{},0.0,7,False,True
204,204,125,"{'Shell_weight': 'aboveMean', 'Shucked_weight': 'aboveMean', 'Length': 'aboveMean', 'Height': 'aboveMean', 'Diameter': 'aboveMean', 'Sex': 'I', 'Viscera_weight': 'aboveMean'}",True,,12.071428571428571,{},0.0,7,False,True
205,205,125,"{'Shell_weight': 'aboveMean', 'Shucked_weight': 'aboveMean', 'Length': 'aboveMean', 'Height': 'aboveMean', 'Diameter': 'aboveMean', 'Sex': 'I', 'Viscera_weight': 'belowMean'}",True,,12.0,{},0.0,7,False,True
206,206,129,"{'Shell_weight': 'aboveMean', 'Shucked_weight': 'aboveMean', 'Length': 'aboveMean', 'Height': 'belowMean', 'Sex': 'F', 'Viscera_weight': 'aboveMean', 'Diameter': 'aboveMean'}",True,,10.333333333333334,{},0.0,7,False,True
207,207,130,"{'Shell_weight': 'aboveMean', 'Shucked_weight': 'aboveMean', 'Length': 'aboveMean', 'Height': 'belowMean', 'Sex': 'F', 'Viscera_weight': 'belowMean', 'Diameter': 'aboveMean'}",True,,11.5,{},0.0,7,False,True
208,208,131,"{'Shell_weight': 'aboveMean', 'Shucked_weight': 'aboveMean', 'Length': 'aboveMean', 'Height': 'belowMean', 'Sex': 'M', 'Viscera_weight': 'aboveMean', 'Diameter': 'aboveMean'}",True,,10.8125,{},0.0,7,False,True
209,209,132,"{'Shell_weight': 'aboveMean', 'Shucked_weight': 'aboveMean', 'Length': 'aboveMean', 'Height': 'belowMean', 'Sex': 'M', 'Viscera_weight': 'belowMean', 'Diameter': 'aboveMean'}",True,,12.5,{},0.0,7,False,True
210,210,133,"{'Shell_weight': 'aboveMean', 'Shucked_weight': 'aboveMean', 'Length': 'aboveMean', 'Height': 'belowMean', 'Sex': 'I', 'Viscera_weight': 'belowMean', 'Diameter': 'aboveMean'}",True,,9.666666666666666,{},0.0,7,False,True
211,211,135,"{'Shell_weight': 'aboveMean', 'Shucked_weight': 'aboveMean', 'Length': 'belowMean', 'Sex': 'F', 'Diameter': 'aboveMean', 'Height': 'aboveMean', 'Viscera_weight': 'aboveMean'}",True,,9.666666666666666,{},0.0,7,False,True
212,212,136,"{'Shell_weight': 'aboveMean', 'Shucked_weight': 'aboveMean', 'Length': 'belowMean', 'Sex': 'M', 'Diameter': 'belowMean', 'Height': 'aboveMean', 'Viscera_weight': 'aboveMean'}",True,,8.5,{},0.0,7,False,True
213,213,138,"{'Shell_weight': 'aboveMean', 'Shucked_weight': 'belowMean', 'Sex': 'M', 'Whole_weight': 'aboveMean', 'Length': 'aboveMean', 'Viscera_weight': 'aboveMean', 'Height': 'belowMean'}",True,,13.0,{},0.0,7,False,True
214,214,138,"{'Shell_weight': 'aboveMean', 'Shucked_weight': 'belowMean', 'Sex': 'M', 'Whole_weight': 'aboveMean', 'Length': 'aboveMean', 'Viscera_weight': 'aboveMean', 'Height': 'aboveMean'}",True,,13.818181818181818,{},0.0,7,False,True
215,215,139,"{'Shell_weight': 'aboveMean', 'Shucked_weight': 'belowMean', 'Sex': 'M', 'Whole_weight': 'aboveMean', 'Length': 'aboveMean', 'Viscera_weight': 'belowMean', 'Height': 'aboveMean'}",True,,14.2,{},0.0,7,False,True
216,216,139,"{'Shell_weight': 'aboveMean', 'Shucked_weight': 'belowMean', 'Sex': 'M', 'Whole_weight': 'aboveMean', 'Length': 'aboveMean', 'Viscera_weight': 'belowMean', 'Height': 'belowMean'}",True,,15.5,{},0.0,7,False,True
217,217,142,"{'Shell_weight': 'aboveMean', 'Shucked_weight': 'belowMean', 'Sex': 'M', 'Whole_weight': 'belowMean', 'Diameter': 'aboveMean', 'Viscera_weight': 'belowMean', 'Height': 'belowMean'}",True,,11.333333333333334,{},0.0,7,False,True
218,218,142,"{'Shell_weight': 'aboveMean', 'Shucked_weight': 'belowMean', 'Sex': 'M', 'Whole_weight': 'belowMean', 'Diameter': 'aboveMean', 'Viscera_weight': 'belowMean', 'Height': 'aboveMean'}",True,,12.2,{},0.0,7,False,True
219,219,143,"{'Shell_weight': 'aboveMean', 'Shucked_weight': 'belowMean', 'Sex': 'M', 'Whole_weight': 'belowMean', 'Diameter': 'aboveMean', 'Viscera_weight': 'aboveMean', 'Height': 'aboveMean'}",True,,11.166666666666666,{},0.0,7,False,True
220,220,143,"{'Shell_weight': 'aboveMean', 'Shucked_weight': 'belowMean', 'Sex': 'M', 'Whole_weight': 'belowMean', 'Diameter': 'aboveMean', 'Viscera_weight': 'aboveMean', 'Height': 'belowMean'}",True,,10.0,{},0.0,7,False,True
221,221,145,"{'Shell_weight': 'aboveMean', 'Shucked_weight': 'belowMean', 'Sex': 'M', 'Whole_weight': 'belowMean', 'Diameter': 'belowMean', 'Length': 'belowMean', 'Height': 'belowMean'}",True,,13.0,{},0.0,7,False,True
222,222,145,"{'Shell_weight': 'aboveMean', 'Shucked_weight': 'belowMean', 'Sex': 'M', 'Whole_weight': 'belowMean', 'Diameter': 'belowMean', 'Length': 'belowMean', 'Height': 'aboveMean'}",True,,14.5,{},0.0,7,False,True
223,223,146,"{'Shell_weight': 'aboveMean', 'Shucked_weight': 'belowMean', 'Sex': 'F', 'Diameter': 'aboveMean', 'Whole_weight': 'aboveMean', 'Viscera_weight': 'aboveMean', 'Height': 'aboveMean'}",True,,12.416666666666666,{},0.0,7,False,True
224,224,146,"{'Shell_weight': 'aboveMean', 'Shucked_weight': 'belowMean', 'Sex': 'F', 'Diameter': 'aboveMean', 'Whole_weight': 'aboveMean', 'Viscera_weight': 'aboveMean', 'Height': 'belowMean'}",True,,11.0,{},0.0,7,False,True
225,225,147,"{'Shell_weight': 'aboveMean', 'Shucked_weight': 'belowMean', 'Sex': 'F', 'Diameter': 'aboveMean', 'Whole_weight': 'aboveMean', 'Viscera_weight': 'belowMean', 'Height': 'aboveMean'}",True,,16.166666666666668,{},0.0,7,False,True
226,226,147,"{'Shell_weight': 'aboveMean', 'Shucked_weight': 'belowMean', 'Sex': 'F', 'Diameter': 'aboveMean', 'Whole_weight': 'aboveMean', 'Viscera_weight': 'belowMean', 'Height': 'belowMean'}",True,,15.5,{},0.0,7,False,True
227,227,148,"{'Shell_weight': 'aboveMean', 'Shucked_weight': 'belowMean', 'Sex': 'F', 'Diameter': 'aboveMean', 'Whole_weight': 'belowMean', 'Height': 'belowMean', 'Length': 'aboveMean'}",True,,10.0,{},0.0,7,False,True
228,228,148,"{'Shell_weight': 'aboveMean', 'Shucked_weight': 'belowMean', 'Sex': 'F', 'Diameter': 'aboveMean', 'Whole_weight': 'belowMean', 'Height': 'belowMean', 'Length': 'belowMean'}",True,,11.0,{},0.0,7,False,True
229,229,149,"{'Shell_weight': 'aboveMean', 'Shucked_weight': 'belowMean', 'Sex': 'F', 'Diameter': 'aboveMean', 'Whole_weight': 'belowMean', 'Height': 'aboveMean', 'Length': 'aboveMean'}",True,,11.625,{},0.0,7,False,True
230,230,149,"{'Shell_weight': 'aboveMean', 'Shucked_weight': 'belowMean', 'Sex': 'F', 'Diameter': 'aboveMean', 'Whole_weight': 'belowMean', 'Height': 'aboveMean', 'Length': 'belowMean'}",True,,10.0,{},0.0,7,False,True
231,231,150,"{'Shell_weight': 'aboveMean', 'Shucked_weight': 'belowMean', 'Sex': 'F', 'Diameter': 'belowMean', 'Height': 'aboveMean', 'Viscera_weight': 'belowMean', 'Length': 'belowMean'}",True,,14.666666666666666,{},0.0,7,False,True
232,232,151,"{'Shell_weight': 'aboveMean', 'Shucked_weight': 'belowMean', 'Sex': 'F', 'Diameter': 'belowMean', 'Height': 'aboveMean', 'Viscera_weight': 'aboveMean', 'Length': 'belowMean'}",True,,17.0,{},0.0,7,False,True
233,233,153,"{'Shell_weight': 'aboveMean', 'Shucked_weight': 'belowMean', 'Sex': 'F', 'Diameter': 'belowMean', 'Height': 'belowMean', 'Length': 'belowMean', 'Viscera_weight': 'aboveMean'}",True,,17.0,{},0.0,7,False,True
234,234,153,"{'Shell_weight': 'aboveMean', 'Shucked_weight': 'belowMean', 'Sex': 'F', 'Diameter': 'belowMean', 'Height': 'belowMean', 'Length': 'belowMean', 'Viscera_weight': 'belowMean'}",True,,18.0,{},0.0,7,False,True
235,235,154,"{'Shell_weight': 'aboveMean', 'Shucked_weight': 'belowMean', 'Sex': 'I', 'Diameter': 'belowMean', 'Whole_weight': 'belowMean', 'Height': 'aboveMean', 'Length': 'aboveMean'}",True,,14.0,{},0.0,7,False,True
236,236,154,"{'Shell_weight': 'aboveMean', 'Shucked_weight': 'belowMean', 'Sex': 'I', 'Diameter': 'belowMean', 'Whole_weight': 'belowMean', 'Height': 'aboveMean', 'Length': 'belowMean'}",True,,15.0,{},0.0,7,False,True
237,237,156,"{'Shell_weight': 'aboveMean', 'Shucked_weight': 'belowMean', 'Sex': 'I', 'Diameter': 'aboveMean', 'Height': 'belowMean', 'Whole_weight': 'aboveMean', 'Length': 'aboveMean'}",True,,10.333333333333334,{},0.0,7,False,True
238,238,157,"{'Shell_weight': 'aboveMean', 'Shucked_weight': 'belowMean', 'Sex': 'I', 'Diameter': 'aboveMean', 'Height': 'belowMean', 'Whole_weight': 'belowMean', 'Length': 'aboveMean'}",True,,9.0,{},0.0,7,False,True
239,239,158,"{'Shell_weight': 'aboveMean', 'Shucked_weight': 'belowMean', 'Sex': 'I', 'Diameter': 'aboveMean', 'Height': 'aboveMean', 'Viscera_weight': 'belowMean', 'Length': 'aboveMean'}",True,,11.75,{},0.0,7,False,True
