,nodeID,parentNode,dataSetFilters,evaluated,nodeFeature,nodePrediction,childrenNodes,gainOrMSE,treeLevel,pruned,isLeaf
0,0,-1,{},True,Uniformity_of_cell_shape,2,"{'belowMean': 1, 'aboveMean': 2}",0.677397988549055,0,False,False
1,1,0,{'Uniformity_of_cell_shape': 'belowMean'},True,Uniformity_of_cell_size,2,"{'belowMean': 3, 'aboveMean': 4}",0.710574910277798,1,False,False
2,2,0,{'Uniformity_of_cell_shape': 'aboveMean'},True,Bare_nuclei,4,"{'aboveMean': 5, 'belowMean': 6}",0.14700064329383944,1,False,False
3,3,1,"{'Uniformity_of_cell_shape': 'belowMean', 'Uniformity_of_cell_size': 'belowMean'}",True,Normal_nucleoli,2,"{'belowMean': 7, 'aboveMean': 8}",0.28372396421667356,2,False,False
4,4,1,"{'Uniformity_of_cell_shape': 'belowMean', 'Uniformity_of_cell_size': 'aboveMean'}",True,,4,{},0.0,2,False,True
5,5,2,"{'Uniformity_of_cell_shape': 'aboveMean', 'Bare_nuclei': 'aboveMean'}",True,Uniformity_of_cell_size,4,"{'belowMean': 9, 'aboveMean': 10}",0.034028512068691376,2,False,False
6,6,2,"{'Uniformity_of_cell_shape': 'aboveMean', 'Bare_nuclei': 'belowMean'}",True,Clump_thickness,4,"{'belowMean': 11, 'aboveMean': 12}",0.7123685850607536,2,False,False
7,7,3,"{'Uniformity_of_cell_shape': 'belowMean', 'Uniformity_of_cell_size': 'belowMean', 'Normal_nucleoli': 'belowMean'}",True,Mitoses,2,"{'belowMean': 13, 'aboveMean': 14}",0.27185057578090166,3,False,False
8,8,3,"{'Uniformity_of_cell_shape': 'belowMean', 'Uniformity_of_cell_size': 'belowMean', 'Normal_nucleoli': 'aboveMean'}",True,Bare_nuclei,2,"{'belowMean': 15, 'aboveMean': 16}",0.38368240456934755,3,False,False
9,9,5,"{'Uniformity_of_cell_shape': 'aboveMean', 'Bare_nuclei': 'aboveMean', 'Uniformity_of_cell_size': 'belowMean'}",True,Bland_chromatin,4,"{'aboveMean': 17, 'belowMean': 18}",0.07612760546066077,3,False,False
10,10,5,"{'Uniformity_of_cell_shape': 'aboveMean', 'Bare_nuclei': 'aboveMean', 'Uniformity_of_cell_size': 'aboveMean'}",True,Bland_chromatin,4,"{'belowMean': 19, 'aboveMean': 20}",0.0694622051919493,3,False,False
11,11,6,"{'Uniformity_of_cell_shape': 'aboveMean', 'Bare_nuclei': 'belowMean', 'Clump_thickness': 'belowMean'}",True,,2,{},0.0,3,False,True
12,12,6,"{'Uniformity_of_cell_shape': 'aboveMean', 'Bare_nuclei': 'belowMean', 'Clump_thickness': 'aboveMean'}",True,Marginal_adhesion,4,"{'belowMean': 21, 'aboveMean': 22}",0.22363562357937175,3,False,False
13,13,7,"{'Uniformity_of_cell_shape': 'belowMean', 'Uniformity_of_cell_size': 'belowMean', 'Normal_nucleoli': 'belowMean', 'Mitoses': 'belowMean'}",True,,2,{},0.0,4,False,True
14,14,7,"{'Uniformity_of_cell_shape': 'belowMean', 'Uniformity_of_cell_size': 'belowMean', 'Normal_nucleoli': 'belowMean', 'Mitoses': 'aboveMean'}",True,Clump_thickness,2,"{'belowMean': 23, 'aboveMean': 24}",0.9999922205285868,4,False,False
15,15,8,"{'Uniformity_of_cell_shape': 'belowMean', 'Uniformity_of_cell_size': 'belowMean', 'Normal_nucleoli': 'aboveMean', 'Bare_nuclei': 'belowMean'}",True,,2,{},0.0,4,False,True
16,16,8,"{'Uniformity_of_cell_shape': 'belowMean', 'Uniformity_of_cell_size': 'belowMean', 'Normal_nucleoli': 'aboveMean', 'Bare_nuclei': 'aboveMean'}",True,Bland_chromatin,4,"{'belowMean': 25, 'aboveMean': 26}",0.9999851670396317,4,False,False
17,17,9,"{'Uniformity_of_cell_shape': 'aboveMean', 'Bare_nuclei': 'aboveMean', 'Uniformity_of_cell_size': 'belowMean', 'Bland_chromatin': 'aboveMean'}",True,Clump_thickness,4,"{'aboveMean': 27, 'belowMean': 28}",0.11887982721084595,4,False,False
18,18,9,"{'Uniformity_of_cell_shape': 'aboveMean', 'Bare_nuclei': 'aboveMean', 'Uniformity_of_cell_size': 'belowMean', 'Bland_chromatin': 'belowMean'}",True,,4,{},0.0,4,False,True
19,19,10,"{'Uniformity_of_cell_shape': 'aboveMean', 'Bare_nuclei': 'aboveMean', 'Uniformity_of_cell_size': 'aboveMean', 'Bland_chromatin': 'belowMean'}",True,Marginal_adhesion,4,"{'belowMean': 29, 'aboveMean': 30}",0.10802932079593364,4,False,False
20,20,10,"{'Uniformity_of_cell_shape': 'aboveMean', 'Bare_nuclei': 'aboveMean', 'Uniformity_of_cell_size': 'aboveMean', 'Bland_chromatin': 'aboveMean'}",True,,4,{},0.0,4,False,True
21,21,12,"{'Uniformity_of_cell_shape': 'aboveMean', 'Bare_nuclei': 'belowMean', 'Clump_thickness': 'aboveMean', 'Marginal_adhesion': 'belowMean'}",True,Normal_nucleoli,4,"{'belowMean': 31, 'aboveMean': 32}",0.9999851670396317,4,False,False
22,22,12,"{'Uniformity_of_cell_shape': 'aboveMean', 'Bare_nuclei': 'belowMean', 'Clump_thickness': 'aboveMean', 'Marginal_adhesion': 'aboveMean'}",True,,4,{},0.0,4,False,True
23,23,14,"{'Uniformity_of_cell_shape': 'belowMean', 'Uniformity_of_cell_size': 'belowMean', 'Normal_nucleoli': 'belowMean', 'Mitoses': 'aboveMean', 'Clump_thickness': 'belowMean'}",True,,2,{},0.0,5,False,True
24,24,14,"{'Uniformity_of_cell_shape': 'belowMean', 'Uniformity_of_cell_size': 'belowMean', 'Normal_nucleoli': 'belowMean', 'Mitoses': 'aboveMean', 'Clump_thickness': 'aboveMean'}",True,,4,{},0.0,5,False,True
25,25,16,"{'Uniformity_of_cell_shape': 'belowMean', 'Uniformity_of_cell_size': 'belowMean', 'Normal_nucleoli': 'aboveMean', 'Bare_nuclei': 'aboveMean', 'Bland_chromatin': 'belowMean'}",True,,2,{},0.0,5,False,True
26,26,16,"{'Uniformity_of_cell_shape': 'belowMean', 'Uniformity_of_cell_size': 'belowMean', 'Normal_nucleoli': 'aboveMean', 'Bare_nuclei': 'aboveMean', 'Bland_chromatin': 'aboveMean'}",True,,4,{},0.0,5,False,True
27,27,17,"{'Uniformity_of_cell_shape': 'aboveMean', 'Bare_nuclei': 'aboveMean', 'Uniformity_of_cell_size': 'belowMean', 'Bland_chromatin': 'aboveMean', 'Clump_thickness': 'aboveMean'}",True,Marginal_adhesion,4,"{'aboveMean': 33, 'belowMean': 34}",0.15105949776203623,5,False,False
28,28,17,"{'Uniformity_of_cell_shape': 'aboveMean', 'Bare_nuclei': 'aboveMean', 'Uniformity_of_cell_size': 'belowMean', 'Bland_chromatin': 'aboveMean', 'Clump_thickness': 'belowMean'}",True,,4,{},0.0,5,False,True
29,29,19,"{'Uniformity_of_cell_shape': 'aboveMean', 'Bare_nuclei': 'aboveMean', 'Uniformity_of_cell_size': 'aboveMean', 'Bland_chromatin': 'belowMean', 'Marginal_adhesion': 'belowMean'}",True,Mitoses,4,"{'belowMean': 35, 'aboveMean': 36}",0.17606087180673313,5,False,False
30,30,19,"{'Uniformity_of_cell_shape': 'aboveMean', 'Bare_nuclei': 'aboveMean', 'Uniformity_of_cell_size': 'aboveMean', 'Bland_chromatin': 'belowMean', 'Marginal_adhesion': 'aboveMean'}",True,,4,{},0.0,5,False,True
31,31,21,"{'Uniformity_of_cell_shape': 'aboveMean', 'Bare_nuclei': 'belowMean', 'Clump_thickness': 'aboveMean', 'Marginal_adhesion': 'belowMean', 'Normal_nucleoli': 'belowMean'}",True,,2,{},0.0,5,False,True
32,32,21,"{'Uniformity_of_cell_shape': 'aboveMean', 'Bare_nuclei': 'belowMean', 'Clump_thickness': 'aboveMean', 'Marginal_adhesion': 'belowMean', 'Normal_nucleoli': 'aboveMean'}",True,,4,{},0.0,5,False,True
33,33,27,"{'Uniformity_of_cell_shape': 'aboveMean', 'Bare_nuclei': 'aboveMean', 'Uniformity_of_cell_size': 'belowMean', 'Bland_chromatin': 'aboveMean', 'Clump_thickness': 'aboveMean', 'Marginal_adhesion': 'aboveMean'}",True,Mitoses,4,"{'belowMean': 37, 'aboveMean': 38}",0.2740103071367113,6,False,False
34,34,27,"{'Uniformity_of_cell_shape': 'aboveMean', 'Bare_nuclei': 'aboveMean', 'Uniformity_of_cell_size': 'belowMean', 'Bland_chromatin': 'aboveMean', 'Clump_thickness': 'aboveMean', 'Marginal_adhesion': 'belowMean'}",True,,4,{},0.0,6,False,True
35,35,29,"{'Uniformity_of_cell_shape': 'aboveMean', 'Bare_nuclei': 'aboveMean', 'Uniformity_of_cell_size': 'aboveMean', 'Bland_chromatin': 'belowMean', 'Marginal_adhesion': 'belowMean', 'Mitoses': 'belowMean'}",True,Single_epithelial_cell_size,4,"{'belowMean': 39, 'aboveMean': 40}",0.2740103071367113,6,False,False
36,36,29,"{'Uniformity_of_cell_shape': 'aboveMean', 'Bare_nuclei': 'aboveMean', 'Uniformity_of_cell_size': 'aboveMean', 'Bland_chromatin': 'belowMean', 'Marginal_adhesion': 'belowMean', 'Mitoses': 'aboveMean'}",True,,4,{},0.0,6,False,True
37,37,33,"{'Uniformity_of_cell_shape': 'aboveMean', 'Bare_nuclei': 'aboveMean', 'Uniformity_of_cell_size': 'belowMean', 'Bland_chromatin': 'aboveMean', 'Clump_thickness': 'aboveMean', 'Marginal_adhesion': 'aboveMean', 'Mitoses': 'belowMean'}",True,Normal_nucleoli,2,"{'aboveMean': 41, 'belowMean': 42}",0.9999800684314307,7,False,False
38,38,33,"{'Uniformity_of_cell_shape': 'aboveMean', 'Bare_nuclei': 'aboveMean', 'Uniformity_of_cell_size': 'belowMean', 'Bland_chromatin': 'aboveMean', 'Clump_thickness': 'aboveMean', 'Marginal_adhesion': 'aboveMean', 'Mitoses': 'aboveMean'}",True,,4,{},0.0,7,False,True
39,39,35,"{'Uniformity_of_cell_shape': 'aboveMean', 'Bare_nuclei': 'aboveMean', 'Uniformity_of_cell_size': 'aboveMean', 'Bland_chromatin': 'belowMean', 'Marginal_adhesion': 'belowMean', 'Mitoses': 'belowMean', 'Single_epithelial_cell_size': 'belowMean'}",True,Clump_thickness,2,{'aboveMean': 43},,7,False,False
40,40,35,"{'Uniformity_of_cell_shape': 'aboveMean', 'Bare_nuclei': 'aboveMean', 'Uniformity_of_cell_size': 'aboveMean', 'Bland_chromatin': 'belowMean', 'Marginal_adhesion': 'belowMean', 'Mitoses': 'belowMean', 'Single_epithelial_cell_size': 'aboveMean'}",True,,4,{},0.0,7,False,True
41,41,37,"{'Uniformity_of_cell_shape': 'aboveMean', 'Bare_nuclei': 'aboveMean', 'Uniformity_of_cell_size': 'belowMean', 'Bland_chromatin': 'aboveMean', 'Clump_thickness': 'aboveMean', 'Marginal_adhesion': 'aboveMean', 'Mitoses': 'belowMean', 'Normal_nucleoli': 'aboveMean'}",True,,2,{},0.0,8,False,True
42,42,37,"{'Uniformity_of_cell_shape': 'aboveMean', 'Bare_nuclei': 'aboveMean', 'Uniformity_of_cell_size': 'belowMean', 'Bland_chromatin': 'aboveMean', 'Clump_thickness': 'aboveMean', 'Marginal_adhesion': 'aboveMean', 'Mitoses': 'belowMean', 'Normal_nucleoli': 'belowMean'}",True,,4,{},0.0,8,False,True
43,43,39,"{'Uniformity_of_cell_shape': 'aboveMean', 'Bare_nuclei': 'aboveMean', 'Uniformity_of_cell_size': 'aboveMean', 'Bland_chromatin': 'belowMean', 'Marginal_adhesion': 'belowMean', 'Mitoses': 'belowMean', 'Single_epithelial_cell_size': 'belowMean', 'Clump_thickness': 'aboveMean'}",True,,2,{},0.0,8,False,True
