,testID,nearestNeighbors,expectedValue,actualValue,correctAssignment
4,1,"[150, 190, 98, 130]",176.96345058307642,132,False
10,1,"[11, 27, 25, 14]",36.49840835912434,38,True
178,1,"[87, 92, 16, 37]",26.249539994106968,38,False
48,1,"[28, 26, 27, 25]",51.49770802255363,40,False
86,1,"[113, 112, 18, 174]",38.750467253489404,40,True
52,1,"[55, 129, 128, 56]",70.25279702327319,138,False
15,1,"[79, 75, 17, 174]",52.990226825412044,35,False
176,1,"[202, 173, 100, 157]",18.74922496846195,30,False
20,1,"[17, 18, 22, 87]",38.75728198808371,30,False
21,1,"[18, 87, 92, 185]",36.502247111547256,33,True
23,1,"[22, 17, 18, 185]",44.4828384394741,76,False
29,1,"[28, 26, 27, 25]",51.49989555439608,27,False
105,1,"[11, 106, 27, 28]",44.002530340963034,32,False
133,1,"[132, 205, 131, 45]",40.003774642610665,32,False
32,1,"[33, 165, 166, 34]",84.01884991282759,32,False
195,1,"[194, 90, 91, 192]",212.2832829135103,208,True
36,1,"[37, 157, 101, 127]",34.50558205803494,20,False
124,1,"[47, 108, 103, 111]",20.254233217302396,20,True
85,1,"[113, 112, 131, 126]",33.74907789829256,29,True
38,1,"[127, 126, 118, 37]",44.74616467778806,71,False
67,1,"[66, 157, 18, 16]",18.75107181728018,26,False
39,1,"[37, 126, 127, 131]",36.50084728764047,26,False
62,1,"[18, 17, 16, 66]",23.74766160529694,36,False
40,1,"[126, 127, 131, 37]",36.49798028077358,36,True
206,1,"[131, 45, 185, 114]",49.00171199898503,52,True
43,1,"[42, 41, 126, 129]",54.25627513009892,60,False
141,1,"[205, 180, 132, 127]",59.248829441455676,60,True
44,1,"[45, 55, 131, 185]",51.49077295110698,72,False
109,1,"[108, 47, 111, 103]",20.2495374618262,18,True
46,1,"[108, 47, 102, 103]",12.747142814015955,18,False
140,1,"[205, 180, 132, 127]",59.248829441455676,62,True
51,1,"[47, 108, 11, 14]",20.25364082823282,24,True
161,1,"[127, 126, 131, 118]",41.49748624912934,24,False
200,1,"[202, 173, 100, 53]",25.75304628871893,12,False
57,1,"[47, 108, 111, 102]",18.74767502443407,12,False
58,1,"[47, 108, 111, 102]",18.74767502443407,14,True
80,1,"[27, 25, 28, 26]",51.49971930687299,16,False
60,1,"[47, 108, 111, 102]",18.74767502443407,16,True
110,1,"[108, 47, 111, 103]",20.249537461826204,22,True
183,1,"[113, 112, 126, 87]",38.49962997418648,22,False
64,1,"[63, 65, 145, 13]",153.75040805699473,144,False
159,1,"[37, 157, 131, 127]",27.25298836905985,17,False
175,1,"[53, 173, 49, 56]",48.50321901465899,50,True
138,1,"[114, 127, 55, 101]",52.74996339078307,50,True
134,1,"[42, 41, 135, 136]",52.75174712574632,45,False
76,1,"[24, 173, 74, 28]",42.25226654973519,45,True
89,1,"[180, 63, 90, 91]",145.75933563840806,66,False
116,1,"[129, 128, 114, 55]",64.99866110996162,66,True
96,1,"[95, 6, 7, 152]",422.7231579211374,465,False
151,1,"[155, 152, 5, 191]",315.46601736150404,277,False
181,1,"[25, 173, 100, 27]",36.24791909359621,6,False
182,1,"[173, 100, 25, 27]",36.249865927040844,11,False
162,1,"[163, 127, 126, 131]",39.74527896279153,34,False
120,1,"[93, 187, 186, 188]",112.49937766320383,100,False
193,1,"[185, 180, 149, 205]",79.50156343887949,70,False
154,1,"[34, 35, 190, 186]",154.24669397090105,214,False
156,1,"[153, 95, 6, 7]",457.7002855706552,510,False
160,1,"[127, 126, 37, 131]",36.49584712215179,21,False
204,1,"[131, 53, 49, 45]",46.50709675074757,42,True
164,1,"[163, 93, 144, 42]",78.00802811148601,46,False
170,1,"[100, 202, 53, 157]",21.499043291422765,25,True
4,2,"[150, 190, 98, 130]",176.96345058307642,132,False
10,2,"[11, 27, 25, 14]",36.49840835912434,38,True
178,2,"[87, 92, 16, 37]",26.249539994106968,38,False
48,2,"[28, 26, 27, 25]",51.49770802255363,40,False
86,2,"[113, 112, 18, 174]",38.750467253489404,40,True
52,2,"[55, 129, 128, 56]",70.25279702327319,138,False
15,2,"[79, 75, 17, 174]",52.990226825412044,35,False
176,2,"[202, 173, 100, 157]",18.74922496846195,30,False
20,2,"[17, 18, 22, 87]",38.75728198808371,30,False
21,2,"[18, 87, 92, 185]",36.502247111547256,33,True
23,2,"[22, 17, 18, 185]",44.4828384394741,76,False
29,2,"[28, 26, 27, 25]",51.49989555439608,27,False
105,2,"[11, 106, 27, 28]",44.002530340963034,32,False
133,2,"[132, 205, 131, 45]",40.003774642610665,32,False
32,2,"[33, 165, 166, 34]",84.01884991282759,32,False
195,2,"[194, 90, 91, 192]",212.2832829135103,208,True
36,2,"[37, 157, 101, 127]",34.50558205803494,20,False
124,2,"[47, 108, 103, 111]",20.254233217302396,20,True
85,2,"[113, 112, 131, 126]",33.74907789829256,29,True
38,2,"[127, 126, 118, 37]",44.74616467778806,71,False
67,2,"[66, 157, 18, 16]",18.75107181728018,26,False
39,2,"[37, 126, 127, 131]",36.50084728764047,26,False
62,2,"[18, 17, 16, 66]",23.74766160529694,36,False
40,2,"[126, 127, 131, 37]",36.49798028077358,36,True
206,2,"[131, 45, 185, 114]",49.00171199898503,52,True
43,2,"[42, 41, 126, 129]",54.25627513009892,60,False
141,2,"[205, 180, 132, 127]",59.248829441455676,60,True
44,2,"[45, 55, 131, 185]",51.49077295110698,72,False
109,2,"[108, 47, 111, 103]",20.2495374618262,18,True
46,2,"[108, 47, 102, 103]",12.747142814015955,18,False
140,2,"[205, 180, 132, 127]",59.248829441455676,62,True
51,2,"[47, 108, 11, 14]",20.25364082823282,24,True
161,2,"[127, 126, 131, 118]",41.49748624912934,24,False
200,2,"[202, 173, 100, 53]",25.75304628871893,12,False
57,2,"[47, 108, 111, 102]",18.74767502443407,12,False
58,2,"[47, 108, 111, 102]",18.74767502443407,14,True
80,2,"[27, 25, 28, 26]",51.49971930687299,16,False
60,2,"[47, 108, 111, 102]",18.74767502443407,16,True
110,2,"[108, 47, 111, 103]",20.249537461826204,22,True
183,2,"[113, 112, 126, 87]",38.49962997418648,22,False
64,2,"[63, 65, 145, 13]",153.75040805699473,144,False
159,2,"[37, 157, 131, 127]",27.25298836905985,17,False
175,2,"[53, 173, 49, 56]",48.50321901465899,50,True
138,2,"[114, 127, 55, 101]",52.74996339078307,50,True
134,2,"[42, 41, 135, 136]",52.75174712574632,45,False
76,2,"[24, 173, 74, 28]",42.25226654973519,45,True
89,2,"[180, 63, 90, 91]",145.75933563840806,66,False
116,2,"[129, 128, 114, 55]",64.99866110996162,66,True
96,2,"[95, 6, 7, 152]",422.7231579211374,465,False
151,2,"[155, 152, 5, 191]",315.46601736150404,277,False
181,2,"[25, 173, 100, 27]",36.24791909359621,6,False
182,2,"[173, 100, 25, 27]",36.249865927040844,11,False
162,2,"[163, 127, 126, 131]",39.74527896279153,34,False
120,2,"[93, 187, 186, 188]",112.49937766320383,100,False
193,2,"[185, 180, 149, 205]",79.50156343887949,70,False
154,2,"[34, 35, 190, 186]",154.24669397090105,214,False
156,2,"[153, 95, 6, 7]",457.7002855706552,510,False
160,2,"[127, 126, 37, 131]",36.49584712215179,21,False
204,2,"[131, 53, 49, 45]",46.50709675074757,42,True
164,2,"[163, 93, 144, 42]",78.00802811148601,46,False
170,2,"[100, 202, 53, 157]",21.499043291422765,25,True
0,2,"[23, 89, 156, 32]",171.19031400913673,198,False
1,2,"[151, 154, 4, 96]",272.235077253235,269,True
2,2,"[151, 154, 4, 96]",272.235077253235,220,False
3,2,"[151, 154, 4, 96]",272.235077253235,172,False
93,2,"[120, 164, 134, 43]",62.68501566305856,132,False
5,2,"[151, 96, 154, 4]",271.790627951922,318,False
6,2,"[96, 151, 156, 154]",365.69921162418814,367,True
7,2,"[96, 151, 156, 154]",365.69921162418814,489,False
8,2,"[96, 151, 156, 154]",365.69921162418825,636,False
9,2,"[195, 156, 96, 151]",364.89888807944607,1144,False
82,2,"[15, 89, 23, 175]",56.74671299778417,38,False
11,2,"[29, 10, 48, 80]",30.24764150709732,40,False
41,2,"[43, 134, 116, 38]",60.51020489506382,40,False
112,2,"[85, 183, 86, 182]",25.49250965313308,40,False
12,2,"[141, 161, 38, 138]",51.24340649691353,92,False
13,2,"[164, 116, 162, 43]",51.50443518203312,138,False
14,2,"[80, 181, 10, 29]",21.750913473454972,10,False
87,2,"[178, 206, 183, 76]",39.2515486765699,35,True
16,2,"[178, 86, 182, 183]",27.74127199620208,19,False
17,2,"[20, 62, 15, 193]",42.78734591991701,28,False
18,2,"[62, 86, 178, 85]",35.74740066735586,31,True
19,2,"[23, 89, 193, 64]",89.09523033831047,120,False
137,2,"[23, 20, 62, 89]",51.953750626662334,30,False
26,2,"[29, 48, 200, 80]",23.736505130257584,33,False
22,2,"[23, 20, 89, 193]",60.471026562471096,61,True
115,2,"[116, 52, 175, 43]",78.48454677835251,76,True
24,2,"[29, 48, 76, 200]",30.995622392031606,23,False
25,2,"[181, 182, 29, 80]",15.001983414696324,69,False
27,2,"[29, 80, 10, 181]",21.748195811933073,27,False
28,2,"[29, 48, 182, 176]",26.993144419940446,77,False
30,2,"[32, 62, 193, 20]",42.00785497776553,274,False
31,2,"[32, 62, 193, 20]",42.00785497776553,368,False
68,2,"[76, 178, 20, 183]",33.74512403809508,32,True
69,2,"[183, 85, 178, 86]",32.25777609658295,32,True
106,2,"[105, 10, 162, 48]",36.00307017682998,32,True
33,2,"[32, 193, 154, 134]",90.43254454499717,63,False
34,2,"[154, 32, 4, 120]",119.4247145969989,106,False
35,2,"[154, 32, 4, 120]",119.4247145969989,208,False
47,2,"[124, 57, 10, 105]",25.52675038938571,20,False
37,2,"[159, 36, 176, 38]",34.51758267213923,29,False
56,2,"[138, 48, 204, 170]",39.24374780424496,71,False
132,2,"[133, 141, 138, 204]",46.009744037407756,26,False
53,2,"[204, 170, 200, 48]",29.749366735203495,36,False
78,2,"[62, 76, 20, 182]",30.47104486216122,36,False
42,2,"[43, 134, 116, 164]",54.24238384539836,52,True
55,2,"[52, 138, 116, 204]",73.9565415764246,60,False
45,2,"[44, 133, 206, 204]",49.48594512604649,72,False
202,2,"[200, 176, 170, 181]",18.246747051270777,18,True
49,2,"[204, 48, 176, 182]",30.74025315981272,62,False
50,2,"[57, 124, 48, 10]",27.530060368309798,24,True
100,2,"[170, 182, 176, 200]",19.49748258489467,24,True
122,2,"[124, 57, 10, 105]",25.52988121780815,12,False
201,2,"[200, 176, 170, 181]",18.245471172514435,14,True
104,2,"[10, 124, 105, 80]",26.493819843680694,16,False
131,2,"[204, 161, 133, 159]",28.74301247681591,16,False
61,2,"[57, 124, 48, 29]",24.78948417059255,22,True
72,2,"[76, 62, 178, 20]",37.243727774780204,22,False
92,2,"[178, 206, 183, 76]",39.2515486765699,22,False
63,2,"[64, 89, 193, 141]",84.86654217538229,144,False
65,2,"[64, 89, 134, 193]",80.97453772981247,259,False
66,2,"[183, 85, 36, 159]",21.999429740573902,17,True
71,2,"[89, 23, 20, 193]",60.491726050082676,64,True
74,2,"[76, 62, 20, 178]",37.24380852910167,44,False
75,2,"[15, 76, 44, 20]",45.49951174619634,50,True
114,2,"[38, 138, 161, 204]",46.74082487602997,50,True
174,2,"[86, 85, 176, 80]",28.745933323504424,50,False
101,2,"[176, 138, 204, 159]",34.748237100834764,45,False
126,2,"[38, 161, 183, 133]",37.2358120690129,45,False
77,2,"[76, 48, 175, 44]",51.762338893846675,53,True
79,2,"[15, 76, 44, 20]",45.50629630745238,84,False
88,2,"[116, 134, 154, 52]",115.79620100357843,134,False
119,2,"[43, 38, 133, 44]",58.747788022692276,66,False
90,2,"[89, 64, 154, 193]",123.65808026867977,141,False
91,2,"[89, 64, 154, 193]",123.65808026867977,189,False
94,2,"[154, 32, 151, 4]",163.67816775358753,237,False
95,2,"[96, 151, 156, 154]",365.69921162418825,465,False
97,2,"[151, 154, 4, 96]",272.2293712545353,277,True
98,2,"[4, 120, 134, 164]",80.54761763017738,185,False
99,2,"[10, 105, 181, 80]",22.98767087587789,6,False
102,2,"[124, 57, 10, 105]",25.52855082509112,7,False
103,2,"[124, 57, 10, 105]",25.52571985796296,13,False
108,2,"[124, 57, 10, 181]",18.99760767608533,11,False
111,2,"[57, 124, 105, 85]",23.2640411961078,37,False
113,2,"[85, 183, 86, 182]",25.49250965313308,34,False
118,2,"[38, 161, 138, 43]",51.23940823272732,49,True
167,2,"[4, 120, 164, 43]",84.40998423234936,100,False
121,2,"[120, 4, 134, 154]",122.808384765111,133,False
127,2,"[38, 161, 138, 141]",51.246522292987144,56,True
128,2,"[116, 43, 52, 141]",81.00610196691842,70,False
129,2,"[116, 43, 52, 141]",81.00610196691842,80,True
130,2,"[4, 164, 116, 162]",69.43446520713775,136,False
135,2,"[134, 120, 43, 44]",69.26443650930207,54,False
136,2,"[134, 120, 43, 44]",69.26443650930207,65,True
144,2,"[164, 116, 141, 43]",58.00898826308799,86,False
145,2,"[43, 134, 116, 120]",67.76749483203284,74,False
146,2,"[120, 164, 43, 134]",62.71729277680232,93,False
147,2,"[120, 164, 43, 134]",62.709299626322014,111,False
148,2,"[4, 120, 154, 134]",122.6722209120226,143,False
149,2,"[133, 183, 161, 86]",29.500704326068277,105,False
150,2,"[4, 120, 154, 151]",180.99781723632404,214,False
152,2,"[151, 96, 154, 4]",271.79943618187144,370,False
153,2,"[156, 96, 151, 154]",365.0859749450199,510,False
155,2,"[151, 96, 154, 4]",271.8009934436437,326,False
157,2,"[170, 159, 36, 176]",23.00060975487542,8,False
203,2,"[200, 176, 170, 181]",18.245471172514435,21,True
163,2,"[162, 164, 161, 38]",43.77186941054297,42,True
205,2,"[133, 141, 204, 138]",46.00319397251722,46,True
165,2,"[32, 193, 154, 20]",86.62513465295993,51,False
166,2,"[32, 193, 154, 20]",86.62513465295993,116,False
168,2,"[151, 4, 154, 120]",180.61915106226039,140,False
169,2,"[32, 154, 64, 4]",130.59564947390115,212,False
173,2,"[176, 200, 182, 29]",19.998940816711965,25,False
172,2,"[141, 138, 38, 133]",53.239031645735565,41,False
180,2,"[141, 206, 138, 178]",49.98960050320268,109,False
185,2,"[206, 133, 183, 44]",44.50050236383789,58,False
186,2,"[120, 134, 164, 43]",62.72407937226938,130,False
187,2,"[120, 162, 164, 43]",59.95335871096997,75,False
188,2,"[120, 44, 4, 134]",87.22746892469593,113,False
189,2,"[4, 151, 32, 154]",163.77001171475024,188,False
190,2,"[4, 154, 151, 120]",180.69330661163022,173,False
191,2,"[151, 4, 96, 154]",271.99312085746385,248,False
192,2,"[151, 195, 156, 96]",365.75845552951404,405,False
194,2,"[154, 151, 134, 193]",151.39101978859205,114,False
196,2,"[195, 151, 154, 64]",210.7211460082988,307,False
197,2,"[195, 151, 154, 23]",193.3951114553903,397,False
198,2,"[151, 96, 195, 154]",290.9709991927975,915,False
199,2,"[151, 96, 195, 154]",290.9709991927975,1150,False
207,2,"[48, 10, 105, 29]",34.24552559359874,67,False
4,3,"[190, 98, 121, 189]",169.74449388736986,132,False
82,3,"[137, 15, 79, 75]",49.75894463068024,38,False
10,3,"[105, 11, 80, 27]",28.748655039018228,38,False
86,3,"[183, 113, 18, 204]",32.25334875976348,40,False
112,3,"[113, 183, 114, 178]",36.00279618312132,40,True
52,3,"[116, 128, 129, 138]",66.4995312165833,138,False
87,3,"[178, 183, 114, 113]",36.00050038357222,35,True
20,3,"[17, 18, 15, 22]",38.75774578636267,30,False
176,3,"[202, 178, 170, 157]",22.250137445884754,30,False
26,3,"[24, 28, 48, 27]",41.74868847406528,33,False
115,3,"[116, 128, 129, 114]",66.49971427444528,76,False
29,3,"[28, 27, 48, 25]",53.24838313815683,27,False
32,3,"[33, 165, 166, 34]",84.0189633858946,32,False
69,3,"[183, 185, 178, 45]",47.5079015158987,32,False
133,3,"[205, 40, 45, 140]",54.00244971787714,32,False
195,3,"[194, 90, 91, 192]",212.27149617121077,208,True
47,3,"[124, 57, 61, 108]",16.248892109789587,20,True
36,3,"[37, 157, 38, 40]",36.00605993746722,20,False
85,3,"[183, 113, 126, 114]",37.75576661778675,29,False
56,3,"[114, 138, 170, 48]",41.248119508574405,71,False
132,3,"[205, 140, 138, 40]",48.49942521437472,26,False
67,3,"[66, 157, 18, 16]",18.751107683487923,26,False
78,3,"[74, 75, 16, 62]",37.24270156951482,36,True
53,3,"[170, 204, 202, 114]",33.75072123862834,36,True
206,3,"[204, 45, 185, 114]",55.50025892730491,52,True
55,3,"[138, 118, 204, 116]",51.75105125142924,60,False
141,3,"[140, 205, 180, 138]",66.75243604362139,60,False
44,3,"[45, 40, 204, 185]",51.99253443210043,72,False
46,3,"[124, 108, 57, 61]",16.250107338943387,18,True
109,3,"[108, 111, 124, 57]",19.99981889980404,18,True
49,3,"[114, 204, 48, 202]",37.497093749122946,62,False
100,3,"[170, 202, 157, 25]",30.00789192962866,24,False
161,3,"[127, 38, 126, 204]",53.497120376713184,24,False
122,3,"[103, 102, 108, 124]",12.754107126306037,12,True
200,3,"[202, 170, 157, 27]",19.499889789951784,12,False
201,3,"[202, 170, 157, 178]",22.251881350443863,14,False
131,3,"[204, 40, 45, 126]",48.75230564387703,16,False
104,3,"[50, 124, 11, 105]",29.002515630128954,16,False
110,3,"[108, 111, 124, 57]",19.99981889980405,22,True
92,3,"[178, 183, 114, 113]",36.00050038357222,22,False
64,3,"[63, 65, 145, 13]",153.74100567287178,144,False
159,3,"[37, 157, 204, 127]",33.754336405144024,17,False
175,3,"[116, 204, 48, 114]",49.497360443701794,50,True
174,3,"[113, 202, 80, 28]",36.25087410707661,50,False
76,3,"[24, 74, 28, 80]",39.99873395480735,45,False
101,3,"[138, 204, 37, 205]",41.749552579982826,45,True
89,3,"[180, 71, 63, 90]",114.50615708132864,66,False
119,3,"[118, 41, 42, 43]",50.250341738806135,66,False
96,3,"[95, 6, 7, 152]",422.7226221478297,465,False
97,3,"[1, 2, 3, 152]",257.78096171579404,277,False
181,3,"[25, 170, 27, 202]",34.74675439624984,6,False
182,3,"[25, 170, 27, 28]",49.499920326419534,11,False
162,3,"[127, 38, 126, 204]",53.497120376713184,34,False
167,3,"[146, 147, 13, 145]",103.99630972431096,100,True
193,3,"[185, 180, 149, 140]",83.50317026929272,70,False
150,3,"[190, 98, 121, 189]",169.74340555368778,214,False
153,3,"[6, 7, 95, 192]",431.48034894991576,510,False
160,3,"[127, 38, 126, 204]",53.49712037671319,21,False
163,3,"[187, 118, 127, 38]",62.750015546143175,42,False
164,3,"[144, 93, 42, 43]",82.49371803157138,46,False
173,3,"[202, 28, 170, 27]",36.74875298092931,25,False
4,4,"[190, 98, 121, 189]",169.74449388736986,132,False
82,4,"[137, 15, 79, 75]",49.75894463068024,38,False
10,4,"[105, 11, 80, 27]",28.748655039018228,38,False
86,4,"[183, 113, 18, 204]",32.25334875976348,40,False
112,4,"[113, 183, 114, 178]",36.00279618312132,40,True
52,4,"[116, 128, 129, 138]",66.4995312165833,138,False
87,4,"[178, 183, 114, 113]",36.00050038357222,35,True
20,4,"[17, 18, 15, 22]",38.75774578636267,30,False
176,4,"[202, 178, 170, 157]",22.250137445884754,30,False
26,4,"[24, 28, 48, 27]",41.74868847406528,33,False
115,4,"[116, 128, 129, 114]",66.49971427444528,76,False
29,4,"[28, 27, 48, 25]",53.24838313815683,27,False
32,4,"[33, 165, 166, 34]",84.0189633858946,32,False
69,4,"[183, 185, 178, 45]",47.5079015158987,32,False
133,4,"[205, 40, 45, 140]",54.00244971787714,32,False
195,4,"[194, 90, 91, 192]",212.27149617121077,208,True
47,4,"[124, 57, 61, 108]",16.248892109789587,20,True
36,4,"[37, 157, 38, 40]",36.00605993746722,20,False
85,4,"[183, 113, 126, 114]",37.75576661778675,29,False
56,4,"[114, 138, 170, 48]",41.248119508574405,71,False
132,4,"[205, 140, 138, 40]",48.49942521437472,26,False
67,4,"[66, 157, 18, 16]",18.751107683487923,26,False
78,4,"[74, 75, 16, 62]",37.24270156951482,36,True
53,4,"[170, 204, 202, 114]",33.75072123862834,36,True
206,4,"[204, 45, 185, 114]",55.50025892730491,52,True
55,4,"[138, 118, 204, 116]",51.75105125142924,60,False
141,4,"[140, 205, 180, 138]",66.75243604362139,60,False
44,4,"[45, 40, 204, 185]",51.99253443210043,72,False
46,4,"[124, 108, 57, 61]",16.250107338943387,18,True
109,4,"[108, 111, 124, 57]",19.99981889980404,18,True
49,4,"[114, 204, 48, 202]",37.497093749122946,62,False
100,4,"[170, 202, 157, 25]",30.00789192962866,24,False
161,4,"[127, 38, 126, 204]",53.497120376713184,24,False
122,4,"[103, 102, 108, 124]",12.754107126306037,12,True
200,4,"[202, 170, 157, 27]",19.499889789951784,12,False
201,4,"[202, 170, 157, 178]",22.251881350443863,14,False
131,4,"[204, 40, 45, 126]",48.75230564387703,16,False
104,4,"[50, 124, 11, 105]",29.002515630128954,16,False
110,4,"[108, 111, 124, 57]",19.99981889980405,22,True
92,4,"[178, 183, 114, 113]",36.00050038357222,22,False
64,4,"[63, 65, 145, 13]",153.74100567287178,144,False
159,4,"[37, 157, 204, 127]",33.754336405144024,17,False
175,4,"[116, 204, 48, 114]",49.497360443701794,50,True
174,4,"[113, 202, 80, 28]",36.25087410707661,50,False
76,4,"[24, 74, 28, 80]",39.99873395480735,45,False
101,4,"[138, 204, 37, 205]",41.749552579982826,45,True
89,4,"[180, 71, 63, 90]",114.50615708132864,66,False
119,4,"[118, 41, 42, 43]",50.250341738806135,66,False
96,4,"[95, 6, 7, 152]",422.7226221478297,465,False
97,4,"[1, 2, 3, 152]",257.78096171579404,277,False
181,4,"[25, 170, 27, 202]",34.74675439624984,6,False
182,4,"[25, 170, 27, 28]",49.499920326419534,11,False
162,4,"[127, 38, 126, 204]",53.497120376713184,34,False
167,4,"[146, 147, 13, 145]",103.99630972431096,100,True
193,4,"[185, 180, 149, 140]",83.50317026929272,70,False
150,4,"[190, 98, 121, 189]",169.74340555368778,214,False
153,4,"[6, 7, 95, 192]",431.48034894991576,510,False
160,4,"[127, 38, 126, 204]",53.49712037671319,21,False
163,4,"[187, 118, 127, 38]",62.750015546143175,42,False
164,4,"[144, 93, 42, 43]",82.49371803157138,46,False
173,4,"[202, 28, 170, 27]",36.74875298092931,25,False
0,4,"[82, 32, 89, 193]",51.53351653892931,198,False
1,4,"[97, 4, 150, 96]",272.34441410375194,269,True
2,4,"[97, 4, 150, 96]",272.34441410375194,220,False
3,4,"[97, 4, 150, 96]",272.34441410375194,172,False
93,4,"[163, 162, 44, 206]",50.01551909050769,132,False
5,4,"[96, 97, 4, 167]",243.0449267924738,318,False
6,4,"[96, 153, 97, 195]",363.2321245003522,367,True
7,4,"[96, 153, 97, 195]",363.2321245003522,489,False
8,4,"[96, 153, 97, 195]",363.2321245003523,636,False
9,4,"[153, 195, 96, 97]",363.58202295191904,1144,False
178,4,"[87, 92, 176, 49]",37.26162214730133,38,True
11,4,"[29, 10, 173, 26]",30.749216792193415,40,False
41,4,"[119, 115, 44, 52]",88.0210399052653,40,False
48,4,"[29, 26, 49, 53]",39.50563623506813,40,True
12,4,"[141, 132, 64, 133]",65.5154644819837,92,False
13,4,"[167, 64, 141, 115]",94.93270540400155,138,False
14,4,"[10, 26, 181, 29]",25.99788028502818,10,False
15,4,"[20, 175, 44, 76]",49.264500676998395,35,False
16,4,"[174, 182, 86, 112]",35.247657303634355,19,False
17,4,"[20, 78, 76, 174]",40.274563926136366,28,False
18,4,"[86, 174, 20, 85]",37.24778945130358,31,False
19,4,"[89, 193, 64, 32]",77.96208717644527,120,False
137,4,"[82, 20, 78, 174]",38.51883420870731,30,False
21,4,"[20, 86, 206, 85]",37.75213146664344,33,True
22,4,"[20, 89, 86, 193]",51.539602128415275,61,False
23,4,"[20, 89, 193, 86]",51.53473384982237,76,False
24,4,"[26, 29, 173, 76]",32.50491877313669,23,False
25,4,"[182, 181, 29, 10]",20.505083610581078,69,False
27,4,"[29, 26, 10, 182]",27.249181933526643,27,True
28,4,"[29, 26, 173, 176]",28.75013483340433,77,False
30,4,"[32, 193, 64, 78]",70.61751633718117,274,False
31,4,"[32, 193, 64, 78]",70.61751633718117,368,False
68,4,"[76, 85, 87, 92]",32.74766360543928,32,True
105,4,"[10, 173, 26, 104]",27.988655617098807,32,True
106,4,"[10, 162, 53, 26]",35.24894132869115,32,True
33,4,"[32, 193, 150, 4]",112.46292381038738,63,False
34,4,"[32, 150, 4, 97]",164.1280910777462,106,False
35,4,"[32, 150, 4, 97]",164.1280910777462,208,False
124,4,"[47, 104, 10, 122]",21.500929193039124,20,True
37,4,"[159, 36, 176, 101]",28.014340971473498,29,True
38,4,"[161, 131, 162, 49]",34.00937752537136,71,False
39,4,"[159, 36, 112, 85]",26.502239613141835,26,True
40,4,"[131, 133, 132, 44]",36.5139487898522,36,True
62,4,"[78, 20, 86, 174]",39.004036285509706,36,True
42,4,"[119, 115, 44, 52]",88.02510844741623,52,False
43,4,"[119, 115, 44, 52]",88.02510844741623,60,False
45,4,"[44, 206, 131, 133]",42.977651945323565,72,False
202,4,"[200, 176, 173, 100]",22.75601341716285,18,True
140,4,"[141, 132, 133, 101]",40.727617612021966,62,False
50,4,"[47, 104, 26, 10]",26.769065720012424,24,True
51,4,"[104, 47, 10, 26]",26.773650174121858,24,True
57,4,"[47, 104, 26, 29]",24.011312100895076,12,False
58,4,"[47, 104, 26, 29]",24.011312100895076,14,False
60,4,"[47, 104, 26, 29]",24.011312100895076,16,False
80,4,"[10, 100, 173, 26]",29.99692696849491,16,False
61,4,"[47, 104, 26, 29]",24.011312100895076,22,True
72,4,"[76, 78, 174, 100]",38.74620035011611,22,False
183,4,"[112, 85, 86, 87]",35.99955866972623,22,False
63,4,"[64, 89, 193, 141]",84.85018862252257,144,False
65,4,"[64, 89, 193, 141]",84.69709407195248,259,False
66,4,"[85, 159, 86, 174]",34.00136397330549,17,False
71,4,"[89, 20, 206, 87]",45.740352741378295,64,False
74,4,"[78, 76, 174, 20]",40.25478506164905,44,True
75,4,"[78, 44, 76, 20]",45.75164227843479,50,True
114,4,"[49, 161, 53, 56]",48.24771997126695,50,True
138,4,"[56, 101, 55, 141]",58.99814522445931,50,False
126,4,"[161, 119, 131, 112]",36.499615504299804,45,False
134,4,"[119, 44, 115, 52]",88.03358179951876,45,False
77,4,"[76, 49, 175, 44]",57.26151697894819,53,True
79,4,"[44, 49, 76, 87]",53.491853438789256,84,False
88,4,"[115, 52, 141, 193]",85.99305587559152,134,False
116,4,"[115, 52, 55, 175]",80.95694851225744,66,False
90,4,"[89, 64, 193, 115]",89.00506766120824,141,False
91,4,"[89, 64, 193, 115]",89.00506766120824,189,False
94,4,"[32, 167, 150, 4]",119.56254179653277,237,False
95,4,"[96, 153, 97, 4]",344.0744812749848,465,False
151,4,"[96, 97, 167, 150]",263.63384527784575,277,False
98,4,"[4, 150, 97, 163]",165.99866156317358,185,False
99,4,"[104, 10, 181, 26]",23.246124992737737,6,False
102,4,"[47, 122, 104, 10]",21.522876861513318,7,False
103,4,"[47, 104, 122, 10]",21.521322193077552,13,False
108,4,"[47, 104, 10, 122]",21.503796036894553,11,False
111,4,"[47, 104, 85, 112]",26.265438610639997,37,False
113,4,"[112, 85, 86, 174]",39.756874136868134,34,False
118,4,"[119, 55, 161, 163]",47.98993891561133,49,True
120,4,"[163, 119, 44, 162]",53.495605759331156,100,False
121,4,"[4, 150, 119, 193]",120.36040734947088,133,False
127,4,"[161, 131, 162, 49]",34.009377525371356,56,False
128,4,"[115, 52, 119, 141]",84.98442728983068,70,False
129,4,"[115, 52, 119, 141]",84.98442728983068,80,True
130,4,"[167, 150, 4, 141]",126.43294580298051,136,False
135,4,"[119, 193, 115, 44]",71.0022614996325,54,False
136,4,"[119, 193, 115, 44]",71.0022614996325,65,False
144,4,"[141, 115, 163, 52]",79.01226224056012,86,False
145,4,"[167, 64, 119, 141]",92.43236509699739,74,False
146,4,"[167, 64, 150, 4]",147.64366830322595,93,False
147,4,"[167, 64, 150, 4]",147.62961417692208,111,False
148,4,"[167, 150, 4, 64]",147.49707143865987,143,True
149,4,"[119, 133, 132, 86]",40.99410766863704,105,False
154,4,"[150, 4, 32, 97]",163.82172771297215,214,False
152,4,"[96, 97, 167, 150]",263.62674977261173,370,False
156,4,"[153, 96, 97, 167]",334.7011042032084,510,False
155,4,"[96, 97, 167, 150]",263.63289216197165,326,False
157,4,"[100, 159, 176, 36]",22.75056166565485,8,False
203,4,"[200, 176, 173, 100]",22.753873173051517,21,True
204,4,"[131, 161, 53, 49]",34.51108223127351,42,False
205,4,"[132, 141, 133, 101]",40.75818384795848,46,False
165,4,"[32, 193, 150, 4]",112.35759482920527,51,False
166,4,"[32, 193, 150, 4]",112.35759482920527,116,True
168,4,"[167, 150, 4, 153]",239.84763782170228,140,False
169,4,"[153, 32, 64, 167]",195.83716370784245,212,False
170,4,"[100, 200, 53, 176]",25.503991656733543,25,True
172,4,"[141, 56, 132, 133]",47.22917635418696,41,False
180,4,"[141, 132, 133, 206]",42.48124128488411,109,False
185,4,"[206, 133, 119, 44]",55.507441741265566,58,True
186,4,"[150, 4, 119, 141]",117.96456150501203,130,False
187,4,"[163, 119, 162, 44]",53.50756839074315,75,False
188,4,"[193, 150, 119, 4]",120.50025852739536,113,False
189,4,"[167, 150, 4, 32]",119.38484241028715,188,False
190,4,"[4, 150, 97, 167]",180.68608509972498,173,False
191,4,"[96, 97, 4, 167]",243.34062817958127,248,True
192,4,"[153, 195, 96, 97]",364.5018286728396,405,False
194,4,"[97, 193, 32, 119]",111.0400987131584,114,True
196,4,"[195, 153, 64, 82]",224.2841984827751,307,False
197,4,"[195, 153, 64, 82]",223.82877644653297,397,False
198,4,"[153, 96, 97, 195]",364.69471477091605,915,False
199,4,"[153, 96, 97, 195]",364.1693315765083,1150,False
207,4,"[56, 141, 132, 49]",54.73736704436643,67,False
4,5,"[150, 190, 98, 130]",176.96231978474563,132,False
82,5,"[15, 79, 75, 22]",57.50112608198066,38,False
10,5,"[11, 80, 25, 14]",33.74968598175924,38,True
48,5,"[28, 29, 25, 24]",48.996586915714566,40,False
86,5,"[85, 183, 112, 18]",30.502042481341654,40,False
13,5,"[146, 147, 144, 145]",90.9944047158402,138,False
87,5,"[178, 183, 206, 85]",35.24970966431724,35,True
137,5,"[22, 23, 17, 62]",50.238528364493476,30,False
176,5,"[201, 203, 178, 170]",24.503344090437807,30,False
26,5,"[29, 24, 28, 25]",49.00548407119096,33,False
115,5,"[116, 52, 129, 175]",83.49673594651915,76,False
27,5,"[25, 29, 28, 80]",47.24453224206087,27,False
69,5,"[183, 85, 185, 206]",40.255315623437404,32,False
105,5,"[11, 106, 80, 28]",41.25404397521721,32,False
68,5,"[67, 18, 66, 183]",23.999286666908443,32,False
195,5,"[91, 90, 194, 192]",212.28469588251443,208,True
47,5,"[46, 108, 51, 111]",22.50323725131596,20,True
124,5,"[46, 51, 108, 103]",16.498113235892358,20,True
37,5,"[36, 38, 40, 127]",45.75390255607844,29,False
56,5,"[170, 52, 201, 203]",49.50048419699251,71,False
39,5,"[40, 36, 183, 126]",30.74922395912269,26,True
132,5,"[133, 205, 140, 40]",44.00221604359634,26,False
78,5,"[74, 75, 16, 62]",37.24263380799366,36,True
53,5,"[170, 201, 203, 157]",16.997118796204177,36,False
42,5,"[43, 41, 134, 126]",47.498137494034985,52,True
55,5,"[52, 118, 44, 133]",72.73202291876096,60,False
141,5,"[140, 205, 180, 133]",62.2474899273808,60,True
45,5,"[44, 40, 206, 133]",47.99454625823856,72,False
109,5,"[108, 111, 46, 103]",19.749569476415566,18,True
202,5,"[201, 203, 170, 157]",16.99818114044517,18,True
49,5,"[201, 203, 178, 28]",37.50434317299798,62,False
100,5,"[170, 201, 203, 157]",16.998091643221287,24,False
50,5,"[51, 46, 108, 207]",30.01483581555083,24,False
200,5,"[201, 203, 170, 157]",16.99818114044517,12,True
57,5,"[46, 51, 108, 111]",22.50367541257437,12,False
58,5,"[46, 51, 108, 111]",22.50367541257437,14,False
104,5,"[51, 46, 11, 25]",37.759212776304764,16,False
131,5,"[40, 161, 206, 133]",35.99991177210474,16,False
110,5,"[108, 46, 111, 103]",19.749775819239794,22,True
92,5,"[178, 183, 206, 85]",35.24970966431724,22,False
63,5,"[64, 12, 172, 193]",86.70759777167565,144,False
159,5,"[157, 36, 161, 201]",16.500091348634548,17,True
114,5,"[127, 38, 112, 161]",47.745978569284645,50,True
138,5,"[38, 127, 140, 161]",53.24533352911189,50,True
76,5,"[24, 74, 28, 29]",42.75195932428379,45,True
101,5,"[133, 36, 201, 203]",21.749227847639347,45,False
119,5,"[118, 41, 43, 126]",48.50014596918665,66,False
89,5,"[71, 193, 180, 91]",108.01526104503033,66,False
96,5,"[95, 6, 7, 152]",422.72278137168985,465,False
97,5,"[1, 2, 3, 98]",211.49209948340118,277,False
181,5,"[25, 170, 201, 203]",32.24658979250374,6,False
182,5,"[25, 170, 28, 201]",46.24869798429688,11,False
113,5,"[112, 85, 183, 174]",35.25057995329746,34,True
120,5,"[93, 187, 186, 188]",112.4991092860726,100,False
128,5,"[129, 43, 41, 144]",66.4948056861151,70,True
154,5,"[34, 35, 190, 186]",154.24637188862468,214,False
156,5,"[153, 95, 6, 7]",457.69949534697685,510,False
160,5,"[161, 127, 38, 162]",46.25313064018081,21,False
204,5,"[161, 206, 157, 127]",35.000807644280904,42,False
164,5,"[163, 162, 93, 144]",73.51536565387386,46,False
173,5,"[174, 201, 203, 28]",40.50196722719207,25,False
4,6,"[150, 190, 98, 130]",176.96231978474563,132,False
82,6,"[15, 79, 75, 22]",57.50112608198066,38,False
10,6,"[11, 80, 25, 14]",33.74968598175924,38,True
48,6,"[28, 29, 25, 24]",48.996586915714566,40,False
86,6,"[85, 183, 112, 18]",30.502042481341654,40,False
13,6,"[146, 147, 144, 145]",90.9944047158402,138,False
87,6,"[178, 183, 206, 85]",35.24970966431724,35,True
137,6,"[22, 23, 17, 62]",50.238528364493476,30,False
176,6,"[201, 203, 178, 170]",24.503344090437807,30,False
26,6,"[29, 24, 28, 25]",49.00548407119096,33,False
115,6,"[116, 52, 129, 175]",83.49673594651915,76,False
27,6,"[25, 29, 28, 80]",47.24453224206087,27,False
69,6,"[183, 85, 185, 206]",40.255315623437404,32,False
105,6,"[11, 106, 80, 28]",41.25404397521721,32,False
68,6,"[67, 18, 66, 183]",23.999286666908443,32,False
195,6,"[91, 90, 194, 192]",212.28469588251443,208,True
47,6,"[46, 108, 51, 111]",22.50323725131596,20,True
124,6,"[46, 51, 108, 103]",16.498113235892358,20,True
37,6,"[36, 38, 40, 127]",45.75390255607844,29,False
56,6,"[170, 52, 201, 203]",49.50048419699251,71,False
39,6,"[40, 36, 183, 126]",30.74922395912269,26,True
132,6,"[133, 205, 140, 40]",44.00221604359634,26,False
78,6,"[74, 75, 16, 62]",37.24263380799366,36,True
53,6,"[170, 201, 203, 157]",16.997118796204177,36,False
42,6,"[43, 41, 134, 126]",47.498137494034985,52,True
55,6,"[52, 118, 44, 133]",72.73202291876096,60,False
141,6,"[140, 205, 180, 133]",62.2474899273808,60,True
45,6,"[44, 40, 206, 133]",47.99454625823856,72,False
109,6,"[108, 111, 46, 103]",19.749569476415566,18,True
202,6,"[201, 203, 170, 157]",16.99818114044517,18,True
49,6,"[201, 203, 178, 28]",37.50434317299798,62,False
100,6,"[170, 201, 203, 157]",16.998091643221287,24,False
50,6,"[51, 46, 108, 207]",30.01483581555083,24,False
200,6,"[201, 203, 170, 157]",16.99818114044517,12,True
57,6,"[46, 51, 108, 111]",22.50367541257437,12,False
58,6,"[46, 51, 108, 111]",22.50367541257437,14,False
104,6,"[51, 46, 11, 25]",37.759212776304764,16,False
131,6,"[40, 161, 206, 133]",35.99991177210474,16,False
110,6,"[108, 46, 111, 103]",19.749775819239794,22,True
92,6,"[178, 183, 206, 85]",35.24970966431724,22,False
63,6,"[64, 12, 172, 193]",86.70759777167565,144,False
159,6,"[157, 36, 161, 201]",16.500091348634548,17,True
114,6,"[127, 38, 112, 161]",47.745978569284645,50,True
138,6,"[38, 127, 140, 161]",53.24533352911189,50,True
76,6,"[24, 74, 28, 29]",42.75195932428379,45,True
101,6,"[133, 36, 201, 203]",21.749227847639347,45,False
119,6,"[118, 41, 43, 126]",48.50014596918665,66,False
89,6,"[71, 193, 180, 91]",108.01526104503033,66,False
96,6,"[95, 6, 7, 152]",422.72278137168985,465,False
97,6,"[1, 2, 3, 98]",211.49209948340118,277,False
181,6,"[25, 170, 201, 203]",32.24658979250374,6,False
182,6,"[25, 170, 28, 201]",46.24869798429688,11,False
113,6,"[112, 85, 183, 174]",35.25057995329746,34,True
120,6,"[93, 187, 186, 188]",112.4991092860726,100,False
128,6,"[129, 43, 41, 144]",66.4948056861151,70,True
154,6,"[34, 35, 190, 186]",154.24637188862468,214,False
156,6,"[153, 95, 6, 7]",457.69949534697685,510,False
160,6,"[161, 127, 38, 162]",46.25313064018081,21,False
204,6,"[161, 206, 157, 127]",35.000807644280904,42,False
164,6,"[163, 162, 93, 144]",73.51536565387386,46,False
173,6,"[174, 201, 203, 28]",40.50196722719207,25,False
0,6,"[137, 82, 156, 63]",181.2255041880409,198,False
1,6,"[97, 4, 154, 96]",272.2764494797024,269,True
2,6,"[97, 4, 154, 96]",272.2764494797024,220,False
3,6,"[97, 4, 154, 96]",272.2764494797024,172,False
93,6,"[120, 164, 42, 119]",65.94637914123082,132,False
5,6,"[97, 96, 4, 154]",271.826180534841,318,False
6,6,"[96, 156, 97, 4]",344.72090110273507,367,False
7,6,"[96, 156, 97, 4]",344.72090110273507,489,False
8,6,"[96, 156, 97, 4]",344.72090110273507,636,False
9,6,"[195, 156, 96, 97]",364.55921206918845,1144,False
178,6,"[92, 87, 176, 37]",29.000061343115306,38,False
11,6,"[10, 27, 173, 26]",30.748086249887745,40,False
41,6,"[42, 119, 128, 115]",66.0208817351923,40,False
112,6,"[113, 86, 69, 114]",39.00818557669044,40,True
12,6,"[141, 63, 13, 132]",91.9800407259289,92,True
52,6,"[115, 55, 128, 56]",69.25170428280973,138,False
14,6,"[27, 10, 181, 26]",25.999779454791284,10,False
15,6,"[42, 45, 115, 49]",65.50158883720677,35,False
16,6,"[86, 69, 45, 182]",38.75006440113238,19,False
17,6,"[78, 86, 69, 76]",38.2516277692545,28,False
18,6,"[86, 69, 100, 45]",42.003535214993654,31,False
19,6,"[63, 89, 154, 4]",139.0952574075905,120,False
20,6,"[86, 69, 45, 92]",41.4983896862832,30,False
21,6,"[86, 69, 92, 87]",32.24586783672531,33,True
22,6,"[89, 86, 69, 92]",39.974649091611674,61,False
23,6,"[89, 69, 86, 92]",39.977167958687005,76,False
24,6,"[26, 48, 173, 27]",31.24748155313911,23,False
25,6,"[27, 182, 181, 10]",20.502076402339142,69,False
29,6,"[26, 27, 48, 173]",31.24889662987072,27,True
28,6,"[26, 48, 27, 173]",31.247859780609208,77,False
30,6,"[63, 69, 78, 92]",58.43501345876103,274,False
31,6,"[63, 69, 78, 92]",58.43501345876103,368,False
32,6,"[154, 120, 119, 4]",127.92465199945227,32,False
106,6,"[105, 10, 48, 53]",36.50318592514011,32,True
133,6,"[132, 45, 131, 141]",43.51475049488547,32,False
33,6,"[154, 120, 119, 4]",127.92465199945227,63,False
34,6,"[154, 4, 120, 97]",180.77137450356474,106,False
35,6,"[154, 4, 120, 97]",180.77137450356474,208,False
36,6,"[37, 159, 182, 176]",21.748020852902766,20,True
85,6,"[86, 113, 69, 176]",33.99423621535861,29,True
38,6,"[114, 37, 141, 204]",45.24883365747276,71,False
67,6,"[86, 176, 100, 202]",27.999139729282238,26,True
40,6,"[45, 131, 132, 37]",35.74293674488752,36,True
62,6,"[78, 86, 69, 92]",32.49096772813911,36,True
206,6,"[131, 204, 45, 114]",45.00707850242534,52,False
43,6,"[42, 119, 128, 115]",66.02087941653649,60,False
44,6,"[45, 55, 119, 131]",53.475427066776696,72,False
46,6,"[124, 104, 57, 50]",18.00046229572134,18,True
140,6,"[141, 132, 114, 101]",45.23555844235597,62,False
51,6,"[104, 50, 124, 57]",17.996889064911745,24,False
161,6,"[204, 114, 131, 159]",31.244935261388406,24,False
122,6,"[124, 104, 57, 50]",17.999014601956468,12,False
201,6,"[202, 200, 176, 173]",21.253421675902132,14,False
60,6,"[57, 50, 124, 104]",18.00308179743244,16,True
80,6,"[10, 27, 100, 173]",28.49638223033085,16,False
61,6,"[57, 50, 124, 104]",18.00308179743244,22,True
72,6,"[76, 69, 78, 100]",34.24758881210761,22,False
183,6,"[69, 113, 86, 92]",31.993046956801702,22,False
64,6,"[63, 13, 128, 89]",104.3840711900359,144,False
65,6,"[63, 13, 128, 89]",104.38166153394549,259,False
66,6,"[159, 86, 176, 100]",27.75073891448269,17,False
71,6,"[89, 69, 45, 92]",47.98414016062798,64,False
74,6,"[78, 76, 69, 113]",36.743432265845286,44,False
75,6,"[78, 76, 45, 48]",48.26488454582959,50,True
174,6,"[173, 86, 113, 176]",32.25195917134316,50,False
175,6,"[115, 53, 204, 49]",53.98853684587532,50,True
126,6,"[119, 45, 131, 42]",51.496662913147595,45,False
134,6,"[42, 119, 128, 115]",66.01687236003454,45,False
77,6,"[76, 48, 49, 26]",44.99938490328068,53,False
79,6,"[49, 55, 76, 204]",52.24669026645663,84,False
88,6,"[128, 115, 141, 154]",105.0580208492992,134,False
116,6,"[115, 128, 114, 42]",61.97329219453533,66,True
90,6,"[89, 128, 115, 63]",89.06188760063716,141,False
91,6,"[89, 128, 115, 63]",89.06188760063716,189,False
94,6,"[154, 13, 4, 120]",145.820128347169,237,False
95,6,"[96, 156, 97, 4]",344.7209011027351,465,False
151,6,"[97, 96, 154, 4]",271.83915409612837,277,False
98,6,"[4, 120, 97, 164]",138.63896003673005,185,False
99,6,"[104, 10, 27, 105]",28.252866670123943,6,False
102,6,"[124, 104, 57, 50]",18.00046229572134,7,False
103,6,"[124, 104, 57, 50]",18.00046367796,13,False
108,6,"[124, 57, 104, 50]",18.00112864225807,11,False
111,6,"[124, 57, 50, 104]",18.002456381201547,37,False
162,6,"[164, 204, 114, 131]",38.49412875786342,34,True
118,6,"[119, 55, 128, 42]",61.99794998537213,49,False
167,6,"[13, 4, 120, 164]",103.86409291593685,100,True
121,6,"[120, 4, 154, 164]",123.0127993524796,133,False
127,6,"[114, 141, 37, 204]",45.247029719973725,56,False
193,6,"[141, 69, 89, 45]",57.50303614848106,70,False
129,6,"[128, 115, 42, 119]",65.99331942091372,80,False
130,6,"[13, 4, 164, 128]",96.43794247386836,136,False
135,6,"[120, 42, 128, 119]",71.98979729550935,54,False
136,6,"[120, 42, 128, 119]",71.98979729550935,65,False
144,6,"[128, 164, 13, 115]",82.49983706922822,86,True
145,6,"[13, 42, 128, 119]",81.45563960305415,74,False
146,6,"[13, 120, 164, 42]",83.86480592891215,93,False
147,6,"[13, 120, 164, 42]",83.85882646245057,111,False
148,6,"[13, 154, 4, 120]",145.99586636825796,143,True
149,6,"[119, 45, 86, 132]",50.99560201091014,105,False
150,6,"[4, 154, 120, 97]",180.9888799452503,214,False
152,6,"[97, 96, 154, 4]",271.83610221403984,370,False
153,6,"[156, 96, 97, 154]",364.82601676700506,510,False
155,6,"[97, 96, 154, 4]",271.83793338174684,326,False
157,6,"[100, 159, 176, 37]",25.002142196702472,8,False
203,6,"[202, 200, 176, 173]",21.253421675902132,21,True
163,6,"[164, 204, 119, 55]",53.51449584312202,42,False
205,6,"[132, 141, 131, 45]",43.51618946796962,46,True
165,6,"[154, 4, 120, 63]",147.4387717536207,51,False
166,6,"[154, 4, 120, 63]",147.4387717536207,116,False
168,6,"[13, 4, 154, 97]",190.42184722720094,140,False
169,6,"[154, 13, 4, 120]",145.9422399613802,212,False
170,6,"[100, 202, 200, 182]",16.244868273316577,25,False
172,6,"[141, 114, 56, 63]",81.27607276423576,41,False
180,6,"[141, 114, 132, 56]",51.74648759215267,109,False
185,6,"[45, 69, 86, 132]",42.486609633365404,58,False
186,6,"[120, 164, 13, 42]",83.9897257398064,130,False
187,6,"[120, 119, 164, 42]",65.95133630866634,75,False
188,6,"[120, 119, 154, 4]",128.06706866314627,113,False
189,6,"[4, 154, 13, 97]",190.43460087403992,188,True
190,6,"[4, 154, 97, 120]",180.6563466936678,173,False
191,6,"[97, 4, 96, 154]",271.95057132409784,248,False
192,6,"[195, 97, 156, 96]",365.6654239416429,405,False
194,6,"[154, 97, 120, 42]",160.54403688384252,114,False
196,6,"[195, 154, 82, 137]",121.44686948935791,307,False
197,6,"[195, 154, 97, 82]",183.83308797882398,397,False
198,6,"[97, 96, 4, 154]",271.8330500115119,915,False
199,6,"[97, 96, 4, 154]",271.83305001151183,1150,False
207,6,"[48, 56, 50, 10]",43.24513621249021,67,False
4,7,"[150, 190, 98, 167]",167.9462137227823,132,False
178,7,"[16, 45, 49, 200]",41.25052913435641,38,True
10,7,"[105, 27, 25, 14]",34.49951109630864,38,True
41,7,"[42, 134, 129, 126]",55.502293216179325,40,False
11,7,"[28, 27, 25, 105]",51.24825998705735,40,False
52,7,"[116, 129, 175, 56]",66.74966518663953,138,False
87,7,"[183, 85, 86, 114]",35.25144427347706,35,True
137,7,"[22, 82, 23, 17]",50.7477932954477,30,False
176,7,"[200, 100, 173, 157]",17.250067772566194,30,False
26,7,"[24, 28, 48, 27]",41.74864370216137,33,False
115,7,"[116, 129, 114, 175]",61.49655638119286,76,False
29,7,"[28, 27, 48, 25]",53.24835732568985,27,False
133,7,"[132, 40, 131, 45]",37.50449832551327,32,False
32,7,"[33, 165, 166, 34]",84.01916813067616,32,False
69,7,"[183, 85, 185, 86]",37.25394278430623,32,False
35,7,"[34, 33, 94, 189]",148.55053078680677,208,False
124,7,"[47, 108, 58, 61]",16.749527081714188,20,True
36,7,"[157, 40, 127, 66]",29.25268892613914,20,False
37,7,"[40, 127, 157, 126]",36.24899035065208,29,False
38,7,"[127, 126, 161, 118]",43.498403536245604,71,False
39,7,"[40, 126, 183, 127]",39.75316917711229,26,False
67,7,"[66, 157, 18, 183]",19.50147778621883,26,False
78,7,"[74, 75, 16, 18]",35.99093903046907,36,True
62,7,"[18, 17, 16, 66]",23.747673731233256,36,False
206,7,"[204, 131, 161, 45]",38.50052170809844,52,False
55,7,"[132, 56, 118, 204]",46.99976597540313,60,False
43,7,"[42, 134, 129, 126]",55.50229321617932,60,True
44,7,"[45, 204, 40, 131]",41.48720278727177,72,False
202,7,"[200, 100, 173, 53]",24.254628762770558,18,False
109,7,"[110, 108, 47, 111]",22.50241097251174,18,True
140,7,"[141, 180, 132, 127]",62.74967098377291,62,True
51,7,"[47, 58, 61, 108]",16.74958363414367,24,False
50,7,"[58, 61, 47, 108]",16.7472789301873,24,False
57,7,"[58, 61, 47, 108]",16.747108062388225,12,True
122,7,"[103, 102, 108, 110]",13.255806550928934,12,True
201,7,"[200, 100, 173, 53]",24.25372450761508,14,False
60,7,"[58, 61, 47, 108]",16.747108062388225,16,True
80,7,"[27, 25, 28, 14]",45.7477086756827,16,False
92,7,"[183, 85, 86, 114]",35.25144427347706,22,False
72,7,"[16, 18, 66, 200]",19.7483958615374,22,True
64,7,"[63, 65, 145, 13]",153.74040284270865,144,False
159,7,"[157, 161, 131, 204]",22.501324769363464,17,False
174,7,"[173, 113, 112, 86]",34.752794824854256,50,False
138,7,"[141, 114, 127, 132]",47.99795964759966,50,True
101,7,"[132, 204, 49, 131]",36.50030434280262,45,False
76,7,"[24, 74, 173, 28]",42.252128251619155,45,True
89,7,"[71, 180, 193, 63]",96.7507203117338,66,False
119,7,"[118, 42, 126, 40]",45.49843853804947,66,False
95,7,"[6, 7, 96, 191]",392.0676284205232,465,False
97,7,"[1, 2, 3, 152]",257.78099835762265,277,False
181,7,"[25, 173, 100, 27]",36.24811559738869,6,False
182,7,"[173, 100, 25, 27]",36.250157897205945,11,False
162,7,"[161, 164, 127, 126]",42.75326910598391,34,False
120,7,"[93, 187, 186, 188]",112.49845776584498,100,False
128,7,"[129, 42, 144, 116]",70.99697617125192,70,True
154,7,"[34, 190, 94, 186]",161.5117311289696,214,False
153,7,"[6, 7, 96, 192]",431.5018637279296,510,False
203,7,"[200, 100, 173, 53]",24.25372450761508,21,True
163,7,"[164, 161, 187, 118]",48.50228696354328,42,False
205,7,"[132, 141, 131, 180]",52.758795198953734,46,False
170,7,"[100, 200, 53, 157]",19.998626031883664,25,False
4,8,"[150, 190, 98, 167]",167.9462137227823,132,False
178,8,"[16, 45, 49, 200]",41.25052913435641,38,True
10,8,"[105, 27, 25, 14]",34.49951109630864,38,True
41,8,"[42, 134, 129, 126]",55.502293216179325,40,False
11,8,"[28, 27, 25, 105]",51.24825998705735,40,False
52,8,"[116, 129, 175, 56]",66.74966518663953,138,False
87,8,"[183, 85, 86, 114]",35.25144427347706,35,True
137,8,"[22, 82, 23, 17]",50.7477932954477,30,False
176,8,"[200, 100, 173, 157]",17.250067772566194,30,False
26,8,"[24, 28, 48, 27]",41.74864370216137,33,False
115,8,"[116, 129, 114, 175]",61.49655638119286,76,False
29,8,"[28, 27, 48, 25]",53.24835732568985,27,False
133,8,"[132, 40, 131, 45]",37.50449832551327,32,False
32,8,"[33, 165, 166, 34]",84.01916813067616,32,False
69,8,"[183, 85, 185, 86]",37.25394278430623,32,False
35,8,"[34, 33, 94, 189]",148.55053078680677,208,False
124,8,"[47, 108, 58, 61]",16.749527081714188,20,True
36,8,"[157, 40, 127, 66]",29.25268892613914,20,False
37,8,"[40, 127, 157, 126]",36.24899035065208,29,False
38,8,"[127, 126, 161, 118]",43.498403536245604,71,False
39,8,"[40, 126, 183, 127]",39.75316917711229,26,False
67,8,"[66, 157, 18, 183]",19.50147778621883,26,False
78,8,"[74, 75, 16, 18]",35.99093903046907,36,True
62,8,"[18, 17, 16, 66]",23.747673731233256,36,False
206,8,"[204, 131, 161, 45]",38.50052170809844,52,False
55,8,"[132, 56, 118, 204]",46.99976597540313,60,False
43,8,"[42, 134, 129, 126]",55.50229321617932,60,True
44,8,"[45, 204, 40, 131]",41.48720278727177,72,False
202,8,"[200, 100, 173, 53]",24.254628762770558,18,False
109,8,"[110, 108, 47, 111]",22.50241097251174,18,True
140,8,"[141, 180, 132, 127]",62.74967098377291,62,True
51,8,"[47, 58, 61, 108]",16.74958363414367,24,False
50,8,"[58, 61, 47, 108]",16.7472789301873,24,False
57,8,"[58, 61, 47, 108]",16.747108062388225,12,True
122,8,"[103, 102, 108, 110]",13.255806550928934,12,True
201,8,"[200, 100, 173, 53]",24.25372450761508,14,False
60,8,"[58, 61, 47, 108]",16.747108062388225,16,True
80,8,"[27, 25, 28, 14]",45.7477086756827,16,False
92,8,"[183, 85, 86, 114]",35.25144427347706,22,False
72,8,"[16, 18, 66, 200]",19.7483958615374,22,True
64,8,"[63, 65, 145, 13]",153.74040284270865,144,False
159,8,"[157, 161, 131, 204]",22.501324769363464,17,False
174,8,"[173, 113, 112, 86]",34.752794824854256,50,False
138,8,"[141, 114, 127, 132]",47.99795964759966,50,True
101,8,"[132, 204, 49, 131]",36.50030434280262,45,False
76,8,"[24, 74, 173, 28]",42.252128251619155,45,True
89,8,"[71, 180, 193, 63]",96.7507203117338,66,False
119,8,"[118, 42, 126, 40]",45.49843853804947,66,False
95,8,"[6, 7, 96, 191]",392.0676284205232,465,False
97,8,"[1, 2, 3, 152]",257.78099835762265,277,False
181,8,"[25, 173, 100, 27]",36.24811559738869,6,False
182,8,"[173, 100, 25, 27]",36.250157897205945,11,False
162,8,"[161, 164, 127, 126]",42.75326910598391,34,False
120,8,"[93, 187, 186, 188]",112.49845776584498,100,False
128,8,"[129, 42, 144, 116]",70.99697617125192,70,True
154,8,"[34, 190, 94, 186]",161.5117311289696,214,False
153,8,"[6, 7, 96, 192]",431.5018637279296,510,False
203,8,"[200, 100, 173, 53]",24.25372450761508,21,True
163,8,"[164, 161, 187, 118]",48.50228696354328,42,False
205,8,"[132, 141, 131, 180]",52.758795198953734,46,False
170,8,"[100, 200, 53, 157]",19.998626031883664,25,False
0,8,"[137, 32, 153, 64]",180.17770594719073,198,False
1,8,"[97, 154, 4, 35]",207.6638166649034,269,False
2,8,"[97, 154, 4, 35]",207.6638166649034,220,False
3,8,"[97, 154, 4, 35]",207.6638166649034,172,False
93,8,"[120, 163, 43, 41]",60.415113936769096,132,False
5,8,"[97, 154, 4, 95]",272.1752551421421,318,False
6,8,"[95, 153, 35, 97]",363.06599956176177,367,True
7,8,"[95, 153, 35, 97]",363.06599956176177,489,False
8,8,"[95, 153, 35, 97]",363.0659995617618,636,False
9,8,"[153, 95, 35, 97]",361.94294686523307,1144,False
82,8,"[137, 44, 76, 115]",55.81163955865658,38,False
48,8,"[29, 26, 11, 176]",32.50175046787236,40,False
86,8,"[174, 69, 206, 159]",37.73973081764277,40,True
112,8,"[69, 174, 182, 178]",32.74872398111421,40,False
12,8,"[140, 205, 64, 138]",75.53237847542061,92,False
13,8,"[64, 128, 140, 115]",87.9382648206317,138,False
14,8,"[10, 80, 26, 11]",31.75007755374221,10,False
15,8,"[72, 44, 43, 174]",51.00414244553208,35,False
16,8,"[72, 178, 174, 69]",35.50159361940299,19,False
17,8,"[72, 78, 174, 76]",38.26411057997645,28,False
18,8,"[72, 174, 69, 178]",35.503968187263226,31,True
19,8,"[64, 32, 154, 4]",130.5025853286096,120,False
20,8,"[72, 69, 206, 76]",37.75669794072192,30,False
21,8,"[69, 206, 92, 87]",35.24455067741762,33,True
22,8,"[69, 206, 72, 78]",35.49831487479238,61,False
23,8,"[69, 206, 72, 78]",35.49663509431024,76,False
24,8,"[26, 29, 76, 11]",36.258912990213176,23,False
25,8,"[182, 181, 29, 11]",21.001338144726535,69,False
27,8,"[29, 11, 26, 10]",34.50221467725762,27,False
28,8,"[29, 26, 11, 176]",32.50191524560503,77,False
30,8,"[32, 35, 64, 78]",105.18173378358574,274,False
31,8,"[32, 35, 64, 78]",105.18173378358574,368,False
68,8,"[72, 69, 76, 92]",30.253630652094294,32,True
105,8,"[10, 11, 80, 170]",29.740268112339493,32,True
106,8,"[162, 10, 26, 163]",36.75161795345751,32,True
33,8,"[32, 35, 154, 4]",146.8897550554475,63,False
34,8,"[35, 154, 32, 4]",146.2893742754954,106,False
195,8,"[35, 154, 32, 95]",229.90206804625416,208,False
47,8,"[109, 57, 50, 51]",19.50230829946152,20,True
85,8,"[159, 174, 69, 176]",32.25058050272665,29,True
56,8,"[138, 55, 101, 52]",73.28963948179715,71,True
132,8,"[133, 205, 140, 101]",46.26329446285376,26,False
40,8,"[38, 133, 37, 44]",51.00149506022845,36,False
53,8,"[170, 202, 176, 26]",26.5032880527987,36,False
42,8,"[43, 41, 119, 128]",59.02630537728625,52,False
141,8,"[140, 205, 138, 133]",47.47665892294171,60,False
45,8,"[44, 133, 206, 178]",48.47877944831502,72,False
46,8,"[51, 109, 57, 50]",19.498464855203956,18,True
49,8,"[101, 182, 176, 178]",30.99999355506907,62,False
100,8,"[170, 176, 182, 202]",20.997333969327013,24,True
161,8,"[38, 162, 206, 159]",43.48902887275126,24,False
200,8,"[202, 176, 170, 159]",22.499433660676164,12,False
58,8,"[57, 50, 51, 109]",19.507996815016078,14,False
104,8,"[51, 10, 50, 11]",31.506864798802845,16,False
131,8,"[206, 159, 38, 176]",42.502427353794815,16,False
61,8,"[57, 50, 51, 109]",19.507996815016078,22,True
110,8,"[109, 57, 51, 50]",19.50453129606546,22,True
183,8,"[69, 37, 92, 87]",29.497759119663183,22,False
63,8,"[64, 140, 205, 138]",75.24996431751659,144,False
65,8,"[64, 128, 140, 115]",87.70408831314926,259,False
66,8,"[72, 174, 159, 36]",27.250549433452978,17,False
71,8,"[69, 206, 92, 87]",35.24958554647045,64,False
74,8,"[78, 76, 72, 174]",38.258215149836694,44,False
75,8,"[78, 44, 76, 72]",43.736541120154065,50,False
114,8,"[38, 138, 206, 178]",52.7329372973661,50,True
175,8,"[115, 52, 26, 43]",76.70473503347861,50,False
126,8,"[38, 43, 119, 41]",59.24209090920457,45,False
134,8,"[43, 41, 119, 44]",59.516457547141584,45,False
77,8,"[76, 29, 44, 26]",44.25009876069688,53,False
79,8,"[44, 76, 178, 92]",44.23921984195821,84,False
88,8,"[128, 115, 140, 52]",86.5167923705443,134,False
116,8,"[115, 52, 128, 55]",85.98061315168277,66,False
90,8,"[64, 128, 154, 115]",125.9878496407828,141,False
91,8,"[64, 128, 154, 115]",125.9878496407828,189,False
94,8,"[35, 154, 32, 4]",146.27185455714528,237,False
96,8,"[95, 97, 153, 154]",365.90265939510067,465,False
151,8,"[97, 154, 4, 95]",272.1866802274478,277,True
98,8,"[4, 120, 97, 163]",137.5464922309892,185,False
99,8,"[10, 51, 11, 170]",31.747349071531602,6,False
102,8,"[109, 51, 122, 57]",16.49454083321989,7,False
103,8,"[109, 51, 122, 57]",16.494428582291626,13,True
108,8,"[109, 51, 57, 50]",19.50022411437872,11,False
111,8,"[109, 57, 51, 50]",19.505873354186484,37,False
113,8,"[69, 174, 182, 178]",32.74872398111421,34,True
118,8,"[38, 119, 55, 41]",59.23985395390437,49,False
167,8,"[4, 64, 120, 128]",111.44230530394034,100,False
121,8,"[120, 4, 154, 128]",129.00673217112424,133,True
127,8,"[38, 138, 37, 162]",45.968579328345356,56,False
193,8,"[205, 140, 133, 69]",42.9925846929403,70,False
129,8,"[128, 115, 52, 43]",86.0247626546542,80,False
130,8,"[4, 128, 140, 115]",84.951667221333,136,False
135,8,"[120, 128, 43, 41]",67.48210346199457,54,False
136,8,"[120, 128, 43, 41]",67.48210346199457,65,True
144,8,"[128, 140, 115, 163]",62.48444212099509,86,False
145,8,"[64, 128, 43, 41]",78.4498955139618,74,True
146,8,"[120, 64, 128, 43]",93.46247412493992,93,True
147,8,"[120, 64, 128, 4]",111.4931994352536,111,True
148,8,"[4, 154, 120, 64]",147.46635161709426,143,True
149,8,"[119, 133, 138, 38]",54.75396162752097,105,False
150,8,"[4, 154, 35, 120]",163.5957572384031,214,False
152,8,"[97, 154, 4, 95]",272.183990001255,370,False
156,8,"[153, 95, 35, 97]",362.1015461842995,510,False
155,8,"[97, 154, 4, 95]",272.1856041668432,326,False
157,8,"[170, 159, 176, 36]",23.00039803006543,8,False
160,8,"[159, 38, 162, 206]",43.506569644627064,21,False
204,8,"[159, 206, 176, 38]",42.50702515431673,42,True
164,8,"[163, 162, 43, 41]",44.01115005964263,46,True
165,8,"[32, 35, 154, 4]",146.74814532908,51,False
166,8,"[32, 35, 154, 4]",146.74814532908,116,False
168,8,"[4, 154, 153, 64]",250.10720208898547,140,False
169,8,"[153, 35, 32, 64]",222.89499402629153,212,False
173,8,"[176, 202, 26, 29]",27.00067990319506,25,True
172,8,"[140, 205, 138, 133]",47.477004051483384,41,False
180,8,"[140, 205, 138, 133]",47.47775905452823,109,False
185,8,"[206, 133, 69, 138]",41.499325424718975,58,False
186,8,"[120, 128, 43, 41]",67.47334322449244,130,False
187,8,"[120, 163, 43, 119]",66.96022140047421,75,False
188,8,"[120, 4, 119, 154]",128.0392034529167,113,False
189,8,"[4, 35, 32, 154]",146.51974249897108,188,False
190,8,"[4, 154, 97, 35]",207.9283587843345,173,False
191,8,"[95, 35, 97, 4]",270.36586236831147,248,False
192,8,"[153, 95, 35, 97]",363.5567690334894,405,False
194,8,"[154, 97, 120, 128]",165.0528681167246,114,False
196,8,"[153, 95, 35, 154]",348.59704571070523,307,False
197,8,"[153, 95, 35, 154]",348.59704571070523,397,False
198,8,"[153, 95, 35, 97]",364.7934166474401,915,False
199,8,"[153, 95, 35, 97]",364.232299051472,1150,False
207,8,"[140, 205, 50, 11]",42.99390919101598,67,False
4,9,"[150, 190, 98, 121]",176.21572601608494,132,False
10,9,"[11, 80, 25, 14]",33.74972293335282,38,True
82,9,"[137, 77, 15, 79]",50.50948597676793,38,False
41,9,"[42, 134, 128, 129]",61.75547346927209,40,False
86,9,"[85, 183, 112, 18]",30.502210728174067,40,False
52,9,"[55, 116, 115, 128]",68.00086902661366,138,False
87,9,"[92, 69, 178, 183]",28.50081658146371,35,False
20,9,"[17, 18, 69, 15]",31.501866803762397,30,True
176,9,"[200, 178, 170, 157]",20.75097010201063,30,False
21,9,"[18, 69, 92, 85]",28.49964956413641,33,True
23,9,"[22, 71, 17, 69]",46.22204107704162,76,False
27,9,"[25, 29, 28, 26]",51.49716371114648,27,False
106,9,"[48, 11, 26, 80]",32.24775247398901,32,True
105,9,"[11, 80, 28, 25]",50.506118207346915,32,False
133,9,"[131, 140, 101, 185]",45.252056302649834,32,False
35,9,"[34, 32, 33, 94]",109.50983693004434,208,False
124,9,"[46, 108, 58, 110]",16.25055988217774,20,True
47,9,"[58, 46, 110, 108]",16.249560348884984,20,True
37,9,"[159, 39, 38, 127]",42.508333593919986,29,False
56,9,"[53, 114, 138, 55]",49.00309370961047,71,False
132,9,"[131, 140, 101, 138]",43.25155677550106,26,False
67,9,"[157, 183, 18, 16]",20.000516752317605,26,False
40,9,"[39, 38, 127, 131]",42.25075477261996,36,False
78,9,"[74, 16, 62, 174]",37.24623770652645,36,True
206,9,"[204, 131, 161, 185]",35.00045846082995,52,False
43,9,"[42, 134, 128, 129]",61.75547346927208,60,True
141,9,"[140, 138, 180, 127]",69.25132099676249,60,False
45,9,"[44, 204, 131, 185]",46.99442391292103,72,False
202,9,"[200, 170, 53, 181]",19.75129895884647,18,True
109,9,"[110, 108, 111, 46]",22.00138976645562,18,True
49,9,"[53, 114, 204, 48]",41.999763031833936,62,False
100,9,"[170, 200, 157, 53]",20.24927650686153,24,True
51,9,"[50, 46, 58, 108]",16.74705377392464,24,False
57,9,"[58, 50, 46, 108]",16.74938947415145,12,True
122,9,"[103, 102, 108, 110]",13.25611522666548,12,True
201,9,"[200, 170, 53, 181]",19.75071883827508,14,False
60,9,"[58, 50, 46, 108]",16.74938947415145,16,True
104,9,"[50, 46, 11, 25]",37.7567843527367,16,False
72,9,"[16, 18, 62, 200]",24.500201854273293,22,True
61,9,"[58, 50, 46, 108]",16.74938947415145,22,False
64,9,"[63, 65, 145, 13]",153.74119769482908,144,False
66,9,"[157, 39, 183, 159]",18.25135244056053,17,True
75,9,"[74, 77, 79, 15]",54.00443852687238,50,True
175,9,"[115, 116, 53, 48]",54.49581554537487,50,True
126,9,"[127, 38, 161, 39]",44.243307495329475,45,True
76,9,"[24, 77, 74, 28]",49.25256023893755,45,True
89,9,"[180, 71, 63, 90]",114.50607754547146,66,False
119,9,"[118, 42, 38, 127]",57.002653517632105,66,False
96,9,"[95, 6, 7, 152]",422.72086192505253,465,False
97,9,"[1, 2, 3, 152]",257.78189314985724,277,False
99,9,"[14, 11, 25, 80]",33.75241343023422,6,False
182,9,"[181, 25, 170, 28]",44.2622325813891,11,False
113,9,"[112, 85, 183, 114]",35.249577266539355,34,True
167,9,"[146, 147, 13, 150]",139.01414569925973,100,False
193,9,"[185, 180, 149, 140]",83.5035135929568,70,False
154,9,"[34, 190, 121, 94]",162.26484762581936,214,False
153,9,"[6, 7, 95, 192]",431.48051593841194,510,False
203,9,"[200, 170, 53, 181]",19.75071883827508,21,True
163,9,"[162, 164, 161, 187]",44.75452667214802,42,True
205,9,"[140, 131, 180, 101]",57.99998585507518,46,False
173,9,"[174, 200, 28, 26]",42.99976666053958,25,False
4,10,"[150, 190, 98, 121]",176.21572601608494,132,False
10,10,"[11, 80, 25, 14]",33.74972293335282,38,True
82,10,"[137, 77, 15, 79]",50.50948597676793,38,False
41,10,"[42, 134, 128, 129]",61.75547346927209,40,False
86,10,"[85, 183, 112, 18]",30.502210728174067,40,False
52,10,"[55, 116, 115, 128]",68.00086902661366,138,False
87,10,"[92, 69, 178, 183]",28.50081658146371,35,False
20,10,"[17, 18, 69, 15]",31.501866803762397,30,True
176,10,"[200, 178, 170, 157]",20.75097010201063,30,False
21,10,"[18, 69, 92, 85]",28.49964956413641,33,True
23,10,"[22, 71, 17, 69]",46.22204107704162,76,False
27,10,"[25, 29, 28, 26]",51.49716371114648,27,False
106,10,"[48, 11, 26, 80]",32.24775247398901,32,True
105,10,"[11, 80, 28, 25]",50.506118207346915,32,False
133,10,"[131, 140, 101, 185]",45.252056302649834,32,False
35,10,"[34, 32, 33, 94]",109.50983693004434,208,False
124,10,"[46, 108, 58, 110]",16.25055988217774,20,True
47,10,"[58, 46, 110, 108]",16.249560348884984,20,True
37,10,"[159, 39, 38, 127]",42.508333593919986,29,False
56,10,"[53, 114, 138, 55]",49.00309370961047,71,False
132,10,"[131, 140, 101, 138]",43.25155677550106,26,False
67,10,"[157, 183, 18, 16]",20.000516752317605,26,False
40,10,"[39, 38, 127, 131]",42.25075477261996,36,False
78,10,"[74, 16, 62, 174]",37.24623770652645,36,True
206,10,"[204, 131, 161, 185]",35.00045846082995,52,False
43,10,"[42, 134, 128, 129]",61.75547346927208,60,True
141,10,"[140, 138, 180, 127]",69.25132099676249,60,False
45,10,"[44, 204, 131, 185]",46.99442391292103,72,False
202,10,"[200, 170, 53, 181]",19.75129895884647,18,True
109,10,"[110, 108, 111, 46]",22.00138976645562,18,True
49,10,"[53, 114, 204, 48]",41.999763031833936,62,False
100,10,"[170, 200, 157, 53]",20.24927650686153,24,True
51,10,"[50, 46, 58, 108]",16.74705377392464,24,False
57,10,"[58, 50, 46, 108]",16.74938947415145,12,True
122,10,"[103, 102, 108, 110]",13.25611522666548,12,True
201,10,"[200, 170, 53, 181]",19.75071883827508,14,False
60,10,"[58, 50, 46, 108]",16.74938947415145,16,True
104,10,"[50, 46, 11, 25]",37.7567843527367,16,False
72,10,"[16, 18, 62, 200]",24.500201854273293,22,True
61,10,"[58, 50, 46, 108]",16.74938947415145,22,False
64,10,"[63, 65, 145, 13]",153.74119769482908,144,False
66,10,"[157, 39, 183, 159]",18.25135244056053,17,True
75,10,"[74, 77, 79, 15]",54.00443852687238,50,True
175,10,"[115, 116, 53, 48]",54.49581554537487,50,True
126,10,"[127, 38, 161, 39]",44.243307495329475,45,True
76,10,"[24, 77, 74, 28]",49.25256023893755,45,True
89,10,"[180, 71, 63, 90]",114.50607754547146,66,False
119,10,"[118, 42, 38, 127]",57.002653517632105,66,False
96,10,"[95, 6, 7, 152]",422.72086192505253,465,False
97,10,"[1, 2, 3, 152]",257.78189314985724,277,False
99,10,"[14, 11, 25, 80]",33.75241343023422,6,False
182,10,"[181, 25, 170, 28]",44.2622325813891,11,False
113,10,"[112, 85, 183, 114]",35.249577266539355,34,True
167,10,"[146, 147, 13, 150]",139.01414569925973,100,False
193,10,"[185, 180, 149, 140]",83.5035135929568,70,False
154,10,"[34, 190, 121, 94]",162.26484762581936,214,False
153,10,"[6, 7, 95, 192]",431.48051593841194,510,False
203,10,"[200, 170, 53, 181]",19.75071883827508,21,True
163,10,"[162, 164, 161, 187]",44.75452667214802,42,True
205,10,"[140, 131, 180, 101]",57.99998585507518,46,False
173,10,"[174, 200, 28, 26]",42.99976666053958,25,False
0,10,"[82, 23, 153, 89]",172.65013368516645,198,False
1,10,"[97, 154, 4, 35]",207.6512499168782,269,False
2,10,"[97, 154, 4, 35]",207.6512499168782,220,False
3,10,"[97, 154, 4, 35]",207.6512499168782,172,False
93,10,"[43, 41, 163, 75]",48.00068176218988,132,False
5,10,"[96, 97, 154, 4]",271.6383714323108,318,False
6,10,"[153, 96, 35, 97]",363.29884476899,367,True
7,10,"[153, 96, 35, 97]",363.29884476899,489,False
8,10,"[153, 96, 35, 97]",363.29884476899,636,False
9,10,"[153, 96, 35, 97]",362.23048866558094,1144,False
178,10,"[87, 176, 49, 182]",34.49991023566202,38,True
11,10,"[27, 10, 173, 182]",25.243044714826866,40,False
48,10,"[49, 27, 173, 176]",35.99149358253343,40,True
112,10,"[113, 86, 126, 40]",38.75558028266503,40,True
12,10,"[141, 205, 132, 64]",69.03044898512343,92,False
13,10,"[167, 64, 141, 163]",86.4020087326638,138,False
14,10,"[99, 27, 10, 100]",23.75575558707168,10,False
15,10,"[20, 75, 175, 72]",37.998162395519046,35,True
16,10,"[67, 72, 66, 86]",26.252948414222736,19,False
17,10,"[20, 78, 72, 75]",34.51141319907515,28,False
18,10,"[86, 67, 72, 66]",26.24728283159223,31,True
19,10,"[23, 193, 89, 64]",89.06056110045338,120,False
137,10,"[23, 82, 20, 78]",44.944502753741965,30,False
26,10,"[173, 27, 202, 176]",25.000382328135917,33,False
22,10,"[23, 20, 89, 86]",52.93974153454547,61,False
115,10,"[52, 175, 43, 41]",71.92921504113579,76,True
24,10,"[173, 27, 76, 202]",28.74889547939367,23,False
25,10,"[27, 182, 10, 100]",25.002615542479422,69,False
29,10,"[27, 173, 176, 202]",24.99828775775051,27,True
28,10,"[27, 173, 176, 182]",23.24696789216401,77,False
30,10,"[193, 35, 78, 154]",132.03028998260527,274,False
31,10,"[193, 35, 78, 154]",132.03028998260527,368,False
32,10,"[35, 193, 154, 4]",155.91293636279457,32,False
68,10,"[72, 67, 66, 76]",27.506241467744633,32,True
69,10,"[87, 113, 45, 86]",45.260138055366106,32,False
33,10,"[35, 193, 154, 4]",155.91293636279457,63,False
34,10,"[35, 154, 4, 97]",207.88638813719143,106,False
195,10,"[35, 154, 97, 64]",210.7195962958112,208,True
36,10,"[182, 176, 100, 202]",20.75294743578238,20,True
85,10,"[86, 113, 67, 126]",36.24852667584969,29,False
38,10,"[126, 40, 49, 141]",50.757972264649446,71,False
39,10,"[40, 126, 113, 45]",46.76506049240744,26,False
53,10,"[56, 49, 202, 100]",43.74353791719321,36,False
62,10,"[78, 72, 66, 67]",25.243437129880675,36,False
42,10,"[43, 41, 119, 126]",52.75615398058175,52,True
55,10,"[52, 56, 119, 132]",75.18959879971725,60,False
44,10,"[45, 40, 119, 43]",58.48946415512504,72,False
46,10,"[51, 124, 47, 104]",19.998203241685935,18,True
140,10,"[141, 205, 132, 133]",40.968989235969346,62,False
50,10,"[57, 61, 51, 47]",19.50190693231482,24,True
161,10,"[206, 126, 163, 49]",50.25202105652824,24,False
200,10,"[202, 176, 173, 100]",24.252880450972608,12,False
58,10,"[57, 61, 47, 51]",19.50811672697097,14,False
80,10,"[10, 27, 100, 173]",28.496404849406584,16,False
131,10,"[206, 40, 132, 45]",46.503733870189244,16,False
92,10,"[87, 76, 206, 176]",40.51093676265622,22,False
110,10,"[47, 124, 57, 61]",18.498426698002053,22,True
183,10,"[113, 86, 126, 40]",38.75051518080256,22,False
63,10,"[64, 89, 141, 193]",84.84670166522686,144,False
65,10,"[64, 89, 141, 193]",84.68696031828581,259,False
159,10,"[176, 202, 100, 173]",24.24880940434605,17,False
71,10,"[89, 23, 126, 20]",54.24251984259248,64,False
74,10,"[78, 75, 72, 76]",38.24328789286221,44,False
114,10,"[49, 56, 126, 206]",57.494316779226054,50,False
138,10,"[56, 141, 132, 49]",54.73954734658265,50,True
174,10,"[86, 173, 113, 67]",31.24767007668056,50,False
101,10,"[56, 49, 176, 132]",47.243713330041814,45,True
134,10,"[43, 41, 119, 126]",52.74997833612279,45,False
77,10,"[76, 75, 49, 175]",51.75425583839206,53,True
79,10,"[49, 76, 87, 175]",47.99639404415295,84,False
88,10,"[52, 141, 154, 205]",114.51322703504712,134,False
116,10,"[52, 175, 43, 41]",71.92822986711047,66,False
90,10,"[89, 64, 52, 141]",102.05738740924423,141,False
91,10,"[89, 64, 52, 141]",102.05738740924423,189,False
94,10,"[35, 154, 4, 167]",163.20934654995594,237,False
95,10,"[96, 153, 35, 97]",363.4618502582108,465,False
151,10,"[96, 97, 154, 4]",271.6494138331322,277,False
98,10,"[4, 97, 154, 43]",170.61336467927737,185,False
181,10,"[182, 27, 100, 173]",21.758899199823027,6,False
102,10,"[51, 124, 47, 104]",19.998203241685935,7,False
103,10,"[124, 47, 51, 104]",19.999039755441533,13,False
108,10,"[51, 124, 47, 104]",19.998203241685935,11,False
111,10,"[47, 57, 61, 124]",18.49927126343255,37,False
162,10,"[163, 206, 106, 126]",42.751110643368335,34,False
118,10,"[119, 163, 41, 43]",51.99620898075006,49,True
120,10,"[43, 41, 163, 119]",52.00383549587859,100,False
121,10,"[4, 154, 43, 41]",111.3805775660532,133,False
127,10,"[126, 40, 49, 141]",50.755895178951334,56,False
128,10,"[52, 43, 41, 141]",74.47496277472038,70,True
129,10,"[52, 43, 41, 141]",74.47496277472038,80,False
130,10,"[167, 4, 141, 163]",83.41517006257344,136,False
135,10,"[43, 41, 119, 193]",59.006665484359715,54,False
136,10,"[43, 41, 119, 193]",59.006665484359715,65,False
144,10,"[141, 163, 52, 43]",75.00087843500982,86,False
145,10,"[167, 64, 43, 41]",85.95495072795627,74,False
146,10,"[167, 64, 43, 41]",85.93212575425704,93,False
147,10,"[167, 64, 43, 41]",85.92097707825607,111,False
148,10,"[4, 154, 167, 64]",147.4894489868544,143,True
149,10,"[126, 119, 133, 40]",44.74875118082075,105,False
150,10,"[4, 154, 167, 35]",163.61518538645362,214,False
152,10,"[96, 97, 154, 4]",271.6468187739455,370,False
156,10,"[153, 96, 35, 97]",362.3915557900345,510,False
155,10,"[96, 97, 154, 4]",271.6483758373577,326,False
157,10,"[100, 176, 202, 182]",20.744704601676492,8,False
160,10,"[206, 176, 126, 163]",42.24791064103167,21,False
204,10,"[49, 206, 176, 173]",42.23924569007299,42,True
164,10,"[163, 175, 43, 41]",48.00888863276989,46,True
165,10,"[35, 193, 154, 4]",155.95073710679662,51,False
166,10,"[35, 193, 154, 4]",155.95073710679662,116,False
168,10,"[167, 4, 154, 64]",147.74709290087335,140,False
169,10,"[153, 35, 154, 64]",268.2076292301723,212,False
170,10,"[100, 202, 176, 182]",20.747924027370015,25,True
172,10,"[141, 205, 56, 132]",50.73601911213407,41,False
180,10,"[141, 205, 132, 56]",50.74750259597511,109,False
185,10,"[45, 126, 206, 133]",50.24275139812715,58,False
186,10,"[43, 41, 119, 4]",74.53267673382429,130,False
187,10,"[163, 119, 43, 126]",53.25336612186654,75,False
188,10,"[193, 4, 119, 154]",120.52875592093297,113,False
189,10,"[35, 4, 167, 154]",163.5805752754963,188,False
190,10,"[4, 154, 97, 35]",207.92314775180628,173,False
191,10,"[96, 35, 97, 4]",270.38562887905044,248,False
192,10,"[153, 96, 35, 97]",363.82879522224005,405,False
194,10,"[154, 97, 193, 75]",152.50139377415852,114,False
196,10,"[153, 35, 154, 64]",267.9313051361591,307,False
197,10,"[153, 35, 154, 96]",348.8674109317192,397,False
198,10,"[153, 96, 35, 97]",364.8610146653023,915,False
199,10,"[153, 96, 35, 97]",364.32392521117333,1150,False
207,10,"[56, 141, 205, 49]",59.74536015953882,67,False
