,nodeID,parentNode,dataSetFilters,evaluated,nodeFeature,nodePrediction,childrenNodes,gainOrMSE,treeLevel,pruned,isLeaf
0,0,-1,{},True,Shell_weight,9.949730700179533,"{'belowMean': 1, 'aboveMean': 2}",7.5511668833944645,0,False,False
1,1,0,{'Shell_weight': 'belowMean'},True,Sex,8.461187214611872,"{'M': 3, 'I': 4, 'F': 5}",4.916845819155255,1,False,False
2,2,0,{'Shell_weight': 'aboveMean'},True,Shucked_weight,11.589937106918239,"{'belowMean': 6, 'aboveMean': 7}",8.779696995892103,1,False,False
3,3,1,"{'Shell_weight': 'belowMean', 'Sex': 'M'}",True,Height,9.380281690140846,"{'belowMean': 8, 'aboveMean': 9}",4.3960033840417365,2,False,False
4,4,1,"{'Shell_weight': 'belowMean', 'Sex': 'I'}",True,Height,7.448559670781893,"{'belowMean': 10, 'aboveMean': 11}",3.9928820515738077,2,False,False
5,5,1,"{'Shell_weight': 'belowMean', 'Sex': 'F'}",True,Shucked_weight,10.135593220338983,"{'belowMean': 12, 'aboveMean': 13}",6.148575253261196,2,False,False
6,6,2,"{'Shell_weight': 'aboveMean', 'Shucked_weight': 'belowMean'}",True,Diameter,12.652542372881356,"{'aboveMean': 14, 'belowMean': 15}",9.667289797274842,2,False,False
7,7,2,"{'Shell_weight': 'aboveMean', 'Shucked_weight': 'aboveMean'}",True,Length,11.404726735598228,"{'aboveMean': 16, 'belowMean': 17}",8.442202996412746,2,False,False
8,8,3,"{'Shell_weight': 'belowMean', 'Sex': 'M', 'Height': 'belowMean'}",True,Diameter,9.193548387096774,"{'belowMean': 18, 'aboveMean': 19}",4.2406632192399245,3,False,False
9,9,3,"{'Shell_weight': 'belowMean', 'Sex': 'M', 'Height': 'aboveMean'}",True,Shucked_weight,9.879310344827585,"{'aboveMean': 20, 'belowMean': 21}",3.37960615280595,3,False,False
10,10,4,"{'Shell_weight': 'belowMean', 'Sex': 'I', 'Height': 'belowMean'}",True,Length,7.200460829493087,"{'belowMean': 22, 'aboveMean': 23}",3.802970574791116,3,False,False
11,11,4,"{'Shell_weight': 'belowMean', 'Sex': 'I', 'Height': 'aboveMean'}",True,Shucked_weight,9.51923076923077,"{'belowMean': 24, 'aboveMean': 25}",3.6909965034965038,3,False,False
12,12,5,"{'Shell_weight': 'belowMean', 'Sex': 'F', 'Shucked_weight': 'belowMean'}",True,Height,10.447552447552448,"{'belowMean': 26, 'aboveMean': 27}",7.009523942369687,3,False,False
13,13,5,"{'Shell_weight': 'belowMean', 'Sex': 'F', 'Shucked_weight': 'aboveMean'}",True,Whole_weight,8.823529411764707,"{'aboveMean': 28, 'belowMean': 29}",1.202542555483732,3,False,False
14,14,6,"{'Shell_weight': 'aboveMean', 'Shucked_weight': 'belowMean', 'Diameter': 'aboveMean'}",True,Whole_weight,12.343137254901961,"{'aboveMean': 30, 'belowMean': 31}",8.506111280977805,3,False,False
15,15,6,"{'Shell_weight': 'aboveMean', 'Shucked_weight': 'belowMean', 'Diameter': 'belowMean'}",True,Whole_weight,14.625,"{'belowMean': 32, 'aboveMean': 33}",13.4375,3,False,False
16,16,7,"{'Shell_weight': 'aboveMean', 'Shucked_weight': 'aboveMean', 'Length': 'aboveMean'}",True,Viscera_weight,11.428571428571429,"{'aboveMean': 34, 'belowMean': 35}",8.457667580896784,3,False,False
17,17,7,"{'Shell_weight': 'aboveMean', 'Shucked_weight': 'aboveMean', 'Length': 'belowMean'}",True,Diameter,8.2,"{'aboveMean': 36, 'belowMean': 37}",0.13333333333333333,3,False,False
18,18,8,"{'Shell_weight': 'belowMean', 'Sex': 'M', 'Height': 'belowMean', 'Diameter': 'belowMean'}",True,Shucked_weight,9.01526717557252,"{'belowMean': 38, 'aboveMean': 39}",4.151724954139298,4,False,False
19,19,8,"{'Shell_weight': 'belowMean', 'Sex': 'M', 'Height': 'belowMean', 'Diameter': 'aboveMean'}",True,Viscera_weight,10.166666666666666,"{'belowMean': 40, 'aboveMean': 41}",4.325520833333333,4,False,False
20,20,9,"{'Shell_weight': 'belowMean', 'Sex': 'M', 'Height': 'aboveMean', 'Shucked_weight': 'aboveMean'}",True,Diameter,8.708333333333334,"{'aboveMean': 42, 'belowMean': 43}",0.7173913043478262,4,False,False
21,21,9,"{'Shell_weight': 'belowMean', 'Sex': 'M', 'Height': 'aboveMean', 'Shucked_weight': 'belowMean'}",True,Whole_weight,10.705882352941176,"{'aboveMean': 44, 'belowMean': 45}",4.984313725490196,4,False,False
22,22,10,"{'Shell_weight': 'belowMean', 'Sex': 'I', 'Height': 'belowMean', 'Length': 'belowMean'}",True,Diameter,7.076543209876543,"{'belowMean': 46, 'aboveMean': 47}",3.9566454234783417,4,False,False
23,23,10,"{'Shell_weight': 'belowMean', 'Sex': 'I', 'Height': 'belowMean', 'Length': 'aboveMean'}",True,Shucked_weight,8.931034482758621,"{'belowMean': 48, 'aboveMean': 49}",1.1917241379310346,4,False,False
24,24,11,"{'Shell_weight': 'belowMean', 'Sex': 'I', 'Height': 'aboveMean', 'Shucked_weight': 'belowMean'}",True,Viscera_weight,9.386363636363637,"{'belowMean': 50, 'aboveMean': 51}",3.6374722838137474,4,False,False
25,25,11,"{'Shell_weight': 'belowMean', 'Sex': 'I', 'Height': 'aboveMean', 'Shucked_weight': 'aboveMean'}",True,Diameter,10.25,"{'aboveMean': 52, 'belowMean': 53}",0.9285714285714286,4,False,False
26,26,12,"{'Shell_weight': 'belowMean', 'Sex': 'F', 'Shucked_weight': 'belowMean', 'Height': 'belowMean'}",True,Whole_weight,10.072916666666666,"{'belowMean': 54, 'aboveMean': 55}",6.288815789473684,4,False,False
27,27,12,"{'Shell_weight': 'belowMean', 'Sex': 'F', 'Shucked_weight': 'belowMean', 'Height': 'aboveMean'}",True,Length,11.212765957446809,"{'belowMean': 56, 'aboveMean': 57}",7.410850101087898,4,False,False
28,28,13,"{'Shell_weight': 'belowMean', 'Sex': 'F', 'Shucked_weight': 'aboveMean', 'Whole_weight': 'aboveMean'}",True,Height,9.095238095238095,"{'belowMean': 58, 'aboveMean': 59}",1.5918367346938775,4,False,False
29,29,13,"{'Shell_weight': 'belowMean', 'Sex': 'F', 'Shucked_weight': 'aboveMean', 'Whole_weight': 'belowMean'}",True,Length,8.384615384615385,"{'belowMean': 60, 'aboveMean': 61}",0.23589743589743592,4,False,False
30,30,14,"{'Shell_weight': 'aboveMean', 'Shucked_weight': 'belowMean', 'Diameter': 'aboveMean', 'Whole_weight': 'aboveMean'}",True,Length,12.852459016393443,"{'aboveMean': 62, 'belowMean': 63}",9.610702845298661,4,False,False
31,31,14,"{'Shell_weight': 'aboveMean', 'Shucked_weight': 'belowMean', 'Diameter': 'aboveMean', 'Whole_weight': 'belowMean'}",True,Sex,11.585365853658537,"{'F': 64, 'M': 65, 'I': 66}",5.798838559814169,4,False,False
32,32,15,"{'Shell_weight': 'aboveMean', 'Shucked_weight': 'belowMean', 'Diameter': 'belowMean', 'Whole_weight': 'belowMean'}",True,Length,14.0,"{'belowMean': 67, 'aboveMean': 68}",13.633333333333333,4,False,False
33,33,15,"{'Shell_weight': 'aboveMean', 'Shucked_weight': 'belowMean', 'Diameter': 'belowMean', 'Whole_weight': 'aboveMean'}",True,Viscera_weight,16.5,"{'belowMean': 69, 'aboveMean': 70}",1.1666666666666667,4,False,False
34,34,16,"{'Shell_weight': 'aboveMean', 'Shucked_weight': 'aboveMean', 'Length': 'aboveMean', 'Viscera_weight': 'aboveMean'}",True,Height,11.47581903276131,"{'aboveMean': 71, 'belowMean': 72}",8.593173790645894,4,False,False
35,35,16,"{'Shell_weight': 'aboveMean', 'Shucked_weight': 'aboveMean', 'Length': 'aboveMean', 'Viscera_weight': 'belowMean'}",True,Height,10.451612903225806,"{'belowMean': 73, 'aboveMean': 74}",4.7572043010752685,4,False,False
36,36,17,"{'Shell_weight': 'aboveMean', 'Shucked_weight': 'aboveMean', 'Length': 'belowMean', 'Diameter': 'aboveMean'}",True,Sex,8.333333333333334,"{'M': 75, 'F': 76}",0.16666666666666666,4,False,False
37,37,17,"{'Shell_weight': 'aboveMean', 'Shucked_weight': 'aboveMean', 'Length': 'belowMean', 'Diameter': 'belowMean'}",True,,8.0,{},0.0,4,False,True
38,38,18,"{'Shell_weight': 'belowMean', 'Sex': 'M', 'Height': 'belowMean', 'Diameter': 'belowMean', 'Shucked_weight': 'belowMean'}",True,Viscera_weight,9.031007751937985,"{'belowMean': 77, 'aboveMean': 78}",4.200573765488617,5,False,False
39,39,18,"{'Shell_weight': 'belowMean', 'Sex': 'M', 'Height': 'belowMean', 'Diameter': 'belowMean', 'Shucked_weight': 'aboveMean'}",True,Whole_weight,8.0,"{'belowMean': 79, 'aboveMean': 80}",0.0,5,False,False
40,40,19,"{'Shell_weight': 'belowMean', 'Sex': 'M', 'Height': 'belowMean', 'Diameter': 'aboveMean', 'Viscera_weight': 'belowMean'}",True,Length,10.5625,"{'aboveMean': 81, 'belowMean': 82}",4.397435897435898,5,False,False
41,41,19,"{'Shell_weight': 'belowMean', 'Sex': 'M', 'Height': 'belowMean', 'Diameter': 'aboveMean', 'Viscera_weight': 'aboveMean'}",True,Length,9.375,"{'aboveMean': 83, 'belowMean': 84}",1.9285714285714286,5,False,False
42,42,20,"{'Shell_weight': 'belowMean', 'Sex': 'M', 'Height': 'aboveMean', 'Shucked_weight': 'aboveMean', 'Diameter': 'aboveMean'}",True,Whole_weight,8.652173913043478,"{'aboveMean': 85, 'belowMean': 86}",0.6917874396135266,5,False,False
43,43,20,"{'Shell_weight': 'belowMean', 'Sex': 'M', 'Height': 'aboveMean', 'Shucked_weight': 'aboveMean', 'Diameter': 'belowMean'}",True,,10.0,{},0.0,5,False,True
44,44,21,"{'Shell_weight': 'belowMean', 'Sex': 'M', 'Height': 'aboveMean', 'Shucked_weight': 'belowMean', 'Whole_weight': 'aboveMean'}",True,Length,12.0,"{'belowMean': 87, 'aboveMean': 88}",0.5,5,False,False
45,45,21,"{'Shell_weight': 'belowMean', 'Sex': 'M', 'Height': 'aboveMean', 'Shucked_weight': 'belowMean', 'Whole_weight': 'belowMean'}",True,Diameter,10.533333333333333,"{'belowMean': 89, 'aboveMean': 90}",5.409569377990431,5,False,False
46,46,22,"{'Shell_weight': 'belowMean', 'Sex': 'I', 'Height': 'belowMean', 'Length': 'belowMean', 'Diameter': 'belowMean'}",True,Shucked_weight,7.062344139650873,"{'belowMean': 91, 'aboveMean': 92}",3.9814429587672358,5,False,False
47,47,22,"{'Shell_weight': 'belowMean', 'Sex': 'I', 'Height': 'belowMean', 'Length': 'belowMean', 'Diameter': 'aboveMean'}",True,Shucked_weight,8.5,{'belowMean': 93},0.25,5,False,False
48,48,23,"{'Shell_weight': 'belowMean', 'Sex': 'I', 'Height': 'belowMean', 'Length': 'aboveMean', 'Shucked_weight': 'belowMean'}",True,Viscera_weight,8.76,"{'belowMean': 94, 'aboveMean': 95}",0.9333333333333332,5,False,False
49,49,23,"{'Shell_weight': 'belowMean', 'Sex': 'I', 'Height': 'belowMean', 'Length': 'aboveMean', 'Shucked_weight': 'aboveMean'}",True,Viscera_weight,10.0,"{'belowMean': 96, 'aboveMean': 97}",1.1666666666666667,5,False,False
50,50,24,"{'Shell_weight': 'belowMean', 'Sex': 'I', 'Height': 'aboveMean', 'Shucked_weight': 'belowMean', 'Viscera_weight': 'belowMean'}",True,Length,9.268292682926829,"{'belowMean': 98, 'aboveMean': 99}",3.561692969870875,5,False,False
51,51,24,"{'Shell_weight': 'belowMean', 'Sex': 'I', 'Height': 'aboveMean', 'Shucked_weight': 'belowMean', 'Viscera_weight': 'aboveMean'}",True,Diameter,11.0,{'aboveMean': 100},4.666666666666667,5,False,False
52,52,25,"{'Shell_weight': 'belowMean', 'Sex': 'I', 'Height': 'aboveMean', 'Shucked_weight': 'aboveMean', 'Diameter': 'aboveMean'}",True,Viscera_weight,9.714285714285714,"{'belowMean': 101, 'aboveMean': 102}",0.5714285714285714,5,False,False
53,53,25,"{'Shell_weight': 'belowMean', 'Sex': 'I', 'Height': 'aboveMean', 'Shucked_weight': 'aboveMean', 'Diameter': 'belowMean'}",True,,14.0,{},0.0,5,False,True
54,54,26,"{'Shell_weight': 'belowMean', 'Sex': 'F', 'Shucked_weight': 'belowMean', 'Height': 'belowMean', 'Whole_weight': 'belowMean'}",True,Viscera_weight,10.115789473684211,"{'aboveMean': 103, 'belowMean': 104}",6.278664402942841,5,False,False
55,55,26,"{'Shell_weight': 'belowMean', 'Sex': 'F', 'Shucked_weight': 'belowMean', 'Height': 'belowMean', 'Whole_weight': 'aboveMean'}",True,,6.0,{},0.0,5,False,True
56,56,27,"{'Shell_weight': 'belowMean', 'Sex': 'F', 'Shucked_weight': 'belowMean', 'Height': 'aboveMean', 'Length': 'belowMean'}",True,Diameter,11.735294117647058,"{'belowMean': 105, 'aboveMean': 106}",8.088970588235293,5,False,False
57,57,27,"{'Shell_weight': 'belowMean', 'Sex': 'F', 'Shucked_weight': 'belowMean', 'Height': 'aboveMean', 'Length': 'aboveMean'}",True,Viscera_weight,9.846153846153847,"{'belowMean': 107, 'aboveMean': 108}",5.461538461538462,5,False,False
58,58,28,"{'Shell_weight': 'belowMean', 'Sex': 'F', 'Shucked_weight': 'aboveMean', 'Whole_weight': 'aboveMean', 'Height': 'belowMean'}",True,Viscera_weight,9.571428571428571,"{'aboveMean': 109, 'belowMean': 110}",2.404761904761905,5,False,False
59,59,28,"{'Shell_weight': 'belowMean', 'Sex': 'F', 'Shucked_weight': 'aboveMean', 'Whole_weight': 'aboveMean', 'Height': 'aboveMean'}",True,Length,8.857142857142858,"{'aboveMean': 111, 'belowMean': 112}",0.879120879120879,5,False,False
60,60,29,"{'Shell_weight': 'belowMean', 'Sex': 'F', 'Shucked_weight': 'aboveMean', 'Whole_weight': 'belowMean', 'Length': 'belowMean'}",True,Diameter,7.666666666666667,"{'aboveMean': 113, 'belowMean': 114}",0.16666666666666666,5,False,False
61,61,29,"{'Shell_weight': 'belowMean', 'Sex': 'F', 'Shucked_weight': 'aboveMean', 'Whole_weight': 'belowMean', 'Length': 'aboveMean'}",True,Diameter,8.6,"{'belowMean': 115, 'aboveMean': 116}",0.2,5,False,False
62,62,30,"{'Shell_weight': 'aboveMean', 'Shucked_weight': 'belowMean', 'Diameter': 'aboveMean', 'Whole_weight': 'aboveMean', 'Length': 'aboveMean'}",True,Sex,12.724137931034482,"{'F': 117, 'M': 118, 'I': 119}",9.258620689655173,5,False,False
63,63,30,"{'Shell_weight': 'aboveMean', 'Shucked_weight': 'belowMean', 'Diameter': 'aboveMean', 'Whole_weight': 'aboveMean', 'Length': 'belowMean'}",True,Height,15.333333333333334,"{'belowMean': 120, 'aboveMean': 121}",10.666666666666666,5,False,False
64,64,31,"{'Shell_weight': 'aboveMean', 'Shucked_weight': 'belowMean', 'Diameter': 'aboveMean', 'Whole_weight': 'belowMean', 'Sex': 'F'}",True,Length,11.6,"{'aboveMean': 122, 'belowMean': 123}",3.492424242424242,5,False,False
65,65,31,"{'Shell_weight': 'aboveMean', 'Shucked_weight': 'belowMean', 'Diameter': 'aboveMean', 'Whole_weight': 'belowMean', 'Sex': 'M'}",True,Height,12.047619047619047,"{'aboveMean': 124, 'belowMean': 125}",8.246031746031747,5,False,False
66,66,31,"{'Shell_weight': 'aboveMean', 'Shucked_weight': 'belowMean', 'Diameter': 'aboveMean', 'Whole_weight': 'belowMean', 'Sex': 'I'}",True,Height,9.6,"{'aboveMean': 126, 'belowMean': 127}",0.55,5,False,False
67,67,32,"{'Shell_weight': 'aboveMean', 'Shucked_weight': 'belowMean', 'Diameter': 'belowMean', 'Whole_weight': 'belowMean', 'Length': 'belowMean'}",True,Sex,14.8,"{'M': 128, 'F': 129}",16.3,5,False,False
68,68,32,"{'Shell_weight': 'aboveMean', 'Shucked_weight': 'belowMean', 'Diameter': 'belowMean', 'Whole_weight': 'belowMean', 'Length': 'aboveMean'}",True,,10.0,{},0.0,5,False,True
69,69,33,"{'Shell_weight': 'aboveMean', 'Shucked_weight': 'belowMean', 'Diameter': 'belowMean', 'Whole_weight': 'aboveMean', 'Viscera_weight': 'belowMean'}",True,Height,15.666666666666666,"{'aboveMean': 130, 'belowMean': 131}",1.5,5,False,False
70,70,33,"{'Shell_weight': 'aboveMean', 'Shucked_weight': 'belowMean', 'Diameter': 'belowMean', 'Whole_weight': 'aboveMean', 'Viscera_weight': 'aboveMean'}",True,,19.0,{},0.0,5,False,True
71,71,34,"{'Shell_weight': 'aboveMean', 'Shucked_weight': 'aboveMean', 'Length': 'aboveMean', 'Viscera_weight': 'aboveMean', 'Height': 'aboveMean'}",True,Sex,11.496815286624203,"{'M': 132, 'F': 133, 'I': 134}",8.63992754060643,5,False,False
72,72,34,"{'Shell_weight': 'aboveMean', 'Shucked_weight': 'aboveMean', 'Length': 'aboveMean', 'Viscera_weight': 'aboveMean', 'Height': 'belowMean'}",True,Sex,10.461538461538462,"{'F': 135, 'M': 136}",5.100427350427351,5,False,False
73,73,35,"{'Shell_weight': 'aboveMean', 'Shucked_weight': 'aboveMean', 'Length': 'aboveMean', 'Viscera_weight': 'belowMean', 'Height': 'belowMean'}",True,Sex,11.833333333333334,"{'M': 137, 'F': 138, 'I': 139}",5.777777777777778,5,False,False
74,74,35,"{'Shell_weight': 'aboveMean', 'Shucked_weight': 'aboveMean', 'Length': 'aboveMean', 'Viscera_weight': 'belowMean', 'Height': 'aboveMean'}",True,Sex,10.12,"{'F': 140, 'M': 141, 'I': 142}",4.256507936507936,5,False,False
75,75,36,"{'Shell_weight': 'aboveMean', 'Shucked_weight': 'aboveMean', 'Length': 'belowMean', 'Diameter': 'aboveMean', 'Sex': 'M'}",True,Height,8.5,{'aboveMean': 143},0.25,5,False,False
76,76,36,"{'Shell_weight': 'aboveMean', 'Shucked_weight': 'aboveMean', 'Length': 'belowMean', 'Diameter': 'aboveMean', 'Sex': 'F'}",True,,8.0,{},0.0,5,False,True
77,77,38,"{'Shell_weight': 'belowMean', 'Sex': 'M', 'Height': 'belowMean', 'Diameter': 'belowMean', 'Shucked_weight': 'belowMean', 'Viscera_weight': 'belowMean'}",True,Length,9.031496062992126,{'belowMean': 144},4.250976501953004,6,False,False
78,78,38,"{'Shell_weight': 'belowMean', 'Sex': 'M', 'Height': 'belowMean', 'Diameter': 'belowMean', 'Shucked_weight': 'belowMean', 'Viscera_weight': 'aboveMean'}",True,Length,9.0,{'belowMean': 145},1.0,6,False,False
79,79,39,"{'Shell_weight': 'belowMean', 'Sex': 'M', 'Height': 'belowMean', 'Diameter': 'belowMean', 'Shucked_weight': 'aboveMean', 'Whole_weight': 'belowMean'}",True,,7.0,{},0.0,6,False,True
80,80,39,"{'Shell_weight': 'belowMean', 'Sex': 'M', 'Height': 'belowMean', 'Diameter': 'belowMean', 'Shucked_weight': 'aboveMean', 'Whole_weight': 'aboveMean'}",True,,9.0,{},0.0,6,False,True
81,81,40,"{'Shell_weight': 'belowMean', 'Sex': 'M', 'Height': 'belowMean', 'Diameter': 'aboveMean', 'Viscera_weight': 'belowMean', 'Length': 'aboveMean'}",True,Whole_weight,10.153846153846153,"{'belowMean': 146, 'aboveMean': 147}",4.0524475524475525,6,False,False
82,82,40,"{'Shell_weight': 'belowMean', 'Sex': 'M', 'Height': 'belowMean', 'Diameter': 'aboveMean', 'Viscera_weight': 'belowMean', 'Length': 'belowMean'}",True,Shucked_weight,12.333333333333334,{'belowMean': 148},1.5555555555555556,6,False,False
83,83,41,"{'Shell_weight': 'belowMean', 'Sex': 'M', 'Height': 'belowMean', 'Diameter': 'aboveMean', 'Viscera_weight': 'aboveMean', 'Length': 'aboveMean'}",True,Shucked_weight,9.714285714285714,"{'aboveMean': 149, 'belowMean': 150}",2.0952380952380953,6,False,False
84,84,41,"{'Shell_weight': 'belowMean', 'Sex': 'M', 'Height': 'belowMean', 'Diameter': 'aboveMean', 'Viscera_weight': 'aboveMean', 'Length': 'belowMean'}",True,,7.0,{},0.0,6,False,True
85,85,42,"{'Shell_weight': 'belowMean', 'Sex': 'M', 'Height': 'aboveMean', 'Shucked_weight': 'aboveMean', 'Diameter': 'aboveMean', 'Whole_weight': 'aboveMean'}",True,Viscera_weight,8.777777777777779,"{'aboveMean': 151, 'belowMean': 152}",0.7222222222222222,6,False,False
86,86,42,"{'Shell_weight': 'belowMean', 'Sex': 'M', 'Height': 'aboveMean', 'Shucked_weight': 'aboveMean', 'Diameter': 'aboveMean', 'Whole_weight': 'belowMean'}",True,Length,8.2,"{'belowMean': 153, 'aboveMean': 154}",0.55,6,False,False
87,87,44,"{'Shell_weight': 'belowMean', 'Sex': 'M', 'Height': 'aboveMean', 'Shucked_weight': 'belowMean', 'Whole_weight': 'aboveMean', 'Length': 'belowMean'}",True,Diameter,13.0,"{'aboveMean': 155, 'belowMean': 156}",0.0,6,False,False
88,88,44,"{'Shell_weight': 'belowMean', 'Sex': 'M', 'Height': 'aboveMean', 'Shucked_weight': 'belowMean', 'Whole_weight': 'aboveMean', 'Length': 'aboveMean'}",True,,11.0,{},0.0,6,False,True
89,89,45,"{'Shell_weight': 'belowMean', 'Sex': 'M', 'Height': 'aboveMean', 'Shucked_weight': 'belowMean', 'Whole_weight': 'belowMean', 'Diameter': 'belowMean'}",True,Viscera_weight,10.68421052631579,"{'belowMean': 157, 'aboveMean': 158}",5.4071207430340555,6,False,False
90,90,45,"{'Shell_weight': 'belowMean', 'Sex': 'M', 'Height': 'aboveMean', 'Shucked_weight': 'belowMean', 'Whole_weight': 'belowMean', 'Diameter': 'aboveMean'}",True,Viscera_weight,10.272727272727273,"{'belowMean': 159, 'aboveMean': 160}",4.2272727272727275,6,False,False
91,91,46,"{'Shell_weight': 'belowMean', 'Sex': 'I', 'Height': 'belowMean', 'Length': 'belowMean', 'Diameter': 'belowMean', 'Shucked_weight': 'belowMean'}",True,Viscera_weight,7.052763819095477,{'belowMean': 161},4.009778793464812,6,False,False
92,92,46,"{'Shell_weight': 'belowMean', 'Sex': 'I', 'Height': 'belowMean', 'Length': 'belowMean', 'Diameter': 'belowMean', 'Shucked_weight': 'aboveMean'}",True,Viscera_weight,8.333333333333334,"{'belowMean': 162, 'aboveMean': 163}",0.16666666666666666,6,False,False
93,93,47,"{'Shell_weight': 'belowMean', 'Sex': 'I', 'Height': 'belowMean', 'Length': 'belowMean', 'Diameter': 'aboveMean', 'Shucked_weight': 'belowMean'}",True,Viscera_weight,8.5,{'belowMean': 164},0.25,6,False,False
94,94,48,"{'Shell_weight': 'belowMean', 'Sex': 'I', 'Height': 'belowMean', 'Length': 'aboveMean', 'Shucked_weight': 'belowMean', 'Viscera_weight': 'belowMean'}",True,Diameter,8.666666666666666,"{'aboveMean': 165, 'belowMean': 166}",0.9505208333333334,6,False,False
95,95,48,"{'Shell_weight': 'belowMean', 'Sex': 'I', 'Height': 'belowMean', 'Length': 'aboveMean', 'Shucked_weight': 'belowMean', 'Viscera_weight': 'aboveMean'}",True,,11.0,{},0.0,6,False,True
96,96,49,"{'Shell_weight': 'belowMean', 'Sex': 'I', 'Height': 'belowMean', 'Length': 'aboveMean', 'Shucked_weight': 'aboveMean', 'Viscera_weight': 'belowMean'}",True,Diameter,10.333333333333334,{'aboveMean': 167},1.5555555555555556,6,False,False
97,97,49,"{'Shell_weight': 'belowMean', 'Sex': 'I', 'Height': 'belowMean', 'Length': 'aboveMean', 'Shucked_weight': 'aboveMean', 'Viscera_weight': 'aboveMean'}",True,,9.0,{},0.0,6,False,True
98,98,50,"{'Shell_weight': 'belowMean', 'Sex': 'I', 'Height': 'aboveMean', 'Shucked_weight': 'belowMean', 'Viscera_weight': 'belowMean', 'Length': 'belowMean'}",True,Diameter,9.25,"{'belowMean': 168, 'aboveMean': 169}",5.265151515151515,6,False,False
99,99,50,"{'Shell_weight': 'belowMean', 'Sex': 'I', 'Height': 'aboveMean', 'Shucked_weight': 'belowMean', 'Viscera_weight': 'belowMean', 'Length': 'aboveMean'}",True,Diameter,9.294117647058824,"{'aboveMean': 170, 'belowMean': 171}",1.1176470588235294,6,False,False
100,100,51,"{'Shell_weight': 'belowMean', 'Sex': 'I', 'Height': 'aboveMean', 'Shucked_weight': 'belowMean', 'Viscera_weight': 'aboveMean', 'Diameter': 'aboveMean'}",True,Length,11.0,{'aboveMean': 172},4.666666666666667,6,False,False
101,101,52,"{'Shell_weight': 'belowMean', 'Sex': 'I', 'Height': 'aboveMean', 'Shucked_weight': 'aboveMean', 'Diameter': 'aboveMean', 'Viscera_weight': 'belowMean'}",True,Whole_weight,10.0,"{'belowMean': 173, 'aboveMean': 174}",0.16666666666666666,6,False,False
102,102,52,"{'Shell_weight': 'belowMean', 'Sex': 'I', 'Height': 'aboveMean', 'Shucked_weight': 'aboveMean', 'Diameter': 'aboveMean', 'Viscera_weight': 'aboveMean'}",True,,8.0,{},0.0,6,False,True
103,103,54,"{'Shell_weight': 'belowMean', 'Sex': 'F', 'Shucked_weight': 'belowMean', 'Height': 'belowMean', 'Whole_weight': 'belowMean', 'Viscera_weight': 'aboveMean'}",True,Diameter,12.0,"{'aboveMean': 175, 'belowMean': 176}",0.0,6,False,False
104,104,54,"{'Shell_weight': 'belowMean', 'Sex': 'F', 'Shucked_weight': 'belowMean', 'Height': 'belowMean', 'Whole_weight': 'belowMean', 'Viscera_weight': 'belowMean'}",True,Diameter,10.075268817204302,"{'belowMean': 177, 'aboveMean': 178}",6.094086021505376,6,False,False
105,105,56,"{'Shell_weight': 'belowMean', 'Sex': 'F', 'Shucked_weight': 'belowMean', 'Height': 'aboveMean', 'Length': 'belowMean', 'Diameter': 'belowMean'}",True,Viscera_weight,11.875,"{'belowMean': 179, 'aboveMean': 180}",7.916666666666667,6,False,False
106,106,56,"{'Shell_weight': 'belowMean', 'Sex': 'F', 'Shucked_weight': 'belowMean', 'Height': 'aboveMean', 'Length': 'belowMean', 'Diameter': 'aboveMean'}",True,Viscera_weight,11.4,"{'belowMean': 181, 'aboveMean': 182}",5.95,6,False,False
107,107,57,"{'Shell_weight': 'belowMean', 'Sex': 'F', 'Shucked_weight': 'belowMean', 'Height': 'aboveMean', 'Length': 'aboveMean', 'Viscera_weight': 'belowMean'}",True,Diameter,9.5,{'aboveMean': 183},2.25,6,False,False
108,108,57,"{'Shell_weight': 'belowMean', 'Sex': 'F', 'Shucked_weight': 'belowMean', 'Height': 'aboveMean', 'Length': 'aboveMean', 'Viscera_weight': 'aboveMean'}",True,Whole_weight,10.0,"{'belowMean': 184, 'aboveMean': 185}",6.688888888888889,6,False,False
109,109,58,"{'Shell_weight': 'belowMean', 'Sex': 'F', 'Shucked_weight': 'aboveMean', 'Whole_weight': 'aboveMean', 'Height': 'belowMean', 'Viscera_weight': 'aboveMean'}",True,Diameter,9.833333333333334,"{'aboveMean': 186, 'belowMean': 187}",2.6666666666666665,6,False,False
110,110,58,"{'Shell_weight': 'belowMean', 'Sex': 'F', 'Shucked_weight': 'aboveMean', 'Whole_weight': 'aboveMean', 'Height': 'belowMean', 'Viscera_weight': 'belowMean'}",True,,8.0,{},0.0,6,False,True
111,111,59,"{'Shell_weight': 'belowMean', 'Sex': 'F', 'Shucked_weight': 'aboveMean', 'Whole_weight': 'aboveMean', 'Height': 'aboveMean', 'Length': 'aboveMean'}",True,Viscera_weight,8.76923076923077,"{'belowMean': 188, 'aboveMean': 189}",0.9288461538461539,6,False,False
112,112,59,"{'Shell_weight': 'belowMean', 'Sex': 'F', 'Shucked_weight': 'aboveMean', 'Whole_weight': 'aboveMean', 'Height': 'aboveMean', 'Length': 'belowMean'}",True,,10.0,{},0.0,6,False,True
113,113,60,"{'Shell_weight': 'belowMean', 'Sex': 'F', 'Shucked_weight': 'aboveMean', 'Whole_weight': 'belowMean', 'Length': 'belowMean', 'Diameter': 'aboveMean'}",True,Height,7.5,"{'aboveMean': 190, 'belowMean': 191}",0.0,6,False,False
114,114,60,"{'Shell_weight': 'belowMean', 'Sex': 'F', 'Shucked_weight': 'aboveMean', 'Whole_weight': 'belowMean', 'Length': 'belowMean', 'Diameter': 'belowMean'}",True,,8.0,{},0.0,6,False,True
115,115,61,"{'Shell_weight': 'belowMean', 'Sex': 'F', 'Shucked_weight': 'aboveMean', 'Whole_weight': 'belowMean', 'Length': 'aboveMean', 'Diameter': 'belowMean'}",True,,8.0,{},0.0,6,False,True
116,116,61,"{'Shell_weight': 'belowMean', 'Sex': 'F', 'Shucked_weight': 'aboveMean', 'Whole_weight': 'belowMean', 'Length': 'aboveMean', 'Diameter': 'aboveMean'}",True,Viscera_weight,8.666666666666666,"{'aboveMean': 192, 'belowMean': 193}",0.2142857142857143,6,False,False
117,117,62,"{'Shell_weight': 'aboveMean', 'Shucked_weight': 'belowMean', 'Diameter': 'aboveMean', 'Whole_weight': 'aboveMean', 'Length': 'aboveMean', 'Sex': 'F'}",True,Height,12.5,"{'aboveMean': 194, 'belowMean': 195}",8.227450980392158,6,False,False
118,118,62,"{'Shell_weight': 'aboveMean', 'Shucked_weight': 'belowMean', 'Diameter': 'aboveMean', 'Whole_weight': 'aboveMean', 'Length': 'aboveMean', 'Sex': 'M'}",True,Viscera_weight,13.0,"{'aboveMean': 196, 'belowMean': 197}",9.902272727272727,6,False,False
119,119,62,"{'Shell_weight': 'aboveMean', 'Shucked_weight': 'belowMean', 'Diameter': 'aboveMean', 'Whole_weight': 'aboveMean', 'Length': 'aboveMean', 'Sex': 'I'}",True,Height,12.0,"{'aboveMean': 198, 'belowMean': 199}",4.541666666666667,6,False,False
120,120,63,"{'Shell_weight': 'aboveMean', 'Shucked_weight': 'belowMean', 'Diameter': 'aboveMean', 'Whole_weight': 'aboveMean', 'Length': 'belowMean', 'Height': 'belowMean'}",True,,18.0,{},0.0,6,False,True
121,121,63,"{'Shell_weight': 'aboveMean', 'Shucked_weight': 'belowMean', 'Diameter': 'aboveMean', 'Whole_weight': 'aboveMean', 'Length': 'belowMean', 'Height': 'aboveMean'}",True,Sex,14.0,{'M': 200},16.0,6,False,False
122,122,64,"{'Shell_weight': 'aboveMean', 'Shucked_weight': 'belowMean', 'Diameter': 'aboveMean', 'Whole_weight': 'belowMean', 'Sex': 'F', 'Length': 'aboveMean'}",True,Height,11.181818181818182,"{'aboveMean': 201, 'belowMean': 202}",4.424242424242424,6,False,False
123,123,64,"{'Shell_weight': 'aboveMean', 'Shucked_weight': 'belowMean', 'Diameter': 'aboveMean', 'Whole_weight': 'belowMean', 'Sex': 'F', 'Length': 'belowMean'}",True,Height,12.75,"{'aboveMean': 203, 'belowMean': 204}",0.16666666666666666,6,False,False
124,124,65,"{'Shell_weight': 'aboveMean', 'Shucked_weight': 'belowMean', 'Diameter': 'aboveMean', 'Whole_weight': 'belowMean', 'Sex': 'M', 'Height': 'aboveMean'}",True,Length,12.166666666666666,"{'aboveMean': 205, 'belowMean': 206}",9.305555555555555,6,False,False
125,125,65,"{'Shell_weight': 'aboveMean', 'Shucked_weight': 'belowMean', 'Diameter': 'aboveMean', 'Whole_weight': 'belowMean', 'Sex': 'M', 'Height': 'belowMean'}",True,Length,11.333333333333334,{'aboveMean': 207},1.5555555555555556,6,False,False
126,126,66,"{'Shell_weight': 'aboveMean', 'Shucked_weight': 'belowMean', 'Diameter': 'aboveMean', 'Whole_weight': 'belowMean', 'Sex': 'I', 'Height': 'aboveMean'}",True,Length,9.75,{'aboveMean': 208},0.6875,6,False,False
127,127,66,"{'Shell_weight': 'aboveMean', 'Shucked_weight': 'belowMean', 'Diameter': 'aboveMean', 'Whole_weight': 'belowMean', 'Sex': 'I', 'Height': 'belowMean'}",True,,9.0,{},0.0,6,False,True
128,128,67,"{'Shell_weight': 'aboveMean', 'Shucked_weight': 'belowMean', 'Diameter': 'belowMean', 'Whole_weight': 'belowMean', 'Length': 'belowMean', 'Sex': 'M'}",True,Viscera_weight,15.0,"{'belowMean': 209, 'aboveMean': 210}",19.533333333333335,6,False,False
129,129,67,"{'Shell_weight': 'aboveMean', 'Shucked_weight': 'belowMean', 'Diameter': 'belowMean', 'Whole_weight': 'belowMean', 'Length': 'belowMean', 'Sex': 'F'}",True,Viscera_weight,14.5,"{'aboveMean': 211, 'belowMean': 212}",8.166666666666666,6,False,False
130,130,69,"{'Shell_weight': 'aboveMean', 'Shucked_weight': 'belowMean', 'Diameter': 'belowMean', 'Whole_weight': 'aboveMean', 'Viscera_weight': 'belowMean', 'Height': 'aboveMean'}",True,Length,15.5,{'belowMean': 213},2.25,6,False,False
131,131,69,"{'Shell_weight': 'aboveMean', 'Shucked_weight': 'belowMean', 'Diameter': 'belowMean', 'Whole_weight': 'aboveMean', 'Viscera_weight': 'belowMean', 'Height': 'belowMean'}",True,,16.0,{},0.0,6,False,True
132,132,71,"{'Shell_weight': 'aboveMean', 'Shucked_weight': 'aboveMean', 'Length': 'aboveMean', 'Viscera_weight': 'aboveMean', 'Height': 'aboveMean', 'Sex': 'M'}",True,Diameter,11.373417721518987,"{'aboveMean': 214, 'belowMean': 215}",7.940767530640948,6,False,False
133,133,71,"{'Shell_weight': 'aboveMean', 'Shucked_weight': 'aboveMean', 'Length': 'aboveMean', 'Viscera_weight': 'aboveMean', 'Height': 'aboveMean', 'Sex': 'F'}",True,Diameter,11.596610169491525,"{'aboveMean': 216, 'belowMean': 217}",9.44455949557471,6,False,False
134,134,71,"{'Shell_weight': 'aboveMean', 'Shucked_weight': 'aboveMean', 'Length': 'aboveMean', 'Viscera_weight': 'aboveMean', 'Height': 'aboveMean', 'Sex': 'I'}",True,Diameter,12.058823529411764,{'aboveMean': 218},6.996539792387543,6,False,False
135,135,72,"{'Shell_weight': 'aboveMean', 'Shucked_weight': 'aboveMean', 'Length': 'aboveMean', 'Viscera_weight': 'aboveMean', 'Height': 'belowMean', 'Sex': 'F'}",True,Diameter,9.75,{'aboveMean': 219},0.6875,6,False,False
136,136,72,"{'Shell_weight': 'aboveMean', 'Shucked_weight': 'aboveMean', 'Length': 'aboveMean', 'Viscera_weight': 'aboveMean', 'Height': 'belowMean', 'Sex': 'M'}",True,Diameter,10.777777777777779,{'aboveMean': 220},7.061728395061728,6,False,False
137,137,73,"{'Shell_weight': 'aboveMean', 'Shucked_weight': 'aboveMean', 'Length': 'aboveMean', 'Viscera_weight': 'belowMean', 'Height': 'belowMean', 'Sex': 'M'}",True,Diameter,11.666666666666666,{'aboveMean': 221},10.888888888888888,6,False,False
138,138,73,"{'Shell_weight': 'aboveMean', 'Shucked_weight': 'aboveMean', 'Length': 'aboveMean', 'Viscera_weight': 'belowMean', 'Height': 'belowMean', 'Sex': 'F'}",True,Diameter,13.0,{'aboveMean': 222},1.0,6,False,False
139,139,73,"{'Shell_weight': 'aboveMean', 'Shucked_weight': 'aboveMean', 'Length': 'aboveMean', 'Viscera_weight': 'belowMean', 'Height': 'belowMean', 'Sex': 'I'}",True,,10.0,{},0.0,6,False,True
140,140,74,"{'Shell_weight': 'aboveMean', 'Shucked_weight': 'aboveMean', 'Length': 'aboveMean', 'Viscera_weight': 'belowMean', 'Height': 'aboveMean', 'Sex': 'F'}",True,Whole_weight,10.222222222222221,"{'aboveMean': 223, 'belowMean': 224}",9.277777777777779,6,False,False
141,141,74,"{'Shell_weight': 'aboveMean', 'Shucked_weight': 'aboveMean', 'Length': 'aboveMean', 'Viscera_weight': 'belowMean', 'Height': 'aboveMean', 'Sex': 'M'}",True,Diameter,10.0,{'aboveMean': 225},2.0,6,False,False
142,142,74,"{'Shell_weight': 'aboveMean', 'Shucked_weight': 'aboveMean', 'Length': 'aboveMean', 'Viscera_weight': 'belowMean', 'Height': 'aboveMean', 'Sex': 'I'}",True,Whole_weight,10.142857142857142,"{'aboveMean': 226, 'belowMean': 227}",0.6857142857142857,6,False,False
143,143,75,"{'Shell_weight': 'aboveMean', 'Shucked_weight': 'aboveMean', 'Length': 'belowMean', 'Diameter': 'aboveMean', 'Sex': 'M', 'Height': 'aboveMean'}",True,Viscera_weight,8.5,{'aboveMean': 228},0.25,6,False,False
144,144,77,"{'Shell_weight': 'belowMean', 'Sex': 'M', 'Height': 'belowMean', 'Diameter': 'belowMean', 'Shucked_weight': 'belowMean', 'Viscera_weight': 'belowMean', 'Length': 'belowMean'}",True,,9.031496062992126,{},0.0,7,False,True
145,145,78,"{'Shell_weight': 'belowMean', 'Sex': 'M', 'Height': 'belowMean', 'Diameter': 'belowMean', 'Shucked_weight': 'belowMean', 'Viscera_weight': 'aboveMean', 'Length': 'belowMean'}",True,,9.0,{},0.0,7,False,True
146,146,81,"{'Shell_weight': 'belowMean', 'Sex': 'M', 'Height': 'belowMean', 'Diameter': 'aboveMean', 'Viscera_weight': 'belowMean', 'Length': 'aboveMean', 'Whole_weight': 'belowMean'}",True,,9.727272727272727,{},0.0,7,False,True
147,147,81,"{'Shell_weight': 'belowMean', 'Sex': 'M', 'Height': 'belowMean', 'Diameter': 'aboveMean', 'Viscera_weight': 'belowMean', 'Length': 'aboveMean', 'Whole_weight': 'aboveMean'}",True,,12.5,{},0.0,7,False,True
148,148,82,"{'Shell_weight': 'belowMean', 'Sex': 'M', 'Height': 'belowMean', 'Diameter': 'aboveMean', 'Viscera_weight': 'belowMean', 'Length': 'belowMean', 'Shucked_weight': 'belowMean'}",True,,12.333333333333334,{},0.0,7,False,True
149,149,83,"{'Shell_weight': 'belowMean', 'Sex': 'M', 'Height': 'belowMean', 'Diameter': 'aboveMean', 'Viscera_weight': 'aboveMean', 'Length': 'aboveMean', 'Shucked_weight': 'aboveMean'}",True,,9.333333333333334,{},0.0,7,False,True
150,150,83,"{'Shell_weight': 'belowMean', 'Sex': 'M', 'Height': 'belowMean', 'Diameter': 'aboveMean', 'Viscera_weight': 'aboveMean', 'Length': 'aboveMean', 'Shucked_weight': 'belowMean'}",True,,10.0,{},0.0,7,False,True
151,151,85,"{'Shell_weight': 'belowMean', 'Sex': 'M', 'Height': 'aboveMean', 'Shucked_weight': 'aboveMean', 'Diameter': 'aboveMean', 'Whole_weight': 'aboveMean', 'Viscera_weight': 'aboveMean'}",True,,8.833333333333334,{},0.0,7,False,True
152,152,85,"{'Shell_weight': 'belowMean', 'Sex': 'M', 'Height': 'aboveMean', 'Shucked_weight': 'aboveMean', 'Diameter': 'aboveMean', 'Whole_weight': 'aboveMean', 'Viscera_weight': 'belowMean'}",True,,8.666666666666666,{},0.0,7,False,True
153,153,86,"{'Shell_weight': 'belowMean', 'Sex': 'M', 'Height': 'aboveMean', 'Shucked_weight': 'aboveMean', 'Diameter': 'aboveMean', 'Whole_weight': 'belowMean', 'Length': 'belowMean'}",True,,8.0,{},0.0,7,False,True
154,154,86,"{'Shell_weight': 'belowMean', 'Sex': 'M', 'Height': 'aboveMean', 'Shucked_weight': 'aboveMean', 'Diameter': 'aboveMean', 'Whole_weight': 'belowMean', 'Length': 'aboveMean'}",True,,8.25,{},0.0,7,False,True
155,155,87,"{'Shell_weight': 'belowMean', 'Sex': 'M', 'Height': 'aboveMean', 'Shucked_weight': 'belowMean', 'Whole_weight': 'aboveMean', 'Length': 'belowMean', 'Diameter': 'aboveMean'}",True,,14.0,{},0.0,7,False,True
156,156,87,"{'Shell_weight': 'belowMean', 'Sex': 'M', 'Height': 'aboveMean', 'Shucked_weight': 'belowMean', 'Whole_weight': 'aboveMean', 'Length': 'belowMean', 'Diameter': 'belowMean'}",True,,12.0,{},0.0,7,False,True
157,157,89,"{'Shell_weight': 'belowMean', 'Sex': 'M', 'Height': 'aboveMean', 'Shucked_weight': 'belowMean', 'Whole_weight': 'belowMean', 'Diameter': 'belowMean', 'Viscera_weight': 'belowMean'}",True,,10.470588235294118,{},0.0,7,False,True
158,158,89,"{'Shell_weight': 'belowMean', 'Sex': 'M', 'Height': 'aboveMean', 'Shucked_weight': 'belowMean', 'Whole_weight': 'belowMean', 'Diameter': 'belowMean', 'Viscera_weight': 'aboveMean'}",True,,12.5,{},0.0,7,False,True
159,159,90,"{'Shell_weight': 'belowMean', 'Sex': 'M', 'Height': 'aboveMean', 'Shucked_weight': 'belowMean', 'Whole_weight': 'belowMean', 'Diameter': 'aboveMean', 'Viscera_weight': 'belowMean'}",True,,10.5,{},0.0,7,False,True
160,160,90,"{'Shell_weight': 'belowMean', 'Sex': 'M', 'Height': 'aboveMean', 'Shucked_weight': 'belowMean', 'Whole_weight': 'belowMean', 'Diameter': 'aboveMean', 'Viscera_weight': 'aboveMean'}",True,,8.0,{},0.0,7,False,True
161,161,91,"{'Shell_weight': 'belowMean', 'Sex': 'I', 'Height': 'belowMean', 'Length': 'belowMean', 'Diameter': 'belowMean', 'Shucked_weight': 'belowMean', 'Viscera_weight': 'belowMean'}",True,,7.052763819095477,{},0.0,7,False,True
162,162,92,"{'Shell_weight': 'belowMean', 'Sex': 'I', 'Height': 'belowMean', 'Length': 'belowMean', 'Diameter': 'belowMean', 'Shucked_weight': 'aboveMean', 'Viscera_weight': 'belowMean'}",True,,8.5,{},0.0,7,False,True
163,163,92,"{'Shell_weight': 'belowMean', 'Sex': 'I', 'Height': 'belowMean', 'Length': 'belowMean', 'Diameter': 'belowMean', 'Shucked_weight': 'aboveMean', 'Viscera_weight': 'aboveMean'}",True,,8.0,{},0.0,7,False,True
164,164,93,"{'Shell_weight': 'belowMean', 'Sex': 'I', 'Height': 'belowMean', 'Length': 'belowMean', 'Diameter': 'aboveMean', 'Shucked_weight': 'belowMean', 'Viscera_weight': 'belowMean'}",True,,8.5,{},0.0,7,False,True
165,165,94,"{'Shell_weight': 'belowMean', 'Sex': 'I', 'Height': 'belowMean', 'Length': 'aboveMean', 'Shucked_weight': 'belowMean', 'Viscera_weight': 'belowMean', 'Diameter': 'aboveMean'}",True,,8.5625,{},0.0,7,False,True
166,166,94,"{'Shell_weight': 'belowMean', 'Sex': 'I', 'Height': 'belowMean', 'Length': 'aboveMean', 'Shucked_weight': 'belowMean', 'Viscera_weight': 'belowMean', 'Diameter': 'belowMean'}",True,,8.875,{},0.0,7,False,True
167,167,96,"{'Shell_weight': 'belowMean', 'Sex': 'I', 'Height': 'belowMean', 'Length': 'aboveMean', 'Shucked_weight': 'aboveMean', 'Viscera_weight': 'belowMean', 'Diameter': 'aboveMean'}",True,,10.333333333333334,{},0.0,7,False,True
168,168,98,"{'Shell_weight': 'belowMean', 'Sex': 'I', 'Height': 'aboveMean', 'Shucked_weight': 'belowMean', 'Viscera_weight': 'belowMean', 'Length': 'belowMean', 'Diameter': 'belowMean'}",True,,9.227272727272727,{},0.0,7,False,True
169,169,98,"{'Shell_weight': 'belowMean', 'Sex': 'I', 'Height': 'aboveMean', 'Shucked_weight': 'belowMean', 'Viscera_weight': 'belowMean', 'Length': 'belowMean', 'Diameter': 'aboveMean'}",True,,9.5,{},0.0,7,False,True
170,170,99,"{'Shell_weight': 'belowMean', 'Sex': 'I', 'Height': 'aboveMean', 'Shucked_weight': 'belowMean', 'Viscera_weight': 'belowMean', 'Length': 'aboveMean', 'Diameter': 'aboveMean'}",True,,9.25,{},0.0,7,False,True
171,171,99,"{'Shell_weight': 'belowMean', 'Sex': 'I', 'Height': 'aboveMean', 'Shucked_weight': 'belowMean', 'Viscera_weight': 'belowMean', 'Length': 'aboveMean', 'Diameter': 'belowMean'}",True,,10.0,{},0.0,7,False,True
172,172,100,"{'Shell_weight': 'belowMean', 'Sex': 'I', 'Height': 'aboveMean', 'Shucked_weight': 'belowMean', 'Viscera_weight': 'aboveMean', 'Diameter': 'aboveMean', 'Length': 'aboveMean'}",True,,11.0,{},0.0,7,False,True
173,173,101,"{'Shell_weight': 'belowMean', 'Sex': 'I', 'Height': 'aboveMean', 'Shucked_weight': 'aboveMean', 'Diameter': 'aboveMean', 'Viscera_weight': 'belowMean', 'Whole_weight': 'belowMean'}",True,,10.5,{},0.0,7,False,True
174,174,101,"{'Shell_weight': 'belowMean', 'Sex': 'I', 'Height': 'aboveMean', 'Shucked_weight': 'aboveMean', 'Diameter': 'aboveMean', 'Viscera_weight': 'belowMean', 'Whole_weight': 'aboveMean'}",True,,9.0,{},0.0,7,False,True
175,175,103,"{'Shell_weight': 'belowMean', 'Sex': 'F', 'Shucked_weight': 'belowMean', 'Height': 'belowMean', 'Whole_weight': 'belowMean', 'Viscera_weight': 'aboveMean', 'Diameter': 'aboveMean'}",True,,9.0,{},0.0,7,False,True
176,176,103,"{'Shell_weight': 'belowMean', 'Sex': 'F', 'Shucked_weight': 'belowMean', 'Height': 'belowMean', 'Whole_weight': 'belowMean', 'Viscera_weight': 'aboveMean', 'Diameter': 'belowMean'}",True,,15.0,{},0.0,7,False,True
177,177,104,"{'Shell_weight': 'belowMean', 'Sex': 'F', 'Shucked_weight': 'belowMean', 'Height': 'belowMean', 'Whole_weight': 'belowMean', 'Viscera_weight': 'belowMean', 'Diameter': 'belowMean'}",True,,10.0,{},0.0,7,False,True
178,178,104,"{'Shell_weight': 'belowMean', 'Sex': 'F', 'Shucked_weight': 'belowMean', 'Height': 'belowMean', 'Whole_weight': 'belowMean', 'Viscera_weight': 'belowMean', 'Diameter': 'aboveMean'}",True,,11.75,{},0.0,7,False,True
179,179,105,"{'Shell_weight': 'belowMean', 'Sex': 'F', 'Shucked_weight': 'belowMean', 'Height': 'aboveMean', 'Length': 'belowMean', 'Diameter': 'belowMean', 'Viscera_weight': 'belowMean'}",True,,12.0,{},0.0,7,False,True
180,180,105,"{'Shell_weight': 'belowMean', 'Sex': 'F', 'Shucked_weight': 'belowMean', 'Height': 'aboveMean', 'Length': 'belowMean', 'Diameter': 'belowMean', 'Viscera_weight': 'aboveMean'}",True,,9.0,{},0.0,7,False,True
181,181,106,"{'Shell_weight': 'belowMean', 'Sex': 'F', 'Shucked_weight': 'belowMean', 'Height': 'aboveMean', 'Length': 'belowMean', 'Diameter': 'aboveMean', 'Viscera_weight': 'belowMean'}",True,,10.75,{},0.0,7,False,True
182,182,106,"{'Shell_weight': 'belowMean', 'Sex': 'F', 'Shucked_weight': 'belowMean', 'Height': 'aboveMean', 'Length': 'belowMean', 'Diameter': 'aboveMean', 'Viscera_weight': 'aboveMean'}",True,,14.0,{},0.0,7,False,True
183,183,107,"{'Shell_weight': 'belowMean', 'Sex': 'F', 'Shucked_weight': 'belowMean', 'Height': 'aboveMean', 'Length': 'aboveMean', 'Viscera_weight': 'belowMean', 'Diameter': 'aboveMean'}",True,,9.5,{},0.0,7,False,True
184,184,108,"{'Shell_weight': 'belowMean', 'Sex': 'F', 'Shucked_weight': 'belowMean', 'Height': 'aboveMean', 'Length': 'aboveMean', 'Viscera_weight': 'aboveMean', 'Whole_weight': 'belowMean'}",True,,10.4,{},0.0,7,False,True
185,185,108,"{'Shell_weight': 'belowMean', 'Sex': 'F', 'Shucked_weight': 'belowMean', 'Height': 'aboveMean', 'Length': 'aboveMean', 'Viscera_weight': 'aboveMean', 'Whole_weight': 'aboveMean'}",True,,9.5,{},0.0,7,False,True
186,186,109,"{'Shell_weight': 'belowMean', 'Sex': 'F', 'Shucked_weight': 'aboveMean', 'Whole_weight': 'aboveMean', 'Height': 'belowMean', 'Viscera_weight': 'aboveMean', 'Diameter': 'aboveMean'}",True,,10.0,{},0.0,7,False,True
187,187,109,"{'Shell_weight': 'belowMean', 'Sex': 'F', 'Shucked_weight': 'aboveMean', 'Whole_weight': 'aboveMean', 'Height': 'belowMean', 'Viscera_weight': 'aboveMean', 'Diameter': 'belowMean'}",True,,9.0,{},0.0,7,False,True
188,188,111,"{'Shell_weight': 'belowMean', 'Sex': 'F', 'Shucked_weight': 'aboveMean', 'Whole_weight': 'aboveMean', 'Height': 'aboveMean', 'Length': 'aboveMean', 'Viscera_weight': 'belowMean'}",True,,8.6,{},0.0,7,False,True
189,189,111,"{'Shell_weight': 'belowMean', 'Sex': 'F', 'Shucked_weight': 'aboveMean', 'Whole_weight': 'aboveMean', 'Height': 'aboveMean', 'Length': 'aboveMean', 'Viscera_weight': 'aboveMean'}",True,,8.875,{},0.0,7,False,True
190,190,113,"{'Shell_weight': 'belowMean', 'Sex': 'F', 'Shucked_weight': 'aboveMean', 'Whole_weight': 'belowMean', 'Length': 'belowMean', 'Diameter': 'aboveMean', 'Height': 'aboveMean'}",True,,8.0,{},0.0,7,False,True
191,191,113,"{'Shell_weight': 'belowMean', 'Sex': 'F', 'Shucked_weight': 'aboveMean', 'Whole_weight': 'belowMean', 'Length': 'belowMean', 'Diameter': 'aboveMean', 'Height': 'belowMean'}",True,,7.0,{},0.0,7,False,True
192,192,116,"{'Shell_weight': 'belowMean', 'Sex': 'F', 'Shucked_weight': 'aboveMean', 'Whole_weight': 'belowMean', 'Length': 'aboveMean', 'Diameter': 'aboveMean', 'Viscera_weight': 'aboveMean'}",True,,8.5,{},0.0,7,False,True
193,193,116,"{'Shell_weight': 'belowMean', 'Sex': 'F', 'Shucked_weight': 'aboveMean', 'Whole_weight': 'belowMean', 'Length': 'aboveMean', 'Diameter': 'aboveMean', 'Viscera_weight': 'belowMean'}",True,,8.714285714285714,{},0.0,7,False,True
194,194,117,"{'Shell_weight': 'aboveMean', 'Shucked_weight': 'belowMean', 'Diameter': 'aboveMean', 'Whole_weight': 'aboveMean', 'Length': 'aboveMean', 'Sex': 'F', 'Height': 'aboveMean'}",True,,12.352941176470589,{},0.0,7,False,True
195,195,117,"{'Shell_weight': 'aboveMean', 'Shucked_weight': 'belowMean', 'Diameter': 'aboveMean', 'Whole_weight': 'aboveMean', 'Length': 'aboveMean', 'Sex': 'F', 'Height': 'belowMean'}",True,,13.333333333333334,{},0.0,7,False,True
196,196,118,"{'Shell_weight': 'aboveMean', 'Shucked_weight': 'belowMean', 'Diameter': 'aboveMean', 'Whole_weight': 'aboveMean', 'Length': 'aboveMean', 'Sex': 'M', 'Viscera_weight': 'aboveMean'}",True,,12.681818181818182,{},0.0,7,False,True
197,197,118,"{'Shell_weight': 'aboveMean', 'Shucked_weight': 'belowMean', 'Diameter': 'aboveMean', 'Whole_weight': 'aboveMean', 'Length': 'aboveMean', 'Sex': 'M', 'Viscera_weight': 'belowMean'}",True,,13.7,{},0.0,7,False,True
198,198,119,"{'Shell_weight': 'aboveMean', 'Shucked_weight': 'belowMean', 'Diameter': 'aboveMean', 'Whole_weight': 'aboveMean', 'Length': 'aboveMean', 'Sex': 'I', 'Height': 'aboveMean'}",True,,13.25,{},0.0,7,False,True
199,199,119,"{'Shell_weight': 'aboveMean', 'Shucked_weight': 'belowMean', 'Diameter': 'aboveMean', 'Whole_weight': 'aboveMean', 'Length': 'aboveMean', 'Sex': 'I', 'Height': 'belowMean'}",True,,9.5,{},0.0,7,False,True
200,200,121,"{'Shell_weight': 'aboveMean', 'Shucked_weight': 'belowMean', 'Diameter': 'aboveMean', 'Whole_weight': 'aboveMean', 'Length': 'belowMean', 'Height': 'aboveMean', 'Sex': 'M'}",True,,14.0,{},0.0,7,False,True
201,201,122,"{'Shell_weight': 'aboveMean', 'Shucked_weight': 'belowMean', 'Diameter': 'aboveMean', 'Whole_weight': 'belowMean', 'Sex': 'F', 'Length': 'aboveMean', 'Height': 'aboveMean'}",True,,11.5,{},0.0,7,False,True
202,202,122,"{'Shell_weight': 'aboveMean', 'Shucked_weight': 'belowMean', 'Diameter': 'aboveMean', 'Whole_weight': 'belowMean', 'Sex': 'F', 'Length': 'aboveMean', 'Height': 'belowMean'}",True,,10.333333333333334,{},0.0,7,False,True
203,203,123,"{'Shell_weight': 'aboveMean', 'Shucked_weight': 'belowMean', 'Diameter': 'aboveMean', 'Whole_weight': 'belowMean', 'Sex': 'F', 'Length': 'belowMean', 'Height': 'aboveMean'}",True,,12.666666666666666,{},0.0,7,False,True
204,204,123,"{'Shell_weight': 'aboveMean', 'Shucked_weight': 'belowMean', 'Diameter': 'aboveMean', 'Whole_weight': 'belowMean', 'Sex': 'F', 'Length': 'belowMean', 'Height': 'belowMean'}",True,,13.0,{},0.0,7,False,True
205,205,124,"{'Shell_weight': 'aboveMean', 'Shucked_weight': 'belowMean', 'Diameter': 'aboveMean', 'Whole_weight': 'belowMean', 'Sex': 'M', 'Height': 'aboveMean', 'Length': 'aboveMean'}",True,,12.0,{},0.0,7,False,True
206,206,124,"{'Shell_weight': 'aboveMean', 'Shucked_weight': 'belowMean', 'Diameter': 'aboveMean', 'Whole_weight': 'belowMean', 'Sex': 'M', 'Height': 'aboveMean', 'Length': 'belowMean'}",True,,12.5,{},0.0,7,False,True
207,207,125,"{'Shell_weight': 'aboveMean', 'Shucked_weight': 'belowMean', 'Diameter': 'aboveMean', 'Whole_weight': 'belowMean', 'Sex': 'M', 'Height': 'belowMean', 'Length': 'aboveMean'}",True,,11.333333333333334,{},0.0,7,False,True
208,208,126,"{'Shell_weight': 'aboveMean', 'Shucked_weight': 'belowMean', 'Diameter': 'aboveMean', 'Whole_weight': 'belowMean', 'Sex': 'I', 'Height': 'aboveMean', 'Length': 'aboveMean'}",True,,9.75,{},0.0,7,False,True
209,209,128,"{'Shell_weight': 'aboveMean', 'Shucked_weight': 'belowMean', 'Diameter': 'belowMean', 'Whole_weight': 'belowMean', 'Length': 'belowMean', 'Sex': 'M', 'Viscera_weight': 'belowMean'}",True,,15.4,{},0.0,7,False,True
210,210,128,"{'Shell_weight': 'aboveMean', 'Shucked_weight': 'belowMean', 'Diameter': 'belowMean', 'Whole_weight': 'belowMean', 'Length': 'belowMean', 'Sex': 'M', 'Viscera_weight': 'aboveMean'}",True,,13.0,{},0.0,7,False,True
211,211,129,"{'Shell_weight': 'aboveMean', 'Shucked_weight': 'belowMean', 'Diameter': 'belowMean', 'Whole_weight': 'belowMean', 'Length': 'belowMean', 'Sex': 'F', 'Viscera_weight': 'aboveMean'}",True,,17.0,{},0.0,7,False,True
212,212,129,"{'Shell_weight': 'aboveMean', 'Shucked_weight': 'belowMean', 'Diameter': 'belowMean', 'Whole_weight': 'belowMean', 'Length': 'belowMean', 'Sex': 'F', 'Viscera_weight': 'belowMean'}",True,,13.666666666666666,{},0.0,7,False,True
213,213,130,"{'Shell_weight': 'aboveMean', 'Shucked_weight': 'belowMean', 'Diameter': 'belowMean', 'Whole_weight': 'aboveMean', 'Viscera_weight': 'belowMean', 'Height': 'aboveMean', 'Length': 'belowMean'}",True,,15.5,{},0.0,7,False,True
214,214,132,"{'Shell_weight': 'aboveMean', 'Shucked_weight': 'aboveMean', 'Length': 'aboveMean', 'Viscera_weight': 'aboveMean', 'Height': 'aboveMean', 'Sex': 'M', 'Diameter': 'aboveMean'}",True,,11.368253968253969,{},0.0,7,False,True
215,215,132,"{'Shell_weight': 'aboveMean', 'Shucked_weight': 'aboveMean', 'Length': 'aboveMean', 'Viscera_weight': 'aboveMean', 'Height': 'aboveMean', 'Sex': 'M', 'Diameter': 'belowMean'}",True,,13.0,{},0.0,7,False,True
216,216,133,"{'Shell_weight': 'aboveMean', 'Shucked_weight': 'aboveMean', 'Length': 'aboveMean', 'Viscera_weight': 'aboveMean', 'Height': 'aboveMean', 'Sex': 'F', 'Diameter': 'aboveMean'}",True,,11.610921501706486,{},0.0,7,False,True
217,217,133,"{'Shell_weight': 'aboveMean', 'Shucked_weight': 'aboveMean', 'Length': 'aboveMean', 'Viscera_weight': 'aboveMean', 'Height': 'aboveMean', 'Sex': 'F', 'Diameter': 'belowMean'}",True,,9.5,{},0.0,7,False,True
218,218,134,"{'Shell_weight': 'aboveMean', 'Shucked_weight': 'aboveMean', 'Length': 'aboveMean', 'Viscera_weight': 'aboveMean', 'Height': 'aboveMean', 'Sex': 'I', 'Diameter': 'aboveMean'}",True,,12.058823529411764,{},0.0,7,False,True
219,219,135,"{'Shell_weight': 'aboveMean', 'Shucked_weight': 'aboveMean', 'Length': 'aboveMean', 'Viscera_weight': 'aboveMean', 'Height': 'belowMean', 'Sex': 'F', 'Diameter': 'aboveMean'}",True,,9.75,{},0.0,7,False,True
220,220,136,"{'Shell_weight': 'aboveMean', 'Shucked_weight': 'aboveMean', 'Length': 'aboveMean', 'Viscera_weight': 'aboveMean', 'Height': 'belowMean', 'Sex': 'M', 'Diameter': 'aboveMean'}",True,,10.777777777777779,{},0.0,7,False,True
221,221,137,"{'Shell_weight': 'aboveMean', 'Shucked_weight': 'aboveMean', 'Length': 'aboveMean', 'Viscera_weight': 'belowMean', 'Height': 'belowMean', 'Sex': 'M', 'Diameter': 'aboveMean'}",True,,11.666666666666666,{},0.0,7,False,True
222,222,138,"{'Shell_weight': 'aboveMean', 'Shucked_weight': 'aboveMean', 'Length': 'aboveMean', 'Viscera_weight': 'belowMean', 'Height': 'belowMean', 'Sex': 'F', 'Diameter': 'aboveMean'}",True,,13.0,{},0.0,7,False,True
223,223,140,"{'Shell_weight': 'aboveMean', 'Shucked_weight': 'aboveMean', 'Length': 'aboveMean', 'Viscera_weight': 'belowMean', 'Height': 'aboveMean', 'Sex': 'F', 'Whole_weight': 'aboveMean'}",True,,10.25,{},0.0,7,False,True
224,224,140,"{'Shell_weight': 'aboveMean', 'Shucked_weight': 'aboveMean', 'Length': 'aboveMean', 'Viscera_weight': 'belowMean', 'Height': 'aboveMean', 'Sex': 'F', 'Whole_weight': 'belowMean'}",True,,10.0,{},0.0,7,False,True
225,225,141,"{'Shell_weight': 'aboveMean', 'Shucked_weight': 'aboveMean', 'Length': 'aboveMean', 'Viscera_weight': 'belowMean', 'Height': 'aboveMean', 'Sex': 'M', 'Diameter': 'aboveMean'}",True,,10.0,{},0.0,7,False,True
226,226,142,"{'Shell_weight': 'aboveMean', 'Shucked_weight': 'aboveMean', 'Length': 'aboveMean', 'Viscera_weight': 'belowMean', 'Height': 'aboveMean', 'Sex': 'I', 'Whole_weight': 'aboveMean'}",True,,10.2,{},0.0,7,False,True
227,227,142,"{'Shell_weight': 'aboveMean', 'Shucked_weight': 'aboveMean', 'Length': 'aboveMean', 'Viscera_weight': 'belowMean', 'Height': 'aboveMean', 'Sex': 'I', 'Whole_weight': 'belowMean'}",True,,10.0,{},0.0,7,False,True
228,228,143,"{'Shell_weight': 'aboveMean', 'Shucked_weight': 'aboveMean', 'Length': 'belowMean', 'Diameter': 'aboveMean', 'Sex': 'M', 'Height': 'aboveMean', 'Viscera_weight': 'aboveMean'}",True,,8.5,{},0.0,7,False,True
