,nodeID,parentNode,dataSetFilters,evaluated,nodeFeature,nodePrediction,childrenNodes,gainOrMSE,treeLevel,pruned,isLeaf
0,0,-1,{},True,Shell_weight,10.049072411729503,"{'aboveMean': 1, 'belowMean': 2}",8.106980968685859,0,False,False
1,1,0,{'Shell_weight': 'aboveMean'},True,Shucked_weight,11.720349563046192,"{'aboveMean': 3, 'belowMean': 4}",9.15693980907434,1,False,False
2,2,0,{'Shell_weight': 'belowMean'},True,Sex,8.510344827586207,"{'I': 5, 'M': 6, 'F': 7}",5.523156873431101,1,False,False
3,3,1,"{'Shell_weight': 'aboveMean', 'Shucked_weight': 'aboveMean'}",True,Height,11.527941176470588,"{'aboveMean': 8, 'belowMean': 9}",8.7700754004643,2,False,False
4,4,1,"{'Shell_weight': 'aboveMean', 'Shucked_weight': 'belowMean'}",True,Whole_weight,12.801652892561984,"{'belowMean': 10, 'aboveMean': 11}",9.874546448630648,2,False,False
5,5,2,"{'Shell_weight': 'belowMean', 'Sex': 'I'}",True,Height,7.49375,"{'belowMean': 12, 'aboveMean': 13}",3.740021202064897,2,False,False
6,6,2,"{'Shell_weight': 'belowMean', 'Sex': 'M'}",True,Height,9.23611111111111,"{'belowMean': 14, 'aboveMean': 15}",5.5659327336905084,2,False,False
7,7,2,"{'Shell_weight': 'belowMean', 'Sex': 'F'}",True,Height,10.413793103448276,"{'belowMean': 16, 'aboveMean': 17}",8.542759558996012,2,False,False
8,8,3,"{'Shell_weight': 'aboveMean', 'Shucked_weight': 'aboveMean', 'Height': 'aboveMean'}",True,Length,11.607535321821036,"{'aboveMean': 18, 'belowMean': 19}",9.016276354748326,3,False,False
9,9,3,"{'Shell_weight': 'aboveMean', 'Shucked_weight': 'aboveMean', 'Height': 'belowMean'}",True,Diameter,10.348837209302326,"{'aboveMean': 20, 'belowMean': 21}",3.2469545957918053,3,False,False
10,10,4,"{'Shell_weight': 'aboveMean', 'Shucked_weight': 'belowMean', 'Whole_weight': 'belowMean'}",True,Sex,11.813559322033898,"{'I': 22, 'F': 23, 'M': 24}",8.342837707612947,3,False,False
11,11,4,"{'Shell_weight': 'aboveMean', 'Shucked_weight': 'belowMean', 'Whole_weight': 'aboveMean'}",True,Viscera_weight,13.741935483870968,"{'belowMean': 25, 'aboveMean': 26}",9.958028980929443,3,False,False
12,12,5,"{'Shell_weight': 'belowMean', 'Sex': 'I', 'Height': 'belowMean'}",True,Length,7.338495575221239,"{'belowMean': 27, 'aboveMean': 28}",3.4624446260265387,3,False,False
13,13,5,"{'Shell_weight': 'belowMean', 'Sex': 'I', 'Height': 'aboveMean'}",True,Diameter,10.0,"{'belowMean': 29, 'aboveMean': 30}",3.250954927425515,3,False,False
14,14,6,"{'Shell_weight': 'belowMean', 'Sex': 'M', 'Height': 'belowMean'}",True,Diameter,9.065088757396449,"{'belowMean': 31, 'aboveMean': 32}",5.841071925737706,3,False,False
15,15,6,"{'Shell_weight': 'belowMean', 'Sex': 'M', 'Height': 'aboveMean'}",True,Shucked_weight,9.851063829787234,"{'belowMean': 33, 'aboveMean': 34}",2.6141843971631205,3,False,False
16,16,7,"{'Shell_weight': 'belowMean', 'Sex': 'F', 'Height': 'belowMean'}",True,Shucked_weight,9.912,"{'belowMean': 35, 'aboveMean': 36}",6.988395604395604,3,False,False
17,17,7,"{'Shell_weight': 'belowMean', 'Sex': 'F', 'Height': 'aboveMean'}",True,Shucked_weight,11.693877551020408,"{'belowMean': 37, 'aboveMean': 38}",9.399223792080935,3,False,False
18,18,8,"{'Shell_weight': 'aboveMean', 'Shucked_weight': 'aboveMean', 'Height': 'aboveMean', 'Length': 'aboveMean'}",True,Sex,11.634493670886076,"{'F': 39, 'M': 40, 'I': 41}",9.048310454724254,4,False,False
19,19,8,"{'Shell_weight': 'aboveMean', 'Shucked_weight': 'aboveMean', 'Height': 'aboveMean', 'Length': 'belowMean'}",True,Diameter,8.2,"{'aboveMean': 42, 'belowMean': 43}",0.2333333333333333,4,False,False
20,20,9,"{'Shell_weight': 'aboveMean', 'Shucked_weight': 'aboveMean', 'Height': 'belowMean', 'Diameter': 'aboveMean'}",True,Viscera_weight,10.238095238095237,"{'belowMean': 44, 'aboveMean': 45}",3.174319727891156,4,False,False
21,21,9,"{'Shell_weight': 'aboveMean', 'Shucked_weight': 'aboveMean', 'Height': 'belowMean', 'Diameter': 'belowMean'}",True,,15.0,{},0.0,4,False,True
22,22,10,"{'Shell_weight': 'aboveMean', 'Shucked_weight': 'belowMean', 'Whole_weight': 'belowMean', 'Sex': 'I'}",True,Diameter,11.076923076923077,"{'aboveMean': 46, 'belowMean': 47}",8.12051282051282,4,False,False
23,23,10,"{'Shell_weight': 'aboveMean', 'Shucked_weight': 'belowMean', 'Whole_weight': 'belowMean', 'Sex': 'F'}",True,Viscera_weight,11.73913043478261,"{'aboveMean': 48, 'belowMean': 49}",8.651207729468599,4,False,False
24,24,10,"{'Shell_weight': 'aboveMean', 'Shucked_weight': 'belowMean', 'Whole_weight': 'belowMean', 'Sex': 'M'}",True,Height,12.304347826086957,"{'belowMean': 50, 'aboveMean': 51}",7.010144927536231,4,False,False
25,25,11,"{'Shell_weight': 'aboveMean', 'Shucked_weight': 'belowMean', 'Whole_weight': 'aboveMean', 'Viscera_weight': 'belowMean'}",True,Height,15.368421052631579,"{'aboveMean': 52, 'belowMean': 53}",10.025438596491227,4,False,False
26,26,11,"{'Shell_weight': 'aboveMean', 'Shucked_weight': 'belowMean', 'Whole_weight': 'aboveMean', 'Viscera_weight': 'aboveMean'}",True,Diameter,13.023255813953488,"{'aboveMean': 54, 'belowMean': 55}",8.602265951103162,4,False,False
27,27,12,"{'Shell_weight': 'belowMean', 'Sex': 'I', 'Height': 'belowMean', 'Length': 'belowMean'}",True,Diameter,7.170731707317073,"{'belowMean': 56, 'aboveMean': 57}",3.646082505269497,4,False,False
28,28,12,"{'Shell_weight': 'belowMean', 'Sex': 'I', 'Height': 'belowMean', 'Length': 'aboveMean'}",True,Shucked_weight,8.976190476190476,"{'belowMean': 58, 'aboveMean': 59}",1.0,4,False,False
29,29,13,"{'Shell_weight': 'belowMean', 'Sex': 'I', 'Height': 'aboveMean', 'Diameter': 'belowMean'}",True,Length,10.909090909090908,"{'belowMean': 60, 'aboveMean': 61}",6.732323232323233,4,False,False
30,30,13,"{'Shell_weight': 'belowMean', 'Sex': 'I', 'Height': 'aboveMean', 'Diameter': 'aboveMean'}",True,Whole_weight,9.411764705882353,"{'belowMean': 62, 'aboveMean': 63}",0.9264705882352942,4,False,False
31,31,14,"{'Shell_weight': 'belowMean', 'Sex': 'M', 'Height': 'belowMean', 'Diameter': 'belowMean'}",True,Viscera_weight,8.931506849315069,"{'belowMean': 64, 'aboveMean': 65}",6.099725062704997,4,False,False
32,32,14,"{'Shell_weight': 'belowMean', 'Sex': 'M', 'Height': 'belowMean', 'Diameter': 'aboveMean'}",True,Viscera_weight,9.91304347826087,"{'aboveMean': 66, 'belowMean': 67}",3.6679454390451833,4,False,False
33,33,15,"{'Shell_weight': 'belowMean', 'Sex': 'M', 'Height': 'aboveMean', 'Shucked_weight': 'belowMean'}",True,Diameter,11.3,"{'belowMean': 68, 'aboveMean': 69}",2.94,4,False,False
34,34,15,"{'Shell_weight': 'belowMean', 'Sex': 'M', 'Height': 'aboveMean', 'Shucked_weight': 'aboveMean'}",True,Diameter,8.777777777777779,"{'belowMean': 70, 'aboveMean': 71}",1.1002415458937198,4,False,False
35,35,16,"{'Shell_weight': 'belowMean', 'Sex': 'F', 'Height': 'belowMean', 'Shucked_weight': 'belowMean'}",True,Whole_weight,10.035714285714286,"{'belowMean': 72, 'aboveMean': 73}",7.441280566280566,4,False,False
36,36,16,"{'Shell_weight': 'belowMean', 'Sex': 'F', 'Height': 'belowMean', 'Shucked_weight': 'aboveMean'}",True,Length,8.846153846153847,"{'belowMean': 74, 'aboveMean': 75}",1.5615384615384615,4,False,False
37,37,17,"{'Shell_weight': 'belowMean', 'Sex': 'F', 'Height': 'aboveMean', 'Shucked_weight': 'belowMean'}",True,Diameter,12.694444444444445,"{'aboveMean': 76, 'belowMean': 77}",11.67989417989418,4,False,False
38,38,17,"{'Shell_weight': 'belowMean', 'Sex': 'F', 'Height': 'aboveMean', 'Shucked_weight': 'aboveMean'}",True,Viscera_weight,8.923076923076923,"{'belowMean': 78, 'aboveMean': 79}",0.989010989010989,4,False,False
39,39,18,"{'Shell_weight': 'aboveMean', 'Shucked_weight': 'aboveMean', 'Height': 'aboveMean', 'Length': 'aboveMean', 'Sex': 'F'}",True,Diameter,11.45774647887324,"{'aboveMean': 80, 'belowMean': 81}",8.960595124722236,5,False,False
40,40,18,"{'Shell_weight': 'aboveMean', 'Shucked_weight': 'aboveMean', 'Height': 'aboveMean', 'Length': 'aboveMean', 'Sex': 'M'}",True,Viscera_weight,11.736507936507936,"{'aboveMean': 82, 'belowMean': 83}",9.119611188666564,5,False,False
41,41,18,"{'Shell_weight': 'aboveMean', 'Shucked_weight': 'aboveMean', 'Height': 'aboveMean', 'Length': 'aboveMean', 'Sex': 'I'}",True,Diameter,12.181818181818182,"{'aboveMean': 84, 'belowMean': 85}",8.026515151515152,5,False,False
42,42,19,"{'Shell_weight': 'aboveMean', 'Shucked_weight': 'aboveMean', 'Height': 'aboveMean', 'Length': 'belowMean', 'Diameter': 'aboveMean'}",True,Sex,7.5,{'F': 86},0.25,5,False,False
43,43,19,"{'Shell_weight': 'aboveMean', 'Shucked_weight': 'aboveMean', 'Height': 'aboveMean', 'Length': 'belowMean', 'Diameter': 'belowMean'}",True,Sex,8.666666666666666,{'M': 87},0.2222222222222222,5,False,False
44,44,20,"{'Shell_weight': 'aboveMean', 'Shucked_weight': 'aboveMean', 'Height': 'belowMean', 'Diameter': 'aboveMean', 'Viscera_weight': 'belowMean'}",True,Sex,10.785714285714286,"{'M': 88, 'I': 89, 'F': 90}",3.630952380952381,5,False,False
45,45,20,"{'Shell_weight': 'aboveMean', 'Shucked_weight': 'aboveMean', 'Height': 'belowMean', 'Diameter': 'aboveMean', 'Viscera_weight': 'aboveMean'}",True,Sex,9.964285714285714,"{'F': 91, 'M': 92, 'I': 93}",2.4681318681318687,5,False,False
46,46,22,"{'Shell_weight': 'aboveMean', 'Shucked_weight': 'belowMean', 'Whole_weight': 'belowMean', 'Sex': 'I', 'Diameter': 'aboveMean'}",True,Height,10.9,"{'aboveMean': 94, 'belowMean': 95}",1.5833333333333333,5,False,False
47,47,22,"{'Shell_weight': 'aboveMean', 'Shucked_weight': 'belowMean', 'Whole_weight': 'belowMean', 'Sex': 'I', 'Diameter': 'belowMean'}",True,Height,11.666666666666666,{'belowMean': 96},29.555555555555557,5,False,False
48,48,23,"{'Shell_weight': 'aboveMean', 'Shucked_weight': 'belowMean', 'Whole_weight': 'belowMean', 'Sex': 'F', 'Viscera_weight': 'aboveMean'}",True,Diameter,10.4,"{'aboveMean': 97, 'belowMean': 98}",2.0,5,False,False
49,49,23,"{'Shell_weight': 'aboveMean', 'Shucked_weight': 'belowMean', 'Whole_weight': 'belowMean', 'Sex': 'F', 'Viscera_weight': 'belowMean'}",True,Diameter,12.11111111111111,"{'aboveMean': 99, 'belowMean': 100}",9.98611111111111,5,False,False
50,50,24,"{'Shell_weight': 'aboveMean', 'Shucked_weight': 'belowMean', 'Whole_weight': 'belowMean', 'Sex': 'M', 'Height': 'belowMean'}",True,Length,11.25,"{'aboveMean': 101, 'belowMean': 102}",3.357142857142857,5,False,False
51,51,24,"{'Shell_weight': 'aboveMean', 'Shucked_weight': 'belowMean', 'Whole_weight': 'belowMean', 'Sex': 'M', 'Height': 'aboveMean'}",True,Diameter,12.866666666666667,"{'aboveMean': 103, 'belowMean': 104}",8.258333333333333,5,False,False
52,52,25,"{'Shell_weight': 'aboveMean', 'Shucked_weight': 'belowMean', 'Whole_weight': 'aboveMean', 'Viscera_weight': 'belowMean', 'Height': 'aboveMean'}",True,Sex,14.866666666666667,"{'F': 105, 'M': 106, 'I': 107}",9.325,5,False,False
53,53,25,"{'Shell_weight': 'aboveMean', 'Shucked_weight': 'belowMean', 'Whole_weight': 'aboveMean', 'Viscera_weight': 'belowMean', 'Height': 'belowMean'}",True,Diameter,17.25,"{'aboveMean': 108, 'belowMean': 109}",3.625,5,False,False
54,54,26,"{'Shell_weight': 'aboveMean', 'Shucked_weight': 'belowMean', 'Whole_weight': 'aboveMean', 'Viscera_weight': 'aboveMean', 'Diameter': 'aboveMean'}",True,Length,12.717948717948717,"{'aboveMean': 110, 'belowMean': 111}",8.083670715249662,5,False,False
55,55,26,"{'Shell_weight': 'aboveMean', 'Shucked_weight': 'belowMean', 'Whole_weight': 'aboveMean', 'Viscera_weight': 'aboveMean', 'Diameter': 'belowMean'}",True,Length,16.0,"{'aboveMean': 112, 'belowMean': 113}",5.166666666666667,5,False,False
56,56,27,"{'Shell_weight': 'belowMean', 'Sex': 'I', 'Height': 'belowMean', 'Length': 'belowMean', 'Diameter': 'belowMean'}",True,Shucked_weight,7.14320987654321,"{'belowMean': 114, 'aboveMean': 115}",3.639490855619888,5,False,False
57,57,27,"{'Shell_weight': 'belowMean', 'Sex': 'I', 'Height': 'belowMean', 'Length': 'belowMean', 'Diameter': 'aboveMean'}",True,Shucked_weight,9.4,{'belowMean': 116},3.44,5,False,False
58,58,28,"{'Shell_weight': 'belowMean', 'Sex': 'I', 'Height': 'belowMean', 'Length': 'aboveMean', 'Shucked_weight': 'belowMean'}",True,Viscera_weight,8.857142857142858,"{'belowMean': 117, 'aboveMean': 118}",0.8432900432900433,5,False,False
59,59,28,"{'Shell_weight': 'belowMean', 'Sex': 'I', 'Height': 'belowMean', 'Length': 'aboveMean', 'Shucked_weight': 'aboveMean'}",True,Viscera_weight,9.571428571428571,"{'belowMean': 119, 'aboveMean': 120}",1.3333333333333335,5,False,False
60,60,29,"{'Shell_weight': 'belowMean', 'Sex': 'I', 'Height': 'aboveMean', 'Diameter': 'belowMean', 'Length': 'belowMean'}",True,Shucked_weight,10.777777777777779,"{'belowMean': 121, 'aboveMean': 122}",8.158730158730158,5,False,False
61,61,29,"{'Shell_weight': 'belowMean', 'Sex': 'I', 'Height': 'aboveMean', 'Diameter': 'belowMean', 'Length': 'aboveMean'}",True,Shucked_weight,11.5,{'belowMean': 123},0.25,5,False,False
62,62,30,"{'Shell_weight': 'belowMean', 'Sex': 'I', 'Height': 'aboveMean', 'Diameter': 'aboveMean', 'Whole_weight': 'belowMean'}",True,Shucked_weight,9.375,"{'belowMean': 124, 'aboveMean': 125}",0.951923076923077,5,False,False
63,63,30,"{'Shell_weight': 'belowMean', 'Sex': 'I', 'Height': 'aboveMean', 'Diameter': 'aboveMean', 'Whole_weight': 'aboveMean'}",True,,10.0,{},0.0,5,False,True
64,64,31,"{'Shell_weight': 'belowMean', 'Sex': 'M', 'Height': 'belowMean', 'Diameter': 'belowMean', 'Viscera_weight': 'belowMean'}",True,Shucked_weight,8.908450704225352,"{'belowMean': 126, 'aboveMean': 127}",6.228662485864089,5,False,False
65,65,31,"{'Shell_weight': 'belowMean', 'Sex': 'M', 'Height': 'belowMean', 'Diameter': 'belowMean', 'Viscera_weight': 'aboveMean'}",True,Length,9.75,{'belowMean': 128},1.1875,5,False,False
66,66,32,"{'Shell_weight': 'belowMean', 'Sex': 'M', 'Height': 'belowMean', 'Diameter': 'aboveMean', 'Viscera_weight': 'aboveMean'}",True,Shucked_weight,8.833333333333334,"{'belowMean': 129, 'aboveMean': 130}",0.9166666666666666,5,False,False
67,67,32,"{'Shell_weight': 'belowMean', 'Sex': 'M', 'Height': 'belowMean', 'Diameter': 'aboveMean', 'Viscera_weight': 'belowMean'}",True,Whole_weight,10.294117647058824,"{'belowMean': 131, 'aboveMean': 132}",2.492997198879552,5,False,False
68,68,33,"{'Shell_weight': 'belowMean', 'Sex': 'M', 'Height': 'aboveMean', 'Shucked_weight': 'belowMean', 'Diameter': 'belowMean'}",True,Viscera_weight,12.0,"{'aboveMean': 133, 'belowMean': 134}",3.3757575757575755,5,False,False
69,69,33,"{'Shell_weight': 'belowMean', 'Sex': 'M', 'Height': 'aboveMean', 'Shucked_weight': 'belowMean', 'Diameter': 'aboveMean'}",True,Viscera_weight,9.2,"{'aboveMean': 135, 'belowMean': 136}",0.4,5,False,False
70,70,34,"{'Shell_weight': 'belowMean', 'Sex': 'M', 'Height': 'aboveMean', 'Shucked_weight': 'aboveMean', 'Diameter': 'belowMean'}",True,Length,7.75,"{'belowMean': 137, 'aboveMean': 138}",0.5,5,False,False
71,71,34,"{'Shell_weight': 'belowMean', 'Sex': 'M', 'Height': 'aboveMean', 'Shucked_weight': 'aboveMean', 'Diameter': 'aboveMean'}",True,Viscera_weight,8.956521739130435,"{'aboveMean': 139, 'belowMean': 140}",1.1214046822742474,5,False,False
72,72,35,"{'Shell_weight': 'belowMean', 'Sex': 'F', 'Height': 'belowMean', 'Shucked_weight': 'belowMean', 'Whole_weight': 'belowMean'}",True,Viscera_weight,10.072072072072071,"{'belowMean': 141, 'aboveMean': 142}",7.1493993993994,5,False,False
73,73,35,"{'Shell_weight': 'belowMean', 'Sex': 'F', 'Height': 'belowMean', 'Shucked_weight': 'belowMean', 'Whole_weight': 'aboveMean'}",True,,6.0,{},0.0,5,False,True
74,74,36,"{'Shell_weight': 'belowMean', 'Sex': 'F', 'Height': 'belowMean', 'Shucked_weight': 'aboveMean', 'Length': 'belowMean'}",True,Viscera_weight,8.2,"{'aboveMean': 143, 'belowMean': 144}",0.6333333333333334,5,False,False
75,75,36,"{'Shell_weight': 'belowMean', 'Sex': 'F', 'Height': 'belowMean', 'Shucked_weight': 'aboveMean', 'Length': 'aboveMean'}",True,Diameter,9.25,"{'belowMean': 145, 'aboveMean': 146}",1.75,5,False,False
76,76,37,"{'Shell_weight': 'belowMean', 'Sex': 'F', 'Height': 'aboveMean', 'Shucked_weight': 'belowMean', 'Diameter': 'aboveMean'}",True,Length,11.666666666666666,"{'aboveMean': 147, 'belowMean': 148}",8.236363636363636,5,False,False
77,77,37,"{'Shell_weight': 'belowMean', 'Sex': 'F', 'Height': 'aboveMean', 'Shucked_weight': 'belowMean', 'Diameter': 'belowMean'}",True,Length,13.428571428571429,"{'belowMean': 149, 'aboveMean': 150}",13.838345864661655,5,False,False
78,78,38,"{'Shell_weight': 'belowMean', 'Sex': 'F', 'Height': 'aboveMean', 'Shucked_weight': 'aboveMean', 'Viscera_weight': 'belowMean'}",True,Diameter,9.0,{'aboveMean': 151},1.3333333333333333,5,False,False
79,79,38,"{'Shell_weight': 'belowMean', 'Sex': 'F', 'Height': 'aboveMean', 'Shucked_weight': 'aboveMean', 'Viscera_weight': 'aboveMean'}",True,Whole_weight,8.857142857142858,"{'aboveMean': 152, 'belowMean': 153}",0.6904761904761905,5,False,False
80,80,39,"{'Shell_weight': 'aboveMean', 'Shucked_weight': 'aboveMean', 'Height': 'aboveMean', 'Length': 'aboveMean', 'Sex': 'F', 'Diameter': 'aboveMean'}",True,Viscera_weight,11.480427046263346,"{'aboveMean': 154, 'belowMean': 155}",9.051739458643373,6,False,False
81,81,39,"{'Shell_weight': 'aboveMean', 'Shucked_weight': 'aboveMean', 'Height': 'aboveMean', 'Length': 'aboveMean', 'Sex': 'F', 'Diameter': 'belowMean'}",True,Whole_weight,9.333333333333334,"{'belowMean': 156, 'aboveMean': 157}",0.16666666666666666,6,False,False
82,82,40,"{'Shell_weight': 'aboveMean', 'Shucked_weight': 'aboveMean', 'Height': 'aboveMean', 'Length': 'aboveMean', 'Sex': 'M', 'Viscera_weight': 'aboveMean'}",True,Diameter,11.7557003257329,"{'aboveMean': 158, 'belowMean': 159}",9.301845819761128,6,False,False
83,83,40,"{'Shell_weight': 'aboveMean', 'Shucked_weight': 'aboveMean', 'Height': 'aboveMean', 'Length': 'aboveMean', 'Sex': 'M', 'Viscera_weight': 'belowMean'}",True,Diameter,11.0,{'aboveMean': 160},2.0,6,False,False
84,84,41,"{'Shell_weight': 'aboveMean', 'Shucked_weight': 'aboveMean', 'Height': 'aboveMean', 'Length': 'aboveMean', 'Sex': 'I', 'Diameter': 'aboveMean'}",True,Viscera_weight,12.3125,"{'aboveMean': 161, 'belowMean': 162}",7.997126436781609,6,False,False
85,85,41,"{'Shell_weight': 'aboveMean', 'Shucked_weight': 'aboveMean', 'Height': 'aboveMean', 'Length': 'aboveMean', 'Sex': 'I', 'Diameter': 'belowMean'}",True,,8.0,{},0.0,6,False,True
86,86,42,"{'Shell_weight': 'aboveMean', 'Shucked_weight': 'aboveMean', 'Height': 'aboveMean', 'Length': 'belowMean', 'Diameter': 'aboveMean', 'Sex': 'F'}",True,Viscera_weight,7.5,{'aboveMean': 163},0.25,6,False,False
87,87,43,"{'Shell_weight': 'aboveMean', 'Shucked_weight': 'aboveMean', 'Height': 'aboveMean', 'Length': 'belowMean', 'Diameter': 'belowMean', 'Sex': 'M'}",True,Viscera_weight,8.666666666666666,{'aboveMean': 164},0.2222222222222222,6,False,False
88,88,44,"{'Shell_weight': 'aboveMean', 'Shucked_weight': 'aboveMean', 'Height': 'belowMean', 'Diameter': 'aboveMean', 'Viscera_weight': 'belowMean', 'Sex': 'M'}",True,Length,10.0,{'aboveMean': 165},8.5,6,False,False
89,89,44,"{'Shell_weight': 'aboveMean', 'Shucked_weight': 'aboveMean', 'Height': 'belowMean', 'Diameter': 'aboveMean', 'Viscera_weight': 'belowMean', 'Sex': 'I'}",True,Length,10.0,{'aboveMean': 166},0.5,6,False,False
90,90,44,"{'Shell_weight': 'aboveMean', 'Shucked_weight': 'aboveMean', 'Height': 'belowMean', 'Diameter': 'aboveMean', 'Viscera_weight': 'belowMean', 'Sex': 'F'}",True,Whole_weight,11.833333333333334,"{'aboveMean': 167, 'belowMean': 168}",0.8666666666666667,6,False,False
91,91,45,"{'Shell_weight': 'aboveMean', 'Shucked_weight': 'aboveMean', 'Height': 'belowMean', 'Diameter': 'aboveMean', 'Viscera_weight': 'aboveMean', 'Sex': 'F'}",True,Length,9.8,{'aboveMean': 169},1.7600000000000002,6,False,False
92,92,45,"{'Shell_weight': 'aboveMean', 'Shucked_weight': 'aboveMean', 'Height': 'belowMean', 'Diameter': 'aboveMean', 'Viscera_weight': 'aboveMean', 'Sex': 'M'}",True,Length,10.23076923076923,{'aboveMean': 170},3.8698224852071004,6,False,False
93,93,45,"{'Shell_weight': 'aboveMean', 'Shucked_weight': 'aboveMean', 'Height': 'belowMean', 'Diameter': 'aboveMean', 'Viscera_weight': 'aboveMean', 'Sex': 'I'}",True,Length,9.6,{'aboveMean': 171},0.24,6,False,False
94,94,46,"{'Shell_weight': 'aboveMean', 'Shucked_weight': 'belowMean', 'Whole_weight': 'belowMean', 'Sex': 'I', 'Diameter': 'aboveMean', 'Height': 'aboveMean'}",True,Length,11.166666666666666,{'aboveMean': 172},1.8055555555555554,6,False,False
95,95,46,"{'Shell_weight': 'aboveMean', 'Shucked_weight': 'belowMean', 'Whole_weight': 'belowMean', 'Sex': 'I', 'Diameter': 'aboveMean', 'Height': 'belowMean'}",True,Viscera_weight,10.5,"{'aboveMean': 173, 'belowMean': 174}",1.0,6,False,False
96,96,47,"{'Shell_weight': 'aboveMean', 'Shucked_weight': 'belowMean', 'Whole_weight': 'belowMean', 'Sex': 'I', 'Diameter': 'belowMean', 'Height': 'belowMean'}",True,Length,11.666666666666666,{'belowMean': 175},29.555555555555557,6,False,False
97,97,48,"{'Shell_weight': 'aboveMean', 'Shucked_weight': 'belowMean', 'Whole_weight': 'belowMean', 'Sex': 'F', 'Viscera_weight': 'aboveMean', 'Diameter': 'aboveMean'}",True,Height,10.0,{'aboveMean': 176},0.6666666666666666,6,False,False
98,98,48,"{'Shell_weight': 'aboveMean', 'Shucked_weight': 'belowMean', 'Whole_weight': 'belowMean', 'Sex': 'F', 'Viscera_weight': 'aboveMean', 'Diameter': 'belowMean'}",True,Height,11.0,{'aboveMean': 177},4.0,6,False,False
99,99,49,"{'Shell_weight': 'aboveMean', 'Shucked_weight': 'belowMean', 'Whole_weight': 'belowMean', 'Sex': 'F', 'Viscera_weight': 'belowMean', 'Diameter': 'aboveMean'}",True,Length,12.583333333333334,"{'aboveMean': 178, 'belowMean': 179}",10.674999999999999,6,False,False
100,100,49,"{'Shell_weight': 'aboveMean', 'Shucked_weight': 'belowMean', 'Whole_weight': 'belowMean', 'Sex': 'F', 'Viscera_weight': 'belowMean', 'Diameter': 'belowMean'}",True,Length,11.166666666666666,"{'belowMean': 180, 'aboveMean': 181}",1.3333333333333333,6,False,False
101,101,50,"{'Shell_weight': 'aboveMean', 'Shucked_weight': 'belowMean', 'Whole_weight': 'belowMean', 'Sex': 'M', 'Height': 'belowMean', 'Length': 'aboveMean'}",True,Diameter,11.142857142857142,"{'aboveMean': 182, 'belowMean': 183}",3.619047619047619,6,False,False
102,102,50,"{'Shell_weight': 'aboveMean', 'Shucked_weight': 'belowMean', 'Whole_weight': 'belowMean', 'Sex': 'M', 'Height': 'belowMean', 'Length': 'belowMean'}",True,,12.0,{},0.0,6,False,True
103,103,51,"{'Shell_weight': 'aboveMean', 'Shucked_weight': 'belowMean', 'Whole_weight': 'belowMean', 'Sex': 'M', 'Height': 'aboveMean', 'Diameter': 'aboveMean'}",True,Viscera_weight,13.625,"{'aboveMean': 184, 'belowMean': 185}",5.464285714285714,6,False,False
104,104,51,"{'Shell_weight': 'aboveMean', 'Shucked_weight': 'belowMean', 'Whole_weight': 'belowMean', 'Sex': 'M', 'Height': 'aboveMean', 'Diameter': 'belowMean'}",True,Length,12.0,"{'belowMean': 186, 'aboveMean': 187}",10.476190476190478,6,False,False
105,105,52,"{'Shell_weight': 'aboveMean', 'Shucked_weight': 'belowMean', 'Whole_weight': 'aboveMean', 'Viscera_weight': 'belowMean', 'Height': 'aboveMean', 'Sex': 'F'}",True,Diameter,14.0,{'aboveMean': 188},11.6,6,False,False
106,106,52,"{'Shell_weight': 'aboveMean', 'Shucked_weight': 'belowMean', 'Whole_weight': 'aboveMean', 'Viscera_weight': 'belowMean', 'Height': 'aboveMean', 'Sex': 'M'}",True,Diameter,15.375,{'aboveMean': 189},9.234375,6,False,False
107,107,52,"{'Shell_weight': 'aboveMean', 'Shucked_weight': 'belowMean', 'Whole_weight': 'aboveMean', 'Viscera_weight': 'belowMean', 'Height': 'aboveMean', 'Sex': 'I'}",True,Diameter,15.0,{'aboveMean': 190},4.0,6,False,False
108,108,53,"{'Shell_weight': 'aboveMean', 'Shucked_weight': 'belowMean', 'Whole_weight': 'aboveMean', 'Viscera_weight': 'belowMean', 'Height': 'belowMean', 'Diameter': 'aboveMean'}",True,Length,20.0,"{'belowMean': 191, 'aboveMean': 192}",0.0,6,False,False
109,109,53,"{'Shell_weight': 'aboveMean', 'Shucked_weight': 'belowMean', 'Whole_weight': 'aboveMean', 'Viscera_weight': 'belowMean', 'Height': 'belowMean', 'Diameter': 'belowMean'}",True,Length,14.5,{'belowMean': 193},6.25,6,False,False
110,110,54,"{'Shell_weight': 'aboveMean', 'Shucked_weight': 'belowMean', 'Whole_weight': 'aboveMean', 'Viscera_weight': 'aboveMean', 'Diameter': 'aboveMean', 'Length': 'aboveMean'}",True,Sex,12.578947368421053,"{'F': 194, 'M': 195, 'I': 196}",7.912508544087492,6,False,False
111,111,54,"{'Shell_weight': 'aboveMean', 'Shucked_weight': 'belowMean', 'Whole_weight': 'aboveMean', 'Viscera_weight': 'aboveMean', 'Diameter': 'aboveMean', 'Length': 'belowMean'}",True,,18.0,{},0.0,6,False,True
112,112,55,"{'Shell_weight': 'aboveMean', 'Shucked_weight': 'belowMean', 'Whole_weight': 'aboveMean', 'Viscera_weight': 'aboveMean', 'Diameter': 'belowMean', 'Length': 'aboveMean'}",True,Height,16.666666666666668,{'aboveMean': 197},6.888888888888889,6,False,False
113,113,55,"{'Shell_weight': 'aboveMean', 'Shucked_weight': 'belowMean', 'Whole_weight': 'aboveMean', 'Viscera_weight': 'aboveMean', 'Diameter': 'belowMean', 'Length': 'belowMean'}",True,,14.0,{},0.0,6,False,True
114,114,56,"{'Shell_weight': 'belowMean', 'Sex': 'I', 'Height': 'belowMean', 'Length': 'belowMean', 'Diameter': 'belowMean', 'Shucked_weight': 'belowMean'}",True,Viscera_weight,7.136476426799008,{'belowMean': 198},3.6563121501887212,6,False,False
115,115,56,"{'Shell_weight': 'belowMean', 'Sex': 'I', 'Height': 'belowMean', 'Length': 'belowMean', 'Diameter': 'belowMean', 'Shucked_weight': 'aboveMean'}",True,Viscera_weight,8.5,"{'belowMean': 199, 'aboveMean': 200}",0.0,6,False,False
116,116,57,"{'Shell_weight': 'belowMean', 'Sex': 'I', 'Height': 'belowMean', 'Length': 'belowMean', 'Diameter': 'aboveMean', 'Shucked_weight': 'belowMean'}",True,Viscera_weight,9.4,{'belowMean': 201},3.44,6,False,False
117,117,58,"{'Shell_weight': 'belowMean', 'Sex': 'I', 'Height': 'belowMean', 'Length': 'aboveMean', 'Shucked_weight': 'belowMean', 'Viscera_weight': 'belowMean'}",True,Diameter,8.787878787878787,"{'belowMean': 202, 'aboveMean': 203}",0.8925619834710743,6,False,False
118,118,58,"{'Shell_weight': 'belowMean', 'Sex': 'I', 'Height': 'belowMean', 'Length': 'aboveMean', 'Shucked_weight': 'belowMean', 'Viscera_weight': 'aboveMean'}",True,,10.0,{},0.0,6,False,True
119,119,59,"{'Shell_weight': 'belowMean', 'Sex': 'I', 'Height': 'belowMean', 'Length': 'aboveMean', 'Shucked_weight': 'aboveMean', 'Viscera_weight': 'belowMean'}",True,Whole_weight,9.666666666666666,"{'belowMean': 204, 'aboveMean': 205}",1.5416666666666667,6,False,False
120,120,59,"{'Shell_weight': 'belowMean', 'Sex': 'I', 'Height': 'belowMean', 'Length': 'aboveMean', 'Shucked_weight': 'aboveMean', 'Viscera_weight': 'aboveMean'}",True,,9.0,{},0.0,6,False,True
121,121,60,"{'Shell_weight': 'belowMean', 'Sex': 'I', 'Height': 'aboveMean', 'Diameter': 'belowMean', 'Length': 'belowMean', 'Shucked_weight': 'belowMean'}",True,Viscera_weight,10.714285714285714,{'belowMean': 206},7.9183673469387745,6,False,False
122,122,60,"{'Shell_weight': 'belowMean', 'Sex': 'I', 'Height': 'aboveMean', 'Diameter': 'belowMean', 'Length': 'belowMean', 'Shucked_weight': 'aboveMean'}",True,Viscera_weight,11.0,{'belowMean': 207},9.0,6,False,False
123,123,61,"{'Shell_weight': 'belowMean', 'Sex': 'I', 'Height': 'aboveMean', 'Diameter': 'belowMean', 'Length': 'aboveMean', 'Shucked_weight': 'belowMean'}",True,Viscera_weight,11.5,{'belowMean': 208},0.25,6,False,False
124,124,62,"{'Shell_weight': 'belowMean', 'Sex': 'I', 'Height': 'aboveMean', 'Diameter': 'aboveMean', 'Whole_weight': 'belowMean', 'Shucked_weight': 'belowMean'}",True,Length,9.461538461538462,"{'aboveMean': 209, 'belowMean': 210}",1.005128205128205,6,False,False
125,125,62,"{'Shell_weight': 'belowMean', 'Sex': 'I', 'Height': 'aboveMean', 'Diameter': 'aboveMean', 'Whole_weight': 'belowMean', 'Shucked_weight': 'aboveMean'}",True,Length,9.0,{'aboveMean': 211},0.6666666666666666,6,False,False
126,126,64,"{'Shell_weight': 'belowMean', 'Sex': 'M', 'Height': 'belowMean', 'Diameter': 'belowMean', 'Viscera_weight': 'belowMean', 'Shucked_weight': 'belowMean'}",True,Length,8.927007299270073,"{'belowMean': 212, 'aboveMean': 213}",6.432426454324265,6,False,False
127,127,64,"{'Shell_weight': 'belowMean', 'Sex': 'M', 'Height': 'belowMean', 'Diameter': 'belowMean', 'Viscera_weight': 'belowMean', 'Shucked_weight': 'aboveMean'}",True,Length,8.4,"{'belowMean': 214, 'aboveMean': 215}",0.15,6,False,False
128,128,65,"{'Shell_weight': 'belowMean', 'Sex': 'M', 'Height': 'belowMean', 'Diameter': 'belowMean', 'Viscera_weight': 'aboveMean', 'Length': 'belowMean'}",True,Shucked_weight,9.75,{'belowMean': 216},1.1875,6,False,False
129,129,66,"{'Shell_weight': 'belowMean', 'Sex': 'M', 'Height': 'belowMean', 'Diameter': 'aboveMean', 'Viscera_weight': 'aboveMean', 'Shucked_weight': 'belowMean'}",True,Length,11.5,{'aboveMean': 217},2.25,6,False,False
130,130,66,"{'Shell_weight': 'belowMean', 'Sex': 'M', 'Height': 'belowMean', 'Diameter': 'aboveMean', 'Viscera_weight': 'aboveMean', 'Shucked_weight': 'aboveMean'}",True,Whole_weight,7.5,"{'aboveMean': 218, 'belowMean': 219}",0.0,6,False,False
131,131,67,"{'Shell_weight': 'belowMean', 'Sex': 'M', 'Height': 'belowMean', 'Diameter': 'aboveMean', 'Viscera_weight': 'belowMean', 'Whole_weight': 'belowMean'}",True,Shucked_weight,9.857142857142858,"{'belowMean': 220, 'aboveMean': 221}",2.0,6,False,False
132,132,67,"{'Shell_weight': 'belowMean', 'Sex': 'M', 'Height': 'belowMean', 'Diameter': 'aboveMean', 'Viscera_weight': 'belowMean', 'Whole_weight': 'aboveMean'}",True,Shucked_weight,12.333333333333334,"{'aboveMean': 222, 'belowMean': 223}",4.166666666666667,6,False,False
133,133,68,"{'Shell_weight': 'belowMean', 'Sex': 'M', 'Height': 'aboveMean', 'Shucked_weight': 'belowMean', 'Diameter': 'belowMean', 'Viscera_weight': 'aboveMean'}",True,Length,11.5,"{'belowMean': 224, 'aboveMean': 225}",3.166666666666667,6,False,False
134,134,68,"{'Shell_weight': 'belowMean', 'Sex': 'M', 'Height': 'aboveMean', 'Shucked_weight': 'belowMean', 'Diameter': 'belowMean', 'Viscera_weight': 'belowMean'}",True,Length,12.181818181818182,{'belowMean': 226},3.421487603305785,6,False,False
135,135,69,"{'Shell_weight': 'belowMean', 'Sex': 'M', 'Height': 'aboveMean', 'Shucked_weight': 'belowMean', 'Diameter': 'aboveMean', 'Viscera_weight': 'aboveMean'}",True,,8.0,{},0.0,6,False,True
136,136,69,"{'Shell_weight': 'belowMean', 'Sex': 'M', 'Height': 'aboveMean', 'Shucked_weight': 'belowMean', 'Diameter': 'aboveMean', 'Viscera_weight': 'belowMean'}",True,Length,10.0,{'aboveMean': 227},0.6666666666666666,6,False,False
137,137,70,"{'Shell_weight': 'belowMean', 'Sex': 'M', 'Height': 'aboveMean', 'Shucked_weight': 'aboveMean', 'Diameter': 'belowMean', 'Length': 'belowMean'}",True,Viscera_weight,8.0,"{'belowMean': 228, 'aboveMean': 229}",0.16666666666666666,6,False,False
138,138,70,"{'Shell_weight': 'belowMean', 'Sex': 'M', 'Height': 'aboveMean', 'Shucked_weight': 'aboveMean', 'Diameter': 'belowMean', 'Length': 'aboveMean'}",True,,7.0,{},0.0,6,False,True
139,139,71,"{'Shell_weight': 'belowMean', 'Sex': 'M', 'Height': 'aboveMean', 'Shucked_weight': 'aboveMean', 'Diameter': 'aboveMean', 'Viscera_weight': 'aboveMean'}",True,Whole_weight,9.153846153846153,"{'aboveMean': 230, 'belowMean': 231}",1.0512820512820513,6,False,False
140,140,71,"{'Shell_weight': 'belowMean', 'Sex': 'M', 'Height': 'aboveMean', 'Shucked_weight': 'aboveMean', 'Diameter': 'aboveMean', 'Viscera_weight': 'belowMean'}",True,Whole_weight,8.7,"{'belowMean': 232, 'aboveMean': 233}",1.1833333333333333,6,False,False
141,141,72,"{'Shell_weight': 'belowMean', 'Sex': 'F', 'Height': 'belowMean', 'Shucked_weight': 'belowMean', 'Whole_weight': 'belowMean', 'Viscera_weight': 'belowMean'}",True,Diameter,9.972222222222221,"{'belowMean': 234, 'aboveMean': 235}",7.196296296296297,6,False,False
142,142,72,"{'Shell_weight': 'belowMean', 'Sex': 'F', 'Height': 'belowMean', 'Shucked_weight': 'belowMean', 'Whole_weight': 'belowMean', 'Viscera_weight': 'aboveMean'}",True,Diameter,13.666666666666666,"{'belowMean': 236, 'aboveMean': 237}",0.0,6,False,False
143,143,74,"{'Shell_weight': 'belowMean', 'Sex': 'F', 'Height': 'belowMean', 'Shucked_weight': 'aboveMean', 'Length': 'belowMean', 'Viscera_weight': 'aboveMean'}",True,Diameter,8.666666666666666,"{'belowMean': 238, 'aboveMean': 239}",0.6666666666666666,6,False,False
144,144,74,"{'Shell_weight': 'belowMean', 'Sex': 'F', 'Height': 'belowMean', 'Shucked_weight': 'aboveMean', 'Length': 'belowMean', 'Viscera_weight': 'belowMean'}",True,Diameter,7.5,{'belowMean': 240},0.25,6,False,False
145,145,75,"{'Shell_weight': 'belowMean', 'Sex': 'F', 'Height': 'belowMean', 'Shucked_weight': 'aboveMean', 'Length': 'aboveMean', 'Diameter': 'belowMean'}",True,Whole_weight,8.5,"{'belowMean': 241, 'aboveMean': 242}",0.0,6,False,False
146,146,75,"{'Shell_weight': 'belowMean', 'Sex': 'F', 'Height': 'belowMean', 'Shucked_weight': 'aboveMean', 'Length': 'aboveMean', 'Diameter': 'aboveMean'}",True,Viscera_weight,9.5,"{'belowMean': 243, 'aboveMean': 244}",1.0,6,False,False
147,147,76,"{'Shell_weight': 'belowMean', 'Sex': 'F', 'Height': 'aboveMean', 'Shucked_weight': 'belowMean', 'Diameter': 'aboveMean', 'Length': 'aboveMean'}",True,Viscera_weight,11.363636363636363,"{'belowMean': 245, 'aboveMean': 246}",8.012121212121212,6,False,False
148,148,76,"{'Shell_weight': 'belowMean', 'Sex': 'F', 'Height': 'aboveMean', 'Shucked_weight': 'belowMean', 'Diameter': 'aboveMean', 'Length': 'belowMean'}",True,Viscera_weight,12.5,"{'belowMean': 247, 'aboveMean': 248}",0.5,6,False,False
149,149,77,"{'Shell_weight': 'belowMean', 'Sex': 'F', 'Height': 'aboveMean', 'Shucked_weight': 'belowMean', 'Diameter': 'belowMean', 'Length': 'belowMean'}",True,Viscera_weight,13.31578947368421,"{'belowMean': 249, 'aboveMean': 250}",13.067251461988304,6,False,False
150,150,77,"{'Shell_weight': 'belowMean', 'Sex': 'F', 'Height': 'aboveMean', 'Shucked_weight': 'belowMean', 'Diameter': 'belowMean', 'Length': 'aboveMean'}",True,Viscera_weight,14.5,{'belowMean': 251},20.25,6,False,False
151,151,78,"{'Shell_weight': 'belowMean', 'Sex': 'F', 'Height': 'aboveMean', 'Shucked_weight': 'aboveMean', 'Viscera_weight': 'belowMean', 'Diameter': 'aboveMean'}",True,Length,9.0,{'aboveMean': 252},1.3333333333333333,6,False,False
152,152,79,"{'Shell_weight': 'belowMean', 'Sex': 'F', 'Height': 'aboveMean', 'Shucked_weight': 'aboveMean', 'Viscera_weight': 'aboveMean', 'Whole_weight': 'aboveMean'}",True,Diameter,8.833333333333334,{'aboveMean': 253},0.8055555555555555,6,False,False
153,153,79,"{'Shell_weight': 'belowMean', 'Sex': 'F', 'Height': 'aboveMean', 'Shucked_weight': 'aboveMean', 'Viscera_weight': 'aboveMean', 'Whole_weight': 'belowMean'}",True,,9.0,{},0.0,6,False,True
154,154,80,"{'Shell_weight': 'aboveMean', 'Shucked_weight': 'aboveMean', 'Height': 'aboveMean', 'Length': 'aboveMean', 'Sex': 'F', 'Diameter': 'aboveMean', 'Viscera_weight': 'aboveMean'}",True,,11.487272727272726,{},0.0,7,False,True
155,155,80,"{'Shell_weight': 'aboveMean', 'Shucked_weight': 'aboveMean', 'Height': 'aboveMean', 'Length': 'aboveMean', 'Sex': 'F', 'Diameter': 'aboveMean', 'Viscera_weight': 'belowMean'}",True,,11.166666666666666,{},0.0,7,False,True
156,156,81,"{'Shell_weight': 'aboveMean', 'Shucked_weight': 'aboveMean', 'Height': 'aboveMean', 'Length': 'aboveMean', 'Sex': 'F', 'Diameter': 'belowMean', 'Whole_weight': 'belowMean'}",True,,9.0,{},0.0,7,False,True
157,157,81,"{'Shell_weight': 'aboveMean', 'Shucked_weight': 'aboveMean', 'Height': 'aboveMean', 'Length': 'aboveMean', 'Sex': 'F', 'Diameter': 'belowMean', 'Whole_weight': 'aboveMean'}",True,,9.5,{},0.0,7,False,True
158,158,82,"{'Shell_weight': 'aboveMean', 'Shucked_weight': 'aboveMean', 'Height': 'aboveMean', 'Length': 'aboveMean', 'Sex': 'M', 'Viscera_weight': 'aboveMean', 'Diameter': 'aboveMean'}",True,,11.75,{},0.0,7,False,True
159,159,82,"{'Shell_weight': 'aboveMean', 'Shucked_weight': 'aboveMean', 'Height': 'aboveMean', 'Length': 'aboveMean', 'Sex': 'M', 'Viscera_weight': 'aboveMean', 'Diameter': 'belowMean'}",True,,12.333333333333334,{},0.0,7,False,True
160,160,83,"{'Shell_weight': 'aboveMean', 'Shucked_weight': 'aboveMean', 'Height': 'aboveMean', 'Length': 'aboveMean', 'Sex': 'M', 'Viscera_weight': 'belowMean', 'Diameter': 'aboveMean'}",True,,11.0,{},0.0,7,False,True
161,161,84,"{'Shell_weight': 'aboveMean', 'Shucked_weight': 'aboveMean', 'Height': 'aboveMean', 'Length': 'aboveMean', 'Sex': 'I', 'Diameter': 'aboveMean', 'Viscera_weight': 'aboveMean'}",True,,12.482758620689655,{},0.0,7,False,True
162,162,84,"{'Shell_weight': 'aboveMean', 'Shucked_weight': 'aboveMean', 'Height': 'aboveMean', 'Length': 'aboveMean', 'Sex': 'I', 'Diameter': 'aboveMean', 'Viscera_weight': 'belowMean'}",True,,10.666666666666666,{},0.0,7,False,True
163,163,86,"{'Shell_weight': 'aboveMean', 'Shucked_weight': 'aboveMean', 'Height': 'aboveMean', 'Length': 'belowMean', 'Diameter': 'aboveMean', 'Sex': 'F', 'Viscera_weight': 'aboveMean'}",True,,7.5,{},0.0,7,False,True
164,164,87,"{'Shell_weight': 'aboveMean', 'Shucked_weight': 'aboveMean', 'Height': 'aboveMean', 'Length': 'belowMean', 'Diameter': 'belowMean', 'Sex': 'M', 'Viscera_weight': 'aboveMean'}",True,,8.666666666666666,{},0.0,7,False,True
165,165,88,"{'Shell_weight': 'aboveMean', 'Shucked_weight': 'aboveMean', 'Height': 'belowMean', 'Diameter': 'aboveMean', 'Viscera_weight': 'belowMean', 'Sex': 'M', 'Length': 'aboveMean'}",True,,10.0,{},0.0,7,False,True
166,166,89,"{'Shell_weight': 'aboveMean', 'Shucked_weight': 'aboveMean', 'Height': 'belowMean', 'Diameter': 'aboveMean', 'Viscera_weight': 'belowMean', 'Sex': 'I', 'Length': 'aboveMean'}",True,,10.0,{},0.0,7,False,True
167,167,90,"{'Shell_weight': 'aboveMean', 'Shucked_weight': 'aboveMean', 'Height': 'belowMean', 'Diameter': 'aboveMean', 'Viscera_weight': 'belowMean', 'Sex': 'F', 'Whole_weight': 'aboveMean'}",True,,12.4,{},0.0,7,False,True
168,168,90,"{'Shell_weight': 'aboveMean', 'Shucked_weight': 'aboveMean', 'Height': 'belowMean', 'Diameter': 'aboveMean', 'Viscera_weight': 'belowMean', 'Sex': 'F', 'Whole_weight': 'belowMean'}",True,,9.0,{},0.0,7,False,True
169,169,91,"{'Shell_weight': 'aboveMean', 'Shucked_weight': 'aboveMean', 'Height': 'belowMean', 'Diameter': 'aboveMean', 'Viscera_weight': 'aboveMean', 'Sex': 'F', 'Length': 'aboveMean'}",True,,9.8,{},0.0,7,False,True
170,170,92,"{'Shell_weight': 'aboveMean', 'Shucked_weight': 'aboveMean', 'Height': 'belowMean', 'Diameter': 'aboveMean', 'Viscera_weight': 'aboveMean', 'Sex': 'M', 'Length': 'aboveMean'}",True,,10.23076923076923,{},0.0,7,False,True
171,171,93,"{'Shell_weight': 'aboveMean', 'Shucked_weight': 'aboveMean', 'Height': 'belowMean', 'Diameter': 'aboveMean', 'Viscera_weight': 'aboveMean', 'Sex': 'I', 'Length': 'aboveMean'}",True,,9.6,{},0.0,7,False,True
172,172,94,"{'Shell_weight': 'aboveMean', 'Shucked_weight': 'belowMean', 'Whole_weight': 'belowMean', 'Sex': 'I', 'Diameter': 'aboveMean', 'Height': 'aboveMean', 'Length': 'aboveMean'}",True,,11.166666666666666,{},0.0,7,False,True
173,173,95,"{'Shell_weight': 'aboveMean', 'Shucked_weight': 'belowMean', 'Whole_weight': 'belowMean', 'Sex': 'I', 'Diameter': 'aboveMean', 'Height': 'belowMean', 'Viscera_weight': 'aboveMean'}",True,,11.0,{},0.0,7,False,True
174,174,95,"{'Shell_weight': 'aboveMean', 'Shucked_weight': 'belowMean', 'Whole_weight': 'belowMean', 'Sex': 'I', 'Diameter': 'aboveMean', 'Height': 'belowMean', 'Viscera_weight': 'belowMean'}",True,,10.0,{},0.0,7,False,True
175,175,96,"{'Shell_weight': 'aboveMean', 'Shucked_weight': 'belowMean', 'Whole_weight': 'belowMean', 'Sex': 'I', 'Diameter': 'belowMean', 'Height': 'belowMean', 'Length': 'belowMean'}",True,,11.666666666666666,{},0.0,7,False,True
176,176,97,"{'Shell_weight': 'aboveMean', 'Shucked_weight': 'belowMean', 'Whole_weight': 'belowMean', 'Sex': 'F', 'Viscera_weight': 'aboveMean', 'Diameter': 'aboveMean', 'Height': 'aboveMean'}",True,,10.0,{},0.0,7,False,True
177,177,98,"{'Shell_weight': 'aboveMean', 'Shucked_weight': 'belowMean', 'Whole_weight': 'belowMean', 'Sex': 'F', 'Viscera_weight': 'aboveMean', 'Diameter': 'belowMean', 'Height': 'aboveMean'}",True,,11.0,{},0.0,7,False,True
178,178,99,"{'Shell_weight': 'aboveMean', 'Shucked_weight': 'belowMean', 'Whole_weight': 'belowMean', 'Sex': 'F', 'Viscera_weight': 'belowMean', 'Diameter': 'aboveMean', 'Length': 'aboveMean'}",True,,13.2,{},0.0,7,False,True
179,179,99,"{'Shell_weight': 'aboveMean', 'Shucked_weight': 'belowMean', 'Whole_weight': 'belowMean', 'Sex': 'F', 'Viscera_weight': 'belowMean', 'Diameter': 'aboveMean', 'Length': 'belowMean'}",True,,9.5,{},0.0,7,False,True
180,180,100,"{'Shell_weight': 'aboveMean', 'Shucked_weight': 'belowMean', 'Whole_weight': 'belowMean', 'Sex': 'F', 'Viscera_weight': 'belowMean', 'Diameter': 'belowMean', 'Length': 'belowMean'}",True,,12.0,{},0.0,7,False,True
181,181,100,"{'Shell_weight': 'aboveMean', 'Shucked_weight': 'belowMean', 'Whole_weight': 'belowMean', 'Sex': 'F', 'Viscera_weight': 'belowMean', 'Diameter': 'belowMean', 'Length': 'aboveMean'}",True,,7.0,{},0.0,7,False,True
182,182,101,"{'Shell_weight': 'aboveMean', 'Shucked_weight': 'belowMean', 'Whole_weight': 'belowMean', 'Sex': 'M', 'Height': 'belowMean', 'Length': 'aboveMean', 'Diameter': 'aboveMean'}",True,,11.333333333333334,{},0.0,7,False,True
183,183,101,"{'Shell_weight': 'aboveMean', 'Shucked_weight': 'belowMean', 'Whole_weight': 'belowMean', 'Sex': 'M', 'Height': 'belowMean', 'Length': 'aboveMean', 'Diameter': 'belowMean'}",True,,10.0,{},0.0,7,False,True
184,184,103,"{'Shell_weight': 'aboveMean', 'Shucked_weight': 'belowMean', 'Whole_weight': 'belowMean', 'Sex': 'M', 'Height': 'aboveMean', 'Diameter': 'aboveMean', 'Viscera_weight': 'aboveMean'}",True,,15.0,{},0.0,7,False,True
185,185,103,"{'Shell_weight': 'aboveMean', 'Shucked_weight': 'belowMean', 'Whole_weight': 'belowMean', 'Sex': 'M', 'Height': 'aboveMean', 'Diameter': 'aboveMean', 'Viscera_weight': 'belowMean'}",True,,13.428571428571429,{},0.0,7,False,True
186,186,104,"{'Shell_weight': 'aboveMean', 'Shucked_weight': 'belowMean', 'Whole_weight': 'belowMean', 'Sex': 'M', 'Height': 'aboveMean', 'Diameter': 'belowMean', 'Length': 'belowMean'}",True,,12.333333333333334,{},0.0,7,False,True
187,187,104,"{'Shell_weight': 'aboveMean', 'Shucked_weight': 'belowMean', 'Whole_weight': 'belowMean', 'Sex': 'M', 'Height': 'aboveMean', 'Diameter': 'belowMean', 'Length': 'aboveMean'}",True,,10.0,{},0.0,7,False,True
188,188,105,"{'Shell_weight': 'aboveMean', 'Shucked_weight': 'belowMean', 'Whole_weight': 'aboveMean', 'Viscera_weight': 'belowMean', 'Height': 'aboveMean', 'Sex': 'F', 'Diameter': 'aboveMean'}",True,,14.0,{},0.0,7,False,True
189,189,106,"{'Shell_weight': 'aboveMean', 'Shucked_weight': 'belowMean', 'Whole_weight': 'aboveMean', 'Viscera_weight': 'belowMean', 'Height': 'aboveMean', 'Sex': 'M', 'Diameter': 'aboveMean'}",True,,15.375,{},0.0,7,False,True
190,190,107,"{'Shell_weight': 'aboveMean', 'Shucked_weight': 'belowMean', 'Whole_weight': 'aboveMean', 'Viscera_weight': 'belowMean', 'Height': 'aboveMean', 'Sex': 'I', 'Diameter': 'aboveMean'}",True,,15.0,{},0.0,7,False,True
191,191,108,"{'Shell_weight': 'aboveMean', 'Shucked_weight': 'belowMean', 'Whole_weight': 'aboveMean', 'Viscera_weight': 'belowMean', 'Height': 'belowMean', 'Diameter': 'aboveMean', 'Length': 'belowMean'}",True,,19.0,{},0.0,7,False,True
192,192,108,"{'Shell_weight': 'aboveMean', 'Shucked_weight': 'belowMean', 'Whole_weight': 'aboveMean', 'Viscera_weight': 'belowMean', 'Height': 'belowMean', 'Diameter': 'aboveMean', 'Length': 'aboveMean'}",True,,21.0,{},0.0,7,False,True
193,193,109,"{'Shell_weight': 'aboveMean', 'Shucked_weight': 'belowMean', 'Whole_weight': 'aboveMean', 'Viscera_weight': 'belowMean', 'Height': 'belowMean', 'Diameter': 'belowMean', 'Length': 'belowMean'}",True,,14.5,{},0.0,7,False,True
194,194,110,"{'Shell_weight': 'aboveMean', 'Shucked_weight': 'belowMean', 'Whole_weight': 'aboveMean', 'Viscera_weight': 'aboveMean', 'Diameter': 'aboveMean', 'Length': 'aboveMean', 'Sex': 'F'}",True,,13.090909090909092,{},0.0,7,False,True
195,195,110,"{'Shell_weight': 'aboveMean', 'Shucked_weight': 'belowMean', 'Whole_weight': 'aboveMean', 'Viscera_weight': 'aboveMean', 'Diameter': 'aboveMean', 'Length': 'aboveMean', 'Sex': 'M'}",True,,11.785714285714286,{},0.0,7,False,True
196,196,110,"{'Shell_weight': 'aboveMean', 'Shucked_weight': 'belowMean', 'Whole_weight': 'aboveMean', 'Viscera_weight': 'aboveMean', 'Diameter': 'aboveMean', 'Length': 'aboveMean', 'Sex': 'I'}",True,,12.5,{},0.0,7,False,True
197,197,112,"{'Shell_weight': 'aboveMean', 'Shucked_weight': 'belowMean', 'Whole_weight': 'aboveMean', 'Viscera_weight': 'aboveMean', 'Diameter': 'belowMean', 'Length': 'aboveMean', 'Height': 'aboveMean'}",True,,16.666666666666668,{},0.0,7,False,True
198,198,114,"{'Shell_weight': 'belowMean', 'Sex': 'I', 'Height': 'belowMean', 'Length': 'belowMean', 'Diameter': 'belowMean', 'Shucked_weight': 'belowMean', 'Viscera_weight': 'belowMean'}",True,,7.136476426799008,{},0.0,7,False,True
199,199,115,"{'Shell_weight': 'belowMean', 'Sex': 'I', 'Height': 'belowMean', 'Length': 'belowMean', 'Diameter': 'belowMean', 'Shucked_weight': 'aboveMean', 'Viscera_weight': 'belowMean'}",True,,9.0,{},0.0,7,False,True
200,200,115,"{'Shell_weight': 'belowMean', 'Sex': 'I', 'Height': 'belowMean', 'Length': 'belowMean', 'Diameter': 'belowMean', 'Shucked_weight': 'aboveMean', 'Viscera_weight': 'aboveMean'}",True,,8.0,{},0.0,7,False,True
201,201,116,"{'Shell_weight': 'belowMean', 'Sex': 'I', 'Height': 'belowMean', 'Length': 'belowMean', 'Diameter': 'aboveMean', 'Shucked_weight': 'belowMean', 'Viscera_weight': 'belowMean'}",True,,9.4,{},0.0,7,False,True
202,202,117,"{'Shell_weight': 'belowMean', 'Sex': 'I', 'Height': 'belowMean', 'Length': 'aboveMean', 'Shucked_weight': 'belowMean', 'Viscera_weight': 'belowMean', 'Diameter': 'belowMean'}",True,,8.727272727272727,{},0.0,7,False,True
203,203,117,"{'Shell_weight': 'belowMean', 'Sex': 'I', 'Height': 'belowMean', 'Length': 'aboveMean', 'Shucked_weight': 'belowMean', 'Viscera_weight': 'belowMean', 'Diameter': 'aboveMean'}",True,,8.818181818181818,{},0.0,7,False,True
204,204,119,"{'Shell_weight': 'belowMean', 'Sex': 'I', 'Height': 'belowMean', 'Length': 'aboveMean', 'Shucked_weight': 'aboveMean', 'Viscera_weight': 'belowMean', 'Whole_weight': 'belowMean'}",True,,9.75,{},0.0,7,False,True
205,205,119,"{'Shell_weight': 'belowMean', 'Sex': 'I', 'Height': 'belowMean', 'Length': 'aboveMean', 'Shucked_weight': 'aboveMean', 'Viscera_weight': 'belowMean', 'Whole_weight': 'aboveMean'}",True,,9.5,{},0.0,7,False,True
206,206,121,"{'Shell_weight': 'belowMean', 'Sex': 'I', 'Height': 'aboveMean', 'Diameter': 'belowMean', 'Length': 'belowMean', 'Shucked_weight': 'belowMean', 'Viscera_weight': 'belowMean'}",True,,10.714285714285714,{},0.0,7,False,True
207,207,122,"{'Shell_weight': 'belowMean', 'Sex': 'I', 'Height': 'aboveMean', 'Diameter': 'belowMean', 'Length': 'belowMean', 'Shucked_weight': 'aboveMean', 'Viscera_weight': 'belowMean'}",True,,11.0,{},0.0,7,False,True
208,208,123,"{'Shell_weight': 'belowMean', 'Sex': 'I', 'Height': 'aboveMean', 'Diameter': 'belowMean', 'Length': 'aboveMean', 'Shucked_weight': 'belowMean', 'Viscera_weight': 'belowMean'}",True,,11.5,{},0.0,7,False,True
209,209,124,"{'Shell_weight': 'belowMean', 'Sex': 'I', 'Height': 'aboveMean', 'Diameter': 'aboveMean', 'Whole_weight': 'belowMean', 'Shucked_weight': 'belowMean', 'Length': 'aboveMean'}",True,,9.4,{},0.0,7,False,True
210,210,124,"{'Shell_weight': 'belowMean', 'Sex': 'I', 'Height': 'aboveMean', 'Diameter': 'aboveMean', 'Whole_weight': 'belowMean', 'Shucked_weight': 'belowMean', 'Length': 'belowMean'}",True,,9.666666666666666,{},0.0,7,False,True
211,211,125,"{'Shell_weight': 'belowMean', 'Sex': 'I', 'Height': 'aboveMean', 'Diameter': 'aboveMean', 'Whole_weight': 'belowMean', 'Shucked_weight': 'aboveMean', 'Length': 'aboveMean'}",True,,9.0,{},0.0,7,False,True
212,212,126,"{'Shell_weight': 'belowMean', 'Sex': 'M', 'Height': 'belowMean', 'Diameter': 'belowMean', 'Viscera_weight': 'belowMean', 'Shucked_weight': 'belowMean', 'Length': 'belowMean'}",True,,8.924242424242424,{},0.0,7,False,True
213,213,126,"{'Shell_weight': 'belowMean', 'Sex': 'M', 'Height': 'belowMean', 'Diameter': 'belowMean', 'Viscera_weight': 'belowMean', 'Shucked_weight': 'belowMean', 'Length': 'aboveMean'}",True,,9.0,{},0.0,7,False,True
214,214,127,"{'Shell_weight': 'belowMean', 'Sex': 'M', 'Height': 'belowMean', 'Diameter': 'belowMean', 'Viscera_weight': 'belowMean', 'Shucked_weight': 'aboveMean', 'Length': 'belowMean'}",True,,8.75,{},0.0,7,False,True
215,215,127,"{'Shell_weight': 'belowMean', 'Sex': 'M', 'Height': 'belowMean', 'Diameter': 'belowMean', 'Viscera_weight': 'belowMean', 'Shucked_weight': 'aboveMean', 'Length': 'aboveMean'}",True,,7.0,{},0.0,7,False,True
216,216,128,"{'Shell_weight': 'belowMean', 'Sex': 'M', 'Height': 'belowMean', 'Diameter': 'belowMean', 'Viscera_weight': 'aboveMean', 'Length': 'belowMean', 'Shucked_weight': 'belowMean'}",True,,9.75,{},0.0,7,False,True
217,217,129,"{'Shell_weight': 'belowMean', 'Sex': 'M', 'Height': 'belowMean', 'Diameter': 'aboveMean', 'Viscera_weight': 'aboveMean', 'Shucked_weight': 'belowMean', 'Length': 'aboveMean'}",True,,11.5,{},0.0,7,False,True
218,218,130,"{'Shell_weight': 'belowMean', 'Sex': 'M', 'Height': 'belowMean', 'Diameter': 'aboveMean', 'Viscera_weight': 'aboveMean', 'Shucked_weight': 'aboveMean', 'Whole_weight': 'aboveMean'}",True,,8.0,{},0.0,7,False,True
219,219,130,"{'Shell_weight': 'belowMean', 'Sex': 'M', 'Height': 'belowMean', 'Diameter': 'aboveMean', 'Viscera_weight': 'aboveMean', 'Shucked_weight': 'aboveMean', 'Whole_weight': 'belowMean'}",True,,7.0,{},0.0,7,False,True
220,220,131,"{'Shell_weight': 'belowMean', 'Sex': 'M', 'Height': 'belowMean', 'Diameter': 'aboveMean', 'Viscera_weight': 'belowMean', 'Whole_weight': 'belowMean', 'Shucked_weight': 'belowMean'}",True,,10.0,{},0.0,7,False,True
221,221,131,"{'Shell_weight': 'belowMean', 'Sex': 'M', 'Height': 'belowMean', 'Diameter': 'aboveMean', 'Viscera_weight': 'belowMean', 'Whole_weight': 'belowMean', 'Shucked_weight': 'aboveMean'}",True,,9.0,{},0.0,7,False,True
222,222,132,"{'Shell_weight': 'belowMean', 'Sex': 'M', 'Height': 'belowMean', 'Diameter': 'aboveMean', 'Viscera_weight': 'belowMean', 'Whole_weight': 'aboveMean', 'Shucked_weight': 'aboveMean'}",True,,12.5,{},0.0,7,False,True
223,223,132,"{'Shell_weight': 'belowMean', 'Sex': 'M', 'Height': 'belowMean', 'Diameter': 'aboveMean', 'Viscera_weight': 'belowMean', 'Whole_weight': 'aboveMean', 'Shucked_weight': 'belowMean'}",True,,12.0,{},0.0,7,False,True
224,224,133,"{'Shell_weight': 'belowMean', 'Sex': 'M', 'Height': 'aboveMean', 'Shucked_weight': 'belowMean', 'Diameter': 'belowMean', 'Viscera_weight': 'aboveMean', 'Length': 'belowMean'}",True,,11.666666666666666,{},0.0,7,False,True
225,225,133,"{'Shell_weight': 'belowMean', 'Sex': 'M', 'Height': 'aboveMean', 'Shucked_weight': 'belowMean', 'Diameter': 'belowMean', 'Viscera_weight': 'aboveMean', 'Length': 'aboveMean'}",True,,11.0,{},0.0,7,False,True
226,226,134,"{'Shell_weight': 'belowMean', 'Sex': 'M', 'Height': 'aboveMean', 'Shucked_weight': 'belowMean', 'Diameter': 'belowMean', 'Viscera_weight': 'belowMean', 'Length': 'belowMean'}",True,,12.181818181818182,{},0.0,7,False,True
227,227,136,"{'Shell_weight': 'belowMean', 'Sex': 'M', 'Height': 'aboveMean', 'Shucked_weight': 'belowMean', 'Diameter': 'aboveMean', 'Viscera_weight': 'belowMean', 'Length': 'aboveMean'}",True,,10.0,{},0.0,7,False,True
228,228,137,"{'Shell_weight': 'belowMean', 'Sex': 'M', 'Height': 'aboveMean', 'Shucked_weight': 'aboveMean', 'Diameter': 'belowMean', 'Length': 'belowMean', 'Viscera_weight': 'belowMean'}",True,,7.5,{},0.0,7,False,True
229,229,137,"{'Shell_weight': 'belowMean', 'Sex': 'M', 'Height': 'aboveMean', 'Shucked_weight': 'aboveMean', 'Diameter': 'belowMean', 'Length': 'belowMean', 'Viscera_weight': 'aboveMean'}",True,,9.0,{},0.0,7,False,True
230,230,139,"{'Shell_weight': 'belowMean', 'Sex': 'M', 'Height': 'aboveMean', 'Shucked_weight': 'aboveMean', 'Diameter': 'aboveMean', 'Viscera_weight': 'aboveMean', 'Whole_weight': 'aboveMean'}",True,,9.166666666666666,{},0.0,7,False,True
231,231,139,"{'Shell_weight': 'belowMean', 'Sex': 'M', 'Height': 'aboveMean', 'Shucked_weight': 'aboveMean', 'Diameter': 'aboveMean', 'Viscera_weight': 'aboveMean', 'Whole_weight': 'belowMean'}",True,,9.0,{},0.0,7,False,True
232,232,140,"{'Shell_weight': 'belowMean', 'Sex': 'M', 'Height': 'aboveMean', 'Shucked_weight': 'aboveMean', 'Diameter': 'aboveMean', 'Viscera_weight': 'belowMean', 'Whole_weight': 'belowMean'}",True,,8.833333333333334,{},0.0,7,False,True
233,233,140,"{'Shell_weight': 'belowMean', 'Sex': 'M', 'Height': 'aboveMean', 'Shucked_weight': 'aboveMean', 'Diameter': 'aboveMean', 'Viscera_weight': 'belowMean', 'Whole_weight': 'aboveMean'}",True,,8.5,{},0.0,7,False,True
234,234,141,"{'Shell_weight': 'belowMean', 'Sex': 'F', 'Height': 'belowMean', 'Shucked_weight': 'belowMean', 'Whole_weight': 'belowMean', 'Viscera_weight': 'belowMean', 'Diameter': 'belowMean'}",True,,9.933333333333334,{},0.0,7,False,True
235,235,141,"{'Shell_weight': 'belowMean', 'Sex': 'F', 'Height': 'belowMean', 'Shucked_weight': 'belowMean', 'Whole_weight': 'belowMean', 'Viscera_weight': 'belowMean', 'Diameter': 'aboveMean'}",True,,11.333333333333334,{},0.0,7,False,True
236,236,142,"{'Shell_weight': 'belowMean', 'Sex': 'F', 'Height': 'belowMean', 'Shucked_weight': 'belowMean', 'Whole_weight': 'belowMean', 'Viscera_weight': 'aboveMean', 'Diameter': 'belowMean'}",True,,15.0,{},0.0,7,False,True
237,237,142,"{'Shell_weight': 'belowMean', 'Sex': 'F', 'Height': 'belowMean', 'Shucked_weight': 'belowMean', 'Whole_weight': 'belowMean', 'Viscera_weight': 'aboveMean', 'Diameter': 'aboveMean'}",True,,11.0,{},0.0,7,False,True
238,238,143,"{'Shell_weight': 'belowMean', 'Sex': 'F', 'Height': 'belowMean', 'Shucked_weight': 'aboveMean', 'Length': 'belowMean', 'Viscera_weight': 'aboveMean', 'Diameter': 'belowMean'}",True,,9.0,{},0.0,7,False,True
239,239,143,"{'Shell_weight': 'belowMean', 'Sex': 'F', 'Height': 'belowMean', 'Shucked_weight': 'aboveMean', 'Length': 'belowMean', 'Viscera_weight': 'aboveMean', 'Diameter': 'aboveMean'}",True,,8.0,{},0.0,7,False,True
240,240,144,"{'Shell_weight': 'belowMean', 'Sex': 'F', 'Height': 'belowMean', 'Shucked_weight': 'aboveMean', 'Length': 'belowMean', 'Viscera_weight': 'belowMean', 'Diameter': 'belowMean'}",True,,7.5,{},0.0,7,False,True
241,241,145,"{'Shell_weight': 'belowMean', 'Sex': 'F', 'Height': 'belowMean', 'Shucked_weight': 'aboveMean', 'Length': 'aboveMean', 'Diameter': 'belowMean', 'Whole_weight': 'belowMean'}",True,,8.0,{},0.0,7,False,True
242,242,145,"{'Shell_weight': 'belowMean', 'Sex': 'F', 'Height': 'belowMean', 'Shucked_weight': 'aboveMean', 'Length': 'aboveMean', 'Diameter': 'belowMean', 'Whole_weight': 'aboveMean'}",True,,9.0,{},0.0,7,False,True
243,243,146,"{'Shell_weight': 'belowMean', 'Sex': 'F', 'Height': 'belowMean', 'Shucked_weight': 'aboveMean', 'Length': 'aboveMean', 'Diameter': 'aboveMean', 'Viscera_weight': 'belowMean'}",True,,9.0,{},0.0,7,False,True
244,244,146,"{'Shell_weight': 'belowMean', 'Sex': 'F', 'Height': 'belowMean', 'Shucked_weight': 'aboveMean', 'Length': 'aboveMean', 'Diameter': 'aboveMean', 'Viscera_weight': 'aboveMean'}",True,,12.0,{},0.0,7,False,True
245,245,147,"{'Shell_weight': 'belowMean', 'Sex': 'F', 'Height': 'aboveMean', 'Shucked_weight': 'belowMean', 'Diameter': 'aboveMean', 'Length': 'aboveMean', 'Viscera_weight': 'belowMean'}",True,,12.2,{},0.0,7,False,True
246,246,147,"{'Shell_weight': 'belowMean', 'Sex': 'F', 'Height': 'aboveMean', 'Shucked_weight': 'belowMean', 'Diameter': 'aboveMean', 'Length': 'aboveMean', 'Viscera_weight': 'aboveMean'}",True,,10.666666666666666,{},0.0,7,False,True
247,247,148,"{'Shell_weight': 'belowMean', 'Sex': 'F', 'Height': 'aboveMean', 'Shucked_weight': 'belowMean', 'Diameter': 'aboveMean', 'Length': 'belowMean', 'Viscera_weight': 'belowMean'}",True,,8.0,{},0.0,7,False,True
248,248,148,"{'Shell_weight': 'belowMean', 'Sex': 'F', 'Height': 'aboveMean', 'Shucked_weight': 'belowMean', 'Diameter': 'aboveMean', 'Length': 'belowMean', 'Viscera_weight': 'aboveMean'}",True,,14.0,{},0.0,7,False,True
249,249,149,"{'Shell_weight': 'belowMean', 'Sex': 'F', 'Height': 'aboveMean', 'Shucked_weight': 'belowMean', 'Diameter': 'belowMean', 'Length': 'belowMean', 'Viscera_weight': 'belowMean'}",True,,13.38888888888889,{},0.0,7,False,True
250,250,149,"{'Shell_weight': 'belowMean', 'Sex': 'F', 'Height': 'aboveMean', 'Shucked_weight': 'belowMean', 'Diameter': 'belowMean', 'Length': 'belowMean', 'Viscera_weight': 'aboveMean'}",True,,12.0,{},0.0,7,False,True
251,251,150,"{'Shell_weight': 'belowMean', 'Sex': 'F', 'Height': 'aboveMean', 'Shucked_weight': 'belowMean', 'Diameter': 'belowMean', 'Length': 'aboveMean', 'Viscera_weight': 'belowMean'}",True,,14.5,{},0.0,7,False,True
252,252,151,"{'Shell_weight': 'belowMean', 'Sex': 'F', 'Height': 'aboveMean', 'Shucked_weight': 'aboveMean', 'Viscera_weight': 'belowMean', 'Diameter': 'aboveMean', 'Length': 'aboveMean'}",True,,9.0,{},0.0,7,False,True
253,253,152,"{'Shell_weight': 'belowMean', 'Sex': 'F', 'Height': 'aboveMean', 'Shucked_weight': 'aboveMean', 'Viscera_weight': 'aboveMean', 'Whole_weight': 'aboveMean', 'Diameter': 'aboveMean'}",True,,8.833333333333334,{},0.0,7,False,True
