,nodeID,parentNode,dataSetFilters,evaluated,nodeFeature,nodePrediction,childrenNodes,gainOrMSE,treeLevel,pruned,isLeaf
0,0,-1,{},True,Height,9.96588868940754,"{'belowMean': 1, 'aboveMean': 2}",8.144890836264786,0,False,False
1,1,0,{'Height': 'belowMean'},True,Sex,8.18348623853211,"{'M': 3, 'F': 4, 'I': 5}",5.136105127388151,1,False,False
2,2,0,{'Height': 'aboveMean'},True,Shell_weight,11.463656387665198,"{'belowMean': 6, 'aboveMean': 7}",9.335519147774587,1,False,False
3,3,1,"{'Height': 'belowMean', 'Sex': 'M'}",True,Shell_weight,9.105555555555556,"{'belowMean': 8, 'aboveMean': 9}",4.633613018052377,2,False,False
4,4,1,"{'Height': 'belowMean', 'Sex': 'F'}",True,Shell_weight,10.097744360902256,"{'belowMean': 10, 'aboveMean': 11}",7.4645165545442556,2,False,False
5,5,1,"{'Height': 'belowMean', 'Sex': 'I'}",True,Length,7.248888888888889,"{'belowMean': 12, 'aboveMean': 13}",3.9325135501355013,2,False,False
6,6,2,"{'Height': 'aboveMean', 'Shell_weight': 'belowMean'}",True,Length,10.463576158940397,"{'aboveMean': 14, 'belowMean': 15}",5.988861178640288,2,False,False
7,7,2,"{'Height': 'aboveMean', 'Shell_weight': 'aboveMean'}",True,Shucked_weight,11.663143989431969,"{'aboveMean': 16, 'belowMean': 17}",9.619415951284793,2,False,False
8,8,3,"{'Height': 'belowMean', 'Sex': 'M', 'Shell_weight': 'belowMean'}",True,Diameter,8.869565217391305,"{'belowMean': 18, 'aboveMean': 19}",4.245466937225536,3,False,False
9,9,3,"{'Height': 'belowMean', 'Sex': 'M', 'Shell_weight': 'aboveMean'}",True,Shucked_weight,11.105263157894736,"{'belowMean': 20, 'aboveMean': 21}",4.658492822966507,3,False,False
10,10,4,"{'Height': 'belowMean', 'Sex': 'F', 'Shell_weight': 'belowMean'}",True,Diameter,9.74561403508772,"{'aboveMean': 22, 'belowMean': 23}",6.662413609782031,3,False,False
11,11,4,"{'Height': 'belowMean', 'Sex': 'F', 'Shell_weight': 'aboveMean'}",True,Shucked_weight,12.210526315789474,"{'belowMean': 24, 'aboveMean': 25}",7.4066985645933014,3,False,False
12,12,5,"{'Height': 'belowMean', 'Sex': 'I', 'Length': 'belowMean'}",True,Diameter,7.075609756097561,"{'belowMean': 26, 'aboveMean': 27}",4.189754904884012,3,False,False
13,13,5,"{'Height': 'belowMean', 'Sex': 'I', 'Length': 'aboveMean'}",True,Shell_weight,9.025,"{'belowMean': 28, 'aboveMean': 29}",0.8669642857142857,3,False,False
14,14,6,"{'Height': 'aboveMean', 'Shell_weight': 'belowMean', 'Length': 'aboveMean'}",True,Shucked_weight,9.329113924050633,"{'belowMean': 30, 'aboveMean': 31}",2.7021162211035628,3,False,False
15,15,6,"{'Height': 'aboveMean', 'Shell_weight': 'belowMean', 'Length': 'belowMean'}",True,Sex,11.708333333333334,"{'F': 32, 'M': 33, 'I': 34}",7.557025279247502,3,False,False
16,16,7,"{'Height': 'aboveMean', 'Shell_weight': 'aboveMean', 'Shucked_weight': 'aboveMean'}",True,Length,11.544360902255638,"{'aboveMean': 35, 'belowMean': 36}",9.47648902225214,3,False,False
17,17,7,"{'Height': 'aboveMean', 'Shell_weight': 'aboveMean', 'Shucked_weight': 'belowMean'}",True,Sex,12.521739130434783,"{'F': 37, 'M': 38, 'I': 39}",9.556728778467908,3,False,False
18,18,8,"{'Height': 'belowMean', 'Sex': 'M', 'Shell_weight': 'belowMean', 'Diameter': 'belowMean'}",True,Viscera_weight,8.716417910447761,"{'belowMean': 40, 'aboveMean': 41}",4.498732434565083,4,False,False
19,19,8,"{'Height': 'belowMean', 'Sex': 'M', 'Shell_weight': 'belowMean', 'Diameter': 'aboveMean'}",True,Length,9.62962962962963,"{'aboveMean': 42, 'belowMean': 43}",2.6874074074074077,4,False,False
20,20,9,"{'Height': 'belowMean', 'Sex': 'M', 'Shell_weight': 'aboveMean', 'Shucked_weight': 'belowMean'}",True,Viscera_weight,12.875,"{'belowMean': 44, 'aboveMean': 45}",3.75,4,False,False
21,21,9,"{'Height': 'belowMean', 'Sex': 'M', 'Shell_weight': 'aboveMean', 'Shucked_weight': 'aboveMean'}",True,Diameter,9.818181818181818,"{'aboveMean': 46, 'belowMean': 47}",3.4545454545454546,4,False,False
22,22,10,"{'Height': 'belowMean', 'Sex': 'F', 'Shell_weight': 'belowMean', 'Diameter': 'aboveMean'}",True,Shucked_weight,8.666666666666666,"{'belowMean': 48, 'aboveMean': 49}",1.9619047619047618,4,False,False
23,23,10,"{'Height': 'belowMean', 'Sex': 'F', 'Shell_weight': 'belowMean', 'Diameter': 'belowMean'}",True,Viscera_weight,9.909090909090908,"{'belowMean': 50, 'aboveMean': 51}",7.184601113172541,4,False,False
24,24,11,"{'Height': 'belowMean', 'Sex': 'F', 'Shell_weight': 'aboveMean', 'Shucked_weight': 'belowMean'}",True,Length,14.5,"{'aboveMean': 52, 'belowMean': 53}",14.178571428571427,4,False,False
25,25,11,"{'Height': 'belowMean', 'Sex': 'F', 'Shell_weight': 'aboveMean', 'Shucked_weight': 'aboveMean'}",True,Viscera_weight,10.545454545454545,"{'aboveMean': 54, 'belowMean': 55}",2.1704545454545454,4,False,False
26,26,12,"{'Height': 'belowMean', 'Sex': 'I', 'Length': 'belowMean', 'Diameter': 'belowMean'}",True,Viscera_weight,7.0733496332518335,"{'belowMean': 56, 'aboveMean': 57}",4.197894194352558,4,False,False
27,27,12,"{'Height': 'belowMean', 'Sex': 'I', 'Length': 'belowMean', 'Diameter': 'aboveMean'}",True,,8.0,{},0.0,4,False,True
28,28,13,"{'Height': 'belowMean', 'Sex': 'I', 'Length': 'aboveMean', 'Shell_weight': 'belowMean'}",True,Diameter,8.607142857142858,"{'belowMean': 58, 'aboveMean': 59}",0.6146825396825397,4,False,False
29,29,13,"{'Height': 'belowMean', 'Sex': 'I', 'Length': 'aboveMean', 'Shell_weight': 'aboveMean'}",True,Shucked_weight,10.0,"{'aboveMean': 60, 'belowMean': 61}",1.0520833333333333,4,False,False
30,30,14,"{'Height': 'aboveMean', 'Shell_weight': 'belowMean', 'Length': 'aboveMean', 'Shucked_weight': 'belowMean'}",True,Sex,9.864864864864865,"{'F': 62, 'M': 63, 'I': 64}",3.7190611664295874,4,False,False
31,31,14,"{'Height': 'aboveMean', 'Shell_weight': 'belowMean', 'Length': 'aboveMean', 'Shucked_weight': 'aboveMean'}",True,Sex,8.857142857142858,"{'M': 65, 'F': 66, 'I': 67}",1.4226190476190477,4,False,False
32,32,15,"{'Height': 'aboveMean', 'Shell_weight': 'belowMean', 'Length': 'belowMean', 'Sex': 'F'}",True,Whole_weight,12.703703703703704,"{'belowMean': 68, 'aboveMean': 69}",7.042735042735043,4,False,False
33,33,15,"{'Height': 'aboveMean', 'Shell_weight': 'belowMean', 'Length': 'belowMean', 'Sex': 'M'}",True,Shucked_weight,12.571428571428571,"{'belowMean': 70, 'aboveMean': 71}",8.342857142857142,4,False,False
34,34,15,"{'Height': 'aboveMean', 'Shell_weight': 'belowMean', 'Length': 'belowMean', 'Sex': 'I'}",True,Diameter,9.833333333333334,"{'belowMean': 72, 'aboveMean': 73}",6.237500000000001,4,False,False
35,35,16,"{'Height': 'aboveMean', 'Shell_weight': 'aboveMean', 'Shucked_weight': 'aboveMean', 'Length': 'aboveMean'}",True,Whole_weight,11.575113808801214,"{'aboveMean': 74, 'belowMean': 75}",9.528544727784153,4,False,False
36,36,16,"{'Height': 'aboveMean', 'Shell_weight': 'aboveMean', 'Shucked_weight': 'aboveMean', 'Length': 'belowMean'}",True,Sex,8.166666666666666,"{'F': 76, 'M': 77}",0.125,4,False,False
37,37,17,"{'Height': 'aboveMean', 'Shell_weight': 'aboveMean', 'Shucked_weight': 'belowMean', 'Sex': 'F'}",True,Diameter,13.0,"{'aboveMean': 78, 'belowMean': 79}",8.964761904761904,4,False,False
38,38,17,"{'Height': 'aboveMean', 'Shell_weight': 'aboveMean', 'Shucked_weight': 'belowMean', 'Sex': 'M'}",True,Viscera_weight,12.571428571428571,"{'belowMean': 80, 'aboveMean': 81}",8.13919413919414,4,False,False
39,39,17,"{'Height': 'aboveMean', 'Shell_weight': 'aboveMean', 'Shucked_weight': 'belowMean', 'Sex': 'I'}",True,Whole_weight,11.266666666666667,"{'aboveMean': 82, 'belowMean': 83}",6.895238095238096,4,False,False
40,40,18,"{'Height': 'belowMean', 'Sex': 'M', 'Shell_weight': 'belowMean', 'Diameter': 'belowMean', 'Viscera_weight': 'belowMean'}",True,Shucked_weight,8.68503937007874,"{'belowMean': 84, 'aboveMean': 85}",4.6398438000128035,5,False,False
41,41,18,"{'Height': 'belowMean', 'Sex': 'M', 'Shell_weight': 'belowMean', 'Diameter': 'belowMean', 'Viscera_weight': 'aboveMean'}",True,Length,9.285714285714286,"{'belowMean': 86, 'aboveMean': 87}",1.0952380952380953,5,False,False
42,42,19,"{'Height': 'belowMean', 'Sex': 'M', 'Shell_weight': 'belowMean', 'Diameter': 'aboveMean', 'Length': 'aboveMean'}",True,Whole_weight,9.76,"{'belowMean': 88, 'aboveMean': 89}",2.7022222222222223,5,False,False
43,43,19,"{'Height': 'belowMean', 'Sex': 'M', 'Shell_weight': 'belowMean', 'Diameter': 'aboveMean', 'Length': 'belowMean'}",True,Shucked_weight,8.0,{'belowMean': 90},1.0,5,False,False
44,44,20,"{'Height': 'belowMean', 'Sex': 'M', 'Shell_weight': 'aboveMean', 'Shucked_weight': 'belowMean', 'Viscera_weight': 'belowMean'}",True,Diameter,14.0,"{'aboveMean': 91, 'belowMean': 92}",4.133333333333333,5,False,False
45,45,20,"{'Height': 'belowMean', 'Sex': 'M', 'Shell_weight': 'aboveMean', 'Shucked_weight': 'belowMean', 'Viscera_weight': 'aboveMean'}",True,Diameter,11.0,{'aboveMean': 93},2.0,5,False,False
46,46,21,"{'Height': 'belowMean', 'Sex': 'M', 'Shell_weight': 'aboveMean', 'Shucked_weight': 'aboveMean', 'Diameter': 'aboveMean'}",True,Viscera_weight,10.0,"{'aboveMean': 94, 'belowMean': 95}",3.6888888888888887,5,False,False
47,47,21,"{'Height': 'belowMean', 'Sex': 'M', 'Shell_weight': 'aboveMean', 'Shucked_weight': 'aboveMean', 'Diameter': 'belowMean'}",True,,8.0,{},0.0,5,False,True
48,48,22,"{'Height': 'belowMean', 'Sex': 'F', 'Shell_weight': 'belowMean', 'Diameter': 'aboveMean', 'Shucked_weight': 'belowMean'}",True,Whole_weight,8.285714285714286,"{'belowMean': 96, 'aboveMean': 97}",0.761904761904762,5,False,False
49,49,22,"{'Height': 'belowMean', 'Sex': 'F', 'Shell_weight': 'belowMean', 'Diameter': 'aboveMean', 'Shucked_weight': 'aboveMean'}",True,Whole_weight,9.0,"{'aboveMean': 98, 'belowMean': 99}",1.65,5,False,False
50,50,23,"{'Height': 'belowMean', 'Sex': 'F', 'Shell_weight': 'belowMean', 'Diameter': 'belowMean', 'Viscera_weight': 'belowMean'}",True,Length,9.86734693877551,"{'belowMean': 100, 'aboveMean': 101}",7.243751848565513,5,False,False
51,51,23,"{'Height': 'belowMean', 'Sex': 'F', 'Shell_weight': 'belowMean', 'Diameter': 'belowMean', 'Viscera_weight': 'aboveMean'}",True,,14.0,{},0.0,5,False,True
52,52,24,"{'Height': 'belowMean', 'Sex': 'F', 'Shell_weight': 'aboveMean', 'Shucked_weight': 'belowMean', 'Length': 'aboveMean'}",True,Viscera_weight,14.714285714285714,"{'belowMean': 102, 'aboveMean': 103}",15.714285714285714,5,False,False
53,53,24,"{'Height': 'belowMean', 'Sex': 'F', 'Shell_weight': 'aboveMean', 'Shucked_weight': 'belowMean', 'Length': 'belowMean'}",True,,13.0,{},0.0,5,False,True
54,54,25,"{'Height': 'belowMean', 'Sex': 'F', 'Shell_weight': 'aboveMean', 'Shucked_weight': 'aboveMean', 'Viscera_weight': 'aboveMean'}",True,Diameter,10.375,{'aboveMean': 104},2.734375,5,False,False
55,55,25,"{'Height': 'belowMean', 'Sex': 'F', 'Shell_weight': 'aboveMean', 'Shucked_weight': 'aboveMean', 'Viscera_weight': 'belowMean'}",True,Diameter,11.0,{'aboveMean': 105},0.6666666666666666,5,False,False
56,56,26,"{'Height': 'belowMean', 'Sex': 'I', 'Length': 'belowMean', 'Diameter': 'belowMean', 'Viscera_weight': 'belowMean'}",True,Shucked_weight,7.071078431372549,"{'belowMean': 106, 'aboveMean': 107}",4.206971677559912,5,False,False
57,57,26,"{'Height': 'belowMean', 'Sex': 'I', 'Length': 'belowMean', 'Diameter': 'belowMean', 'Viscera_weight': 'aboveMean'}",True,,8.0,{},0.0,5,False,True
58,58,28,"{'Height': 'belowMean', 'Sex': 'I', 'Length': 'aboveMean', 'Shell_weight': 'belowMean', 'Diameter': 'belowMean'}",True,Shucked_weight,8.3,"{'belowMean': 108, 'aboveMean': 109}",0.2,5,False,False
59,59,28,"{'Height': 'belowMean', 'Sex': 'I', 'Length': 'aboveMean', 'Shell_weight': 'belowMean', 'Diameter': 'aboveMean'}",True,Shucked_weight,8.777777777777779,"{'belowMean': 110, 'aboveMean': 111}",0.8253968253968255,5,False,False
60,60,29,"{'Height': 'belowMean', 'Sex': 'I', 'Length': 'aboveMean', 'Shell_weight': 'aboveMean', 'Shucked_weight': 'aboveMean'}",True,Viscera_weight,9.625,"{'belowMean': 112, 'aboveMean': 113}",0.9333333333333333,5,False,False
61,61,29,"{'Height': 'belowMean', 'Sex': 'I', 'Length': 'aboveMean', 'Shell_weight': 'aboveMean', 'Shucked_weight': 'belowMean'}",True,Viscera_weight,10.75,"{'aboveMean': 114, 'belowMean': 115}",0.625,5,False,False
62,62,30,"{'Height': 'aboveMean', 'Shell_weight': 'belowMean', 'Length': 'aboveMean', 'Shucked_weight': 'belowMean', 'Sex': 'F'}",True,Diameter,10.666666666666666,"{'belowMean': 116, 'aboveMean': 117}",5.95,5,False,False
63,63,30,"{'Height': 'aboveMean', 'Shell_weight': 'belowMean', 'Length': 'aboveMean', 'Shucked_weight': 'belowMean', 'Sex': 'M'}",True,Viscera_weight,8.833333333333334,"{'belowMean': 118, 'aboveMean': 119}",4.333333333333333,5,False,False
64,64,30,"{'Height': 'aboveMean', 'Shell_weight': 'belowMean', 'Length': 'aboveMean', 'Shucked_weight': 'belowMean', 'Sex': 'I'}",True,Viscera_weight,9.68421052631579,"{'belowMean': 120, 'aboveMean': 121}",0.9728070175438597,5,False,False
65,65,31,"{'Height': 'aboveMean', 'Shell_weight': 'belowMean', 'Length': 'aboveMean', 'Shucked_weight': 'aboveMean', 'Sex': 'M'}",True,Whole_weight,8.625,"{'aboveMean': 122, 'belowMean': 123}",0.8571428571428571,5,False,False
66,66,31,"{'Height': 'aboveMean', 'Shell_weight': 'belowMean', 'Length': 'aboveMean', 'Shucked_weight': 'aboveMean', 'Sex': 'F'}",True,Whole_weight,9.0,"{'belowMean': 124, 'aboveMean': 125}",1.286967418546366,5,False,False
67,67,31,"{'Height': 'aboveMean', 'Shell_weight': 'belowMean', 'Length': 'aboveMean', 'Shucked_weight': 'aboveMean', 'Sex': 'I'}",True,Viscera_weight,9.0,"{'belowMean': 126, 'aboveMean': 127}",1.35,5,False,False
68,68,32,"{'Height': 'aboveMean', 'Shell_weight': 'belowMean', 'Length': 'belowMean', 'Sex': 'F', 'Whole_weight': 'belowMean'}",True,Viscera_weight,12.615384615384615,"{'belowMean': 128, 'aboveMean': 129}",7.301282051282052,5,False,False
69,69,32,"{'Height': 'aboveMean', 'Shell_weight': 'belowMean', 'Length': 'belowMean', 'Sex': 'F', 'Whole_weight': 'aboveMean'}",True,,15.0,{},0.0,5,False,True
70,70,33,"{'Height': 'aboveMean', 'Shell_weight': 'belowMean', 'Length': 'belowMean', 'Sex': 'M', 'Shucked_weight': 'belowMean'}",True,Viscera_weight,12.8,"{'belowMean': 130, 'aboveMean': 131}",7.627450980392157,5,False,False
71,71,33,"{'Height': 'aboveMean', 'Shell_weight': 'belowMean', 'Length': 'belowMean', 'Sex': 'M', 'Shucked_weight': 'aboveMean'}",True,,8.0,{},0.0,5,False,True
72,72,34,"{'Height': 'aboveMean', 'Shell_weight': 'belowMean', 'Length': 'belowMean', 'Sex': 'I', 'Diameter': 'belowMean'}",True,Shucked_weight,9.95,"{'belowMean': 132, 'aboveMean': 133}",7.2375,5,False,False
73,73,34,"{'Height': 'aboveMean', 'Shell_weight': 'belowMean', 'Length': 'belowMean', 'Sex': 'I', 'Diameter': 'aboveMean'}",True,Shucked_weight,9.25,{'belowMean': 134},1.1875,5,False,False
74,74,35,"{'Height': 'aboveMean', 'Shell_weight': 'aboveMean', 'Shucked_weight': 'aboveMean', 'Length': 'aboveMean', 'Whole_weight': 'aboveMean'}",True,Diameter,11.564024390243903,"{'aboveMean': 135, 'belowMean': 136}",9.509049866996365,5,False,False
75,75,35,"{'Height': 'aboveMean', 'Shell_weight': 'aboveMean', 'Shucked_weight': 'aboveMean', 'Length': 'aboveMean', 'Whole_weight': 'belowMean'}",True,Sex,14.0,"{'F': 137, 'I': 138}",2.6666666666666665,5,False,False
76,76,36,"{'Height': 'aboveMean', 'Shell_weight': 'aboveMean', 'Shucked_weight': 'aboveMean', 'Length': 'belowMean', 'Sex': 'F'}",True,,7.0,{},0.0,5,False,True
77,77,36,"{'Height': 'aboveMean', 'Shell_weight': 'aboveMean', 'Shucked_weight': 'aboveMean', 'Length': 'belowMean', 'Sex': 'M'}",True,Diameter,8.75,"{'belowMean': 139, 'aboveMean': 140}",0.16666666666666666,5,False,False
78,78,37,"{'Height': 'aboveMean', 'Shell_weight': 'aboveMean', 'Shucked_weight': 'belowMean', 'Sex': 'F', 'Diameter': 'aboveMean'}",True,Viscera_weight,12.366666666666667,"{'aboveMean': 141, 'belowMean': 142}",6.1309200603318255,5,False,False
79,79,37,"{'Height': 'aboveMean', 'Shell_weight': 'aboveMean', 'Shucked_weight': 'belowMean', 'Sex': 'F', 'Diameter': 'belowMean'}",True,Length,16.8,"{'belowMean': 143, 'aboveMean': 144}",15.0,5,False,False
80,80,38,"{'Height': 'aboveMean', 'Shell_weight': 'aboveMean', 'Shucked_weight': 'belowMean', 'Sex': 'M', 'Viscera_weight': 'belowMean'}",True,Whole_weight,12.923076923076923,"{'belowMean': 145, 'aboveMean': 146}",9.84037015615963,5,False,False
81,81,38,"{'Height': 'aboveMean', 'Shell_weight': 'aboveMean', 'Shucked_weight': 'belowMean', 'Sex': 'M', 'Viscera_weight': 'aboveMean'}",True,Diameter,12.0,"{'aboveMean': 147, 'belowMean': 148}",4.107142857142857,5,False,False
82,82,39,"{'Height': 'aboveMean', 'Shell_weight': 'aboveMean', 'Shucked_weight': 'belowMean', 'Sex': 'I', 'Whole_weight': 'aboveMean'}",True,Diameter,12.714285714285714,"{'aboveMean': 149, 'belowMean': 150}",6.761904761904761,5,False,False
83,83,39,"{'Height': 'aboveMean', 'Shell_weight': 'aboveMean', 'Shucked_weight': 'belowMean', 'Sex': 'I', 'Whole_weight': 'belowMean'}",True,Viscera_weight,10.0,"{'belowMean': 151, 'aboveMean': 152}",3.666666666666667,5,False,False
84,84,40,"{'Height': 'belowMean', 'Sex': 'M', 'Shell_weight': 'belowMean', 'Diameter': 'belowMean', 'Viscera_weight': 'belowMean', 'Shucked_weight': 'belowMean'}",True,Length,8.691056910569106,"{'belowMean': 153, 'aboveMean': 154}",4.780216802168022,6,False,False
85,85,40,"{'Height': 'belowMean', 'Sex': 'M', 'Shell_weight': 'belowMean', 'Diameter': 'belowMean', 'Viscera_weight': 'belowMean', 'Shucked_weight': 'aboveMean'}",True,Length,8.5,"{'belowMean': 155, 'aboveMean': 156}",0.16666666666666666,6,False,False
86,86,41,"{'Height': 'belowMean', 'Sex': 'M', 'Shell_weight': 'belowMean', 'Diameter': 'belowMean', 'Viscera_weight': 'aboveMean', 'Length': 'belowMean'}",True,Shucked_weight,10.333333333333334,{'belowMean': 157},0.888888888888889,6,False,False
87,87,41,"{'Height': 'belowMean', 'Sex': 'M', 'Shell_weight': 'belowMean', 'Diameter': 'belowMean', 'Viscera_weight': 'aboveMean', 'Length': 'aboveMean'}",True,Shucked_weight,8.5,"{'aboveMean': 158, 'belowMean': 159}",1.0,6,False,False
88,88,42,"{'Height': 'belowMean', 'Sex': 'M', 'Shell_weight': 'belowMean', 'Diameter': 'aboveMean', 'Length': 'aboveMean', 'Whole_weight': 'belowMean'}",True,Viscera_weight,9.5,"{'belowMean': 160, 'aboveMean': 161}",2.7916666666666665,6,False,False
89,89,42,"{'Height': 'belowMean', 'Sex': 'M', 'Shell_weight': 'belowMean', 'Diameter': 'aboveMean', 'Length': 'aboveMean', 'Whole_weight': 'aboveMean'}",True,Shucked_weight,10.222222222222221,"{'aboveMean': 162, 'belowMean': 163}",2.2083333333333335,6,False,False
90,90,43,"{'Height': 'belowMean', 'Sex': 'M', 'Shell_weight': 'belowMean', 'Diameter': 'aboveMean', 'Length': 'belowMean', 'Shucked_weight': 'belowMean'}",True,Viscera_weight,8.0,{'belowMean': 164},1.0,6,False,False
91,91,44,"{'Height': 'belowMean', 'Sex': 'M', 'Shell_weight': 'aboveMean', 'Shucked_weight': 'belowMean', 'Viscera_weight': 'belowMean', 'Diameter': 'aboveMean'}",True,Length,14.666666666666666,{'aboveMean': 165},6.222222222222221,6,False,False
92,92,44,"{'Height': 'belowMean', 'Sex': 'M', 'Shell_weight': 'aboveMean', 'Shucked_weight': 'belowMean', 'Viscera_weight': 'belowMean', 'Diameter': 'belowMean'}",True,Length,13.0,{'belowMean': 166},1.0,6,False,False
93,93,45,"{'Height': 'belowMean', 'Sex': 'M', 'Shell_weight': 'aboveMean', 'Shucked_weight': 'belowMean', 'Viscera_weight': 'aboveMean', 'Diameter': 'aboveMean'}",True,Length,11.0,{'aboveMean': 167},2.0,6,False,False
94,94,46,"{'Height': 'belowMean', 'Sex': 'M', 'Shell_weight': 'aboveMean', 'Shucked_weight': 'aboveMean', 'Diameter': 'aboveMean', 'Viscera_weight': 'aboveMean'}",True,Length,10.11111111111111,{'aboveMean': 168},4.098765432098765,6,False,False
95,95,46,"{'Height': 'belowMean', 'Sex': 'M', 'Shell_weight': 'aboveMean', 'Shucked_weight': 'aboveMean', 'Diameter': 'aboveMean', 'Viscera_weight': 'belowMean'}",True,,9.0,{},0.0,6,False,True
96,96,48,"{'Height': 'belowMean', 'Sex': 'F', 'Shell_weight': 'belowMean', 'Diameter': 'aboveMean', 'Shucked_weight': 'belowMean', 'Whole_weight': 'belowMean'}",True,Length,8.666666666666666,"{'aboveMean': 169, 'belowMean': 170}",0.8666666666666667,6,False,False
97,97,48,"{'Height': 'belowMean', 'Sex': 'F', 'Shell_weight': 'belowMean', 'Diameter': 'aboveMean', 'Shucked_weight': 'belowMean', 'Whole_weight': 'aboveMean'}",True,,6.0,{},0.0,6,False,True
98,98,49,"{'Height': 'belowMean', 'Sex': 'F', 'Shell_weight': 'belowMean', 'Diameter': 'aboveMean', 'Shucked_weight': 'aboveMean', 'Whole_weight': 'aboveMean'}",True,Viscera_weight,9.6,"{'aboveMean': 171, 'belowMean': 172}",2.2,6,False,False
99,99,49,"{'Height': 'belowMean', 'Sex': 'F', 'Shell_weight': 'belowMean', 'Diameter': 'aboveMean', 'Shucked_weight': 'aboveMean', 'Whole_weight': 'belowMean'}",True,Length,8.0,{'aboveMean': 173},0.6666666666666666,6,False,False
100,100,50,"{'Height': 'belowMean', 'Sex': 'F', 'Shell_weight': 'belowMean', 'Diameter': 'belowMean', 'Viscera_weight': 'belowMean', 'Length': 'belowMean'}",True,Shucked_weight,9.83695652173913,{'belowMean': 174},7.288634215500944,6,False,False
101,101,50,"{'Height': 'belowMean', 'Sex': 'F', 'Shell_weight': 'belowMean', 'Diameter': 'belowMean', 'Viscera_weight': 'belowMean', 'Length': 'aboveMean'}",True,Shucked_weight,10.333333333333334,{'belowMean': 175},6.555555555555556,6,False,False
102,102,52,"{'Height': 'belowMean', 'Sex': 'F', 'Shell_weight': 'aboveMean', 'Shucked_weight': 'belowMean', 'Length': 'aboveMean', 'Viscera_weight': 'belowMean'}",True,Diameter,15.0,"{'aboveMean': 176, 'belowMean': 177}",18.133333333333336,6,False,False
103,103,52,"{'Height': 'belowMean', 'Sex': 'F', 'Shell_weight': 'aboveMean', 'Shucked_weight': 'belowMean', 'Length': 'aboveMean', 'Viscera_weight': 'aboveMean'}",True,,13.0,{},0.0,6,False,True
104,104,54,"{'Height': 'belowMean', 'Sex': 'F', 'Shell_weight': 'aboveMean', 'Shucked_weight': 'aboveMean', 'Viscera_weight': 'aboveMean', 'Diameter': 'aboveMean'}",True,Length,10.375,{'aboveMean': 178},2.734375,6,False,False
105,105,55,"{'Height': 'belowMean', 'Sex': 'F', 'Shell_weight': 'aboveMean', 'Shucked_weight': 'aboveMean', 'Viscera_weight': 'belowMean', 'Diameter': 'aboveMean'}",True,Length,11.0,{'aboveMean': 179},0.6666666666666666,6,False,False
106,106,56,"{'Height': 'belowMean', 'Sex': 'I', 'Length': 'belowMean', 'Diameter': 'belowMean', 'Viscera_weight': 'belowMean', 'Shucked_weight': 'belowMean'}",True,Shell_weight,7.074074074074074,{'belowMean': 180},4.2266117969821675,6,False,False
107,107,56,"{'Height': 'belowMean', 'Sex': 'I', 'Length': 'belowMean', 'Diameter': 'belowMean', 'Viscera_weight': 'belowMean', 'Shucked_weight': 'aboveMean'}",True,Shell_weight,6.666666666666667,{'belowMean': 181},1.5555555555555554,6,False,False
108,108,58,"{'Height': 'belowMean', 'Sex': 'I', 'Length': 'aboveMean', 'Shell_weight': 'belowMean', 'Diameter': 'belowMean', 'Shucked_weight': 'belowMean'}",True,Viscera_weight,8.333333333333334,{'belowMean': 182},0.2222222222222222,6,False,False
109,109,58,"{'Height': 'belowMean', 'Sex': 'I', 'Length': 'aboveMean', 'Shell_weight': 'belowMean', 'Diameter': 'belowMean', 'Shucked_weight': 'aboveMean'}",True,,8.0,{},0.0,6,False,True
110,110,59,"{'Height': 'belowMean', 'Sex': 'I', 'Length': 'aboveMean', 'Shell_weight': 'belowMean', 'Diameter': 'aboveMean', 'Shucked_weight': 'belowMean'}",True,Viscera_weight,8.714285714285714,"{'belowMean': 183, 'aboveMean': 184}",0.9120879120879122,6,False,False
111,111,59,"{'Height': 'belowMean', 'Sex': 'I', 'Length': 'aboveMean', 'Shell_weight': 'belowMean', 'Diameter': 'aboveMean', 'Shucked_weight': 'aboveMean'}",True,Viscera_weight,9.0,"{'aboveMean': 185, 'belowMean': 186}",0.5,6,False,False
112,112,60,"{'Height': 'belowMean', 'Sex': 'I', 'Length': 'aboveMean', 'Shell_weight': 'aboveMean', 'Shucked_weight': 'aboveMean', 'Viscera_weight': 'belowMean'}",True,Whole_weight,9.8,"{'belowMean': 187, 'aboveMean': 188}",1.3333333333333335,6,False,False
113,113,60,"{'Height': 'belowMean', 'Sex': 'I', 'Length': 'aboveMean', 'Shell_weight': 'aboveMean', 'Shucked_weight': 'aboveMean', 'Viscera_weight': 'aboveMean'}",True,Whole_weight,9.333333333333334,"{'belowMean': 189, 'aboveMean': 190}",0.0,6,False,False
114,114,61,"{'Height': 'belowMean', 'Sex': 'I', 'Length': 'aboveMean', 'Shell_weight': 'aboveMean', 'Shucked_weight': 'belowMean', 'Viscera_weight': 'aboveMean'}",True,Whole_weight,11.5,"{'aboveMean': 191, 'belowMean': 192}",0.0,6,False,False
115,115,61,"{'Height': 'belowMean', 'Sex': 'I', 'Length': 'aboveMean', 'Shell_weight': 'aboveMean', 'Shucked_weight': 'belowMean', 'Viscera_weight': 'belowMean'}",True,Diameter,10.0,{'aboveMean': 193},1.0,6,False,False
116,116,62,"{'Height': 'aboveMean', 'Shell_weight': 'belowMean', 'Length': 'aboveMean', 'Shucked_weight': 'belowMean', 'Sex': 'F', 'Diameter': 'belowMean'}",True,Viscera_weight,13.5,"{'belowMean': 194, 'aboveMean': 195}",0.0,6,False,False
117,117,62,"{'Height': 'aboveMean', 'Shell_weight': 'belowMean', 'Length': 'aboveMean', 'Shucked_weight': 'belowMean', 'Sex': 'F', 'Diameter': 'aboveMean'}",True,Viscera_weight,10.1,"{'aboveMean': 196, 'belowMean': 197}",5.875,6,False,False
118,118,63,"{'Height': 'aboveMean', 'Shell_weight': 'belowMean', 'Length': 'aboveMean', 'Shucked_weight': 'belowMean', 'Sex': 'M', 'Viscera_weight': 'belowMean'}",True,Diameter,9.0,{'aboveMean': 198},5.2,6,False,False
119,119,63,"{'Height': 'aboveMean', 'Shell_weight': 'belowMean', 'Length': 'aboveMean', 'Shucked_weight': 'belowMean', 'Sex': 'M', 'Viscera_weight': 'aboveMean'}",True,,8.0,{},0.0,6,False,True
120,120,64,"{'Height': 'aboveMean', 'Shell_weight': 'belowMean', 'Length': 'aboveMean', 'Shucked_weight': 'belowMean', 'Sex': 'I', 'Viscera_weight': 'belowMean'}",True,Diameter,9.533333333333333,"{'belowMean': 199, 'aboveMean': 200}",1.1111111111111112,6,False,False
121,121,64,"{'Height': 'aboveMean', 'Shell_weight': 'belowMean', 'Length': 'aboveMean', 'Shucked_weight': 'belowMean', 'Sex': 'I', 'Viscera_weight': 'aboveMean'}",True,Diameter,10.25,"{'aboveMean': 201, 'belowMean': 202}",0.125,6,False,False
122,122,65,"{'Height': 'aboveMean', 'Shell_weight': 'belowMean', 'Length': 'aboveMean', 'Shucked_weight': 'aboveMean', 'Sex': 'M', 'Whole_weight': 'aboveMean'}",True,Viscera_weight,8.857142857142858,"{'aboveMean': 203, 'belowMean': 204}",0.9107142857142857,6,False,False
123,123,65,"{'Height': 'aboveMean', 'Shell_weight': 'belowMean', 'Length': 'aboveMean', 'Shucked_weight': 'aboveMean', 'Sex': 'M', 'Whole_weight': 'belowMean'}",True,,7.0,{},0.0,6,False,True
124,124,66,"{'Height': 'aboveMean', 'Shell_weight': 'belowMean', 'Length': 'aboveMean', 'Shucked_weight': 'aboveMean', 'Sex': 'F', 'Whole_weight': 'belowMean'}",True,Diameter,10.5,"{'aboveMean': 205, 'belowMean': 206}",0.0,6,False,False
125,125,66,"{'Height': 'aboveMean', 'Shell_weight': 'belowMean', 'Length': 'aboveMean', 'Shucked_weight': 'aboveMean', 'Sex': 'F', 'Whole_weight': 'aboveMean'}",True,Viscera_weight,8.842105263157896,"{'belowMean': 207, 'aboveMean': 208}",1.1412280701754387,6,False,False
126,126,67,"{'Height': 'aboveMean', 'Shell_weight': 'belowMean', 'Length': 'aboveMean', 'Shucked_weight': 'aboveMean', 'Sex': 'I', 'Viscera_weight': 'belowMean'}",True,Diameter,8.75,{'aboveMean': 209},1.6875,6,False,False
127,127,67,"{'Height': 'aboveMean', 'Shell_weight': 'belowMean', 'Length': 'aboveMean', 'Shucked_weight': 'aboveMean', 'Sex': 'I', 'Viscera_weight': 'aboveMean'}",True,,10.0,{},0.0,6,False,True
128,128,68,"{'Height': 'aboveMean', 'Shell_weight': 'belowMean', 'Length': 'belowMean', 'Sex': 'F', 'Whole_weight': 'belowMean', 'Viscera_weight': 'belowMean'}",True,Diameter,12.583333333333334,"{'aboveMean': 210, 'belowMean': 211}",7.804166666666667,6,False,False
129,129,68,"{'Height': 'aboveMean', 'Shell_weight': 'belowMean', 'Length': 'belowMean', 'Sex': 'F', 'Whole_weight': 'belowMean', 'Viscera_weight': 'aboveMean'}",True,Diameter,13.0,"{'belowMean': 212, 'aboveMean': 213}",0.0,6,False,False
130,130,70,"{'Height': 'aboveMean', 'Shell_weight': 'belowMean', 'Length': 'belowMean', 'Sex': 'M', 'Shucked_weight': 'belowMean', 'Viscera_weight': 'belowMean'}",True,Diameter,12.352941176470589,"{'belowMean': 214, 'aboveMean': 215}",8.702205882352942,6,False,False
131,131,70,"{'Height': 'aboveMean', 'Shell_weight': 'belowMean', 'Length': 'belowMean', 'Sex': 'M', 'Shucked_weight': 'belowMean', 'Viscera_weight': 'aboveMean'}",True,Diameter,15.333333333333334,"{'aboveMean': 216, 'belowMean': 217}",0.6666666666666666,6,False,False
132,132,72,"{'Height': 'aboveMean', 'Shell_weight': 'belowMean', 'Length': 'belowMean', 'Sex': 'I', 'Diameter': 'belowMean', 'Shucked_weight': 'belowMean'}",True,Viscera_weight,10.0,{'belowMean': 218},7.25,6,False,False
133,133,72,"{'Height': 'aboveMean', 'Shell_weight': 'belowMean', 'Length': 'belowMean', 'Sex': 'I', 'Diameter': 'belowMean', 'Shucked_weight': 'aboveMean'}",True,Viscera_weight,9.75,{'belowMean': 219},7.1875,6,False,False
134,134,73,"{'Height': 'aboveMean', 'Shell_weight': 'belowMean', 'Length': 'belowMean', 'Sex': 'I', 'Diameter': 'aboveMean', 'Shucked_weight': 'belowMean'}",True,Viscera_weight,9.25,{'belowMean': 220},1.1875,6,False,False
135,135,74,"{'Height': 'aboveMean', 'Shell_weight': 'aboveMean', 'Shucked_weight': 'aboveMean', 'Length': 'aboveMean', 'Whole_weight': 'aboveMean', 'Diameter': 'aboveMean'}",True,Sex,11.574500768049155,"{'F': 221, 'M': 222, 'I': 223}",9.528150631468796,6,False,False
136,136,74,"{'Height': 'aboveMean', 'Shell_weight': 'aboveMean', 'Shucked_weight': 'aboveMean', 'Length': 'aboveMean', 'Whole_weight': 'aboveMean', 'Diameter': 'belowMean'}",True,Sex,10.2,"{'M': 224, 'F': 225}",6.95,6,False,False
137,137,75,"{'Height': 'aboveMean', 'Shell_weight': 'aboveMean', 'Shucked_weight': 'aboveMean', 'Length': 'aboveMean', 'Whole_weight': 'belowMean', 'Sex': 'F'}",True,,18.0,{},0.0,6,False,True
138,138,75,"{'Height': 'aboveMean', 'Shell_weight': 'aboveMean', 'Shucked_weight': 'aboveMean', 'Length': 'aboveMean', 'Whole_weight': 'belowMean', 'Sex': 'I'}",True,Diameter,12.0,{'aboveMean': 226},4.0,6,False,False
139,139,77,"{'Height': 'aboveMean', 'Shell_weight': 'aboveMean', 'Shucked_weight': 'aboveMean', 'Length': 'belowMean', 'Sex': 'M', 'Diameter': 'belowMean'}",True,Viscera_weight,8.666666666666666,{'aboveMean': 227},0.2222222222222222,6,False,False
140,140,77,"{'Height': 'aboveMean', 'Shell_weight': 'aboveMean', 'Shucked_weight': 'aboveMean', 'Length': 'belowMean', 'Sex': 'M', 'Diameter': 'aboveMean'}",True,,9.0,{},0.0,6,False,True
141,141,78,"{'Height': 'aboveMean', 'Shell_weight': 'aboveMean', 'Shucked_weight': 'belowMean', 'Sex': 'F', 'Diameter': 'aboveMean', 'Viscera_weight': 'aboveMean'}",True,Whole_weight,13.529411764705882,"{'aboveMean': 228, 'belowMean': 229}",6.68235294117647,6,False,False
142,142,78,"{'Height': 'aboveMean', 'Shell_weight': 'aboveMean', 'Shucked_weight': 'belowMean', 'Sex': 'F', 'Diameter': 'aboveMean', 'Viscera_weight': 'belowMean'}",True,Whole_weight,10.846153846153847,"{'belowMean': 230, 'aboveMean': 231}",4.145299145299145,6,False,False
143,143,79,"{'Height': 'aboveMean', 'Shell_weight': 'aboveMean', 'Shucked_weight': 'belowMean', 'Sex': 'F', 'Diameter': 'belowMean', 'Length': 'belowMean'}",True,Viscera_weight,16.5,{'belowMean': 232},18.75,6,False,False
144,144,79,"{'Height': 'aboveMean', 'Shell_weight': 'aboveMean', 'Shucked_weight': 'belowMean', 'Sex': 'F', 'Diameter': 'belowMean', 'Length': 'aboveMean'}",True,,18.0,{},0.0,6,False,True
145,145,80,"{'Height': 'aboveMean', 'Shell_weight': 'aboveMean', 'Shucked_weight': 'belowMean', 'Sex': 'M', 'Viscera_weight': 'belowMean', 'Whole_weight': 'belowMean'}",True,Diameter,12.631578947368421,"{'aboveMean': 233, 'belowMean': 234}",12.336842105263159,6,False,False
146,146,80,"{'Height': 'aboveMean', 'Shell_weight': 'aboveMean', 'Shucked_weight': 'belowMean', 'Sex': 'M', 'Viscera_weight': 'belowMean', 'Whole_weight': 'aboveMean'}",True,Diameter,13.714285714285714,"{'aboveMean': 235, 'belowMean': 236}",2.5714285714285716,6,False,False
147,147,81,"{'Height': 'aboveMean', 'Shell_weight': 'aboveMean', 'Shucked_weight': 'belowMean', 'Sex': 'M', 'Viscera_weight': 'aboveMean', 'Diameter': 'aboveMean'}",True,Length,11.642857142857142,"{'aboveMean': 237, 'belowMean': 238}",4.450549450549451,6,False,False
148,148,81,"{'Height': 'aboveMean', 'Shell_weight': 'aboveMean', 'Shucked_weight': 'belowMean', 'Sex': 'M', 'Viscera_weight': 'aboveMean', 'Diameter': 'belowMean'}",True,Whole_weight,14.5,"{'aboveMean': 239, 'belowMean': 240}",0.0,6,False,False
149,149,82,"{'Height': 'aboveMean', 'Shell_weight': 'aboveMean', 'Shucked_weight': 'belowMean', 'Sex': 'I', 'Whole_weight': 'aboveMean', 'Diameter': 'aboveMean'}",True,Viscera_weight,13.333333333333334,"{'aboveMean': 241, 'belowMean': 242}",6.888888888888888,6,False,False
150,150,82,"{'Height': 'aboveMean', 'Shell_weight': 'aboveMean', 'Shucked_weight': 'belowMean', 'Sex': 'I', 'Whole_weight': 'aboveMean', 'Diameter': 'belowMean'}",True,,9.0,{},0.0,6,False,True
151,151,83,"{'Height': 'aboveMean', 'Shell_weight': 'aboveMean', 'Shucked_weight': 'belowMean', 'Sex': 'I', 'Whole_weight': 'belowMean', 'Viscera_weight': 'belowMean'}",True,Diameter,10.666666666666666,"{'aboveMean': 243, 'belowMean': 244}",1.1333333333333335,6,False,False
152,152,83,"{'Height': 'aboveMean', 'Shell_weight': 'aboveMean', 'Shucked_weight': 'belowMean', 'Sex': 'I', 'Whole_weight': 'belowMean', 'Viscera_weight': 'aboveMean'}",True,,8.0,{},0.0,6,False,True
153,153,84,"{'Height': 'belowMean', 'Sex': 'M', 'Shell_weight': 'belowMean', 'Diameter': 'belowMean', 'Viscera_weight': 'belowMean', 'Shucked_weight': 'belowMean', 'Length': 'belowMean'}",True,,8.683333333333334,{},0.0,7,False,True
154,154,84,"{'Height': 'belowMean', 'Sex': 'M', 'Shell_weight': 'belowMean', 'Diameter': 'belowMean', 'Viscera_weight': 'belowMean', 'Shucked_weight': 'belowMean', 'Length': 'aboveMean'}",True,,9.0,{},0.0,7,False,True
155,155,85,"{'Height': 'belowMean', 'Sex': 'M', 'Shell_weight': 'belowMean', 'Diameter': 'belowMean', 'Viscera_weight': 'belowMean', 'Shucked_weight': 'aboveMean', 'Length': 'belowMean'}",True,,8.666666666666666,{},0.0,7,False,True
156,156,85,"{'Height': 'belowMean', 'Sex': 'M', 'Shell_weight': 'belowMean', 'Diameter': 'belowMean', 'Viscera_weight': 'belowMean', 'Shucked_weight': 'aboveMean', 'Length': 'aboveMean'}",True,,8.0,{},0.0,7,False,True
157,157,86,"{'Height': 'belowMean', 'Sex': 'M', 'Shell_weight': 'belowMean', 'Diameter': 'belowMean', 'Viscera_weight': 'aboveMean', 'Length': 'belowMean', 'Shucked_weight': 'belowMean'}",True,,10.333333333333334,{},0.0,7,False,True
158,158,87,"{'Height': 'belowMean', 'Sex': 'M', 'Shell_weight': 'belowMean', 'Diameter': 'belowMean', 'Viscera_weight': 'aboveMean', 'Length': 'aboveMean', 'Shucked_weight': 'aboveMean'}",True,,8.0,{},0.0,7,False,True
159,159,87,"{'Height': 'belowMean', 'Sex': 'M', 'Shell_weight': 'belowMean', 'Diameter': 'belowMean', 'Viscera_weight': 'aboveMean', 'Length': 'aboveMean', 'Shucked_weight': 'belowMean'}",True,,9.0,{},0.0,7,False,True
160,160,88,"{'Height': 'belowMean', 'Sex': 'M', 'Shell_weight': 'belowMean', 'Diameter': 'aboveMean', 'Length': 'aboveMean', 'Whole_weight': 'belowMean', 'Viscera_weight': 'belowMean'}",True,,9.666666666666666,{},0.0,7,False,True
161,161,88,"{'Height': 'belowMean', 'Sex': 'M', 'Shell_weight': 'belowMean', 'Diameter': 'aboveMean', 'Length': 'aboveMean', 'Whole_weight': 'belowMean', 'Viscera_weight': 'aboveMean'}",True,,9.0,{},0.0,7,False,True
162,162,89,"{'Height': 'belowMean', 'Sex': 'M', 'Shell_weight': 'belowMean', 'Diameter': 'aboveMean', 'Length': 'aboveMean', 'Whole_weight': 'aboveMean', 'Shucked_weight': 'aboveMean'}",True,,10.375,{},0.0,7,False,True
163,163,89,"{'Height': 'belowMean', 'Sex': 'M', 'Shell_weight': 'belowMean', 'Diameter': 'aboveMean', 'Length': 'aboveMean', 'Whole_weight': 'aboveMean', 'Shucked_weight': 'belowMean'}",True,,9.0,{},0.0,7,False,True
164,164,90,"{'Height': 'belowMean', 'Sex': 'M', 'Shell_weight': 'belowMean', 'Diameter': 'aboveMean', 'Length': 'belowMean', 'Shucked_weight': 'belowMean', 'Viscera_weight': 'belowMean'}",True,,8.0,{},0.0,7,False,True
165,165,91,"{'Height': 'belowMean', 'Sex': 'M', 'Shell_weight': 'aboveMean', 'Shucked_weight': 'belowMean', 'Viscera_weight': 'belowMean', 'Diameter': 'aboveMean', 'Length': 'aboveMean'}",True,,14.666666666666666,{},0.0,7,False,True
166,166,92,"{'Height': 'belowMean', 'Sex': 'M', 'Shell_weight': 'aboveMean', 'Shucked_weight': 'belowMean', 'Viscera_weight': 'belowMean', 'Diameter': 'belowMean', 'Length': 'belowMean'}",True,,13.0,{},0.0,7,False,True
167,167,93,"{'Height': 'belowMean', 'Sex': 'M', 'Shell_weight': 'aboveMean', 'Shucked_weight': 'belowMean', 'Viscera_weight': 'aboveMean', 'Diameter': 'aboveMean', 'Length': 'aboveMean'}",True,,11.0,{},0.0,7,False,True
168,168,94,"{'Height': 'belowMean', 'Sex': 'M', 'Shell_weight': 'aboveMean', 'Shucked_weight': 'aboveMean', 'Diameter': 'aboveMean', 'Viscera_weight': 'aboveMean', 'Length': 'aboveMean'}",True,,10.11111111111111,{},0.0,7,False,True
169,169,96,"{'Height': 'belowMean', 'Sex': 'F', 'Shell_weight': 'belowMean', 'Diameter': 'aboveMean', 'Shucked_weight': 'belowMean', 'Whole_weight': 'belowMean', 'Length': 'aboveMean'}",True,,8.6,{},0.0,7,False,True
170,170,96,"{'Height': 'belowMean', 'Sex': 'F', 'Shell_weight': 'belowMean', 'Diameter': 'aboveMean', 'Shucked_weight': 'belowMean', 'Whole_weight': 'belowMean', 'Length': 'belowMean'}",True,,9.0,{},0.0,7,False,True
171,171,98,"{'Height': 'belowMean', 'Sex': 'F', 'Shell_weight': 'belowMean', 'Diameter': 'aboveMean', 'Shucked_weight': 'aboveMean', 'Whole_weight': 'aboveMean', 'Viscera_weight': 'aboveMean'}",True,,9.5,{},0.0,7,False,True
172,172,98,"{'Height': 'belowMean', 'Sex': 'F', 'Shell_weight': 'belowMean', 'Diameter': 'aboveMean', 'Shucked_weight': 'aboveMean', 'Whole_weight': 'aboveMean', 'Viscera_weight': 'belowMean'}",True,,10.0,{},0.0,7,False,True
173,173,99,"{'Height': 'belowMean', 'Sex': 'F', 'Shell_weight': 'belowMean', 'Diameter': 'aboveMean', 'Shucked_weight': 'aboveMean', 'Whole_weight': 'belowMean', 'Length': 'aboveMean'}",True,,8.0,{},0.0,7,False,True
174,174,100,"{'Height': 'belowMean', 'Sex': 'F', 'Shell_weight': 'belowMean', 'Diameter': 'belowMean', 'Viscera_weight': 'belowMean', 'Length': 'belowMean', 'Shucked_weight': 'belowMean'}",True,,9.83695652173913,{},0.0,7,False,True
175,175,101,"{'Height': 'belowMean', 'Sex': 'F', 'Shell_weight': 'belowMean', 'Diameter': 'belowMean', 'Viscera_weight': 'belowMean', 'Length': 'aboveMean', 'Shucked_weight': 'belowMean'}",True,,10.333333333333334,{},0.0,7,False,True
176,176,102,"{'Height': 'belowMean', 'Sex': 'F', 'Shell_weight': 'aboveMean', 'Shucked_weight': 'belowMean', 'Length': 'aboveMean', 'Viscera_weight': 'belowMean', 'Diameter': 'aboveMean'}",True,,14.8,{},0.0,7,False,True
177,177,102,"{'Height': 'belowMean', 'Sex': 'F', 'Shell_weight': 'aboveMean', 'Shucked_weight': 'belowMean', 'Length': 'aboveMean', 'Viscera_weight': 'belowMean', 'Diameter': 'belowMean'}",True,,16.0,{},0.0,7,False,True
178,178,104,"{'Height': 'belowMean', 'Sex': 'F', 'Shell_weight': 'aboveMean', 'Shucked_weight': 'aboveMean', 'Viscera_weight': 'aboveMean', 'Diameter': 'aboveMean', 'Length': 'aboveMean'}",True,,10.375,{},0.0,7,False,True
179,179,105,"{'Height': 'belowMean', 'Sex': 'F', 'Shell_weight': 'aboveMean', 'Shucked_weight': 'aboveMean', 'Viscera_weight': 'belowMean', 'Diameter': 'aboveMean', 'Length': 'aboveMean'}",True,,11.0,{},0.0,7,False,True
180,180,106,"{'Height': 'belowMean', 'Sex': 'I', 'Length': 'belowMean', 'Diameter': 'belowMean', 'Viscera_weight': 'belowMean', 'Shucked_weight': 'belowMean', 'Shell_weight': 'belowMean'}",True,,7.074074074074074,{},0.0,7,False,True
181,181,107,"{'Height': 'belowMean', 'Sex': 'I', 'Length': 'belowMean', 'Diameter': 'belowMean', 'Viscera_weight': 'belowMean', 'Shucked_weight': 'aboveMean', 'Shell_weight': 'belowMean'}",True,,6.666666666666667,{},0.0,7,False,True
182,182,108,"{'Height': 'belowMean', 'Sex': 'I', 'Length': 'aboveMean', 'Shell_weight': 'belowMean', 'Diameter': 'belowMean', 'Shucked_weight': 'belowMean', 'Viscera_weight': 'belowMean'}",True,,8.333333333333334,{},0.0,7,False,True
183,183,110,"{'Height': 'belowMean', 'Sex': 'I', 'Length': 'aboveMean', 'Shell_weight': 'belowMean', 'Diameter': 'aboveMean', 'Shucked_weight': 'belowMean', 'Viscera_weight': 'belowMean'}",True,,8.692307692307692,{},0.0,7,False,True
184,184,110,"{'Height': 'belowMean', 'Sex': 'I', 'Length': 'aboveMean', 'Shell_weight': 'belowMean', 'Diameter': 'aboveMean', 'Shucked_weight': 'belowMean', 'Viscera_weight': 'aboveMean'}",True,,9.0,{},0.0,7,False,True
185,185,111,"{'Height': 'belowMean', 'Sex': 'I', 'Length': 'aboveMean', 'Shell_weight': 'belowMean', 'Diameter': 'aboveMean', 'Shucked_weight': 'aboveMean', 'Viscera_weight': 'aboveMean'}",True,,9.0,{},0.0,7,False,True
186,186,111,"{'Height': 'belowMean', 'Sex': 'I', 'Length': 'aboveMean', 'Shell_weight': 'belowMean', 'Diameter': 'aboveMean', 'Shucked_weight': 'aboveMean', 'Viscera_weight': 'belowMean'}",True,,9.0,{},0.0,7,False,True
187,187,112,"{'Height': 'belowMean', 'Sex': 'I', 'Length': 'aboveMean', 'Shell_weight': 'aboveMean', 'Shucked_weight': 'aboveMean', 'Viscera_weight': 'belowMean', 'Whole_weight': 'belowMean'}",True,,9.666666666666666,{},0.0,7,False,True
188,188,112,"{'Height': 'belowMean', 'Sex': 'I', 'Length': 'aboveMean', 'Shell_weight': 'aboveMean', 'Shucked_weight': 'aboveMean', 'Viscera_weight': 'belowMean', 'Whole_weight': 'aboveMean'}",True,,10.0,{},0.0,7,False,True
189,189,113,"{'Height': 'belowMean', 'Sex': 'I', 'Length': 'aboveMean', 'Shell_weight': 'aboveMean', 'Shucked_weight': 'aboveMean', 'Viscera_weight': 'aboveMean', 'Whole_weight': 'belowMean'}",True,,10.0,{},0.0,7,False,True
190,190,113,"{'Height': 'belowMean', 'Sex': 'I', 'Length': 'aboveMean', 'Shell_weight': 'aboveMean', 'Shucked_weight': 'aboveMean', 'Viscera_weight': 'aboveMean', 'Whole_weight': 'aboveMean'}",True,,9.0,{},0.0,7,False,True
191,191,114,"{'Height': 'belowMean', 'Sex': 'I', 'Length': 'aboveMean', 'Shell_weight': 'aboveMean', 'Shucked_weight': 'belowMean', 'Viscera_weight': 'aboveMean', 'Whole_weight': 'aboveMean'}",True,,11.0,{},0.0,7,False,True
192,192,114,"{'Height': 'belowMean', 'Sex': 'I', 'Length': 'aboveMean', 'Shell_weight': 'aboveMean', 'Shucked_weight': 'belowMean', 'Viscera_weight': 'aboveMean', 'Whole_weight': 'belowMean'}",True,,12.0,{},0.0,7,False,True
193,193,115,"{'Height': 'belowMean', 'Sex': 'I', 'Length': 'aboveMean', 'Shell_weight': 'aboveMean', 'Shucked_weight': 'belowMean', 'Viscera_weight': 'belowMean', 'Diameter': 'aboveMean'}",True,,10.0,{},0.0,7,False,True
194,194,116,"{'Height': 'aboveMean', 'Shell_weight': 'belowMean', 'Length': 'aboveMean', 'Shucked_weight': 'belowMean', 'Sex': 'F', 'Diameter': 'belowMean', 'Viscera_weight': 'belowMean'}",True,,14.0,{},0.0,7,False,True
195,195,116,"{'Height': 'aboveMean', 'Shell_weight': 'belowMean', 'Length': 'aboveMean', 'Shucked_weight': 'belowMean', 'Sex': 'F', 'Diameter': 'belowMean', 'Viscera_weight': 'aboveMean'}",True,,13.0,{},0.0,7,False,True
196,196,117,"{'Height': 'aboveMean', 'Shell_weight': 'belowMean', 'Length': 'aboveMean', 'Shucked_weight': 'belowMean', 'Sex': 'F', 'Diameter': 'aboveMean', 'Viscera_weight': 'aboveMean'}",True,,11.0,{},0.0,7,False,True
197,197,117,"{'Height': 'aboveMean', 'Shell_weight': 'belowMean', 'Length': 'aboveMean', 'Shucked_weight': 'belowMean', 'Sex': 'F', 'Diameter': 'aboveMean', 'Viscera_weight': 'belowMean'}",True,,8.75,{},0.0,7,False,True
198,198,118,"{'Height': 'aboveMean', 'Shell_weight': 'belowMean', 'Length': 'aboveMean', 'Shucked_weight': 'belowMean', 'Sex': 'M', 'Viscera_weight': 'belowMean', 'Diameter': 'aboveMean'}",True,,9.0,{},0.0,7,False,True
199,199,120,"{'Height': 'aboveMean', 'Shell_weight': 'belowMean', 'Length': 'aboveMean', 'Shucked_weight': 'belowMean', 'Sex': 'I', 'Viscera_weight': 'belowMean', 'Diameter': 'belowMean'}",True,,9.0,{},0.0,7,False,True
200,200,120,"{'Height': 'aboveMean', 'Shell_weight': 'belowMean', 'Length': 'aboveMean', 'Shucked_weight': 'belowMean', 'Sex': 'I', 'Viscera_weight': 'belowMean', 'Diameter': 'aboveMean'}",True,,9.666666666666666,{},0.0,7,False,True
201,201,121,"{'Height': 'aboveMean', 'Shell_weight': 'belowMean', 'Length': 'aboveMean', 'Shucked_weight': 'belowMean', 'Sex': 'I', 'Viscera_weight': 'aboveMean', 'Diameter': 'aboveMean'}",True,,10.0,{},0.0,7,False,True
202,202,121,"{'Height': 'aboveMean', 'Shell_weight': 'belowMean', 'Length': 'aboveMean', 'Shucked_weight': 'belowMean', 'Sex': 'I', 'Viscera_weight': 'aboveMean', 'Diameter': 'belowMean'}",True,,10.5,{},0.0,7,False,True
203,203,122,"{'Height': 'aboveMean', 'Shell_weight': 'belowMean', 'Length': 'aboveMean', 'Shucked_weight': 'aboveMean', 'Sex': 'M', 'Whole_weight': 'aboveMean', 'Viscera_weight': 'aboveMean'}",True,,8.75,{},0.0,7,False,True
204,204,122,"{'Height': 'aboveMean', 'Shell_weight': 'belowMean', 'Length': 'aboveMean', 'Shucked_weight': 'aboveMean', 'Sex': 'M', 'Whole_weight': 'aboveMean', 'Viscera_weight': 'belowMean'}",True,,9.5,{},0.0,7,False,True
205,205,124,"{'Height': 'aboveMean', 'Shell_weight': 'belowMean', 'Length': 'aboveMean', 'Shucked_weight': 'aboveMean', 'Sex': 'F', 'Whole_weight': 'belowMean', 'Diameter': 'aboveMean'}",True,,12.0,{},0.0,7,False,True
206,206,124,"{'Height': 'aboveMean', 'Shell_weight': 'belowMean', 'Length': 'aboveMean', 'Shucked_weight': 'aboveMean', 'Sex': 'F', 'Whole_weight': 'belowMean', 'Diameter': 'belowMean'}",True,,9.0,{},0.0,7,False,True
207,207,125,"{'Height': 'aboveMean', 'Shell_weight': 'belowMean', 'Length': 'aboveMean', 'Shucked_weight': 'aboveMean', 'Sex': 'F', 'Whole_weight': 'aboveMean', 'Viscera_weight': 'belowMean'}",True,,9.25,{},0.0,7,False,True
208,208,125,"{'Height': 'aboveMean', 'Shell_weight': 'belowMean', 'Length': 'aboveMean', 'Shucked_weight': 'aboveMean', 'Sex': 'F', 'Whole_weight': 'aboveMean', 'Viscera_weight': 'aboveMean'}",True,,8.733333333333333,{},0.0,7,False,True
209,209,126,"{'Height': 'aboveMean', 'Shell_weight': 'belowMean', 'Length': 'aboveMean', 'Shucked_weight': 'aboveMean', 'Sex': 'I', 'Viscera_weight': 'belowMean', 'Diameter': 'aboveMean'}",True,,8.75,{},0.0,7,False,True
210,210,128,"{'Height': 'aboveMean', 'Shell_weight': 'belowMean', 'Length': 'belowMean', 'Sex': 'F', 'Whole_weight': 'belowMean', 'Viscera_weight': 'belowMean', 'Diameter': 'aboveMean'}",True,,12.25,{},0.0,7,False,True
211,211,128,"{'Height': 'aboveMean', 'Shell_weight': 'belowMean', 'Length': 'belowMean', 'Sex': 'F', 'Whole_weight': 'belowMean', 'Viscera_weight': 'belowMean', 'Diameter': 'belowMean'}",True,,12.65,{},0.0,7,False,True
212,212,129,"{'Height': 'aboveMean', 'Shell_weight': 'belowMean', 'Length': 'belowMean', 'Sex': 'F', 'Whole_weight': 'belowMean', 'Viscera_weight': 'aboveMean', 'Diameter': 'belowMean'}",True,,12.0,{},0.0,7,False,True
213,213,129,"{'Height': 'aboveMean', 'Shell_weight': 'belowMean', 'Length': 'belowMean', 'Sex': 'F', 'Whole_weight': 'belowMean', 'Viscera_weight': 'aboveMean', 'Diameter': 'aboveMean'}",True,,14.0,{},0.0,7,False,True
214,214,130,"{'Height': 'aboveMean', 'Shell_weight': 'belowMean', 'Length': 'belowMean', 'Sex': 'M', 'Shucked_weight': 'belowMean', 'Viscera_weight': 'belowMean', 'Diameter': 'belowMean'}",True,,12.4375,{},0.0,7,False,True
215,215,130,"{'Height': 'aboveMean', 'Shell_weight': 'belowMean', 'Length': 'belowMean', 'Sex': 'M', 'Shucked_weight': 'belowMean', 'Viscera_weight': 'belowMean', 'Diameter': 'aboveMean'}",True,,11.0,{},0.0,7,False,True
216,216,131,"{'Height': 'aboveMean', 'Shell_weight': 'belowMean', 'Length': 'belowMean', 'Sex': 'M', 'Shucked_weight': 'belowMean', 'Viscera_weight': 'aboveMean', 'Diameter': 'aboveMean'}",True,,16.0,{},0.0,7,False,True
217,217,131,"{'Height': 'aboveMean', 'Shell_weight': 'belowMean', 'Length': 'belowMean', 'Sex': 'M', 'Shucked_weight': 'belowMean', 'Viscera_weight': 'aboveMean', 'Diameter': 'belowMean'}",True,,15.0,{},0.0,7,False,True
218,218,132,"{'Height': 'aboveMean', 'Shell_weight': 'belowMean', 'Length': 'belowMean', 'Sex': 'I', 'Diameter': 'belowMean', 'Shucked_weight': 'belowMean', 'Viscera_weight': 'belowMean'}",True,,10.0,{},0.0,7,False,True
219,219,133,"{'Height': 'aboveMean', 'Shell_weight': 'belowMean', 'Length': 'belowMean', 'Sex': 'I', 'Diameter': 'belowMean', 'Shucked_weight': 'aboveMean', 'Viscera_weight': 'belowMean'}",True,,9.75,{},0.0,7,False,True
220,220,134,"{'Height': 'aboveMean', 'Shell_weight': 'belowMean', 'Length': 'belowMean', 'Sex': 'I', 'Diameter': 'aboveMean', 'Shucked_weight': 'belowMean', 'Viscera_weight': 'belowMean'}",True,,9.25,{},0.0,7,False,True
221,221,135,"{'Height': 'aboveMean', 'Shell_weight': 'aboveMean', 'Shucked_weight': 'aboveMean', 'Length': 'aboveMean', 'Whole_weight': 'aboveMean', 'Diameter': 'aboveMean', 'Sex': 'F'}",True,,11.551369863013699,{},0.0,7,False,True
222,222,135,"{'Height': 'aboveMean', 'Shell_weight': 'aboveMean', 'Shucked_weight': 'aboveMean', 'Length': 'aboveMean', 'Whole_weight': 'aboveMean', 'Diameter': 'aboveMean', 'Sex': 'M'}",True,,11.596273291925465,{},0.0,7,False,True
223,223,135,"{'Height': 'aboveMean', 'Shell_weight': 'aboveMean', 'Shucked_weight': 'aboveMean', 'Length': 'aboveMean', 'Whole_weight': 'aboveMean', 'Diameter': 'aboveMean', 'Sex': 'I'}",True,,11.567567567567568,{},0.0,7,False,True
224,224,136,"{'Height': 'aboveMean', 'Shell_weight': 'aboveMean', 'Shucked_weight': 'aboveMean', 'Length': 'aboveMean', 'Whole_weight': 'aboveMean', 'Diameter': 'belowMean', 'Sex': 'M'}",True,,10.25,{},0.0,7,False,True
225,225,136,"{'Height': 'aboveMean', 'Shell_weight': 'aboveMean', 'Shucked_weight': 'aboveMean', 'Length': 'aboveMean', 'Whole_weight': 'aboveMean', 'Diameter': 'belowMean', 'Sex': 'F'}",True,,10.0,{},0.0,7,False,True
226,226,138,"{'Height': 'aboveMean', 'Shell_weight': 'aboveMean', 'Shucked_weight': 'aboveMean', 'Length': 'aboveMean', 'Whole_weight': 'belowMean', 'Sex': 'I', 'Diameter': 'aboveMean'}",True,,12.0,{},0.0,7,False,True
227,227,139,"{'Height': 'aboveMean', 'Shell_weight': 'aboveMean', 'Shucked_weight': 'aboveMean', 'Length': 'belowMean', 'Sex': 'M', 'Diameter': 'belowMean', 'Viscera_weight': 'aboveMean'}",True,,8.666666666666666,{},0.0,7,False,True
228,228,141,"{'Height': 'aboveMean', 'Shell_weight': 'aboveMean', 'Shucked_weight': 'belowMean', 'Sex': 'F', 'Diameter': 'aboveMean', 'Viscera_weight': 'aboveMean', 'Whole_weight': 'aboveMean'}",True,,13.6,{},0.0,7,False,True
229,229,141,"{'Height': 'aboveMean', 'Shell_weight': 'aboveMean', 'Shucked_weight': 'belowMean', 'Sex': 'F', 'Diameter': 'aboveMean', 'Viscera_weight': 'aboveMean', 'Whole_weight': 'belowMean'}",True,,13.0,{},0.0,7,False,True
230,230,142,"{'Height': 'aboveMean', 'Shell_weight': 'aboveMean', 'Shucked_weight': 'belowMean', 'Sex': 'F', 'Diameter': 'aboveMean', 'Viscera_weight': 'belowMean', 'Whole_weight': 'belowMean'}",True,,10.11111111111111,{},0.0,7,False,True
231,231,142,"{'Height': 'aboveMean', 'Shell_weight': 'aboveMean', 'Shucked_weight': 'belowMean', 'Sex': 'F', 'Diameter': 'aboveMean', 'Viscera_weight': 'belowMean', 'Whole_weight': 'aboveMean'}",True,,12.5,{},0.0,7,False,True
232,232,143,"{'Height': 'aboveMean', 'Shell_weight': 'aboveMean', 'Shucked_weight': 'belowMean', 'Sex': 'F', 'Diameter': 'belowMean', 'Length': 'belowMean', 'Viscera_weight': 'belowMean'}",True,,16.5,{},0.0,7,False,True
233,233,145,"{'Height': 'aboveMean', 'Shell_weight': 'aboveMean', 'Shucked_weight': 'belowMean', 'Sex': 'M', 'Viscera_weight': 'belowMean', 'Whole_weight': 'belowMean', 'Diameter': 'aboveMean'}",True,,12.8,{},0.0,7,False,True
234,234,145,"{'Height': 'aboveMean', 'Shell_weight': 'aboveMean', 'Shucked_weight': 'belowMean', 'Sex': 'M', 'Viscera_weight': 'belowMean', 'Whole_weight': 'belowMean', 'Diameter': 'belowMean'}",True,,12.0,{},0.0,7,False,True
235,235,146,"{'Height': 'aboveMean', 'Shell_weight': 'aboveMean', 'Shucked_weight': 'belowMean', 'Sex': 'M', 'Viscera_weight': 'belowMean', 'Whole_weight': 'aboveMean', 'Diameter': 'aboveMean'}",True,,14.0,{},0.0,7,False,True
236,236,146,"{'Height': 'aboveMean', 'Shell_weight': 'aboveMean', 'Shucked_weight': 'belowMean', 'Sex': 'M', 'Viscera_weight': 'belowMean', 'Whole_weight': 'aboveMean', 'Diameter': 'belowMean'}",True,,13.0,{},0.0,7,False,True
237,237,147,"{'Height': 'aboveMean', 'Shell_weight': 'aboveMean', 'Shucked_weight': 'belowMean', 'Sex': 'M', 'Viscera_weight': 'aboveMean', 'Diameter': 'aboveMean', 'Length': 'aboveMean'}",True,,11.76923076923077,{},0.0,7,False,True
238,238,147,"{'Height': 'aboveMean', 'Shell_weight': 'aboveMean', 'Shucked_weight': 'belowMean', 'Sex': 'M', 'Viscera_weight': 'aboveMean', 'Diameter': 'aboveMean', 'Length': 'belowMean'}",True,,10.0,{},0.0,7,False,True
239,239,148,"{'Height': 'aboveMean', 'Shell_weight': 'aboveMean', 'Shucked_weight': 'belowMean', 'Sex': 'M', 'Viscera_weight': 'aboveMean', 'Diameter': 'belowMean', 'Whole_weight': 'aboveMean'}",True,,14.0,{},0.0,7,False,True
240,240,148,"{'Height': 'aboveMean', 'Shell_weight': 'aboveMean', 'Shucked_weight': 'belowMean', 'Sex': 'M', 'Viscera_weight': 'aboveMean', 'Diameter': 'belowMean', 'Whole_weight': 'belowMean'}",True,,15.0,{},0.0,7,False,True
241,241,149,"{'Height': 'aboveMean', 'Shell_weight': 'aboveMean', 'Shucked_weight': 'belowMean', 'Sex': 'I', 'Whole_weight': 'aboveMean', 'Diameter': 'aboveMean', 'Viscera_weight': 'aboveMean'}",True,,14.333333333333334,{},0.0,7,False,True
242,242,149,"{'Height': 'aboveMean', 'Shell_weight': 'aboveMean', 'Shucked_weight': 'belowMean', 'Sex': 'I', 'Whole_weight': 'aboveMean', 'Diameter': 'aboveMean', 'Viscera_weight': 'belowMean'}",True,,12.333333333333334,{},0.0,7,False,True
243,243,151,"{'Height': 'aboveMean', 'Shell_weight': 'aboveMean', 'Shucked_weight': 'belowMean', 'Sex': 'I', 'Whole_weight': 'belowMean', 'Viscera_weight': 'belowMean', 'Diameter': 'aboveMean'}",True,,9.8,{},0.0,7,False,True
244,244,151,"{'Height': 'aboveMean', 'Shell_weight': 'aboveMean', 'Shucked_weight': 'belowMean', 'Sex': 'I', 'Whole_weight': 'belowMean', 'Viscera_weight': 'belowMean', 'Diameter': 'belowMean'}",True,,15.0,{},0.0,7,False,True
