,testID,currentParameterID,nearestNeighbors,expectedValue,actualValue,correctAssignment
191,0,25,"[155, 151, 189, 2, 1, 34, 154]",228.48774289730719,248,False
91,0,25,"[88, 154, 79, 135, 2, 1, 128]",149.30250128415636,189,False
8,0,25,"[95, 155, 151, 2, 1, 189, 34]",263.4916553274269,636,False
36,0,25,"[157, 54, 176, 127, 142, 178, 204]",35.71706139478762,20,False
59,0,25,"[57, 61, 50, 110, 46, 108, 102]",16.565546507245838,20,True
107,0,25,"[108, 110, 46, 57, 61, 102, 50]",16.57201792574856,11,False
32,0,25,"[166, 34, 135, 184, 121, 154, 149]",108.71763462511801,32,False
186,0,25,"[121, 144, 135, 143, 128, 129, 41]",75.55965863028877,130,False
187,0,25,"[149, 185, 184, 41, 135, 121, 163]",66.42593542229706,75,False
38,0,25,"[127, 142, 161, 138, 204, 54, 114]",42.570616642215946,71,False
58,0,25,"[57, 61, 50, 110, 46, 108, 102]",16.565546507245838,14,True
21,0,25,"[70, 184, 185, 68, 85, 149, 113]",50.4308142585595,33,False
116,0,25,"[115, 52, 175, 128, 129, 114, 143]",75.70782055740837,66,False
56,0,25,"[49, 114, 138, 54, 113, 112, 181]",38.28287219471879,71,False
19,0,25,"[31, 169, 189, 147, 146, 12, 172]",157.13688151695965,120,False
205,0,25,"[141, 180, 138, 54, 185, 128, 129]",64.71258340863848,46,False
74,0,25,"[73, 72, 17, 84, 76, 113, 112]",32.4290885332862,44,False
182,0,25,"[181, 100, 25, 202, 176, 83, 49]",32.14452058005454,11,False
103,0,25,"[102, 108, 110, 46, 57, 61, 50]",16.58108392228596,13,True
188,0,25,"[121, 135, 149, 193, 185, 184, 144]",76.99014722282918,113,False
5,0,25,"[155, 151, 2, 1, 189, 154, 34]",228.4286060573238,318,False
45,0,25,"[185, 204, 178, 49, 85, 114, 142]",46.999642317194144,72,False
90,0,25,"[88, 154, 79, 135, 2, 1, 128]",149.30250128415636,141,False
26,0,25,"[25, 83, 84, 14, 181, 49, 100]",29.85656726930451,33,True
134,0,25,"[41, 128, 129, 135, 70, 185, 143]",61.43020038224561,45,False
47,0,25,"[57, 61, 46, 110, 108, 50, 102]",16.566767802626508,20,True
63,0,25,"[12, 172, 193, 180, 147, 146, 141]",82.28802319271972,144,False
97,0,25,"[2, 1, 154, 34, 121, 155, 151]",220.73534652560122,277,False
179,0,25,"[49, 178, 114, 138, 180, 54, 204]",53.85762794084694,60,False
27,0,25,"[25, 83, 14, 181, 84, 100, 202]",23.569270106561714,27,True
93,0,25,"[41, 135, 149, 163, 121, 185, 143]",71.1462992846657,132,False
96,0,25,"[95, 155, 151, 2, 1, 189, 34]",263.96585141453437,465,False
98,0,25,"[34, 121, 154, 163, 2, 1, 135]",148.29326344053987,185,False
80,0,25,"[84, 83, 25, 14, 181, 100, 113]",25.856109965536703,16,False
48,0,25,"[25, 83, 84, 49, 14, 181, 202]",28.996847059839332,40,False
43,0,25,"[41, 128, 129, 52, 143, 127, 163]",70.28838436460832,60,False
29,0,25,"[25, 83, 14, 84, 181, 49, 100]",29.85690579393785,27,True
75,0,25,"[73, 17, 84, 79, 76, 184, 72]",38.57245078683644,50,False
99,0,25,"[14, 83, 25, 84, 181, 50, 106]",25.569452650205278,6,False
173,0,25,"[100, 202, 181, 25, 176, 83, 49]",32.14364892065965,25,False
120,0,25,"[135, 121, 41, 149, 185, 143, 163]",71.13797586473339,100,False
71,0,25,"[70, 79, 68, 193, 17, 185, 72]",50.85076618355249,64,False
191,0,25,"[152, 3, 190, 94, 35, 4, 150]",214.95807575358916,248,False
91,0,25,"[194, 64, 3, 15, 35, 94, 152]",183.11518738085698,189,False
8,0,25,"[6, 7, 153, 152, 3, 192, 190]",353.53457167759416,636,False
36,0,25,"[158, 37, 159, 66, 67, 177, 101]",25.4309152590211,20,False
59,0,25,"[60, 109, 51, 111, 104, 208, 10]",27.737667171549738,20,False
107,0,25,"[109, 111, 51, 60, 104, 208, 10]",27.744105831111497,11,False
32,0,25,"[33, 165, 136, 148, 20, 119, 35]",89.48686728839034,32,False
186,0,25,"[136, 13, 42, 148, 119, 145, 118]",83.85198336976312,130,False
187,0,25,"[119, 162, 42, 126, 136, 118, 206]",51.85715460639538,75,False
38,0,25,"[126, 40, 131, 118, 132, 206, 139]",37.71443097953673,71,False
58,0,25,"[60, 109, 51, 111, 104, 208, 10]",27.737667171549738,14,False
21,0,25,"[69, 206, 86, 92, 20, 183, 126]",34.7143586963874,33,True
116,0,25,"[42, 55, 44, 118, 119, 136, 132]",55.707707859829895,66,False
56,0,25,"[53, 101, 132, 133, 171, 28, 203]",38.14344594785149,71,False
19,0,25,"[30, 65, 64, 148, 165, 33, 23]",143.70315319878472,120,False
205,0,25,"[132, 133, 101, 40, 55, 126, 131]",37.14436175470141,46,False
74,0,25,"[174, 62, 20, 117, 24, 177, 69]",32.42670861174488,44,False
182,0,25,"[170, 171, 203, 200, 117, 177, 28]",31.57328134095848,11,False
103,0,25,"[109, 111, 60, 123, 51, 122, 104]",20.130401680735027,13,False
188,0,25,"[136, 119, 148, 33, 42, 126, 145]",72.56514278654164,113,False
5,0,25,"[152, 3, 190, 94, 35, 194, 4]",200.58187372079948,318,False
45,0,25,"[131, 206, 133, 40, 132, 44, 101]",39.85806707223004,72,False
90,0,25,"[194, 64, 3, 15, 35, 94, 152]",183.11518738085698,141,False
26,0,25,"[28, 24, 174, 10, 117, 171, 53]",39.71094323236969,33,False
134,0,25,"[42, 136, 119, 44, 118, 55, 126]",58.42463008190705,45,False
47,0,25,"[109, 60, 111, 51, 104, 208, 10]",27.736136091626584,20,False
63,0,25,"[64, 92, 69, 20, 132, 133, 145]",51.36054622416977,144,False
97,0,25,"[3, 190, 152, 35, 194, 4, 150]",197.48130547293394,277,False
179,0,25,"[132, 101, 206, 133, 131, 44, 53]",39.85758614703786,60,False
27,0,25,"[28, 10, 24, 174, 117, 171, 170]",38.13878680694434,27,False
93,0,25,"[42, 136, 119, 118, 44, 162, 126]",54.709654763715534,132,False
96,0,25,"[6, 7, 153, 152, 3, 190, 4]",314.8902534845553,465,False
98,0,25,"[4, 150, 190, 35, 130, 167, 162]",142.2988826706887,185,False
80,0,25,"[10, 28, 117, 105, 174, 171, 170]",39.425778885894864,16,False
48,0,25,"[28, 24, 53, 117, 174, 171, 10]",39.71102608722296,40,True
43,0,25,"[42, 119, 118, 136, 44, 55, 126]",58.427407892862824,60,True
29,0,25,"[28, 24, 10, 174, 117, 171, 200]",36.28075179172898,27,False
75,0,25,"[77, 15, 44, 20, 24, 206, 174]",44.99754935266689,50,False
99,0,25,"[208, 10, 104, 105, 28, 51, 24]",36.42853434653904,6,False
173,0,25,"[171, 117, 203, 28, 200, 174, 170]",34.14299012851449,25,False
120,0,25,"[136, 42, 119, 118, 162, 44, 126]",54.708962728520206,100,False
71,0,25,"[23, 22, 20, 69, 92, 206, 15]",43.981383953660334,64,False
191,0,22,"[152, 155, 151, 190, 3]",263.31329287143075,248,False
91,0,22,"[194, 154, 3, 1, 2]",198.05511421018096,189,True
8,0,22,"[7, 95, 153, 152, 155]",430.87069734148815,636,False
36,0,22,"[37, 176, 101, 201, 40]",30.79953512102602,20,True
59,0,22,"[46, 207, 105, 28, 84]",43.282976502157425,20,False
107,0,22,"[46, 207, 105, 84, 28]",43.37413663443189,11,False
32,0,22,"[33, 166, 165, 136, 121]",85.66252433323722,32,False
186,0,22,"[121, 144, 143, 136, 147]",92.18799581444351,130,False
187,0,22,"[163, 121, 143, 136, 40]",68.38373885078467,75,True
38,0,22,"[40, 37, 132, 101, 55]",39.20340002846308,71,False
58,0,22,"[46, 207, 105, 28, 84]",43.282976502157425,14,False
21,0,22,"[87, 18, 113, 174, 40]",37.20919863682651,33,True
116,0,22,"[115, 55, 143, 144, 49]",69.99865874805218,66,True
56,0,22,"[49, 53, 101, 132, 201]",36.592114448593264,71,False
19,0,22,"[169, 189, 166, 165, 147]",134.7609471389249,120,True
205,0,22,"[132, 140, 101, 55, 40]",45.80309016681253,46,True
74,0,22,"[18, 174, 84, 87, 113]",34.39843120801125,44,True
182,0,22,"[201, 176, 28, 174, 113]",41.002690778572074,11,False
103,0,22,"[46, 207, 105, 84, 28]",43.458174053853675,13,False
188,0,22,"[121, 136, 144, 147, 146]",97.58335071160884,113,False
5,0,22,"[152, 155, 151, 3, 1]",282.7161333144543,318,False
45,0,22,"[49, 40, 101, 132, 176]",39.79621594618905,72,False
90,0,22,"[194, 154, 3, 1, 2]",198.05511421018096,141,False
26,0,22,"[28, 84, 174, 49, 53]",49.3943674073406,33,False
134,0,22,"[136, 143, 115, 121, 163]",76.41000838330187,45,False
47,0,22,"[46, 207, 105, 84, 28]",43.309362077359474,20,False
63,0,22,"[12, 87, 172, 147, 140]",68.18509538752377,144,False
97,0,22,"[3, 1, 2, 190, 154]",209.57818477338327,277,False
179,0,22,"[49, 101, 132, 87, 140]",46.000660306530186,60,True
27,0,22,"[28, 84, 174, 105, 201]",38.98773498756334,27,True
93,0,22,"[121, 136, 163, 143, 144]",78.4012582060019,132,False
96,0,22,"[95, 7, 153, 152, 155]",431.5244169414171,465,False
98,0,22,"[150, 190, 34, 121, 163]",133.356919129393,185,False
80,0,22,"[84, 28, 105, 174, 113]",42.99790509731919,16,False
48,0,22,"[28, 84, 49, 53, 174]",49.39294735481138,40,True
43,0,22,"[143, 115, 55, 163, 136]",61.796763120291686,60,True
29,0,22,"[28, 84, 174, 49, 201]",44.98964342391011,27,False
75,0,22,"[77, 49, 174, 18, 84]",43.579316944415055,50,True
99,0,22,"[105, 28, 84, 207, 174]",49.61810438758021,6,False
173,0,22,"[28, 201, 176, 174, 84]",38.5979375482375,25,True
120,0,22,"[121, 136, 143, 163, 144]",78.37864767701248,100,False
71,0,22,"[23, 22, 87, 77, 33]",57.558972782202304,64,True
191,0,22,"[35, 4, 148, 6, 145]",184.8647716783986,248,False
91,0,22,"[88, 64, 15, 79, 128]",93.29666859986746,189,False
8,0,22,"[6, 35, 4, 168, 198]",353.2015565255925,636,False
36,0,22,"[157, 39, 67, 160, 178]",23.801916348291776,20,True
59,0,22,"[60, 109, 111, 10, 14]",23.795919042844634,20,True
107,0,22,"[109, 111, 60, 10, 14]",23.79133915600453,11,True
32,0,22,"[184, 193, 149, 35, 148]",111.81489393140835,32,False
186,0,22,"[128, 119, 41, 13, 145]",77.6062388555833,130,False
187,0,22,"[149, 119, 185, 126, 41]",62.79504507321422,75,True
38,0,22,"[127, 160, 126, 118, 131]",37.398093539728336,71,False
58,0,22,"[60, 109, 111, 10, 14]",23.795919042844634,14,True
21,0,22,"[184, 70, 185, 85, 92]",40.79734034871758,33,True
116,0,22,"[52, 175, 128, 41, 114]",69.58627975673451,66,True
56,0,22,"[114, 204, 178, 133, 180]",54.20223311188109,71,False
19,0,22,"[30, 31, 65, 64, 148]",237.13384387576681,120,False
205,0,22,"[133, 141, 180, 185, 119]",65.00245324339616,46,False
74,0,22,"[72, 76, 24, 184, 178]",32.20083983612607,44,True
182,0,22,"[170, 83, 178, 14, 24]",22.399590904726487,11,True
103,0,22,"[109, 111, 60, 122, 10]",24.249207023129056,13,True
188,0,22,"[149, 185, 119, 193, 184]",66.39561379685182,113,False
5,0,22,"[35, 4, 148, 88, 13]",150.9489173555972,318,False
45,0,22,"[131, 185, 204, 133, 178]",37.20017547076005,72,False
90,0,22,"[88, 64, 15, 79, 128]",93.29666859986746,141,False
26,0,22,"[24, 83, 10, 14, 76]",26.402059654768095,33,True
134,0,22,"[41, 119, 128, 118, 52]",72.61060827084474,45,False
47,0,22,"[60, 109, 111, 10, 14]",23.793549655428205,20,True
63,0,22,"[64, 193, 180, 141, 13]",104.18239707753861,144,False
97,0,22,"[35, 4, 88, 41, 148]",131.23001956578423,277,False
179,0,22,"[178, 114, 204, 180, 133]",54.20058678945332,60,True
27,0,22,"[83, 14, 10, 24, 170]",22.401204208141717,27,True
93,0,22,"[41, 119, 149, 185, 126]",62.8036305757931,132,False
96,0,22,"[6, 4, 35, 168, 148]",196.99553727818179,465,False
98,0,22,"[4, 35, 41, 149, 148]",125.49422311950613,185,False
80,0,22,"[83, 10, 14, 24, 170]",22.40028198147533,16,True
48,0,22,"[24, 83, 10, 76, 114]",34.40494989412084,40,True
43,0,22,"[41, 119, 118, 128, 52]",72.61040189940447,60,True
29,0,22,"[24, 83, 10, 14, 170]",22.400417848603897,27,True
75,0,22,"[15, 79, 76, 175, 24]",47.39989027200621,50,True
99,0,22,"[10, 14, 83, 24, 76]",26.409185972183067,6,False
173,0,22,"[170, 24, 83, 178, 14]",22.39943814008024,25,True
120,0,22,"[41, 119, 149, 118, 126]",61.00125357263567,100,False
71,0,22,"[70, 193, 79, 92, 185]",59.195442042830756,64,True
191,0,15,"[152, 155, 189, 1, 2, 95, 167, 4, 150, 34]",238.91043161933007,248,True
91,0,15,"[88, 64, 154, 1, 2, 79, 129, 128, 195, 52]",156.10243048999985,189,False
8,0,15,"[6, 95, 153, 152, 155, 1, 2, 189, 34, 35]",302.5166068591729,636,False
36,0,15,"[39, 101, 201, 67, 127, 171, 183, 49, 132, 117]",33.10024727294505,20,False
59,0,15,"[108, 111, 104, 208, 11, 28, 105, 14, 106, 49]",36.210533540643375,20,False
107,0,15,"[108, 111, 104, 208, 105, 14, 11, 123, 28, 171]",31.615160741869552,11,False
32,0,15,"[33, 166, 34, 35, 135, 136, 154, 185, 148, 140]",108.91147401468926,32,False
186,0,15,"[135, 136, 143, 146, 129, 128, 42, 148, 145, 150]",91.11327366180144,130,False
187,0,15,"[163, 143, 42, 44, 127, 135, 136, 185, 183, 55]",54.700763279409564,75,False
38,0,15,"[127, 140, 39, 183, 42, 132, 101, 49, 185, 55]",46.899543536114805,71,False
58,0,15,"[108, 111, 104, 208, 11, 28, 105, 14, 106, 49]",36.210533540643375,14,False
21,0,15,"[20, 92, 87, 185, 183, 113, 67, 44, 117, 76]",36.80287659604913,33,True
116,0,15,"[52, 129, 128, 143, 42, 55, 49, 44, 127, 140]",71.78953674179171,66,True
56,0,15,"[49, 55, 101, 171, 132, 52, 201, 117, 28, 113]",50.99972032863988,71,False
19,0,15,"[148, 64, 168, 166, 146, 189, 12, 33, 20, 145]",108.27777978404475,120,False
205,0,15,"[132, 140, 101, 185, 55, 127, 49, 44, 183, 12]",55.50594448479936,46,True
74,0,15,"[76, 117, 20, 28, 113, 92, 87, 11, 67, 171]",36.297130732300786,44,True
182,0,15,"[28, 171, 201, 117, 49, 113, 11, 14, 101, 67]",36.19846237448651,11,False
103,0,15,"[108, 111, 123, 104, 208, 105, 11, 14, 28, 171]",31.618888492647272,13,False
188,0,15,"[135, 136, 146, 163, 148, 143, 33, 185, 150, 140]",86.00655856278392,113,False
5,0,15,"[152, 155, 1, 2, 189, 167, 4, 154, 6, 150]",239.88667360751847,318,False
45,0,15,"[44, 185, 49, 132, 183, 39, 101, 127, 117, 67]",41.6943352087866,72,False
90,0,15,"[88, 64, 154, 1, 2, 79, 129, 128, 195, 52]",156.10243048999985,141,False
26,0,15,"[28, 11, 14, 171, 201, 49, 76, 117, 105, 101]",37.896174000435835,33,True
134,0,15,"[42, 135, 136, 129, 128, 44, 185, 143, 127, 52]",71.10745435219123,45,False
47,0,15,"[108, 111, 104, 208, 105, 11, 28, 14, 106, 171]",33.00631700464482,20,False
63,0,15,"[64, 12, 140, 145, 185, 132, 92, 87, 127, 79]",65.25799393893566,144,False
97,0,15,"[1, 2, 152, 155, 4, 154, 150, 34, 35, 189]",224.61992721672465,277,False
179,0,15,"[49, 101, 185, 132, 44, 55, 92, 87, 127, 52]",57.40316401083752,60,True
27,0,15,"[28, 11, 14, 201, 171, 105, 117, 76, 208, 49]",37.899729805953406,27,False
93,0,15,"[163, 135, 136, 42, 143, 146, 129, 128, 44, 148]",73.71574834363349,132,False
96,0,15,"[95, 6, 152, 155, 153, 1, 2, 189, 167, 4]",294.43890612392465,465,False
98,0,15,"[4, 150, 135, 136, 167, 189, 163, 42, 34, 143]",101.8485390776495,185,False
80,0,15,"[28, 14, 171, 11, 117, 105, 201, 208, 113, 76]",35.0994312580892,16,False
48,0,15,"[28, 49, 11, 14, 171, 201, 117, 76, 105, 101]",37.89113594219608,40,True
43,0,15,"[42, 129, 128, 127, 143, 135, 136, 52, 44, 39]",67.90142095506594,60,True
29,0,15,"[28, 11, 14, 171, 201, 117, 49, 76, 105, 113]",36.79349825897693,27,True
75,0,15,"[79, 76, 15, 44, 20, 49, 28, 117, 185, 113]",52.09556364921376,50,True
99,0,15,"[14, 208, 104, 11, 105, 28, 201, 171, 108, 106]",30.69906345022154,6,False
173,0,15,"[171, 201, 28, 117, 11, 49, 76, 113, 14, 101]",38.100812224336465,25,False
120,0,15,"[135, 136, 42, 143, 163, 129, 128, 146, 44, 4]",72.61226126594907,100,False
71,0,15,"[20, 185, 92, 87, 127, 183, 79, 44, 39, 163]",44.70083617054311,64,False
191,0,15,"[151, 3, 94, 7, 192, 194, 147, 121, 13, 169]",228.68490121945365,248,False
91,0,15,"[89, 194, 115, 180, 193, 141, 144, 65, 41, 22]",94.11170753275545,189,False
8,0,15,"[7, 156, 151, 3, 192, 94, 198, 169, 165, 194]",337.7134811691213,636,False
36,0,15,"[37, 159, 157, 176, 200, 170, 139, 177, 66, 160]",23.101321939807576,20,True
59,0,15,"[57, 61, 51, 110, 102, 207, 24, 200, 84, 204]",25.319683137322652,20,True
107,0,15,"[110, 102, 51, 57, 61, 170, 84, 157, 200, 24]",17.699343972325316,11,True
32,0,15,"[165, 193, 149, 184, 94, 121, 119, 126, 30, 31]",138.29982721127294,32,False
186,0,15,"[121, 144, 147, 164, 13, 41, 119, 162, 126, 115]",77.449099079354,130,False
187,0,15,"[149, 121, 162, 164, 119, 126, 184, 41, 147, 144]",69.88803516269067,75,True
38,0,15,"[126, 160, 114, 37, 141, 139, 204, 159, 131, 162]",35.39708401908774,71,False
58,0,15,"[57, 61, 51, 110, 102, 207, 24, 200, 84, 204]",25.319683137322652,14,False
21,0,15,"[86, 184, 69, 206, 85, 193, 149, 16, 23, 160]",47.70642746889223,33,False
116,0,15,"[115, 114, 175, 41, 180, 119, 141, 144, 164, 204]",62.497340169849174,66,True
56,0,15,"[114, 204, 170, 200, 131, 176, 133, 180, 141, 37]",40.50351417240803,71,False
19,0,15,"[23, 30, 31, 22, 169, 65, 89, 193, 147, 184]",152.8440614975434,120,False
205,0,15,"[133, 141, 131, 180, 204, 126, 206, 37, 114, 159]",45.19594819033328,46,True
74,0,15,"[73, 16, 174, 62, 84, 184, 77, 177, 69, 24]",33.59856898737706,44,False
182,0,15,"[170, 176, 200, 177, 157, 174, 37, 24, 16, 159]",24.49985338539016,11,False
103,0,15,"[102, 110, 51, 57, 61, 170, 84, 207, 200, 24]",23.633111381788368,13,False
188,0,15,"[121, 147, 149, 144, 184, 119, 193, 162, 164, 13]",82.16424338085552,113,False
5,0,15,"[151, 3, 194, 94, 7, 147, 192, 121, 13, 169]",228.79727742494273,318,False
45,0,15,"[133, 131, 204, 206, 126, 69, 177, 85, 114, 16]",34.8993472350413,72,False
90,0,15,"[89, 194, 115, 180, 193, 141, 144, 65, 41, 22]",94.11170753275545,141,False
26,0,15,"[24, 200, 84, 176, 174, 170, 204, 77, 159, 114]",32.40923037977512,33,True
134,0,15,"[41, 119, 126, 115, 69, 206, 164, 149, 184, 144]",58.11074873599274,45,False
47,0,15,"[110, 57, 61, 51, 102, 84, 207, 24, 170, 200]",23.61553063265089,20,True
63,0,15,"[89, 172, 141, 180, 193, 65, 13, 206, 160, 69]",84.78698562067083,144,False
97,0,15,"[3, 151, 194, 121, 94, 164, 147, 41, 162, 149]",126.6085311518178,277,False
179,0,15,"[180, 204, 114, 206, 131, 133, 176, 141, 37, 159]",43.68681647291893,60,False
27,0,15,"[24, 200, 176, 170, 84, 174, 157, 177, 37, 159]",24.801979852575013,27,True
93,0,15,"[121, 164, 147, 41, 149, 144, 162, 184, 119, 126]",69.87241745287555,132,False
96,0,15,"[7, 151, 3, 94, 156, 194, 147, 121, 13, 192]",258.2611602864363,465,False
98,0,15,"[121, 3, 164, 151, 147, 41, 162, 149, 144, 184]",103.64140827852381,185,False
80,0,15,"[84, 170, 174, 24, 200, 176, 157, 177, 85, 131]",24.69951797812974,16,True
48,0,15,"[24, 176, 84, 204, 114, 200, 77, 175, 131, 170]",32.301824262505804,40,True
43,0,15,"[41, 119, 126, 115, 164, 160, 144, 133, 131, 85]",45.69103818090361,60,False
29,0,15,"[24, 200, 84, 176, 174, 170, 204, 159, 77, 114]",32.4094565219304,27,True
75,0,15,"[73, 77, 174, 184, 16, 84, 175, 193, 24, 62]",39.19578490455699,50,False
99,0,15,"[51, 24, 170, 200, 207, 84, 157, 176, 57, 61]",24.498217524539175,6,False
173,0,15,"[176, 200, 174, 170, 24, 84, 159, 177, 204, 157]",26.098831420203563,25,True
120,0,15,"[121, 164, 147, 41, 149, 144, 119, 162, 184, 126]",69.85975034699752,100,False
71,0,15,"[23, 89, 69, 126, 22, 206, 193, 162, 184, 149]",57.40004169451906,64,True
191,0,18,"[152, 1, 190, 94, 154]",252.40259021224136,248,True
91,0,18,"[88, 64, 154, 1, 152]",226.6598984274863,189,False
8,0,18,"[7, 152, 1, 190, 9]",492.6774213886741,636,False
36,0,18,"[37, 159, 39, 176, 66]",23.79970249652334,20,True
59,0,18,"[57, 61, 50, 110, 124]",20.00150354967765,20,True
107,0,18,"[108, 110, 124, 57, 61]",17.40046509769124,11,False
32,0,18,"[165, 166, 184, 121, 20]",72.56329152126955,32,False
186,0,18,"[121, 143, 129, 42, 119]",79.36970833733277,130,False
187,0,18,"[119, 121, 42, 164, 143]",72.59411831895376,75,True
38,0,18,"[127, 131, 118, 37, 132]",35.19535565896281,71,False
58,0,18,"[57, 61, 50, 110, 124]",20.00150354967765,14,False
21,0,18,"[69, 184, 206, 20, 16]",33.19487625735019,33,True
116,0,18,"[115, 129, 175, 42, 143]",64.79571267108021,66,True
56,0,18,"[49, 53, 101, 132, 133]",40.196201592704284,71,False
19,0,18,"[65, 30, 169, 64, 89]",190.23154729473546,120,False
205,0,18,"[132, 133, 180, 101, 127]",53.607045566135085,46,False
74,0,18,"[78, 16, 76, 20, 69]",32.398724700018136,44,False
182,0,18,"[170, 200, 176, 28, 177]",35.20256479823246,11,False
103,0,18,"[108, 110, 124, 57, 61]",17.401307113848592,13,True
188,0,18,"[121, 119, 184, 143, 42]",69.952525637574,113,False
5,0,18,"[152, 1, 190, 154, 94]",252.3250943683524,318,False
45,0,18,"[206, 131, 44, 49, 133]",46.79975020157234,72,False
90,0,18,"[88, 64, 154, 1, 152]",226.6598984274863,141,False
26,0,18,"[28, 84, 49, 53, 200]",41.79141296433034,33,False
134,0,18,"[42, 44, 129, 119, 164]",63.19898224640332,45,False
47,0,18,"[124, 57, 61, 110, 50]",20.000580240188047,20,True
63,0,18,"[64, 89, 12, 180, 79]",98.95719332545498,144,False
97,0,18,"[1, 190, 154, 152, 4]",231.47928114671882,277,False
179,0,18,"[49, 178, 180, 101, 132]",55.99855092681483,60,True
27,0,18,"[28, 14, 84, 170, 200]",29.192799933440938,27,True
93,0,18,"[42, 164, 121, 143, 119]",72.59907187144098,132,False
96,0,18,"[7, 152, 1, 190, 4]",285.3140309368632,465,False
98,0,18,"[4, 150, 190, 121, 164]",139.46220691740388,185,False
80,0,18,"[84, 28, 14, 170, 200]",29.19282920669827,16,False
48,0,18,"[28, 49, 53, 84, 200]",41.78615960423619,40,True
43,0,18,"[42, 119, 129, 118, 115]",64.60415751776154,60,True
29,0,18,"[28, 84, 14, 200, 49]",36.59002111810344,27,False
75,0,18,"[77, 79, 44, 20, 76]",56.7958071619035,50,False
99,0,18,"[14, 28, 84, 170, 207]",40.22234389143102,6,False
173,0,18,"[28, 200, 176, 170, 84]",33.198138909417516,25,False
120,0,18,"[121, 42, 164, 143, 119]",72.58248814071975,100,False
71,0,18,"[89, 23, 20, 79, 69]",57.57647839045447,64,False
191,0,18,"[155, 151, 2, 3, 189]",236.4673967803299,248,False
91,0,18,"[194, 15, 135, 136, 128]",67.51231974093756,189,False
8,0,18,"[6, 95, 153, 155, 151]",388.02852154877735,636,False
36,0,18,"[157, 54, 40, 125, 139]",27.403948584848482,20,False
59,0,18,"[109, 46, 51, 111, 104]",22.599044233561063,20,True
107,0,18,"[109, 111, 46, 102, 51]",20.7931099309235,11,False
32,0,18,"[33, 135, 136, 193, 149]",71.41314978971876,32,False
186,0,18,"[144, 135, 136, 128, 147]",77.20086048082304,130,False
187,0,18,"[149, 163, 162, 185, 126]",56.79574081952515,75,False
38,0,18,"[142, 160, 126, 40, 125]",35.79843962668793,71,False
58,0,18,"[109, 46, 51, 111, 104]",22.599044233561063,14,False
21,0,18,"[86, 70, 185, 87, 92]",43.39675264177367,33,False
116,0,18,"[52, 55, 128, 114, 41]",71.57885710150809,66,False
56,0,18,"[114, 171, 117, 113, 112]",35.598415143614446,71,False
19,0,18,"[31, 148, 189, 147, 146]",179.81976916305337,120,False
205,0,18,"[140, 54, 55, 185, 40]",48.39639564770491,46,True
74,0,18,"[174, 72, 117, 18, 24]",29.99609441241767,44,False
182,0,18,"[181, 171, 117, 202, 25]",29.403608246389005,11,False
103,0,18,"[102, 109, 111, 46, 51]",20.82280174892245,13,False
188,0,18,"[135, 136, 144, 149, 147]",84.20798423038502,113,False
5,0,18,"[155, 151, 2, 3, 189]",236.4588668131578,318,False
45,0,18,"[204, 185, 40, 114, 142]",47.200111636897596,72,False
90,0,18,"[194, 15, 135, 136, 128]",67.51231974093756,141,False
26,0,18,"[24, 25, 83, 10, 174]",39.202296947545676,33,False
134,0,18,"[41, 135, 136, 128, 70]",58.20328824713364,45,False
47,0,18,"[46, 109, 111, 51, 104]",22.597160134483644,20,True
63,0,18,"[193, 172, 140, 147, 146]",75.42503282442965,144,False
97,0,18,"[2, 3, 34, 35, 155]",206.44200045599047,277,False
179,0,18,"[114, 204, 87, 92, 54]",34.99814666145121,60,False
27,0,18,"[25, 83, 24, 181, 10]",30.395299282104457,27,True
93,0,18,"[163, 41, 135, 136, 162]",46.9982253569352,132,False
96,0,18,"[95, 6, 153, 155, 151]",388.4738601649216,465,False
98,0,18,"[34, 35, 130, 2, 3]",168.4242344576047,185,False
80,0,18,"[83, 25, 10, 24, 105]",35.5981649952715,16,False
48,0,18,"[24, 25, 83, 10, 174]",39.20300848198551,40,True
43,0,18,"[41, 128, 52, 55, 126]",70.61191261671829,60,False
29,0,18,"[24, 25, 83, 10, 181]",30.39560450057966,27,True
75,0,18,"[15, 174, 24, 117, 113]",33.19729001456631,50,False
99,0,18,"[208, 10, 104, 105, 83]",29.39307509873537,6,False
173,0,18,"[171, 181, 117, 202, 25]",29.40172740805124,25,True
120,0,18,"[135, 136, 41, 163, 144]",57.40693240517614,100,False
71,0,18,"[22, 70, 193, 68, 87]",51.98736294505033,64,False
191,0,32,"[152, 155, 151, 3, 1, 2, 190, 34, 4, 194]",215.1289879703959,248,False
91,0,32,"[194, 64, 15, 79, 3, 1, 2, 136, 115, 129]",125.96891624073587,189,False
8,0,32,"[95, 153, 152, 155, 151, 3, 1, 2, 192, 190]",316.0304133907904,636,False
36,0,32,"[37, 158, 67, 176, 200, 131, 204, 171, 85, 161]",25.004109919513695,20,True
59,0,32,"[51, 108, 11, 14, 28, 76, 181, 117, 78, 112]",31.373813810677433,20,False
107,0,32,"[108, 51, 11, 14, 28, 76, 181, 78, 117, 112]",31.451584480257537,11,False
32,0,32,"[33, 166, 34, 136, 193, 121, 20, 185, 146, 4]",86.61063106871626,32,False
186,0,32,"[121, 146, 136, 42, 41, 129, 128, 13, 185, 118]",77.76333980135013,130,False
187,0,32,"[121, 136, 185, 42, 41, 86, 206, 118, 85, 161]",54.137200996688975,75,False
38,0,32,"[161, 138, 118, 131, 37, 204, 141, 206, 158, 85]",36.295827362708316,71,False
58,0,32,"[51, 108, 11, 14, 28, 76, 181, 117, 78, 112]",31.373813810677433,14,False
21,0,32,"[185, 86, 20, 206, 85, 193, 87, 92, 112, 72]",39.78859991675138,33,True
116,0,32,"[115, 129, 128, 42, 41, 118, 138, 180, 49, 53]",62.3905373491997,66,True
56,0,32,"[53, 49, 171, 138, 200, 176, 204, 28, 117, 112]",40.29768514615464,71,False
19,0,32,"[31, 169, 64, 193, 23, 33, 146, 166, 12, 4]",135.46079546946422,120,False
205,0,32,"[141, 180, 138, 185, 131, 204, 37, 49, 206, 161]",50.18411142456644,46,True
74,0,32,"[78, 72, 20, 76, 117, 112, 86, 193, 67, 185]",39.122003729736,44,True
182,0,32,"[181, 171, 200, 176, 28, 117, 14, 112, 49, 53]",32.7102104837271,11,False
103,0,32,"[108, 51, 11, 14, 28, 76, 78, 181, 117, 112]",31.538720284631747,13,False
188,0,32,"[121, 136, 146, 185, 193, 42, 41, 141, 129, 128]",72.04799003317642,113,False
5,0,32,"[152, 155, 151, 3, 1, 2, 190, 34, 4, 194]",215.02379842840307,318,False
45,0,32,"[131, 206, 185, 204, 49, 85, 86, 138, 117, 161]",39.696408249226394,72,False
90,0,32,"[194, 64, 15, 79, 3, 1, 2, 136, 115, 129]",125.96891624073587,141,False
26,0,32,"[28, 11, 14, 49, 171, 53, 181, 117, 200, 76]",34.18499536177074,33,True
134,0,32,"[42, 41, 129, 128, 136, 118, 115, 185, 206, 121]",67.52533224275425,45,False
47,0,32,"[108, 51, 11, 14, 28, 76, 181, 117, 112, 78]",31.394012803449417,20,False
63,0,32,"[64, 193, 12, 180, 79, 87, 92, 141, 185, 13]",81.12619973933845,144,False
97,0,32,"[3, 1, 2, 190, 152, 155, 151, 34, 4, 194]",215.56664810618648,277,False
179,0,32,"[49, 180, 204, 206, 138, 131, 87, 92, 53, 176]",45.38814976781985,60,False
27,0,32,"[28, 14, 11, 181, 171, 117, 200, 176, 53, 49]",32.70023123057508,27,True
93,0,32,"[121, 136, 42, 41, 185, 129, 128, 118, 206, 146]",69.17765278710195,132,False
96,0,32,"[95, 153, 152, 155, 151, 3, 1, 2, 190, 4]",290.22136928012753,465,False
98,0,32,"[4, 190, 121, 34, 136, 3, 1, 2, 146, 33]",142.59382233534728,185,False
80,0,32,"[28, 11, 14, 117, 181, 112, 171, 200, 53, 176]",30.49089167103519,16,False
48,0,32,"[28, 49, 11, 53, 171, 117, 200, 181, 14, 112]",33.67229555707261,40,True
43,0,32,"[42, 41, 129, 128, 118, 115, 136, 161, 131, 185]",52.98396307877852,60,True
29,0,32,"[28, 11, 14, 181, 171, 117, 49, 200, 53, 176]",32.687182233463666,27,True
75,0,32,"[15, 20, 78, 193, 79, 185, 76, 117, 72, 206]",45.602379194804804,50,True
99,0,32,"[11, 14, 28, 51, 181, 76, 117, 171, 112, 200]",30.78582054160495,6,False
173,0,32,"[171, 28, 200, 181, 176, 117, 49, 53, 112, 14]",32.6984447163842,25,True
120,0,32,"[121, 136, 42, 41, 185, 146, 129, 128, 118, 4]",77.20028542867801,100,False
71,0,32,"[23, 20, 193, 79, 87, 92, 15, 185, 206, 72]",48.36261978272733,64,False
191,0,32,"[94, 189, 35, 167, 150, 148, 147, 130, 6, 7]",219.50243622584523,248,False
91,0,32,"[88, 135, 89, 35, 144, 77, 143, 94, 52, 175]",109.17680677576115,189,False
8,0,32,"[6, 7, 189, 94, 195, 35, 150, 167, 88, 9]",328.41274615038407,636,False
36,0,32,"[159, 101, 139, 183, 201, 160, 40, 170, 127, 16]",29.50057396457733,20,True
59,0,32,"[57, 61, 50, 110, 111, 102, 208, 207, 105, 24]",29.12397891239679,20,True
107,0,32,"[110, 111, 57, 61, 102, 50, 208, 105, 207, 83]",28.440965071732663,11,False
32,0,32,"[165, 135, 184, 149, 35, 148, 119, 69, 44, 126]",80.89444475280733,32,False
186,0,32,"[144, 135, 143, 119, 147, 140, 164, 149, 148, 52]",87.71967201313782,130,False
187,0,32,"[149, 119, 126, 162, 164, 143, 184, 135, 127, 44]",57.697874272474216,75,False
38,0,32,"[127, 126, 160, 40, 139, 183, 159, 119, 101, 55]",40.80021229852878,71,False
58,0,32,"[57, 61, 50, 110, 111, 102, 208, 207, 105, 24]",29.12397891239679,14,False
21,0,32,"[69, 184, 68, 183, 113, 126, 149, 162, 160, 139]",39.80286239184862,33,True
116,0,32,"[52, 55, 175, 44, 143, 119, 144, 132, 164, 127]",66.5870687911164,66,True
56,0,32,"[101, 55, 132, 113, 201, 44, 170, 139, 183, 40]",37.39888254411601,71,False
19,0,32,"[65, 30, 168, 189, 148, 147, 145, 167, 172, 94]",156.1376675589235,120,False
205,0,32,"[132, 140, 101, 55, 119, 149, 40, 127, 126, 44]",57.30526258926344,46,False
74,0,32,"[73, 16, 174, 24, 68, 113, 69, 184, 25, 77]",38.10511393658603,44,True
182,0,32,"[170, 25, 201, 83, 174, 113, 16, 24, 101, 139]",33.4998618156121,11,False
103,0,32,"[102, 110, 111, 57, 61, 122, 50, 208, 207, 105]",28.105768590443468,13,False
188,0,32,"[135, 144, 149, 119, 143, 184, 140, 147, 126, 132]",65.39494123970672,113,False
5,0,32,"[94, 189, 35, 167, 150, 148, 130, 147, 88, 145]",154.37970857452265,318,False
45,0,32,"[44, 40, 101, 126, 183, 69, 127, 132, 184, 149]",47.200501446277414,72,False
90,0,32,"[88, 135, 89, 35, 144, 77, 143, 94, 52, 175]",109.17680677576115,141,False
26,0,32,"[24, 25, 83, 174, 201, 105, 170, 113, 208, 77]",36.102332742432516,33,True
134,0,32,"[135, 119, 44, 52, 143, 164, 55, 126, 127, 40]",63.89563741821124,45,False
47,0,32,"[57, 61, 110, 50, 111, 102, 208, 105, 207, 83]",28.42130227737566,20,True
63,0,32,"[89, 172, 145, 147, 148, 140, 132, 135, 144, 184]",69.58188935335727,144,False
97,0,32,"[35, 150, 164, 88, 143, 130, 135, 144, 94, 189]",136.8567772696807,277,False
179,0,32,"[101, 132, 44, 55, 127, 69, 40, 183, 126, 140]",45.59992227149174,60,False
27,0,32,"[25, 83, 24, 174, 170, 201, 105, 113, 208, 16]",32.69680757559651,27,True
93,0,32,"[164, 143, 135, 119, 162, 149, 126, 44, 127, 144]",63.00622223665187,132,False
96,0,32,"[6, 7, 189, 167, 150, 130, 35, 94, 148, 147]",218.15084791252377,465,False
98,0,32,"[150, 35, 164, 143, 162, 130, 144, 135, 119, 149]",101.4164877805781,185,False
80,0,32,"[83, 25, 105, 174, 24, 170, 113, 201, 208, 16]",32.696524196241384,16,False
48,0,32,"[24, 25, 83, 174, 105, 201, 113, 170, 208, 77]",36.101163085451795,40,True
43,0,32,"[119, 52, 44, 55, 164, 143, 126, 135, 127, 40]",63.894736235294616,60,True
29,0,32,"[24, 25, 83, 174, 201, 170, 105, 113, 208, 16]",32.697470397155136,27,True
75,0,32,"[77, 73, 44, 175, 24, 174, 184, 16, 68, 113]",40.192404186160005,50,True
99,0,32,"[208, 83, 25, 105, 24, 174, 50, 170, 207, 201]",36.49686292136331,6,False
173,0,32,"[201, 170, 25, 174, 24, 83, 113, 16, 139, 105]",32.199726264934526,25,True
120,0,32,"[164, 135, 143, 119, 149, 126, 144, 162, 44, 127]",63.00188051331924,100,False
71,0,32,"[22, 89, 68, 69, 81, 184, 44, 77, 73, 16]",44.19076388087669,64,False
