,nodeID,parentNode,dataSetFilters,evaluated,nodeFeature,nodePrediction,childrenNodes,gainOrMSE,treeLevel,pruned,isLeaf
0,0,-1,{},True,Shell_weight,9.858767205266307,"{'aboveMean': 1, 'belowMean': 2}",7.437728144630552,0,False,False
1,1,0,{'Shell_weight': 'aboveMean'},True,Shucked_weight,11.491379310344827,"{'aboveMean': 3, 'belowMean': 4}",8.399152367877504,1,False,False
2,2,0,{'Shell_weight': 'belowMean'},True,Sex,8.315483119906869,"{'I': 5, 'F': 6, 'M': 7}",5.294913544623229,1,False,False
3,3,1,"{'Shell_weight': 'aboveMean', 'Shucked_weight': 'aboveMean'}",True,Diameter,11.289398280802292,"{'aboveMean': 8, 'belowMean': 9}",8.091522362028154,2,False,False
4,4,1,"{'Shell_weight': 'aboveMean', 'Shucked_weight': 'belowMean'}",True,Diameter,12.728070175438596,"{'aboveMean': 10, 'belowMean': 11}",9.393634588142598,2,False,False
5,5,2,"{'Shell_weight': 'belowMean', 'Sex': 'I'}",True,Height,7.445628997867804,"{'belowMean': 12, 'aboveMean': 13}",4.0171168029398805,2,False,False
6,6,2,"{'Shell_weight': 'belowMean', 'Sex': 'F'}",True,Shucked_weight,9.859649122807015,"{'belowMean': 14, 'aboveMean': 15}",6.727688787185355,2,False,False
7,7,2,"{'Shell_weight': 'belowMean', 'Sex': 'M'}",True,Height,8.972602739726028,"{'belowMean': 16, 'aboveMean': 17}",4.549373815055142,2,False,False
8,8,3,"{'Shell_weight': 'aboveMean', 'Shucked_weight': 'aboveMean', 'Diameter': 'aboveMean'}",True,Sex,11.31304347826087,"{'F': 18, 'M': 19, 'I': 20}",8.089360456302584,3,False,False
9,9,3,"{'Shell_weight': 'aboveMean', 'Shucked_weight': 'aboveMean', 'Diameter': 'belowMean'}",True,Length,9.25,"{'belowMean': 21, 'aboveMean': 22}",3.875,3,False,False
10,10,4,"{'Shell_weight': 'aboveMean', 'Shucked_weight': 'belowMean', 'Diameter': 'aboveMean'}",True,Whole_weight,12.34065934065934,"{'belowMean': 23, 'aboveMean': 24}",7.515389015389015,3,False,False
11,11,4,"{'Shell_weight': 'aboveMean', 'Shucked_weight': 'belowMean', 'Diameter': 'belowMean'}",True,Sex,14.26086956521739,"{'M': 25, 'I': 26, 'F': 27}",11.74703557312253,3,False,False
12,12,5,"{'Shell_weight': 'belowMean', 'Sex': 'I', 'Height': 'belowMean'}",True,Length,7.139810426540285,"{'belowMean': 28, 'aboveMean': 29}",3.4823761309780266,3,False,False
13,13,5,"{'Shell_weight': 'belowMean', 'Sex': 'I', 'Height': 'aboveMean'}",True,Viscera_weight,10.191489361702128,"{'belowMean': 30, 'aboveMean': 31}",7.148441365660564,3,False,False
14,14,6,"{'Shell_weight': 'belowMean', 'Sex': 'F', 'Shucked_weight': 'belowMean'}",True,Height,10.144927536231885,"{'belowMean': 32, 'aboveMean': 33}",7.537085137085137,3,False,False
15,15,6,"{'Shell_weight': 'belowMean', 'Sex': 'F', 'Shucked_weight': 'aboveMean'}",True,Viscera_weight,8.666666666666666,"{'aboveMean': 34, 'belowMean': 35}",1.1502525252525253,3,False,False
16,16,7,"{'Shell_weight': 'belowMean', 'Sex': 'M', 'Height': 'belowMean'}",True,Diameter,8.648148148148149,"{'aboveMean': 36, 'belowMean': 37}",3.706152805949966,3,False,False
17,17,7,"{'Shell_weight': 'belowMean', 'Sex': 'M', 'Height': 'aboveMean'}",True,Shucked_weight,9.894736842105264,"{'aboveMean': 38, 'belowMean': 39}",4.858386496544392,3,False,False
18,18,8,"{'Shell_weight': 'aboveMean', 'Shucked_weight': 'aboveMean', 'Diameter': 'aboveMean', 'Sex': 'F'}",True,Height,11.123417721518988,"{'belowMean': 40, 'aboveMean': 41}",8.29240575727293,4,False,False
19,19,8,"{'Shell_weight': 'aboveMean', 'Shucked_weight': 'aboveMean', 'Diameter': 'aboveMean', 'Sex': 'M'}",True,Length,11.497005988023952,"{'aboveMean': 42, 'belowMean': 43}",7.782708679027487,4,False,False
20,20,8,"{'Shell_weight': 'aboveMean', 'Shucked_weight': 'aboveMean', 'Diameter': 'aboveMean', 'Sex': 'I'}",True,Viscera_weight,11.275,"{'aboveMean': 44, 'belowMean': 45}",7.5725,4,False,False
21,21,9,"{'Shell_weight': 'aboveMean', 'Shucked_weight': 'aboveMean', 'Diameter': 'belowMean', 'Length': 'belowMean'}",True,Sex,8.0,"{'M': 46, 'F': 47}",0.1666666666666666,4,False,False
22,22,9,"{'Shell_weight': 'aboveMean', 'Shucked_weight': 'aboveMean', 'Diameter': 'belowMean', 'Length': 'aboveMean'}",True,Sex,10.5,"{'M': 48, 'F': 49, 'I': 50}",3.125,4,False,False
23,23,10,"{'Shell_weight': 'aboveMean', 'Shucked_weight': 'belowMean', 'Diameter': 'aboveMean', 'Whole_weight': 'belowMean'}",True,Sex,11.405405405405403,"{'M': 51, 'I': 52, 'F': 53}",4.977027027027027,4,False,False
24,24,10,"{'Shell_weight': 'aboveMean', 'Shucked_weight': 'belowMean', 'Diameter': 'aboveMean', 'Whole_weight': 'aboveMean'}",True,Viscera_weight,12.98148148148148,"{'aboveMean': 54, 'belowMean': 55}",8.569444444444445,4,False,False
25,25,11,"{'Shell_weight': 'aboveMean', 'Shucked_weight': 'belowMean', 'Diameter': 'belowMean', 'Sex': 'M'}",True,Whole_weight,13.272727272727272,"{'aboveMean': 56, 'belowMean': 57}",6.444444444444444,4,False,False
26,26,11,"{'Shell_weight': 'aboveMean', 'Shucked_weight': 'belowMean', 'Diameter': 'belowMean', 'Sex': 'I'}",True,Length,11.0,"{'belowMean': 58, 'aboveMean': 59}",0.0,4,False,False
27,27,11,"{'Shell_weight': 'aboveMean', 'Shucked_weight': 'belowMean', 'Diameter': 'belowMean', 'Sex': 'F'}",True,Viscera_weight,16.0,"{'aboveMean': 60, 'belowMean': 61}",16.358333333333334,4,True,True
28,28,12,"{'Shell_weight': 'belowMean', 'Sex': 'I', 'Height': 'belowMean', 'Length': 'belowMean'}",True,Diameter,7.055,"{'belowMean': 62, 'aboveMean': 63}",3.6314824120603015,4,False,False
29,29,12,"{'Shell_weight': 'belowMean', 'Sex': 'I', 'Height': 'belowMean', 'Length': 'aboveMean'}",True,Diameter,8.681818181818182,"{'aboveMean': 64, 'belowMean': 65}",0.4962121212121211,4,False,False
30,30,13,"{'Shell_weight': 'belowMean', 'Sex': 'I', 'Height': 'aboveMean', 'Viscera_weight': 'belowMean'}",True,Length,9.976744186046512,"{'belowMean': 66, 'aboveMean': 67}",6.440568475452197,4,False,False
31,31,13,"{'Shell_weight': 'belowMean', 'Sex': 'I', 'Height': 'aboveMean', 'Viscera_weight': 'aboveMean'}",True,Shucked_weight,12.5,"{'belowMean': 68, 'aboveMean': 69}",8.0,4,False,False
32,32,14,"{'Shell_weight': 'belowMean', 'Sex': 'F', 'Shucked_weight': 'belowMean', 'Height': 'belowMean'}",True,Viscera_weight,9.742857142857142,"{'belowMean': 70, 'aboveMean': 71}",7.160610263522885,4,False,False
33,33,14,"{'Shell_weight': 'belowMean', 'Sex': 'F', 'Shucked_weight': 'belowMean', 'Height': 'aboveMean'}",True,Length,11.424242424242424,"{'belowMean': 72, 'aboveMean': 73}",7.530723905723906,4,False,False
34,34,15,"{'Shell_weight': 'belowMean', 'Sex': 'F', 'Shucked_weight': 'aboveMean', 'Viscera_weight': 'aboveMean'}",True,Height,8.541666666666666,"{'aboveMean': 74, 'belowMean': 75}",1.0161064425770308,4,False,False
35,35,15,"{'Shell_weight': 'belowMean', 'Sex': 'F', 'Shucked_weight': 'aboveMean', 'Viscera_weight': 'belowMean'}",True,Whole_weight,9.0,"{'belowMean': 76, 'aboveMean': 77}",1.0476190476190477,4,False,False
36,36,16,"{'Shell_weight': 'belowMean', 'Sex': 'M', 'Height': 'belowMean', 'Diameter': 'aboveMean'}",True,Shucked_weight,9.235294117647058,"{'aboveMean': 78, 'belowMean': 79}",2.2483660130718954,4,False,False
37,37,16,"{'Shell_weight': 'belowMean', 'Sex': 'M', 'Height': 'belowMean', 'Diameter': 'belowMean'}",True,Viscera_weight,8.579310344827586,"{'belowMean': 80, 'aboveMean': 81}",3.85727969348659,4,False,False
38,38,17,"{'Shell_weight': 'belowMean', 'Sex': 'M', 'Height': 'aboveMean', 'Shucked_weight': 'aboveMean'}",True,Whole_weight,8.696969696969697,"{'aboveMean': 82, 'belowMean': 83}",0.9494949494949496,4,False,False
39,39,17,"{'Shell_weight': 'belowMean', 'Sex': 'M', 'Height': 'aboveMean', 'Shucked_weight': 'belowMean'}",True,Viscera_weight,11.541666666666666,"{'aboveMean': 84, 'belowMean': 85}",9.051587301587302,4,False,False
40,40,18,"{'Shell_weight': 'aboveMean', 'Shucked_weight': 'aboveMean', 'Diameter': 'aboveMean', 'Sex': 'F', 'Height': 'belowMean'}",True,Viscera_weight,10.333333333333334,"{'aboveMean': 86, 'belowMean': 87}",3.3000000000000003,5,False,False
41,41,18,"{'Shell_weight': 'aboveMean', 'Shucked_weight': 'aboveMean', 'Diameter': 'aboveMean', 'Sex': 'F', 'Height': 'aboveMean'}",True,Viscera_weight,11.154605263157896,"{'aboveMean': 88, 'belowMean': 89}",8.459443453265933,5,False,False
42,42,19,"{'Shell_weight': 'aboveMean', 'Shucked_weight': 'aboveMean', 'Diameter': 'aboveMean', 'Sex': 'M', 'Length': 'aboveMean'}",True,Viscera_weight,11.515060240963855,"{'aboveMean': 90, 'belowMean': 91}",7.783658887355407,5,False,False
43,43,19,"{'Shell_weight': 'aboveMean', 'Shucked_weight': 'aboveMean', 'Diameter': 'aboveMean', 'Sex': 'M', 'Length': 'belowMean'}",True,Height,8.5,{'aboveMean': 92},0.25,5,False,False
44,44,20,"{'Shell_weight': 'aboveMean', 'Shucked_weight': 'aboveMean', 'Diameter': 'aboveMean', 'Sex': 'I', 'Viscera_weight': 'aboveMean'}",True,Height,11.8,"{'belowMean': 93, 'aboveMean': 94}",9.022222222222222,5,False,False
45,45,20,"{'Shell_weight': 'aboveMean', 'Shucked_weight': 'aboveMean', 'Diameter': 'aboveMean', 'Sex': 'I', 'Viscera_weight': 'belowMean'}",True,Height,9.7,"{'aboveMean': 95, 'belowMean': 96}",0.45,5,False,False
46,46,21,"{'Shell_weight': 'aboveMean', 'Shucked_weight': 'aboveMean', 'Diameter': 'belowMean', 'Length': 'belowMean', 'Sex': 'M'}",True,Height,8.333333333333334,"{'aboveMean': 97, 'belowMean': 98}",0.1666666666666666,5,False,False
47,47,21,"{'Shell_weight': 'aboveMean', 'Shucked_weight': 'aboveMean', 'Diameter': 'belowMean', 'Length': 'belowMean', 'Sex': 'F'}",True,,7.0,{},0.0,5,False,True
48,48,22,"{'Shell_weight': 'aboveMean', 'Shucked_weight': 'aboveMean', 'Diameter': 'belowMean', 'Length': 'aboveMean', 'Sex': 'M'}",True,Height,12.5,{'aboveMean': 99},6.25,5,False,False
49,49,22,"{'Shell_weight': 'aboveMean', 'Shucked_weight': 'aboveMean', 'Diameter': 'belowMean', 'Length': 'aboveMean', 'Sex': 'F'}",True,,9.0,{},0.0,5,False,True
50,50,22,"{'Shell_weight': 'aboveMean', 'Shucked_weight': 'aboveMean', 'Diameter': 'belowMean', 'Length': 'aboveMean', 'Sex': 'I'}",True,,8.0,{},0.0,5,False,True
51,51,23,"{'Shell_weight': 'aboveMean', 'Shucked_weight': 'belowMean', 'Diameter': 'aboveMean', 'Whole_weight': 'belowMean', 'Sex': 'M'}",True,Height,12.0,"{'aboveMean': 100, 'belowMean': 101}",3.4181818181818184,5,False,False
52,52,23,"{'Shell_weight': 'aboveMean', 'Shucked_weight': 'belowMean', 'Diameter': 'aboveMean', 'Whole_weight': 'belowMean', 'Sex': 'I'}",True,Viscera_weight,10.4,"{'belowMean': 102, 'aboveMean': 103}",1.809523809523809,5,False,False
53,53,23,"{'Shell_weight': 'aboveMean', 'Shucked_weight': 'belowMean', 'Diameter': 'aboveMean', 'Whole_weight': 'belowMean', 'Sex': 'F'}",True,Length,11.625,"{'aboveMean': 104, 'belowMean': 105}",6.935897435897436,5,False,False
54,54,24,"{'Shell_weight': 'aboveMean', 'Shucked_weight': 'belowMean', 'Diameter': 'aboveMean', 'Whole_weight': 'aboveMean', 'Viscera_weight': 'aboveMean'}",True,Height,12.52777777777778,"{'aboveMean': 106, 'belowMean': 107}",7.555555555555555,5,False,False
55,55,24,"{'Shell_weight': 'aboveMean', 'Shucked_weight': 'belowMean', 'Diameter': 'aboveMean', 'Whole_weight': 'aboveMean', 'Viscera_weight': 'belowMean'}",True,Length,13.88888888888889,"{'aboveMean': 108, 'belowMean': 109}",8.228758169934641,5,True,True
56,56,25,"{'Shell_weight': 'aboveMean', 'Shucked_weight': 'belowMean', 'Diameter': 'belowMean', 'Sex': 'M', 'Whole_weight': 'aboveMean'}",True,Length,15.0,"{'belowMean': 110, 'aboveMean': 111}",0.0,5,False,False
57,57,25,"{'Shell_weight': 'aboveMean', 'Shucked_weight': 'belowMean', 'Diameter': 'belowMean', 'Sex': 'M', 'Whole_weight': 'belowMean'}",True,Length,12.88888888888889,"{'belowMean': 112, 'aboveMean': 113}",6.611111111111111,5,False,False
58,58,26,"{'Shell_weight': 'aboveMean', 'Shucked_weight': 'belowMean', 'Diameter': 'belowMean', 'Sex': 'I', 'Length': 'belowMean'}",True,,8.0,{},0.0,5,False,True
59,59,26,"{'Shell_weight': 'aboveMean', 'Shucked_weight': 'belowMean', 'Diameter': 'belowMean', 'Sex': 'I', 'Length': 'aboveMean'}",True,,14.0,{},0.0,5,False,True
60,60,27,"{'Shell_weight': 'aboveMean', 'Shucked_weight': 'belowMean', 'Diameter': 'belowMean', 'Sex': 'F', 'Viscera_weight': 'aboveMean'}",True,Length,17.25,"{'belowMean': 114, 'aboveMean': 115}",18.0,5,True,True
61,61,27,"{'Shell_weight': 'aboveMean', 'Shucked_weight': 'belowMean', 'Diameter': 'belowMean', 'Sex': 'F', 'Viscera_weight': 'belowMean'}",True,Height,15.166666666666666,"{'belowMean': 116, 'aboveMean': 117}",14.888888888888888,5,False,False
62,62,28,"{'Shell_weight': 'belowMean', 'Sex': 'I', 'Height': 'belowMean', 'Length': 'belowMean', 'Diameter': 'belowMean'}",True,Viscera_weight,7.047738693467337,"{'belowMean': 118, 'aboveMean': 119}",3.646190650987937,5,False,False
63,63,28,"{'Shell_weight': 'belowMean', 'Sex': 'I', 'Height': 'belowMean', 'Length': 'belowMean', 'Diameter': 'aboveMean'}",True,Shucked_weight,8.5,{'belowMean': 120},0.25,5,False,False
64,64,29,"{'Shell_weight': 'belowMean', 'Sex': 'I', 'Height': 'belowMean', 'Length': 'aboveMean', 'Diameter': 'aboveMean'}",True,Shucked_weight,9.0,"{'belowMean': 121, 'aboveMean': 122}",0.7523809523809524,5,False,False
65,65,29,"{'Shell_weight': 'belowMean', 'Sex': 'I', 'Height': 'belowMean', 'Length': 'aboveMean', 'Diameter': 'belowMean'}",True,Viscera_weight,8.416666666666666,"{'belowMean': 123, 'aboveMean': 124}",0.2272727272727272,5,False,False
66,66,30,"{'Shell_weight': 'belowMean', 'Sex': 'I', 'Height': 'aboveMean', 'Viscera_weight': 'belowMean', 'Length': 'belowMean'}",True,Diameter,10.0,"{'belowMean': 125, 'aboveMean': 126}",6.28,5,False,False
67,67,30,"{'Shell_weight': 'belowMean', 'Sex': 'I', 'Height': 'aboveMean', 'Viscera_weight': 'belowMean', 'Length': 'aboveMean'}",True,Diameter,9.944444444444445,"{'aboveMean': 127, 'belowMean': 128}",6.42962962962963,5,False,False
68,68,31,"{'Shell_weight': 'belowMean', 'Sex': 'I', 'Height': 'aboveMean', 'Viscera_weight': 'aboveMean', 'Shucked_weight': 'belowMean'}",True,Whole_weight,14.0,"{'belowMean': 129, 'aboveMean': 130}",2.6666666666666665,5,True,True
69,69,31,"{'Shell_weight': 'belowMean', 'Sex': 'I', 'Height': 'aboveMean', 'Viscera_weight': 'aboveMean', 'Shucked_weight': 'aboveMean'}",True,,8.0,{},0.0,5,False,True
70,70,32,"{'Shell_weight': 'belowMean', 'Sex': 'F', 'Shucked_weight': 'belowMean', 'Height': 'belowMean', 'Viscera_weight': 'belowMean'}",True,Diameter,9.776699029126211,"{'belowMean': 131, 'aboveMean': 132}",7.267290561505355,5,False,False
71,71,32,"{'Shell_weight': 'belowMean', 'Sex': 'F', 'Shucked_weight': 'belowMean', 'Height': 'belowMean', 'Viscera_weight': 'aboveMean'}",True,,8.0,{},0.0,5,False,True
72,72,33,"{'Shell_weight': 'belowMean', 'Sex': 'F', 'Shucked_weight': 'belowMean', 'Height': 'aboveMean', 'Length': 'belowMean'}",True,Whole_weight,12.041666666666666,"{'belowMean': 133, 'aboveMean': 134}",8.659420289855072,5,False,False
73,73,33,"{'Shell_weight': 'belowMean', 'Sex': 'F', 'Shucked_weight': 'belowMean', 'Height': 'aboveMean', 'Length': 'aboveMean'}",True,Viscera_weight,9.77777777777778,"{'aboveMean': 135, 'belowMean': 136}",2.6587301587301586,5,False,False
74,74,34,"{'Shell_weight': 'belowMean', 'Sex': 'F', 'Shucked_weight': 'aboveMean', 'Viscera_weight': 'aboveMean', 'Height': 'aboveMean'}",True,Diameter,8.705882352941176,"{'aboveMean': 137, 'belowMean': 138}",1.2794117647058822,5,False,False
75,75,34,"{'Shell_weight': 'belowMean', 'Sex': 'F', 'Shucked_weight': 'aboveMean', 'Viscera_weight': 'aboveMean', 'Height': 'belowMean'}",True,Diameter,8.142857142857142,"{'aboveMean': 139, 'belowMean': 140}",0.0714285714285714,5,False,False
76,76,35,"{'Shell_weight': 'belowMean', 'Sex': 'F', 'Shucked_weight': 'aboveMean', 'Viscera_weight': 'belowMean', 'Whole_weight': 'belowMean'}",True,,8.0,{},0.0,5,False,True
77,77,35,"{'Shell_weight': 'belowMean', 'Sex': 'F', 'Shucked_weight': 'aboveMean', 'Viscera_weight': 'belowMean', 'Whole_weight': 'aboveMean'}",True,Height,9.285714285714286,"{'belowMean': 141, 'aboveMean': 142}",1.3452380952380951,5,False,False
78,78,36,"{'Shell_weight': 'belowMean', 'Sex': 'M', 'Height': 'belowMean', 'Diameter': 'aboveMean', 'Shucked_weight': 'aboveMean'}",True,Viscera_weight,9.0,"{'aboveMean': 143, 'belowMean': 144}",0.9375,5,False,False
79,79,36,"{'Shell_weight': 'belowMean', 'Sex': 'M', 'Height': 'belowMean', 'Diameter': 'aboveMean', 'Shucked_weight': 'belowMean'}",True,Whole_weight,9.444444444444445,"{'belowMean': 145, 'aboveMean': 146}",3.333333333333333,5,False,False
80,80,37,"{'Shell_weight': 'belowMean', 'Sex': 'M', 'Height': 'belowMean', 'Diameter': 'belowMean', 'Viscera_weight': 'belowMean'}",True,Shucked_weight,8.569444444444445,"{'belowMean': 147, 'aboveMean': 148}",3.8771670606776993,5,False,False
81,81,37,"{'Shell_weight': 'belowMean', 'Sex': 'M', 'Height': 'belowMean', 'Diameter': 'belowMean', 'Viscera_weight': 'aboveMean'}",True,,10.0,{},0.0,5,False,True
82,82,38,"{'Shell_weight': 'belowMean', 'Sex': 'M', 'Height': 'aboveMean', 'Shucked_weight': 'aboveMean', 'Whole_weight': 'aboveMean'}",True,Length,8.833333333333334,"{'aboveMean': 149, 'belowMean': 150}",0.858695652173913,5,False,False
83,83,38,"{'Shell_weight': 'belowMean', 'Sex': 'M', 'Height': 'aboveMean', 'Shucked_weight': 'aboveMean', 'Whole_weight': 'belowMean'}",True,Viscera_weight,8.333333333333334,"{'belowMean': 151, 'aboveMean': 152}",1.0555555555555556,5,False,False
84,84,39,"{'Shell_weight': 'belowMean', 'Sex': 'M', 'Height': 'aboveMean', 'Shucked_weight': 'belowMean', 'Viscera_weight': 'aboveMean'}",True,Diameter,14.333333333333334,"{'belowMean': 153, 'aboveMean': 154}",0.1666666666666666,5,False,False
85,85,39,"{'Shell_weight': 'belowMean', 'Sex': 'M', 'Height': 'aboveMean', 'Shucked_weight': 'belowMean', 'Viscera_weight': 'belowMean'}",True,Diameter,11.142857142857142,"{'belowMean': 155, 'aboveMean': 156}",8.70467032967033,5,False,False
86,86,40,"{'Shell_weight': 'aboveMean', 'Shucked_weight': 'aboveMean', 'Diameter': 'aboveMean', 'Sex': 'F', 'Height': 'belowMean', 'Viscera_weight': 'aboveMean'}",True,Length,10.2,{'aboveMean': 157},3.76,6,False,False
87,87,40,"{'Shell_weight': 'aboveMean', 'Shucked_weight': 'aboveMean', 'Diameter': 'aboveMean', 'Sex': 'F', 'Height': 'belowMean', 'Viscera_weight': 'belowMean'}",True,Length,11.0,{'aboveMean': 158},1.0,6,False,False
88,88,41,"{'Shell_weight': 'aboveMean', 'Shucked_weight': 'aboveMean', 'Diameter': 'aboveMean', 'Sex': 'F', 'Height': 'aboveMean', 'Viscera_weight': 'aboveMean'}",True,Length,11.183050847457627,"{'aboveMean': 159, 'belowMean': 160}",8.413915331630678,6,False,False
89,89,41,"{'Shell_weight': 'aboveMean', 'Shucked_weight': 'aboveMean', 'Diameter': 'aboveMean', 'Sex': 'F', 'Height': 'aboveMean', 'Viscera_weight': 'belowMean'}",True,Length,10.22222222222222,{'aboveMean': 161},9.50617283950617,6,False,False
90,90,42,"{'Shell_weight': 'aboveMean', 'Shucked_weight': 'aboveMean', 'Diameter': 'aboveMean', 'Sex': 'M', 'Length': 'aboveMean', 'Viscera_weight': 'aboveMean'}",True,Height,11.479876160990711,"{'aboveMean': 162, 'belowMean': 163}",7.7010650088432735,6,False,False
91,91,42,"{'Shell_weight': 'aboveMean', 'Shucked_weight': 'aboveMean', 'Diameter': 'aboveMean', 'Sex': 'M', 'Length': 'aboveMean', 'Viscera_weight': 'belowMean'}",True,Height,12.77777777777778,"{'belowMean': 164, 'aboveMean': 165}",8.666666666666666,6,False,False
92,92,43,"{'Shell_weight': 'aboveMean', 'Shucked_weight': 'aboveMean', 'Diameter': 'aboveMean', 'Sex': 'M', 'Length': 'belowMean', 'Height': 'aboveMean'}",True,Viscera_weight,8.5,{'aboveMean': 166},0.25,6,True,True
93,93,44,"{'Shell_weight': 'aboveMean', 'Shucked_weight': 'aboveMean', 'Diameter': 'aboveMean', 'Sex': 'I', 'Viscera_weight': 'aboveMean', 'Height': 'belowMean'}",True,,9.0,{},0.0,6,False,True
94,94,44,"{'Shell_weight': 'aboveMean', 'Shucked_weight': 'aboveMean', 'Diameter': 'aboveMean', 'Sex': 'I', 'Viscera_weight': 'aboveMean', 'Height': 'aboveMean'}",True,Length,12.11111111111111,{'aboveMean': 167},10.024691358024691,6,False,False
95,95,45,"{'Shell_weight': 'aboveMean', 'Shucked_weight': 'aboveMean', 'Diameter': 'aboveMean', 'Sex': 'I', 'Viscera_weight': 'belowMean', 'Height': 'aboveMean'}",True,Whole_weight,9.5,"{'aboveMean': 168, 'belowMean': 169}",0.4642857142857143,6,False,False
96,96,45,"{'Shell_weight': 'aboveMean', 'Shucked_weight': 'aboveMean', 'Diameter': 'aboveMean', 'Sex': 'I', 'Viscera_weight': 'belowMean', 'Height': 'belowMean'}",True,Whole_weight,10.5,"{'belowMean': 170, 'aboveMean': 171}",0.0,6,False,False
97,97,46,"{'Shell_weight': 'aboveMean', 'Shucked_weight': 'aboveMean', 'Diameter': 'belowMean', 'Length': 'belowMean', 'Sex': 'M', 'Height': 'aboveMean'}",True,Viscera_weight,8.5,{'aboveMean': 172},0.25,6,False,False
98,98,46,"{'Shell_weight': 'aboveMean', 'Shucked_weight': 'aboveMean', 'Diameter': 'belowMean', 'Length': 'belowMean', 'Sex': 'M', 'Height': 'belowMean'}",True,,8.0,{},0.0,6,False,True
99,99,48,"{'Shell_weight': 'aboveMean', 'Shucked_weight': 'aboveMean', 'Diameter': 'belowMean', 'Length': 'aboveMean', 'Sex': 'M', 'Height': 'aboveMean'}",True,Viscera_weight,12.5,{'aboveMean': 173},6.25,6,False,False
100,100,51,"{'Shell_weight': 'aboveMean', 'Shucked_weight': 'belowMean', 'Diameter': 'aboveMean', 'Whole_weight': 'belowMean', 'Sex': 'M', 'Height': 'aboveMean'}",True,Viscera_weight,12.2,"{'belowMean': 174, 'aboveMean': 175}",3.4333333333333336,6,False,False
101,101,51,"{'Shell_weight': 'aboveMean', 'Shucked_weight': 'belowMean', 'Diameter': 'aboveMean', 'Whole_weight': 'belowMean', 'Sex': 'M', 'Height': 'belowMean'}",True,,10.0,{},0.0,6,False,True
102,102,52,"{'Shell_weight': 'aboveMean', 'Shucked_weight': 'belowMean', 'Diameter': 'aboveMean', 'Whole_weight': 'belowMean', 'Sex': 'I', 'Viscera_weight': 'belowMean'}",True,Height,10.714285714285714,{'aboveMean': 176},2.489795918367347,6,False,False
103,103,52,"{'Shell_weight': 'aboveMean', 'Shucked_weight': 'belowMean', 'Diameter': 'aboveMean', 'Whole_weight': 'belowMean', 'Sex': 'I', 'Viscera_weight': 'aboveMean'}",True,Height,9.666666666666666,"{'aboveMean': 177, 'belowMean': 178}",0.1666666666666666,6,False,False
104,104,53,"{'Shell_weight': 'aboveMean', 'Shucked_weight': 'belowMean', 'Diameter': 'aboveMean', 'Whole_weight': 'belowMean', 'Sex': 'F', 'Length': 'aboveMean'}",True,Height,11.23076923076923,"{'belowMean': 179, 'aboveMean': 180}",8.428205128205128,6,False,False
105,105,53,"{'Shell_weight': 'aboveMean', 'Shucked_weight': 'belowMean', 'Diameter': 'aboveMean', 'Whole_weight': 'belowMean', 'Sex': 'F', 'Length': 'belowMean'}",True,Viscera_weight,13.333333333333334,"{'belowMean': 181, 'aboveMean': 182}",0.0,6,False,False
106,106,54,"{'Shell_weight': 'aboveMean', 'Shucked_weight': 'belowMean', 'Diameter': 'aboveMean', 'Whole_weight': 'aboveMean', 'Viscera_weight': 'aboveMean', 'Height': 'aboveMean'}",True,Sex,12.333333333333334,"{'M': 183, 'F': 184, 'I': 185}",6.80427807486631,6,False,False
107,107,54,"{'Shell_weight': 'aboveMean', 'Shucked_weight': 'belowMean', 'Diameter': 'aboveMean', 'Whole_weight': 'aboveMean', 'Viscera_weight': 'aboveMean', 'Height': 'belowMean'}",True,Sex,14.666666666666666,"{'F': 186, 'M': 187}",0.0,6,False,False
108,108,55,"{'Shell_weight': 'aboveMean', 'Shucked_weight': 'belowMean', 'Diameter': 'aboveMean', 'Whole_weight': 'aboveMean', 'Viscera_weight': 'belowMean', 'Length': 'aboveMean'}",True,Sex,13.588235294117649,"{'F': 188, 'M': 189}",8.07843137254902,6,False,False
109,109,55,"{'Shell_weight': 'aboveMean', 'Shucked_weight': 'belowMean', 'Diameter': 'aboveMean', 'Whole_weight': 'aboveMean', 'Viscera_weight': 'belowMean', 'Length': 'belowMean'}",True,,19.0,{},0.0,6,False,True
110,110,56,"{'Shell_weight': 'aboveMean', 'Shucked_weight': 'belowMean', 'Diameter': 'belowMean', 'Sex': 'M', 'Whole_weight': 'aboveMean', 'Length': 'belowMean'}",True,,14.0,{},0.0,6,False,True
111,111,56,"{'Shell_weight': 'aboveMean', 'Shucked_weight': 'belowMean', 'Diameter': 'belowMean', 'Sex': 'M', 'Whole_weight': 'aboveMean', 'Length': 'aboveMean'}",True,,16.0,{},0.0,6,False,True
112,112,57,"{'Shell_weight': 'aboveMean', 'Shucked_weight': 'belowMean', 'Diameter': 'belowMean', 'Sex': 'M', 'Whole_weight': 'belowMean', 'Length': 'belowMean'}",True,Viscera_weight,13.25,"{'belowMean': 190, 'aboveMean': 191}",6.733333333333333,6,False,False
113,113,57,"{'Shell_weight': 'aboveMean', 'Shucked_weight': 'belowMean', 'Diameter': 'belowMean', 'Sex': 'M', 'Whole_weight': 'belowMean', 'Length': 'aboveMean'}",True,,10.0,{},0.0,6,False,True
114,114,60,"{'Shell_weight': 'aboveMean', 'Shucked_weight': 'belowMean', 'Diameter': 'belowMean', 'Sex': 'F', 'Viscera_weight': 'aboveMean', 'Length': 'belowMean'}",True,Height,17.0,{'aboveMean': 192},24.0,6,False,False
115,115,60,"{'Shell_weight': 'aboveMean', 'Shucked_weight': 'belowMean', 'Diameter': 'belowMean', 'Sex': 'F', 'Viscera_weight': 'aboveMean', 'Length': 'aboveMean'}",True,,18.0,{},0.0,6,False,True
116,116,61,"{'Shell_weight': 'aboveMean', 'Shucked_weight': 'belowMean', 'Diameter': 'belowMean', 'Sex': 'F', 'Viscera_weight': 'belowMean', 'Height': 'belowMean'}",True,Length,14.666666666666666,"{'aboveMean': 193, 'belowMean': 194}",0.6666666666666666,6,False,False
117,117,61,"{'Shell_weight': 'aboveMean', 'Shucked_weight': 'belowMean', 'Diameter': 'belowMean', 'Sex': 'F', 'Viscera_weight': 'belowMean', 'Height': 'aboveMean'}",True,Length,15.666666666666666,{'belowMean': 195},28.222222222222225,6,False,False
118,118,62,"{'Shell_weight': 'belowMean', 'Sex': 'I', 'Height': 'belowMean', 'Length': 'belowMean', 'Diameter': 'belowMean', 'Viscera_weight': 'belowMean'}",True,Shucked_weight,7.045340050377834,"{'aboveMean': 196, 'belowMean': 197}",3.64984217071071,6,False,False
119,119,62,"{'Shell_weight': 'belowMean', 'Sex': 'I', 'Height': 'belowMean', 'Length': 'belowMean', 'Diameter': 'belowMean', 'Viscera_weight': 'aboveMean'}",True,,8.0,{},0.0,6,False,True
120,120,63,"{'Shell_weight': 'belowMean', 'Sex': 'I', 'Height': 'belowMean', 'Length': 'belowMean', 'Diameter': 'aboveMean', 'Shucked_weight': 'belowMean'}",True,Viscera_weight,8.5,{'belowMean': 198},0.25,6,False,False
121,121,64,"{'Shell_weight': 'belowMean', 'Sex': 'I', 'Height': 'belowMean', 'Length': 'aboveMean', 'Diameter': 'aboveMean', 'Shucked_weight': 'belowMean'}",True,Viscera_weight,9.142857142857142,{'belowMean': 199},0.979591836734694,6,False,False
122,122,64,"{'Shell_weight': 'belowMean', 'Sex': 'I', 'Height': 'belowMean', 'Length': 'aboveMean', 'Diameter': 'aboveMean', 'Shucked_weight': 'aboveMean'}",True,Viscera_weight,8.666666666666666,"{'aboveMean': 200, 'belowMean': 201}",0.1666666666666666,6,False,False
123,123,65,"{'Shell_weight': 'belowMean', 'Sex': 'I', 'Height': 'belowMean', 'Length': 'aboveMean', 'Diameter': 'belowMean', 'Viscera_weight': 'belowMean'}",True,Shucked_weight,8.454545454545455,"{'belowMean': 202, 'aboveMean': 203}",0.2181818181818181,6,False,False
124,124,65,"{'Shell_weight': 'belowMean', 'Sex': 'I', 'Height': 'belowMean', 'Length': 'aboveMean', 'Diameter': 'belowMean', 'Viscera_weight': 'aboveMean'}",True,,8.0,{},0.0,6,False,True
125,125,66,"{'Shell_weight': 'belowMean', 'Sex': 'I', 'Height': 'aboveMean', 'Viscera_weight': 'belowMean', 'Length': 'belowMean', 'Diameter': 'belowMean'}",True,Shucked_weight,10.1,"{'belowMean': 204, 'aboveMean': 205}",7.356862745098039,6,False,False
126,126,66,"{'Shell_weight': 'belowMean', 'Sex': 'I', 'Height': 'aboveMean', 'Viscera_weight': 'belowMean', 'Length': 'belowMean', 'Diameter': 'aboveMean'}",True,Shucked_weight,9.6,{'belowMean': 206},1.84,6,False,False
127,127,67,"{'Shell_weight': 'belowMean', 'Sex': 'I', 'Height': 'aboveMean', 'Viscera_weight': 'belowMean', 'Length': 'aboveMean', 'Diameter': 'aboveMean'}",True,Shucked_weight,10.133333333333333,"{'belowMean': 207, 'aboveMean': 208}",7.58,6,False,False
128,128,67,"{'Shell_weight': 'belowMean', 'Sex': 'I', 'Height': 'aboveMean', 'Viscera_weight': 'belowMean', 'Length': 'aboveMean', 'Diameter': 'belowMean'}",True,Shucked_weight,9.0,{'belowMean': 209},0.6666666666666666,6,False,False
129,129,68,"{'Shell_weight': 'belowMean', 'Sex': 'I', 'Height': 'aboveMean', 'Viscera_weight': 'aboveMean', 'Shucked_weight': 'belowMean', 'Whole_weight': 'belowMean'}",True,Diameter,12.0,{'aboveMean': 210},4.0,6,False,False
130,130,68,"{'Shell_weight': 'belowMean', 'Sex': 'I', 'Height': 'aboveMean', 'Viscera_weight': 'aboveMean', 'Shucked_weight': 'belowMean', 'Whole_weight': 'aboveMean'}",True,,18.0,{},0.0,6,False,True
131,131,70,"{'Shell_weight': 'belowMean', 'Sex': 'F', 'Shucked_weight': 'belowMean', 'Height': 'belowMean', 'Viscera_weight': 'belowMean', 'Diameter': 'belowMean'}",True,Length,9.731958762886595,"{'belowMean': 211, 'aboveMean': 212}",7.366381516414419,6,False,False
132,132,70,"{'Shell_weight': 'belowMean', 'Sex': 'F', 'Shucked_weight': 'belowMean', 'Height': 'belowMean', 'Viscera_weight': 'belowMean', 'Diameter': 'aboveMean'}",True,Length,10.5,"{'aboveMean': 213, 'belowMean': 214}",1.5333333333333332,6,False,False
133,133,72,"{'Shell_weight': 'belowMean', 'Sex': 'F', 'Shucked_weight': 'belowMean', 'Height': 'aboveMean', 'Length': 'belowMean', 'Whole_weight': 'belowMean'}",True,Diameter,11.91304347826087,"{'belowMean': 215, 'aboveMean': 216}",8.733333333333334,6,False,False
134,134,72,"{'Shell_weight': 'belowMean', 'Sex': 'F', 'Shucked_weight': 'belowMean', 'Height': 'aboveMean', 'Length': 'belowMean', 'Whole_weight': 'aboveMean'}",True,,15.0,{},0.0,6,False,True
135,135,73,"{'Shell_weight': 'belowMean', 'Sex': 'F', 'Shucked_weight': 'belowMean', 'Height': 'aboveMean', 'Length': 'aboveMean', 'Viscera_weight': 'aboveMean'}",True,Diameter,11.5,{'aboveMean': 217},6.25,6,False,False
136,136,73,"{'Shell_weight': 'belowMean', 'Sex': 'F', 'Shucked_weight': 'belowMean', 'Height': 'aboveMean', 'Length': 'aboveMean', 'Viscera_weight': 'belowMean'}",True,Diameter,9.285714285714286,"{'belowMean': 218, 'aboveMean': 219}",0.4047619047619047,6,False,False
137,137,74,"{'Shell_weight': 'belowMean', 'Sex': 'F', 'Shucked_weight': 'aboveMean', 'Viscera_weight': 'aboveMean', 'Height': 'aboveMean', 'Diameter': 'aboveMean'}",True,Length,8.625,"{'aboveMean': 220, 'belowMean': 221}",1.3333333333333333,6,False,False
138,138,74,"{'Shell_weight': 'belowMean', 'Sex': 'F', 'Shucked_weight': 'aboveMean', 'Viscera_weight': 'aboveMean', 'Height': 'aboveMean', 'Diameter': 'belowMean'}",True,,10.0,{},0.0,6,False,True
139,139,75,"{'Shell_weight': 'belowMean', 'Sex': 'F', 'Shucked_weight': 'aboveMean', 'Viscera_weight': 'aboveMean', 'Height': 'belowMean', 'Diameter': 'aboveMean'}",True,,8.0,{},0.0,6,False,True
140,140,75,"{'Shell_weight': 'belowMean', 'Sex': 'F', 'Shucked_weight': 'aboveMean', 'Viscera_weight': 'aboveMean', 'Height': 'belowMean', 'Diameter': 'belowMean'}",True,Whole_weight,8.5,"{'aboveMean': 222, 'belowMean': 223}",0.0,6,False,False
141,141,77,"{'Shell_weight': 'belowMean', 'Sex': 'F', 'Shucked_weight': 'aboveMean', 'Viscera_weight': 'belowMean', 'Whole_weight': 'aboveMean', 'Height': 'belowMean'}",True,Diameter,9.333333333333334,{'aboveMean': 224},0.888888888888889,6,False,False
142,142,77,"{'Shell_weight': 'belowMean', 'Sex': 'F', 'Shucked_weight': 'aboveMean', 'Viscera_weight': 'belowMean', 'Whole_weight': 'aboveMean', 'Height': 'aboveMean'}",True,Diameter,9.25,{'aboveMean': 225},1.6875,6,False,False
143,143,78,"{'Shell_weight': 'belowMean', 'Sex': 'M', 'Height': 'belowMean', 'Diameter': 'aboveMean', 'Shucked_weight': 'aboveMean', 'Viscera_weight': 'aboveMean'}",True,Whole_weight,8.75,"{'belowMean': 226, 'aboveMean': 227}",0.625,6,False,False
144,144,78,"{'Shell_weight': 'belowMean', 'Sex': 'M', 'Height': 'belowMean', 'Diameter': 'aboveMean', 'Shucked_weight': 'aboveMean', 'Viscera_weight': 'belowMean'}",True,Whole_weight,9.25,"{'belowMean': 228, 'aboveMean': 229}",0.625,6,False,False
145,145,79,"{'Shell_weight': 'belowMean', 'Sex': 'M', 'Height': 'belowMean', 'Diameter': 'aboveMean', 'Shucked_weight': 'belowMean', 'Whole_weight': 'belowMean'}",True,Length,9.5,{'aboveMean': 230},3.75,6,False,False
146,146,79,"{'Shell_weight': 'belowMean', 'Sex': 'M', 'Height': 'belowMean', 'Diameter': 'aboveMean', 'Shucked_weight': 'belowMean', 'Whole_weight': 'aboveMean'}",True,,9.0,{},0.0,6,False,True
147,147,80,"{'Shell_weight': 'belowMean', 'Sex': 'M', 'Height': 'belowMean', 'Diameter': 'belowMean', 'Viscera_weight': 'belowMean', 'Shucked_weight': 'belowMean'}",True,Length,8.581560283687944,"{'belowMean': 231, 'aboveMean': 232}",3.94546307884856,6,False,False
148,148,80,"{'Shell_weight': 'belowMean', 'Sex': 'M', 'Height': 'belowMean', 'Diameter': 'belowMean', 'Viscera_weight': 'belowMean', 'Shucked_weight': 'aboveMean'}",True,Length,8.0,"{'belowMean': 233, 'aboveMean': 234}",0.6666666666666666,6,False,False
149,149,82,"{'Shell_weight': 'belowMean', 'Sex': 'M', 'Height': 'aboveMean', 'Shucked_weight': 'aboveMean', 'Whole_weight': 'aboveMean', 'Length': 'aboveMean'}",True,Viscera_weight,8.869565217391305,"{'belowMean': 235, 'aboveMean': 236}",0.8955669224211423,6,False,False
150,150,82,"{'Shell_weight': 'belowMean', 'Sex': 'M', 'Height': 'aboveMean', 'Shucked_weight': 'aboveMean', 'Whole_weight': 'aboveMean', 'Length': 'belowMean'}",True,,8.0,{},0.0,6,False,True
151,151,83,"{'Shell_weight': 'belowMean', 'Sex': 'M', 'Height': 'aboveMean', 'Shucked_weight': 'aboveMean', 'Whole_weight': 'belowMean', 'Viscera_weight': 'belowMean'}",True,Length,8.166666666666666,"{'aboveMean': 237, 'belowMean': 238}",0.8666666666666667,6,False,False
152,152,83,"{'Shell_weight': 'belowMean', 'Sex': 'M', 'Height': 'aboveMean', 'Shucked_weight': 'aboveMean', 'Whole_weight': 'belowMean', 'Viscera_weight': 'aboveMean'}",True,Diameter,8.666666666666666,"{'aboveMean': 239, 'belowMean': 240}",0.0,6,False,False
153,153,84,"{'Shell_weight': 'belowMean', 'Sex': 'M', 'Height': 'aboveMean', 'Shucked_weight': 'belowMean', 'Viscera_weight': 'aboveMean', 'Diameter': 'belowMean'}",True,Length,13.5,{'belowMean': 241},0.25,6,False,False
154,154,84,"{'Shell_weight': 'belowMean', 'Sex': 'M', 'Height': 'aboveMean', 'Shucked_weight': 'belowMean', 'Viscera_weight': 'aboveMean', 'Diameter': 'aboveMean'}",True,,16.0,{},0.0,6,False,True
155,155,85,"{'Shell_weight': 'belowMean', 'Sex': 'M', 'Height': 'aboveMean', 'Shucked_weight': 'belowMean', 'Viscera_weight': 'belowMean', 'Diameter': 'belowMean'}",True,Length,12.076923076923077,{'belowMean': 242},12.224852071005918,6,False,False
156,156,85,"{'Shell_weight': 'belowMean', 'Sex': 'M', 'Height': 'aboveMean', 'Shucked_weight': 'belowMean', 'Viscera_weight': 'belowMean', 'Diameter': 'aboveMean'}",True,Length,9.625,"{'aboveMean': 243, 'belowMean': 244}",2.8541666666666665,6,False,False
157,157,86,"{'Shell_weight': 'aboveMean', 'Shucked_weight': 'aboveMean', 'Diameter': 'aboveMean', 'Sex': 'F', 'Height': 'belowMean', 'Viscera_weight': 'aboveMean', 'Length': 'aboveMean'}",True,,10.2,{},0.0,7,False,True
158,158,87,"{'Shell_weight': 'aboveMean', 'Shucked_weight': 'aboveMean', 'Diameter': 'aboveMean', 'Sex': 'F', 'Height': 'belowMean', 'Viscera_weight': 'belowMean', 'Length': 'aboveMean'}",True,,11.0,{},0.0,7,False,True
159,159,88,"{'Shell_weight': 'aboveMean', 'Shucked_weight': 'aboveMean', 'Diameter': 'aboveMean', 'Sex': 'F', 'Height': 'aboveMean', 'Viscera_weight': 'aboveMean', 'Length': 'aboveMean'}",True,,11.17123287671233,{},0.0,7,False,True
160,160,88,"{'Shell_weight': 'aboveMean', 'Shucked_weight': 'aboveMean', 'Diameter': 'aboveMean', 'Sex': 'F', 'Height': 'aboveMean', 'Viscera_weight': 'aboveMean', 'Length': 'belowMean'}",True,,12.333333333333334,{},0.0,7,False,True
161,161,89,"{'Shell_weight': 'aboveMean', 'Shucked_weight': 'aboveMean', 'Diameter': 'aboveMean', 'Sex': 'F', 'Height': 'aboveMean', 'Viscera_weight': 'belowMean', 'Length': 'aboveMean'}",True,,10.22222222222222,{},0.0,7,False,True
162,162,90,"{'Shell_weight': 'aboveMean', 'Shucked_weight': 'aboveMean', 'Diameter': 'aboveMean', 'Sex': 'M', 'Length': 'aboveMean', 'Viscera_weight': 'aboveMean', 'Height': 'aboveMean'}",True,,11.437299035369774,{},0.0,7,False,True
163,163,90,"{'Shell_weight': 'aboveMean', 'Shucked_weight': 'aboveMean', 'Diameter': 'aboveMean', 'Sex': 'M', 'Length': 'aboveMean', 'Viscera_weight': 'aboveMean', 'Height': 'belowMean'}",True,,12.583333333333334,{},0.0,7,False,True
164,164,91,"{'Shell_weight': 'aboveMean', 'Shucked_weight': 'aboveMean', 'Diameter': 'aboveMean', 'Sex': 'M', 'Length': 'aboveMean', 'Viscera_weight': 'belowMean', 'Height': 'belowMean'}",True,,11.0,{},0.0,7,False,True
165,165,91,"{'Shell_weight': 'aboveMean', 'Shucked_weight': 'aboveMean', 'Diameter': 'aboveMean', 'Sex': 'M', 'Length': 'aboveMean', 'Viscera_weight': 'belowMean', 'Height': 'aboveMean'}",True,,13.0,{},0.0,7,False,True
166,166,92,"{'Shell_weight': 'aboveMean', 'Shucked_weight': 'aboveMean', 'Diameter': 'aboveMean', 'Sex': 'M', 'Length': 'belowMean', 'Height': 'aboveMean', 'Viscera_weight': 'aboveMean'}",True,,8.5,{},0.0,7,False,True
167,167,94,"{'Shell_weight': 'aboveMean', 'Shucked_weight': 'aboveMean', 'Diameter': 'aboveMean', 'Sex': 'I', 'Viscera_weight': 'aboveMean', 'Height': 'aboveMean', 'Length': 'aboveMean'}",True,,12.11111111111111,{},0.0,7,False,True
168,168,95,"{'Shell_weight': 'aboveMean', 'Shucked_weight': 'aboveMean', 'Diameter': 'aboveMean', 'Sex': 'I', 'Viscera_weight': 'belowMean', 'Height': 'aboveMean', 'Whole_weight': 'aboveMean'}",True,,9.428571428571429,{},0.0,7,False,True
169,169,95,"{'Shell_weight': 'aboveMean', 'Shucked_weight': 'aboveMean', 'Diameter': 'aboveMean', 'Sex': 'I', 'Viscera_weight': 'belowMean', 'Height': 'aboveMean', 'Whole_weight': 'belowMean'}",True,,10.0,{},0.0,7,False,True
170,170,96,"{'Shell_weight': 'aboveMean', 'Shucked_weight': 'aboveMean', 'Diameter': 'aboveMean', 'Sex': 'I', 'Viscera_weight': 'belowMean', 'Height': 'belowMean', 'Whole_weight': 'belowMean'}",True,,10.0,{},0.0,7,False,True
171,171,96,"{'Shell_weight': 'aboveMean', 'Shucked_weight': 'aboveMean', 'Diameter': 'aboveMean', 'Sex': 'I', 'Viscera_weight': 'belowMean', 'Height': 'belowMean', 'Whole_weight': 'aboveMean'}",True,,11.0,{},0.0,7,False,True
172,172,97,"{'Shell_weight': 'aboveMean', 'Shucked_weight': 'aboveMean', 'Diameter': 'belowMean', 'Length': 'belowMean', 'Sex': 'M', 'Height': 'aboveMean', 'Viscera_weight': 'aboveMean'}",True,,8.5,{},0.0,7,False,True
173,173,99,"{'Shell_weight': 'aboveMean', 'Shucked_weight': 'aboveMean', 'Diameter': 'belowMean', 'Length': 'aboveMean', 'Sex': 'M', 'Height': 'aboveMean', 'Viscera_weight': 'aboveMean'}",True,,12.5,{},0.0,7,False,True
174,174,100,"{'Shell_weight': 'aboveMean', 'Shucked_weight': 'belowMean', 'Diameter': 'aboveMean', 'Whole_weight': 'belowMean', 'Sex': 'M', 'Height': 'aboveMean', 'Viscera_weight': 'belowMean'}",True,,12.666666666666666,{},0.0,7,False,True
175,175,100,"{'Shell_weight': 'aboveMean', 'Shucked_weight': 'belowMean', 'Diameter': 'aboveMean', 'Whole_weight': 'belowMean', 'Sex': 'M', 'Height': 'aboveMean', 'Viscera_weight': 'aboveMean'}",True,,11.5,{},0.0,7,False,True
176,176,102,"{'Shell_weight': 'aboveMean', 'Shucked_weight': 'belowMean', 'Diameter': 'aboveMean', 'Whole_weight': 'belowMean', 'Sex': 'I', 'Viscera_weight': 'belowMean', 'Height': 'aboveMean'}",True,,10.714285714285714,{},0.0,7,False,True
177,177,103,"{'Shell_weight': 'aboveMean', 'Shucked_weight': 'belowMean', 'Diameter': 'aboveMean', 'Whole_weight': 'belowMean', 'Sex': 'I', 'Viscera_weight': 'aboveMean', 'Height': 'aboveMean'}",True,,10.0,{},0.0,7,False,True
178,178,103,"{'Shell_weight': 'aboveMean', 'Shucked_weight': 'belowMean', 'Diameter': 'aboveMean', 'Whole_weight': 'belowMean', 'Sex': 'I', 'Viscera_weight': 'aboveMean', 'Height': 'belowMean'}",True,,9.5,{},0.0,7,False,True
179,179,104,"{'Shell_weight': 'aboveMean', 'Shucked_weight': 'belowMean', 'Diameter': 'aboveMean', 'Whole_weight': 'belowMean', 'Sex': 'F', 'Length': 'aboveMean', 'Height': 'belowMean'}",True,,11.666666666666666,{},0.0,7,False,True
180,180,104,"{'Shell_weight': 'aboveMean', 'Shucked_weight': 'belowMean', 'Diameter': 'aboveMean', 'Whole_weight': 'belowMean', 'Sex': 'F', 'Length': 'aboveMean', 'Height': 'aboveMean'}",True,,11.1,{},0.0,7,False,True
181,181,105,"{'Shell_weight': 'aboveMean', 'Shucked_weight': 'belowMean', 'Diameter': 'aboveMean', 'Whole_weight': 'belowMean', 'Sex': 'F', 'Length': 'belowMean', 'Viscera_weight': 'belowMean'}",True,,14.0,{},0.0,7,False,True
182,182,105,"{'Shell_weight': 'aboveMean', 'Shucked_weight': 'belowMean', 'Diameter': 'aboveMean', 'Whole_weight': 'belowMean', 'Sex': 'F', 'Length': 'belowMean', 'Viscera_weight': 'aboveMean'}",True,,13.0,{},0.0,7,False,True
183,183,106,"{'Shell_weight': 'aboveMean', 'Shucked_weight': 'belowMean', 'Diameter': 'aboveMean', 'Whole_weight': 'aboveMean', 'Viscera_weight': 'aboveMean', 'Height': 'aboveMean', 'Sex': 'M'}",True,,12.4,{},0.0,7,False,True
184,184,106,"{'Shell_weight': 'aboveMean', 'Shucked_weight': 'belowMean', 'Diameter': 'aboveMean', 'Whole_weight': 'aboveMean', 'Viscera_weight': 'aboveMean', 'Height': 'aboveMean', 'Sex': 'F'}",True,,12.058823529411764,{},0.0,7,False,True
185,185,106,"{'Shell_weight': 'aboveMean', 'Shucked_weight': 'belowMean', 'Diameter': 'aboveMean', 'Whole_weight': 'aboveMean', 'Viscera_weight': 'aboveMean', 'Height': 'aboveMean', 'Sex': 'I'}",True,,16.0,{},0.0,7,False,True
186,186,107,"{'Shell_weight': 'aboveMean', 'Shucked_weight': 'belowMean', 'Diameter': 'aboveMean', 'Whole_weight': 'aboveMean', 'Viscera_weight': 'aboveMean', 'Height': 'belowMean', 'Sex': 'F'}",True,,17.0,{},0.0,7,False,True
187,187,107,"{'Shell_weight': 'aboveMean', 'Shucked_weight': 'belowMean', 'Diameter': 'aboveMean', 'Whole_weight': 'aboveMean', 'Viscera_weight': 'aboveMean', 'Height': 'belowMean', 'Sex': 'M'}",True,,10.0,{},0.0,7,False,True
188,188,108,"{'Shell_weight': 'aboveMean', 'Shucked_weight': 'belowMean', 'Diameter': 'aboveMean', 'Whole_weight': 'aboveMean', 'Viscera_weight': 'belowMean', 'Length': 'aboveMean', 'Sex': 'F'}",True,,14.666666666666666,{},0.0,7,False,True
189,189,108,"{'Shell_weight': 'aboveMean', 'Shucked_weight': 'belowMean', 'Diameter': 'aboveMean', 'Whole_weight': 'aboveMean', 'Viscera_weight': 'belowMean', 'Length': 'aboveMean', 'Sex': 'M'}",True,,13.0,{},0.0,7,False,True
190,190,112,"{'Shell_weight': 'aboveMean', 'Shucked_weight': 'belowMean', 'Diameter': 'belowMean', 'Sex': 'M', 'Whole_weight': 'belowMean', 'Length': 'belowMean', 'Viscera_weight': 'belowMean'}",True,,12.6,{},0.0,7,False,True
191,191,112,"{'Shell_weight': 'aboveMean', 'Shucked_weight': 'belowMean', 'Diameter': 'belowMean', 'Sex': 'M', 'Whole_weight': 'belowMean', 'Length': 'belowMean', 'Viscera_weight': 'aboveMean'}",True,,14.333333333333334,{},0.0,7,False,True
192,192,114,"{'Shell_weight': 'aboveMean', 'Shucked_weight': 'belowMean', 'Diameter': 'belowMean', 'Sex': 'F', 'Viscera_weight': 'aboveMean', 'Length': 'belowMean', 'Height': 'aboveMean'}",True,,17.0,{},0.0,7,False,True
193,193,116,"{'Shell_weight': 'aboveMean', 'Shucked_weight': 'belowMean', 'Diameter': 'belowMean', 'Sex': 'F', 'Viscera_weight': 'belowMean', 'Height': 'belowMean', 'Length': 'aboveMean'}",True,,16.0,{},0.0,7,False,True
194,194,116,"{'Shell_weight': 'aboveMean', 'Shucked_weight': 'belowMean', 'Diameter': 'belowMean', 'Sex': 'F', 'Viscera_weight': 'belowMean', 'Height': 'belowMean', 'Length': 'belowMean'}",True,,14.0,{},0.0,7,False,True
195,195,117,"{'Shell_weight': 'aboveMean', 'Shucked_weight': 'belowMean', 'Diameter': 'belowMean', 'Sex': 'F', 'Viscera_weight': 'belowMean', 'Height': 'aboveMean', 'Length': 'belowMean'}",True,,15.666666666666666,{},0.0,7,False,True
196,196,118,"{'Shell_weight': 'belowMean', 'Sex': 'I', 'Height': 'belowMean', 'Length': 'belowMean', 'Diameter': 'belowMean', 'Viscera_weight': 'belowMean', 'Shucked_weight': 'aboveMean'}",True,,6.0,{},0.0,7,False,True
197,197,118,"{'Shell_weight': 'belowMean', 'Sex': 'I', 'Height': 'belowMean', 'Length': 'belowMean', 'Diameter': 'belowMean', 'Viscera_weight': 'belowMean', 'Shucked_weight': 'belowMean'}",True,,7.050632911392405,{},0.0,7,False,True
198,198,120,"{'Shell_weight': 'belowMean', 'Sex': 'I', 'Height': 'belowMean', 'Length': 'belowMean', 'Diameter': 'aboveMean', 'Shucked_weight': 'belowMean', 'Viscera_weight': 'belowMean'}",True,,8.5,{},0.0,7,False,True
199,199,121,"{'Shell_weight': 'belowMean', 'Sex': 'I', 'Height': 'belowMean', 'Length': 'aboveMean', 'Diameter': 'aboveMean', 'Shucked_weight': 'belowMean', 'Viscera_weight': 'belowMean'}",True,,9.142857142857142,{},0.0,7,False,True
200,200,122,"{'Shell_weight': 'belowMean', 'Sex': 'I', 'Height': 'belowMean', 'Length': 'aboveMean', 'Diameter': 'aboveMean', 'Shucked_weight': 'aboveMean', 'Viscera_weight': 'aboveMean'}",True,,9.0,{},0.0,7,False,True
201,201,122,"{'Shell_weight': 'belowMean', 'Sex': 'I', 'Height': 'belowMean', 'Length': 'aboveMean', 'Diameter': 'aboveMean', 'Shucked_weight': 'aboveMean', 'Viscera_weight': 'belowMean'}",True,,8.5,{},0.0,7,False,True
202,202,123,"{'Shell_weight': 'belowMean', 'Sex': 'I', 'Height': 'belowMean', 'Length': 'aboveMean', 'Diameter': 'belowMean', 'Viscera_weight': 'belowMean', 'Shucked_weight': 'belowMean'}",True,,8.4,{},0.0,7,False,True
203,203,123,"{'Shell_weight': 'belowMean', 'Sex': 'I', 'Height': 'belowMean', 'Length': 'aboveMean', 'Diameter': 'belowMean', 'Viscera_weight': 'belowMean', 'Shucked_weight': 'aboveMean'}",True,,9.0,{},0.0,7,False,True
204,204,125,"{'Shell_weight': 'belowMean', 'Sex': 'I', 'Height': 'aboveMean', 'Viscera_weight': 'belowMean', 'Length': 'belowMean', 'Diameter': 'belowMean', 'Shucked_weight': 'belowMean'}",True,,10.176470588235292,{},0.0,7,False,True
205,205,125,"{'Shell_weight': 'belowMean', 'Sex': 'I', 'Height': 'aboveMean', 'Viscera_weight': 'belowMean', 'Length': 'belowMean', 'Diameter': 'belowMean', 'Shucked_weight': 'aboveMean'}",True,,9.666666666666666,{},0.0,7,False,True
206,206,126,"{'Shell_weight': 'belowMean', 'Sex': 'I', 'Height': 'aboveMean', 'Viscera_weight': 'belowMean', 'Length': 'belowMean', 'Diameter': 'aboveMean', 'Shucked_weight': 'belowMean'}",True,,9.6,{},0.0,7,False,True
207,207,127,"{'Shell_weight': 'belowMean', 'Sex': 'I', 'Height': 'aboveMean', 'Viscera_weight': 'belowMean', 'Length': 'aboveMean', 'Diameter': 'aboveMean', 'Shucked_weight': 'belowMean'}",True,,10.1,{},0.0,7,False,True
208,208,127,"{'Shell_weight': 'belowMean', 'Sex': 'I', 'Height': 'aboveMean', 'Viscera_weight': 'belowMean', 'Length': 'aboveMean', 'Diameter': 'aboveMean', 'Shucked_weight': 'aboveMean'}",True,,10.2,{},0.0,7,False,True
209,209,128,"{'Shell_weight': 'belowMean', 'Sex': 'I', 'Height': 'aboveMean', 'Viscera_weight': 'belowMean', 'Length': 'aboveMean', 'Diameter': 'belowMean', 'Shucked_weight': 'belowMean'}",True,,9.0,{},0.0,7,False,True
210,210,129,"{'Shell_weight': 'belowMean', 'Sex': 'I', 'Height': 'aboveMean', 'Viscera_weight': 'aboveMean', 'Shucked_weight': 'belowMean', 'Whole_weight': 'belowMean', 'Diameter': 'aboveMean'}",True,,12.0,{},0.0,7,False,True
211,211,131,"{'Shell_weight': 'belowMean', 'Sex': 'F', 'Shucked_weight': 'belowMean', 'Height': 'belowMean', 'Viscera_weight': 'belowMean', 'Diameter': 'belowMean', 'Length': 'belowMean'}",True,,9.74468085106383,{},0.0,7,False,True
212,212,131,"{'Shell_weight': 'belowMean', 'Sex': 'F', 'Shucked_weight': 'belowMean', 'Height': 'belowMean', 'Viscera_weight': 'belowMean', 'Diameter': 'belowMean', 'Length': 'aboveMean'}",True,,9.333333333333334,{},0.0,7,False,True
213,213,132,"{'Shell_weight': 'belowMean', 'Sex': 'F', 'Shucked_weight': 'belowMean', 'Height': 'belowMean', 'Viscera_weight': 'belowMean', 'Diameter': 'aboveMean', 'Length': 'aboveMean'}",True,,9.6,{},0.0,7,False,True
214,214,132,"{'Shell_weight': 'belowMean', 'Sex': 'F', 'Shucked_weight': 'belowMean', 'Height': 'belowMean', 'Viscera_weight': 'belowMean', 'Diameter': 'aboveMean', 'Length': 'belowMean'}",True,,15.0,{},0.0,7,False,True
215,215,133,"{'Shell_weight': 'belowMean', 'Sex': 'F', 'Shucked_weight': 'belowMean', 'Height': 'aboveMean', 'Length': 'belowMean', 'Whole_weight': 'belowMean', 'Diameter': 'belowMean'}",True,,11.7,{},0.0,7,False,True
216,216,133,"{'Shell_weight': 'belowMean', 'Sex': 'F', 'Shucked_weight': 'belowMean', 'Height': 'aboveMean', 'Length': 'belowMean', 'Whole_weight': 'belowMean', 'Diameter': 'aboveMean'}",True,,13.333333333333334,{},0.0,7,False,True
217,217,135,"{'Shell_weight': 'belowMean', 'Sex': 'F', 'Shucked_weight': 'belowMean', 'Height': 'aboveMean', 'Length': 'aboveMean', 'Viscera_weight': 'aboveMean', 'Diameter': 'aboveMean'}",True,,11.5,{},0.0,7,False,True
218,218,136,"{'Shell_weight': 'belowMean', 'Sex': 'F', 'Shucked_weight': 'belowMean', 'Height': 'aboveMean', 'Length': 'aboveMean', 'Viscera_weight': 'belowMean', 'Diameter': 'belowMean'}",True,,12.0,{},0.0,7,False,True
219,219,136,"{'Shell_weight': 'belowMean', 'Sex': 'F', 'Shucked_weight': 'belowMean', 'Height': 'aboveMean', 'Length': 'aboveMean', 'Viscera_weight': 'belowMean', 'Diameter': 'aboveMean'}",True,,8.833333333333334,{},0.0,7,False,True
220,220,137,"{'Shell_weight': 'belowMean', 'Sex': 'F', 'Shucked_weight': 'aboveMean', 'Viscera_weight': 'aboveMean', 'Height': 'aboveMean', 'Diameter': 'aboveMean', 'Length': 'aboveMean'}",True,,8.666666666666666,{},0.0,7,False,True
221,221,137,"{'Shell_weight': 'belowMean', 'Sex': 'F', 'Shucked_weight': 'aboveMean', 'Viscera_weight': 'aboveMean', 'Height': 'aboveMean', 'Diameter': 'aboveMean', 'Length': 'belowMean'}",True,,8.0,{},0.0,7,False,True
222,222,140,"{'Shell_weight': 'belowMean', 'Sex': 'F', 'Shucked_weight': 'aboveMean', 'Viscera_weight': 'aboveMean', 'Height': 'belowMean', 'Diameter': 'belowMean', 'Whole_weight': 'aboveMean'}",True,,9.0,{},0.0,7,False,True
223,223,140,"{'Shell_weight': 'belowMean', 'Sex': 'F', 'Shucked_weight': 'aboveMean', 'Viscera_weight': 'aboveMean', 'Height': 'belowMean', 'Diameter': 'belowMean', 'Whole_weight': 'belowMean'}",True,,8.0,{},0.0,7,False,True
224,224,141,"{'Shell_weight': 'belowMean', 'Sex': 'F', 'Shucked_weight': 'aboveMean', 'Viscera_weight': 'belowMean', 'Whole_weight': 'aboveMean', 'Height': 'belowMean', 'Diameter': 'aboveMean'}",True,,9.333333333333334,{},0.0,7,False,True
225,225,142,"{'Shell_weight': 'belowMean', 'Sex': 'F', 'Shucked_weight': 'aboveMean', 'Viscera_weight': 'belowMean', 'Whole_weight': 'aboveMean', 'Height': 'aboveMean', 'Diameter': 'aboveMean'}",True,,9.25,{},0.0,7,False,True
226,226,143,"{'Shell_weight': 'belowMean', 'Sex': 'M', 'Height': 'belowMean', 'Diameter': 'aboveMean', 'Shucked_weight': 'aboveMean', 'Viscera_weight': 'aboveMean', 'Whole_weight': 'belowMean'}",True,,8.0,{},0.0,7,False,True
227,227,143,"{'Shell_weight': 'belowMean', 'Sex': 'M', 'Height': 'belowMean', 'Diameter': 'aboveMean', 'Shucked_weight': 'aboveMean', 'Viscera_weight': 'aboveMean', 'Whole_weight': 'aboveMean'}",True,,9.5,{},0.0,7,False,True
228,228,144,"{'Shell_weight': 'belowMean', 'Sex': 'M', 'Height': 'belowMean', 'Diameter': 'aboveMean', 'Shucked_weight': 'aboveMean', 'Viscera_weight': 'belowMean', 'Whole_weight': 'belowMean'}",True,,9.5,{},0.0,7,False,True
229,229,144,"{'Shell_weight': 'belowMean', 'Sex': 'M', 'Height': 'belowMean', 'Diameter': 'aboveMean', 'Shucked_weight': 'aboveMean', 'Viscera_weight': 'belowMean', 'Whole_weight': 'aboveMean'}",True,,9.0,{},0.0,7,False,True
230,230,145,"{'Shell_weight': 'belowMean', 'Sex': 'M', 'Height': 'belowMean', 'Diameter': 'aboveMean', 'Shucked_weight': 'belowMean', 'Whole_weight': 'belowMean', 'Length': 'aboveMean'}",True,,9.5,{},0.0,7,False,True
231,231,147,"{'Shell_weight': 'belowMean', 'Sex': 'M', 'Height': 'belowMean', 'Diameter': 'belowMean', 'Viscera_weight': 'belowMean', 'Shucked_weight': 'belowMean', 'Length': 'belowMean'}",True,,8.580882352941176,{},0.0,7,False,True
232,232,147,"{'Shell_weight': 'belowMean', 'Sex': 'M', 'Height': 'belowMean', 'Diameter': 'belowMean', 'Viscera_weight': 'belowMean', 'Shucked_weight': 'belowMean', 'Length': 'aboveMean'}",True,,8.6,{},0.0,7,False,True
233,233,148,"{'Shell_weight': 'belowMean', 'Sex': 'M', 'Height': 'belowMean', 'Diameter': 'belowMean', 'Viscera_weight': 'belowMean', 'Shucked_weight': 'aboveMean', 'Length': 'belowMean'}",True,,8.0,{},0.0,7,False,True
234,234,148,"{'Shell_weight': 'belowMean', 'Sex': 'M', 'Height': 'belowMean', 'Diameter': 'belowMean', 'Viscera_weight': 'belowMean', 'Shucked_weight': 'aboveMean', 'Length': 'aboveMean'}",True,,8.0,{},0.0,7,False,True
235,235,149,"{'Shell_weight': 'belowMean', 'Sex': 'M', 'Height': 'aboveMean', 'Shucked_weight': 'aboveMean', 'Whole_weight': 'aboveMean', 'Length': 'aboveMean', 'Viscera_weight': 'belowMean'}",True,,8.833333333333334,{},0.0,7,False,True
236,236,149,"{'Shell_weight': 'belowMean', 'Sex': 'M', 'Height': 'aboveMean', 'Shucked_weight': 'aboveMean', 'Whole_weight': 'aboveMean', 'Length': 'aboveMean', 'Viscera_weight': 'aboveMean'}",True,,8.882352941176471,{},0.0,7,False,True
237,237,151,"{'Shell_weight': 'belowMean', 'Sex': 'M', 'Height': 'aboveMean', 'Shucked_weight': 'aboveMean', 'Whole_weight': 'belowMean', 'Viscera_weight': 'belowMean', 'Length': 'aboveMean'}",True,,8.4,{},0.0,7,False,True
238,238,151,"{'Shell_weight': 'belowMean', 'Sex': 'M', 'Height': 'aboveMean', 'Shucked_weight': 'aboveMean', 'Whole_weight': 'belowMean', 'Viscera_weight': 'belowMean', 'Length': 'belowMean'}",True,,7.0,{},0.0,7,False,True
239,239,152,"{'Shell_weight': 'belowMean', 'Sex': 'M', 'Height': 'aboveMean', 'Shucked_weight': 'aboveMean', 'Whole_weight': 'belowMean', 'Viscera_weight': 'aboveMean', 'Diameter': 'aboveMean'}",True,,8.0,{},0.0,7,False,True
240,240,152,"{'Shell_weight': 'belowMean', 'Sex': 'M', 'Height': 'aboveMean', 'Shucked_weight': 'aboveMean', 'Whole_weight': 'belowMean', 'Viscera_weight': 'aboveMean', 'Diameter': 'belowMean'}",True,,10.0,{},0.0,7,False,True
241,241,153,"{'Shell_weight': 'belowMean', 'Sex': 'M', 'Height': 'aboveMean', 'Shucked_weight': 'belowMean', 'Viscera_weight': 'aboveMean', 'Diameter': 'belowMean', 'Length': 'belowMean'}",True,,13.5,{},0.0,7,False,True
242,242,155,"{'Shell_weight': 'belowMean', 'Sex': 'M', 'Height': 'aboveMean', 'Shucked_weight': 'belowMean', 'Viscera_weight': 'belowMean', 'Diameter': 'belowMean', 'Length': 'belowMean'}",True,,12.076923076923077,{},0.0,7,False,True
243,243,156,"{'Shell_weight': 'belowMean', 'Sex': 'M', 'Height': 'aboveMean', 'Shucked_weight': 'belowMean', 'Viscera_weight': 'belowMean', 'Diameter': 'aboveMean', 'Length': 'aboveMean'}",True,,9.833333333333334,{},0.0,7,False,True
244,244,156,"{'Shell_weight': 'belowMean', 'Sex': 'M', 'Height': 'aboveMean', 'Shucked_weight': 'belowMean', 'Viscera_weight': 'belowMean', 'Diameter': 'aboveMean', 'Length': 'belowMean'}",True,,9.0,{},0.0,7,False,True
