,nodeID,parentNode,dataSetFilters,evaluated,nodeFeature,nodePrediction,childrenNodes,gainOrMSE,treeLevel,pruned,isLeaf
0,0,-1,{},True,Shell_weight,9.884500299222022,"{'belowMean': 1, 'aboveMean': 2}",7.329060414149533,0,False,False
1,1,0,{'Shell_weight': 'belowMean'},True,Sex,8.242178447276942,"{'M': 3, 'F': 4, 'I': 5}",4.842943149239874,1,False,False
2,2,0,{'Shell_weight': 'aboveMean'},True,Shucked_weight,11.63861386138614,"{'belowMean': 6, 'aboveMean': 7}",8.680550184716335,1,False,False
3,3,1,"{'Shell_weight': 'belowMean', 'Sex': 'M'}",True,Height,9.105504587155965,"{'belowMean': 8, 'aboveMean': 9}",5.760176457320303,2,False,False
4,4,1,"{'Shell_weight': 'belowMean', 'Sex': 'F'}",True,Height,9.695652173913045,"{'aboveMean': 10, 'belowMean': 11}",4.69878163643545,2,False,False
5,5,1,"{'Shell_weight': 'belowMean', 'Sex': 'I'}",True,Height,7.369834710743802,"{'belowMean': 12, 'aboveMean': 13}",3.790223516153268,2,False,False
6,6,2,"{'Shell_weight': 'aboveMean', 'Shucked_weight': 'belowMean'}",True,Sex,12.78813559322034,"{'F': 14, 'M': 15, 'I': 16}",12.692014920489497,2,False,False
7,7,2,"{'Shell_weight': 'aboveMean', 'Shucked_weight': 'aboveMean'}",True,Height,11.442028985507246,"{'aboveMean': 17, 'belowMean': 18}",7.745554316636516,2,False,False
8,8,3,"{'Shell_weight': 'belowMean', 'Sex': 'M', 'Height': 'belowMean'}",True,Viscera_weight,8.806060606060607,"{'belowMean': 19, 'aboveMean': 20}",5.037845818640521,3,False,False
9,9,3,"{'Shell_weight': 'belowMean', 'Sex': 'M', 'Height': 'aboveMean'}",True,Length,10.037735849056604,"{'belowMean': 21, 'aboveMean': 22}",7.201401617250673,3,False,False
10,10,4,"{'Shell_weight': 'belowMean', 'Sex': 'F', 'Height': 'aboveMean'}",True,Whole_weight,10.471698113207546,"{'belowMean': 23, 'aboveMean': 24}",5.1247494643721065,3,False,False
11,11,4,"{'Shell_weight': 'belowMean', 'Sex': 'F', 'Height': 'belowMean'}",True,Viscera_weight,9.314814814814817,"{'belowMean': 25, 'aboveMean': 26}",3.950566893424036,3,False,False
12,12,5,"{'Shell_weight': 'belowMean', 'Sex': 'I', 'Height': 'belowMean'}",True,Length,7.154545454545454,"{'belowMean': 27, 'aboveMean': 28}",3.56707189411267,3,False,False
13,13,5,"{'Shell_weight': 'belowMean', 'Sex': 'I', 'Height': 'aboveMean'}",True,Shucked_weight,9.522727272727272,"{'belowMean': 29, 'aboveMean': 30}",3.684011164274322,3,False,False
14,14,6,"{'Shell_weight': 'aboveMean', 'Shucked_weight': 'belowMean', 'Sex': 'F'}",True,Height,13.54054054054054,"{'belowMean': 31, 'aboveMean': 32}",15.399155405405404,3,False,False
15,15,6,"{'Shell_weight': 'aboveMean', 'Shucked_weight': 'belowMean', 'Sex': 'M'}",True,Whole_weight,13.214285714285714,"{'belowMean': 33, 'aboveMean': 34}",11.38960577118472,3,False,False
16,16,6,"{'Shell_weight': 'aboveMean', 'Shucked_weight': 'belowMean', 'Sex': 'I'}",True,Diameter,10.72,"{'aboveMean': 35, 'belowMean': 36}",8.31,3,False,False
17,17,7,"{'Shell_weight': 'aboveMean', 'Shucked_weight': 'aboveMean', 'Height': 'aboveMean'}",True,Viscera_weight,11.492378048780488,"{'aboveMean': 37, 'belowMean': 38}",7.894850028572171,3,False,False
18,18,7,"{'Shell_weight': 'aboveMean', 'Shucked_weight': 'aboveMean', 'Height': 'belowMean'}",True,Viscera_weight,10.470588235294118,"{'aboveMean': 39, 'belowMean': 40}",3.8083778966131914,3,False,False
19,19,8,"{'Shell_weight': 'belowMean', 'Sex': 'M', 'Height': 'belowMean', 'Viscera_weight': 'belowMean'}",True,Shucked_weight,8.7682119205298,"{'belowMean': 41, 'aboveMean': 42}",5.345813299464756,4,False,False
20,20,8,"{'Shell_weight': 'belowMean', 'Sex': 'M', 'Height': 'belowMean', 'Viscera_weight': 'aboveMean'}",True,Diameter,9.214285714285714,"{'aboveMean': 43, 'belowMean': 44}",1.4063492063492065,4,False,False
21,21,9,"{'Shell_weight': 'belowMean', 'Sex': 'M', 'Height': 'aboveMean', 'Length': 'belowMean'}",True,Diameter,10.96,"{'belowMean': 45, 'aboveMean': 46}",11.193333333333332,4,False,False
22,22,9,"{'Shell_weight': 'belowMean', 'Sex': 'M', 'Height': 'aboveMean', 'Length': 'aboveMean'}",True,Shucked_weight,9.214285714285714,"{'belowMean': 47, 'aboveMean': 48}",3.0443223443223446,4,False,False
23,23,10,"{'Shell_weight': 'belowMean', 'Sex': 'F', 'Height': 'aboveMean', 'Whole_weight': 'belowMean'}",True,Length,11.051282051282053,"{'aboveMean': 49, 'belowMean': 50}",5.5031039136302295,4,False,False
24,24,10,"{'Shell_weight': 'belowMean', 'Sex': 'F', 'Height': 'aboveMean', 'Whole_weight': 'aboveMean'}",True,Shucked_weight,8.857142857142858,"{'aboveMean': 51, 'belowMean': 52}",2.571428571428572,4,False,False
25,25,11,"{'Shell_weight': 'belowMean', 'Sex': 'F', 'Height': 'belowMean', 'Viscera_weight': 'belowMean'}",True,Whole_weight,9.224489795918368,"{'belowMean': 53, 'aboveMean': 54}",3.7708815484956872,4,False,False
26,26,11,"{'Shell_weight': 'belowMean', 'Sex': 'F', 'Height': 'belowMean', 'Viscera_weight': 'aboveMean'}",True,Length,10.2,"{'aboveMean': 55, 'belowMean': 56}",4.433333333333333,4,False,False
27,27,12,"{'Shell_weight': 'belowMean', 'Sex': 'I', 'Height': 'belowMean', 'Length': 'belowMean'}",True,Diameter,7.02200488997555,"{'belowMean': 57, 'aboveMean': 58}",3.686220546729779,4,False,False
28,28,12,"{'Shell_weight': 'belowMean', 'Sex': 'I', 'Height': 'belowMean', 'Length': 'aboveMean'}",True,Shucked_weight,8.903225806451612,"{'belowMean': 59, 'aboveMean': 60}",1.2327188940092166,4,False,False
29,29,13,"{'Shell_weight': 'belowMean', 'Sex': 'I', 'Height': 'aboveMean', 'Shucked_weight': 'belowMean'}",True,Diameter,9.578947368421051,"{'belowMean': 61, 'aboveMean': 62}",4.066234817813766,4,False,False
30,30,13,"{'Shell_weight': 'belowMean', 'Sex': 'I', 'Height': 'aboveMean', 'Shucked_weight': 'aboveMean'}",True,Diameter,9.166666666666666,"{'aboveMean': 63, 'belowMean': 64}",0.8666666666666666,4,False,False
31,31,14,"{'Shell_weight': 'aboveMean', 'Shucked_weight': 'belowMean', 'Sex': 'F', 'Height': 'belowMean'}",True,Length,16.8,"{'aboveMean': 65, 'belowMean': 66}",12.55,4,False,False
32,32,14,"{'Shell_weight': 'aboveMean', 'Shucked_weight': 'belowMean', 'Sex': 'F', 'Height': 'aboveMean'}",True,Whole_weight,13.03125,"{'aboveMean': 67, 'belowMean': 68}",13.784895833333334,4,False,False
33,33,15,"{'Shell_weight': 'aboveMean', 'Shucked_weight': 'belowMean', 'Sex': 'M', 'Whole_weight': 'belowMean'}",True,Length,12.526315789473683,"{'aboveMean': 69, 'belowMean': 70}",9.276653171390016,4,False,False
34,34,15,"{'Shell_weight': 'aboveMean', 'Shucked_weight': 'belowMean', 'Sex': 'M', 'Whole_weight': 'aboveMean'}",True,Height,13.567567567567568,"{'aboveMean': 71, 'belowMean': 72}",11.919645451903516,4,False,False
35,35,16,"{'Shell_weight': 'aboveMean', 'Shucked_weight': 'belowMean', 'Sex': 'I', 'Diameter': 'aboveMean'}",True,Whole_weight,10.45,"{'belowMean': 73, 'aboveMean': 74}",4.127083333333333,4,False,False
36,36,16,"{'Shell_weight': 'aboveMean', 'Shucked_weight': 'belowMean', 'Sex': 'I', 'Diameter': 'belowMean'}",True,Height,11.8,"{'aboveMean': 75, 'belowMean': 76}",12.95,4,False,False
37,37,17,"{'Shell_weight': 'aboveMean', 'Shucked_weight': 'aboveMean', 'Height': 'aboveMean', 'Viscera_weight': 'aboveMean'}",True,Length,11.536741214057509,"{'aboveMean': 77, 'belowMean': 78}",7.9219684402392065,4,False,False
38,38,17,"{'Shell_weight': 'aboveMean', 'Shucked_weight': 'aboveMean', 'Height': 'aboveMean', 'Viscera_weight': 'belowMean'}",True,Sex,10.566666666666666,"{'M': 79, 'F': 80, 'I': 81}",6.379166666666666,4,False,False
39,39,18,"{'Shell_weight': 'aboveMean', 'Shucked_weight': 'aboveMean', 'Height': 'belowMean', 'Viscera_weight': 'aboveMean'}",True,Sex,10.090909090909092,"{'F': 82, 'M': 83, 'I': 84}",2.987012987012987,4,False,False
40,40,18,"{'Shell_weight': 'aboveMean', 'Shucked_weight': 'aboveMean', 'Height': 'belowMean', 'Viscera_weight': 'belowMean'}",True,Whole_weight,11.166666666666666,"{'aboveMean': 85, 'belowMean': 86}",4.851851851851852,4,False,False
41,41,19,"{'Shell_weight': 'belowMean', 'Sex': 'M', 'Height': 'belowMean', 'Viscera_weight': 'belowMean', 'Shucked_weight': 'belowMean'}",True,Diameter,8.787671232876713,"{'belowMean': 87, 'aboveMean': 88}",5.506037544393709,5,False,False
42,42,19,"{'Shell_weight': 'belowMean', 'Sex': 'M', 'Height': 'belowMean', 'Viscera_weight': 'belowMean', 'Shucked_weight': 'aboveMean'}",True,Length,8.2,"{'belowMean': 89, 'aboveMean': 90}",0.2333333333333333,5,False,False
43,43,20,"{'Shell_weight': 'belowMean', 'Sex': 'M', 'Height': 'belowMean', 'Viscera_weight': 'aboveMean', 'Diameter': 'aboveMean'}",True,Whole_weight,8.88888888888889,"{'aboveMean': 91, 'belowMean': 92}",1.3277777777777775,5,False,False
44,44,20,"{'Shell_weight': 'belowMean', 'Sex': 'M', 'Height': 'belowMean', 'Viscera_weight': 'aboveMean', 'Diameter': 'belowMean'}",True,Length,9.8,"{'aboveMean': 93, 'belowMean': 94}",0.4,5,False,False
45,45,21,"{'Shell_weight': 'belowMean', 'Sex': 'M', 'Height': 'aboveMean', 'Length': 'belowMean', 'Diameter': 'belowMean'}",True,Shucked_weight,11.083333333333334,"{'belowMean': 95, 'aboveMean': 96}",11.471014492753625,5,False,False
46,46,21,"{'Shell_weight': 'belowMean', 'Sex': 'M', 'Height': 'aboveMean', 'Length': 'belowMean', 'Diameter': 'aboveMean'}",True,,8.0,{},0.0,5,False,True
47,47,22,"{'Shell_weight': 'belowMean', 'Sex': 'M', 'Height': 'aboveMean', 'Length': 'aboveMean', 'Shucked_weight': 'belowMean'}",True,Diameter,9.76923076923077,"{'aboveMean': 97, 'belowMean': 98}",5.068376068376068,5,False,False
48,48,22,"{'Shell_weight': 'belowMean', 'Sex': 'M', 'Height': 'aboveMean', 'Length': 'aboveMean', 'Shucked_weight': 'aboveMean'}",True,Whole_weight,8.733333333333333,"{'aboveMean': 99, 'belowMean': 100}",0.8,5,False,False
49,49,23,"{'Shell_weight': 'belowMean', 'Sex': 'F', 'Height': 'aboveMean', 'Whole_weight': 'belowMean', 'Length': 'aboveMean'}",True,Viscera_weight,10.36842105263158,"{'belowMean': 101, 'aboveMean': 102}",4.77811004784689,5,False,False
50,50,23,"{'Shell_weight': 'belowMean', 'Sex': 'F', 'Height': 'aboveMean', 'Whole_weight': 'belowMean', 'Length': 'belowMean'}",True,Shucked_weight,11.7,"{'belowMean': 103, 'aboveMean': 104}",5.657894736842105,5,False,False
51,51,24,"{'Shell_weight': 'belowMean', 'Sex': 'F', 'Height': 'aboveMean', 'Whole_weight': 'aboveMean', 'Shucked_weight': 'aboveMean'}",True,Diameter,9.0,"{'aboveMean': 105, 'belowMean': 106}",2.685897435897436,5,False,False
52,52,24,"{'Shell_weight': 'belowMean', 'Sex': 'F', 'Height': 'aboveMean', 'Whole_weight': 'aboveMean', 'Shucked_weight': 'belowMean'}",True,,7.0,{},0.0,5,False,True
53,53,25,"{'Shell_weight': 'belowMean', 'Sex': 'F', 'Height': 'belowMean', 'Viscera_weight': 'belowMean', 'Whole_weight': 'belowMean'}",True,Diameter,9.237113402061857,"{'belowMean': 107, 'aboveMean': 108}",3.803709596565027,5,False,False
54,54,25,"{'Shell_weight': 'belowMean', 'Sex': 'F', 'Height': 'belowMean', 'Viscera_weight': 'belowMean', 'Whole_weight': 'aboveMean'}",True,,8.0,{},0.0,5,False,True
55,55,26,"{'Shell_weight': 'belowMean', 'Sex': 'F', 'Height': 'belowMean', 'Viscera_weight': 'aboveMean', 'Length': 'aboveMean'}",True,Shucked_weight,9.333333333333334,"{'belowMean': 109, 'aboveMean': 110}",2.8888888888888893,5,False,False
56,56,26,"{'Shell_weight': 'belowMean', 'Sex': 'F', 'Height': 'belowMean', 'Viscera_weight': 'aboveMean', 'Length': 'belowMean'}",True,Diameter,11.5,"{'belowMean': 111, 'aboveMean': 112}",5.166666666666666,5,False,False
57,57,27,"{'Shell_weight': 'belowMean', 'Sex': 'I', 'Height': 'belowMean', 'Length': 'belowMean', 'Diameter': 'belowMean'}",True,Shucked_weight,7.002463054187192,"{'belowMean': 113, 'aboveMean': 114}",3.6674328147100415,5,False,False
58,58,27,"{'Shell_weight': 'belowMean', 'Sex': 'I', 'Height': 'belowMean', 'Length': 'belowMean', 'Diameter': 'aboveMean'}",True,Shucked_weight,9.666666666666666,{'belowMean': 115},5.5555555555555545,5,False,False
59,59,28,"{'Shell_weight': 'belowMean', 'Sex': 'I', 'Height': 'belowMean', 'Length': 'aboveMean', 'Shucked_weight': 'belowMean'}",True,Viscera_weight,8.75,"{'belowMean': 116, 'aboveMean': 117}",1.0797101449275364,5,False,False
60,60,28,"{'Shell_weight': 'belowMean', 'Sex': 'I', 'Height': 'belowMean', 'Length': 'aboveMean', 'Shucked_weight': 'aboveMean'}",True,Whole_weight,9.428571428571429,"{'belowMean': 118, 'aboveMean': 119}",1.619047619047619,5,False,False
61,61,29,"{'Shell_weight': 'belowMean', 'Sex': 'I', 'Height': 'aboveMean', 'Shucked_weight': 'belowMean', 'Diameter': 'belowMean'}",True,Length,9.68,"{'belowMean': 120, 'aboveMean': 121}",5.491428571428571,5,False,False
62,62,29,"{'Shell_weight': 'belowMean', 'Sex': 'I', 'Height': 'aboveMean', 'Shucked_weight': 'belowMean', 'Diameter': 'aboveMean'}",True,Length,9.384615384615383,"{'aboveMean': 122, 'belowMean': 123}",1.1589743589743589,5,False,False
63,63,30,"{'Shell_weight': 'belowMean', 'Sex': 'I', 'Height': 'aboveMean', 'Shucked_weight': 'aboveMean', 'Diameter': 'aboveMean'}",True,Viscera_weight,9.4,"{'belowMean': 124, 'aboveMean': 125}",1.0333333333333334,5,False,False
64,64,30,"{'Shell_weight': 'belowMean', 'Sex': 'I', 'Height': 'aboveMean', 'Shucked_weight': 'aboveMean', 'Diameter': 'belowMean'}",True,,8.0,{},0.0,5,False,True
65,65,31,"{'Shell_weight': 'aboveMean', 'Shucked_weight': 'belowMean', 'Sex': 'F', 'Height': 'belowMean', 'Length': 'aboveMean'}",True,Whole_weight,18.25,"{'belowMean': 126, 'aboveMean': 127}",14.125,5,True,True
66,66,31,"{'Shell_weight': 'aboveMean', 'Shucked_weight': 'belowMean', 'Sex': 'F', 'Height': 'belowMean', 'Length': 'belowMean'}",True,,11.0,{},0.0,5,False,True
67,67,32,"{'Shell_weight': 'aboveMean', 'Shucked_weight': 'belowMean', 'Sex': 'F', 'Height': 'aboveMean', 'Whole_weight': 'aboveMean'}",True,Diameter,13.7,"{'aboveMean': 128, 'belowMean': 129}",10.2,5,True,True
68,68,32,"{'Shell_weight': 'aboveMean', 'Shucked_weight': 'belowMean', 'Sex': 'F', 'Height': 'aboveMean', 'Whole_weight': 'belowMean'}",True,Length,11.916666666666666,"{'aboveMean': 130, 'belowMean': 131}",15.65625,5,False,False
69,69,33,"{'Shell_weight': 'aboveMean', 'Shucked_weight': 'belowMean', 'Sex': 'M', 'Whole_weight': 'belowMean', 'Length': 'aboveMean'}",True,Diameter,12.923076923076923,"{'aboveMean': 132, 'belowMean': 133}",4.685897435897436,5,True,True
70,70,33,"{'Shell_weight': 'aboveMean', 'Shucked_weight': 'belowMean', 'Sex': 'M', 'Whole_weight': 'belowMean', 'Length': 'belowMean'}",True,Diameter,11.666666666666666,"{'belowMean': 134, 'aboveMean': 135}",8.555555555555555,5,False,False
71,71,34,"{'Shell_weight': 'aboveMean', 'Shucked_weight': 'belowMean', 'Sex': 'M', 'Whole_weight': 'aboveMean', 'Height': 'aboveMean'}",True,Viscera_weight,13.838709677419354,"{'aboveMean': 136, 'belowMean': 137}",13.26589861751152,5,False,False
72,72,34,"{'Shell_weight': 'aboveMean', 'Shucked_weight': 'belowMean', 'Sex': 'M', 'Whole_weight': 'aboveMean', 'Height': 'belowMean'}",True,Viscera_weight,12.166666666666666,"{'belowMean': 138, 'aboveMean': 139}",1.777777777777778,5,False,False
73,73,35,"{'Shell_weight': 'aboveMean', 'Shucked_weight': 'belowMean', 'Sex': 'I', 'Diameter': 'aboveMean', 'Whole_weight': 'belowMean'}",True,Height,9.666666666666666,"{'aboveMean': 140, 'belowMean': 141}",1.2962962962962965,5,False,False
74,74,35,"{'Shell_weight': 'aboveMean', 'Shucked_weight': 'belowMean', 'Sex': 'I', 'Diameter': 'aboveMean', 'Whole_weight': 'aboveMean'}",True,Viscera_weight,11.625,"{'aboveMean': 142, 'belowMean': 143}",5.604166666666666,5,False,False
75,75,36,"{'Shell_weight': 'aboveMean', 'Shucked_weight': 'belowMean', 'Sex': 'I', 'Diameter': 'belowMean', 'Height': 'aboveMean'}",True,Viscera_weight,13.25,"{'aboveMean': 144, 'belowMean': 145}",10.166666666666666,5,False,False
76,76,36,"{'Shell_weight': 'aboveMean', 'Shucked_weight': 'belowMean', 'Sex': 'I', 'Diameter': 'belowMean', 'Height': 'belowMean'}",True,,6.0,{},0.0,5,False,True
77,77,37,"{'Shell_weight': 'aboveMean', 'Shucked_weight': 'aboveMean', 'Height': 'aboveMean', 'Viscera_weight': 'aboveMean', 'Length': 'aboveMean'}",True,Sex,11.54647435897436,"{'F': 146, 'M': 147, 'I': 148}",7.924285069859205,5,False,False
78,78,37,"{'Shell_weight': 'aboveMean', 'Shucked_weight': 'aboveMean', 'Height': 'aboveMean', 'Viscera_weight': 'aboveMean', 'Length': 'belowMean'}",True,Sex,8.5,"{'M': 149, 'F': 150}",0.0,5,False,False
79,79,38,"{'Shell_weight': 'aboveMean', 'Shucked_weight': 'aboveMean', 'Height': 'aboveMean', 'Viscera_weight': 'belowMean', 'Sex': 'M'}",True,Diameter,10.0,{'aboveMean': 151},8.0,5,False,False
80,80,38,"{'Shell_weight': 'aboveMean', 'Shucked_weight': 'aboveMean', 'Height': 'aboveMean', 'Viscera_weight': 'belowMean', 'Sex': 'F'}",True,Whole_weight,11.375,"{'aboveMean': 152, 'belowMean': 153}",7.178571428571429,5,False,False
81,81,38,"{'Shell_weight': 'aboveMean', 'Shucked_weight': 'aboveMean', 'Height': 'aboveMean', 'Viscera_weight': 'belowMean', 'Sex': 'I'}",True,Whole_weight,10.75,"{'belowMean': 154, 'aboveMean': 155}",1.7333333333333334,5,False,False
82,82,39,"{'Shell_weight': 'aboveMean', 'Shucked_weight': 'aboveMean', 'Height': 'belowMean', 'Viscera_weight': 'aboveMean', 'Sex': 'F'}",True,Diameter,10.0,{'aboveMean': 156},0.6666666666666666,5,False,False
83,83,39,"{'Shell_weight': 'aboveMean', 'Shucked_weight': 'aboveMean', 'Height': 'belowMean', 'Viscera_weight': 'aboveMean', 'Sex': 'M'}",True,Diameter,10.142857142857142,{'aboveMean': 157},4.408163265306123,5,False,False
84,84,39,"{'Shell_weight': 'aboveMean', 'Shucked_weight': 'aboveMean', 'Height': 'belowMean', 'Viscera_weight': 'aboveMean', 'Sex': 'I'}",True,,10.0,{},0.0,5,False,True
85,85,40,"{'Shell_weight': 'aboveMean', 'Shucked_weight': 'aboveMean', 'Height': 'belowMean', 'Viscera_weight': 'belowMean', 'Whole_weight': 'aboveMean'}",True,Sex,11.555555555555555,"{'M': 158, 'I': 159, 'F': 160}",6.194444444444445,5,False,False
86,86,40,"{'Shell_weight': 'aboveMean', 'Shucked_weight': 'aboveMean', 'Height': 'belowMean', 'Viscera_weight': 'belowMean', 'Whole_weight': 'belowMean'}",True,Diameter,10.0,"{'aboveMean': 161, 'belowMean': 162}",0.1666666666666666,5,False,False
87,87,41,"{'Shell_weight': 'belowMean', 'Sex': 'M', 'Height': 'belowMean', 'Viscera_weight': 'belowMean', 'Shucked_weight': 'belowMean', 'Diameter': 'belowMean'}",True,Length,8.77037037037037,"{'belowMean': 163, 'aboveMean': 164}",5.76341189674523,6,False,False
88,88,41,"{'Shell_weight': 'belowMean', 'Sex': 'M', 'Height': 'belowMean', 'Viscera_weight': 'belowMean', 'Shucked_weight': 'belowMean', 'Diameter': 'aboveMean'}",True,Length,9.0,"{'belowMean': 165, 'aboveMean': 166}",2.1818181818181817,6,False,False
89,89,42,"{'Shell_weight': 'belowMean', 'Sex': 'M', 'Height': 'belowMean', 'Viscera_weight': 'belowMean', 'Shucked_weight': 'aboveMean', 'Length': 'belowMean'}",True,Diameter,7.5,{'belowMean': 167},0.25,6,False,False
90,90,42,"{'Shell_weight': 'belowMean', 'Sex': 'M', 'Height': 'belowMean', 'Viscera_weight': 'belowMean', 'Shucked_weight': 'aboveMean', 'Length': 'aboveMean'}",True,Diameter,8.666666666666666,"{'belowMean': 168, 'aboveMean': 169}",0.1666666666666666,6,False,False
91,91,43,"{'Shell_weight': 'belowMean', 'Sex': 'M', 'Height': 'belowMean', 'Viscera_weight': 'aboveMean', 'Diameter': 'aboveMean', 'Whole_weight': 'aboveMean'}",True,Shucked_weight,9.25,"{'aboveMean': 170, 'belowMean': 171}",0.1666666666666666,6,False,False
92,92,43,"{'Shell_weight': 'belowMean', 'Sex': 'M', 'Height': 'belowMean', 'Viscera_weight': 'aboveMean', 'Diameter': 'aboveMean', 'Whole_weight': 'belowMean'}",True,Shucked_weight,8.6,"{'belowMean': 172, 'aboveMean': 173}",1.0333333333333334,6,False,False
93,93,44,"{'Shell_weight': 'belowMean', 'Sex': 'M', 'Height': 'belowMean', 'Viscera_weight': 'aboveMean', 'Diameter': 'belowMean', 'Length': 'aboveMean'}",True,Shucked_weight,9.0,"{'aboveMean': 174, 'belowMean': 175}",0.6666666666666666,6,False,False
94,94,44,"{'Shell_weight': 'belowMean', 'Sex': 'M', 'Height': 'belowMean', 'Viscera_weight': 'aboveMean', 'Diameter': 'belowMean', 'Length': 'belowMean'}",True,,11.0,{},0.0,6,False,True
95,95,45,"{'Shell_weight': 'belowMean', 'Sex': 'M', 'Height': 'aboveMean', 'Length': 'belowMean', 'Diameter': 'belowMean', 'Shucked_weight': 'belowMean'}",True,Whole_weight,11.173913043478262,"{'belowMean': 176, 'aboveMean': 177}",11.938735177865611,6,False,False
96,96,45,"{'Shell_weight': 'belowMean', 'Sex': 'M', 'Height': 'aboveMean', 'Length': 'belowMean', 'Diameter': 'belowMean', 'Shucked_weight': 'aboveMean'}",True,,9.0,{},0.0,6,False,True
97,97,47,"{'Shell_weight': 'belowMean', 'Sex': 'M', 'Height': 'aboveMean', 'Length': 'aboveMean', 'Shucked_weight': 'belowMean', 'Diameter': 'aboveMean'}",True,Viscera_weight,9.88888888888889,"{'belowMean': 178, 'aboveMean': 179}",6.0,6,False,False
98,98,47,"{'Shell_weight': 'belowMean', 'Sex': 'M', 'Height': 'aboveMean', 'Length': 'aboveMean', 'Shucked_weight': 'belowMean', 'Diameter': 'belowMean'}",True,Viscera_weight,9.5,"{'aboveMean': 180, 'belowMean': 181}",2.0,6,False,False
99,99,48,"{'Shell_weight': 'belowMean', 'Sex': 'M', 'Height': 'aboveMean', 'Length': 'aboveMean', 'Shucked_weight': 'aboveMean', 'Whole_weight': 'aboveMean'}",True,Viscera_weight,9.0,"{'aboveMean': 182, 'belowMean': 183}",0.8897435897435897,6,False,False
100,100,48,"{'Shell_weight': 'belowMean', 'Sex': 'M', 'Height': 'aboveMean', 'Length': 'aboveMean', 'Shucked_weight': 'aboveMean', 'Whole_weight': 'belowMean'}",True,,7.0,{},0.0,6,False,True
101,101,49,"{'Shell_weight': 'belowMean', 'Sex': 'F', 'Height': 'aboveMean', 'Whole_weight': 'belowMean', 'Length': 'aboveMean', 'Viscera_weight': 'belowMean'}",True,Diameter,10.909090909090908,"{'belowMean': 184, 'aboveMean': 185}",6.444444444444444,6,False,False
102,102,49,"{'Shell_weight': 'belowMean', 'Sex': 'F', 'Height': 'aboveMean', 'Whole_weight': 'belowMean', 'Length': 'aboveMean', 'Viscera_weight': 'aboveMean'}",True,Diameter,9.625,"{'belowMean': 186, 'aboveMean': 187}",1.6041666666666667,6,False,False
103,103,50,"{'Shell_weight': 'belowMean', 'Sex': 'F', 'Height': 'aboveMean', 'Whole_weight': 'belowMean', 'Length': 'belowMean', 'Shucked_weight': 'belowMean'}",True,Viscera_weight,11.789473684210526,"{'belowMean': 188, 'aboveMean': 189}",5.684210526315789,6,False,False
104,104,50,"{'Shell_weight': 'belowMean', 'Sex': 'F', 'Height': 'aboveMean', 'Whole_weight': 'belowMean', 'Length': 'belowMean', 'Shucked_weight': 'aboveMean'}",True,,10.0,{},0.0,6,False,True
105,105,51,"{'Shell_weight': 'belowMean', 'Sex': 'F', 'Height': 'aboveMean', 'Whole_weight': 'aboveMean', 'Shucked_weight': 'aboveMean', 'Diameter': 'aboveMean'}",True,Viscera_weight,9.083333333333334,"{'aboveMean': 190, 'belowMean': 191}",2.851851851851852,6,False,False
106,106,51,"{'Shell_weight': 'belowMean', 'Sex': 'F', 'Height': 'aboveMean', 'Whole_weight': 'aboveMean', 'Shucked_weight': 'aboveMean', 'Diameter': 'belowMean'}",True,,8.0,{},0.0,6,False,True
107,107,53,"{'Shell_weight': 'belowMean', 'Sex': 'F', 'Height': 'belowMean', 'Viscera_weight': 'belowMean', 'Whole_weight': 'belowMean', 'Diameter': 'belowMean'}",True,Length,9.209302325581396,"{'belowMean': 192, 'aboveMean': 193}",4.118427197160735,6,False,False
108,108,53,"{'Shell_weight': 'belowMean', 'Sex': 'F', 'Height': 'belowMean', 'Viscera_weight': 'belowMean', 'Whole_weight': 'belowMean', 'Diameter': 'aboveMean'}",True,Shucked_weight,9.454545454545457,"{'belowMean': 194, 'aboveMean': 195}",1.2613636363636365,6,False,False
109,109,55,"{'Shell_weight': 'belowMean', 'Sex': 'F', 'Height': 'belowMean', 'Viscera_weight': 'aboveMean', 'Length': 'aboveMean', 'Shucked_weight': 'belowMean'}",True,Whole_weight,8.333333333333334,"{'belowMean': 196, 'aboveMean': 197}",0.1666666666666666,6,False,False
110,110,55,"{'Shell_weight': 'belowMean', 'Sex': 'F', 'Height': 'belowMean', 'Viscera_weight': 'aboveMean', 'Length': 'aboveMean', 'Shucked_weight': 'aboveMean'}",True,Whole_weight,10.333333333333334,"{'aboveMean': 198, 'belowMean': 199}",2.6666666666666665,6,False,False
111,111,56,"{'Shell_weight': 'belowMean', 'Sex': 'F', 'Height': 'belowMean', 'Viscera_weight': 'aboveMean', 'Length': 'belowMean', 'Diameter': 'belowMean'}",True,Shucked_weight,11.333333333333334,{'belowMean': 200},6.888888888888888,6,False,False
112,112,56,"{'Shell_weight': 'belowMean', 'Sex': 'F', 'Height': 'belowMean', 'Viscera_weight': 'aboveMean', 'Length': 'belowMean', 'Diameter': 'aboveMean'}",True,,12.0,{},0.0,6,False,True
113,113,57,"{'Shell_weight': 'belowMean', 'Sex': 'I', 'Height': 'belowMean', 'Length': 'belowMean', 'Diameter': 'belowMean', 'Shucked_weight': 'belowMean'}",True,Viscera_weight,7.007425742574258,{'belowMean': 201},3.680637927654152,6,False,False
114,114,57,"{'Shell_weight': 'belowMean', 'Sex': 'I', 'Height': 'belowMean', 'Length': 'belowMean', 'Diameter': 'belowMean', 'Shucked_weight': 'aboveMean'}",True,Viscera_weight,6.0,{'belowMean': 202},1.0,6,False,False
115,115,58,"{'Shell_weight': 'belowMean', 'Sex': 'I', 'Height': 'belowMean', 'Length': 'belowMean', 'Diameter': 'aboveMean', 'Shucked_weight': 'belowMean'}",True,Viscera_weight,9.666666666666666,{'belowMean': 203},5.5555555555555545,6,False,False
116,116,59,"{'Shell_weight': 'belowMean', 'Sex': 'I', 'Height': 'belowMean', 'Length': 'aboveMean', 'Shucked_weight': 'belowMean', 'Viscera_weight': 'belowMean'}",True,Diameter,8.782608695652174,"{'belowMean': 204, 'aboveMean': 205}",1.1214046822742474,6,False,False
117,117,59,"{'Shell_weight': 'belowMean', 'Sex': 'I', 'Height': 'belowMean', 'Length': 'aboveMean', 'Shucked_weight': 'belowMean', 'Viscera_weight': 'aboveMean'}",True,,8.0,{},0.0,6,False,True
118,118,60,"{'Shell_weight': 'belowMean', 'Sex': 'I', 'Height': 'belowMean', 'Length': 'aboveMean', 'Shucked_weight': 'aboveMean', 'Whole_weight': 'belowMean'}",True,Viscera_weight,9.333333333333334,"{'belowMean': 206, 'aboveMean': 207}",1.8666666666666665,6,False,False
119,119,60,"{'Shell_weight': 'belowMean', 'Sex': 'I', 'Height': 'belowMean', 'Length': 'aboveMean', 'Shucked_weight': 'aboveMean', 'Whole_weight': 'aboveMean'}",True,,10.0,{},0.0,6,False,True
120,120,61,"{'Shell_weight': 'belowMean', 'Sex': 'I', 'Height': 'aboveMean', 'Shucked_weight': 'belowMean', 'Diameter': 'belowMean', 'Length': 'belowMean'}",True,Viscera_weight,9.714285714285714,{'belowMean': 208},6.489795918367347,6,False,False
121,121,61,"{'Shell_weight': 'belowMean', 'Sex': 'I', 'Height': 'aboveMean', 'Shucked_weight': 'belowMean', 'Diameter': 'belowMean', 'Length': 'aboveMean'}",True,Viscera_weight,9.5,"{'belowMean': 209, 'aboveMean': 210}",0.1666666666666666,6,False,False
122,122,62,"{'Shell_weight': 'belowMean', 'Sex': 'I', 'Height': 'aboveMean', 'Shucked_weight': 'belowMean', 'Diameter': 'aboveMean', 'Length': 'aboveMean'}",True,Viscera_weight,9.6,"{'belowMean': 211, 'aboveMean': 212}",1.4,6,False,False
123,123,62,"{'Shell_weight': 'belowMean', 'Sex': 'I', 'Height': 'aboveMean', 'Shucked_weight': 'belowMean', 'Diameter': 'aboveMean', 'Length': 'belowMean'}",True,Viscera_weight,8.666666666666666,{'belowMean': 213},0.2222222222222222,6,False,False
124,124,63,"{'Shell_weight': 'belowMean', 'Sex': 'I', 'Height': 'aboveMean', 'Shucked_weight': 'aboveMean', 'Diameter': 'aboveMean', 'Viscera_weight': 'belowMean'}",True,Length,9.5,{'aboveMean': 214},0.25,6,False,False
125,125,63,"{'Shell_weight': 'belowMean', 'Sex': 'I', 'Height': 'aboveMean', 'Shucked_weight': 'aboveMean', 'Diameter': 'aboveMean', 'Viscera_weight': 'aboveMean'}",True,Length,9.333333333333334,{'aboveMean': 215},1.5555555555555556,6,False,False
126,126,65,"{'Shell_weight': 'aboveMean', 'Shucked_weight': 'belowMean', 'Sex': 'F', 'Height': 'belowMean', 'Length': 'aboveMean', 'Whole_weight': 'belowMean'}",True,Viscera_weight,19.5,"{'belowMean': 216, 'aboveMean': 217}",0.0,6,True,True
127,127,65,"{'Shell_weight': 'aboveMean', 'Shucked_weight': 'belowMean', 'Sex': 'F', 'Height': 'belowMean', 'Length': 'aboveMean', 'Whole_weight': 'aboveMean'}",True,Viscera_weight,17.0,"{'belowMean': 218, 'aboveMean': 219}",0.0,6,False,False
128,128,67,"{'Shell_weight': 'aboveMean', 'Shucked_weight': 'belowMean', 'Sex': 'F', 'Height': 'aboveMean', 'Whole_weight': 'aboveMean', 'Diameter': 'aboveMean'}",True,Viscera_weight,14.0,"{'belowMean': 220, 'aboveMean': 221}",9.5796992481203,6,False,False
129,129,67,"{'Shell_weight': 'aboveMean', 'Shucked_weight': 'belowMean', 'Sex': 'F', 'Height': 'aboveMean', 'Whole_weight': 'aboveMean', 'Diameter': 'belowMean'}",True,,8.0,{},0.0,6,False,True
130,130,68,"{'Shell_weight': 'aboveMean', 'Shucked_weight': 'belowMean', 'Sex': 'F', 'Height': 'aboveMean', 'Whole_weight': 'belowMean', 'Length': 'aboveMean'}",True,Diameter,11.125,"{'aboveMean': 222, 'belowMean': 223}",4.428571428571429,6,False,False
131,131,68,"{'Shell_weight': 'aboveMean', 'Shucked_weight': 'belowMean', 'Sex': 'F', 'Height': 'aboveMean', 'Whole_weight': 'belowMean', 'Length': 'belowMean'}",True,Diameter,13.5,"{'aboveMean': 224, 'belowMean': 225}",23.166666666666668,6,False,False
132,132,69,"{'Shell_weight': 'aboveMean', 'Shucked_weight': 'belowMean', 'Sex': 'M', 'Whole_weight': 'belowMean', 'Length': 'aboveMean', 'Diameter': 'aboveMean'}",True,Viscera_weight,12.416666666666666,"{'belowMean': 226, 'aboveMean': 227}",4.575,6,False,False
133,133,69,"{'Shell_weight': 'aboveMean', 'Shucked_weight': 'belowMean', 'Sex': 'M', 'Whole_weight': 'belowMean', 'Length': 'aboveMean', 'Diameter': 'belowMean'}",True,,19.0,{},0.0,6,False,True
134,134,70,"{'Shell_weight': 'aboveMean', 'Shucked_weight': 'belowMean', 'Sex': 'M', 'Whole_weight': 'belowMean', 'Length': 'belowMean', 'Diameter': 'belowMean'}",True,Height,9.666666666666666,"{'aboveMean': 228, 'belowMean': 229}",1.5,6,False,False
135,135,70,"{'Shell_weight': 'aboveMean', 'Shucked_weight': 'belowMean', 'Sex': 'M', 'Whole_weight': 'belowMean', 'Length': 'belowMean', 'Diameter': 'aboveMean'}",True,Height,13.666666666666666,"{'aboveMean': 230, 'belowMean': 231}",2.6666666666666665,6,False,False
136,136,71,"{'Shell_weight': 'aboveMean', 'Shucked_weight': 'belowMean', 'Sex': 'M', 'Whole_weight': 'aboveMean', 'Height': 'aboveMean', 'Viscera_weight': 'aboveMean'}",True,Diameter,13.428571428571429,"{'aboveMean': 232, 'belowMean': 233}",11.990896358543418,6,False,False
137,137,71,"{'Shell_weight': 'aboveMean', 'Shucked_weight': 'belowMean', 'Sex': 'M', 'Whole_weight': 'aboveMean', 'Height': 'aboveMean', 'Viscera_weight': 'belowMean'}",True,Diameter,14.7,"{'belowMean': 234, 'aboveMean': 235}",15.008333333333333,6,False,False
138,138,72,"{'Shell_weight': 'aboveMean', 'Shucked_weight': 'belowMean', 'Sex': 'M', 'Whole_weight': 'aboveMean', 'Height': 'belowMean', 'Viscera_weight': 'belowMean'}",True,Diameter,13.333333333333334,{'aboveMean': 236},1.5555555555555556,6,False,False
139,139,72,"{'Shell_weight': 'aboveMean', 'Shucked_weight': 'belowMean', 'Sex': 'M', 'Whole_weight': 'aboveMean', 'Height': 'belowMean', 'Viscera_weight': 'aboveMean'}",True,Diameter,11.0,{'aboveMean': 237},2.0,6,False,False
140,140,73,"{'Shell_weight': 'aboveMean', 'Shucked_weight': 'belowMean', 'Sex': 'I', 'Diameter': 'aboveMean', 'Whole_weight': 'belowMean', 'Height': 'aboveMean'}",True,Viscera_weight,9.22222222222222,"{'belowMean': 238, 'aboveMean': 239}",1.351851851851852,6,False,False
141,141,73,"{'Shell_weight': 'aboveMean', 'Shucked_weight': 'belowMean', 'Sex': 'I', 'Diameter': 'aboveMean', 'Whole_weight': 'belowMean', 'Height': 'belowMean'}",True,Length,11.0,"{'belowMean': 240, 'aboveMean': 241}",0.1666666666666666,6,False,False
142,142,74,"{'Shell_weight': 'aboveMean', 'Shucked_weight': 'belowMean', 'Sex': 'I', 'Diameter': 'aboveMean', 'Whole_weight': 'aboveMean', 'Viscera_weight': 'aboveMean'}",True,Height,10.833333333333334,"{'aboveMean': 242, 'belowMean': 243}",3.583333333333333,6,False,False
143,143,74,"{'Shell_weight': 'aboveMean', 'Shucked_weight': 'belowMean', 'Sex': 'I', 'Diameter': 'aboveMean', 'Whole_weight': 'aboveMean', 'Viscera_weight': 'belowMean'}",True,Height,14.0,"{'belowMean': 244, 'aboveMean': 245}",0.0,6,False,False
144,144,75,"{'Shell_weight': 'aboveMean', 'Shucked_weight': 'belowMean', 'Sex': 'I', 'Diameter': 'belowMean', 'Height': 'aboveMean', 'Viscera_weight': 'aboveMean'}",True,,9.0,{},0.0,6,False,True
145,145,75,"{'Shell_weight': 'aboveMean', 'Shucked_weight': 'belowMean', 'Sex': 'I', 'Diameter': 'belowMean', 'Height': 'aboveMean', 'Viscera_weight': 'belowMean'}",True,Length,14.666666666666666,"{'belowMean': 246, 'aboveMean': 247}",2.6666666666666665,6,False,False
146,146,77,"{'Shell_weight': 'aboveMean', 'Shucked_weight': 'aboveMean', 'Height': 'aboveMean', 'Viscera_weight': 'aboveMean', 'Length': 'aboveMean', 'Sex': 'F'}",True,Diameter,11.679310344827586,{'aboveMean': 248},8.16267538644471,6,False,False
147,147,77,"{'Shell_weight': 'aboveMean', 'Shucked_weight': 'aboveMean', 'Height': 'aboveMean', 'Viscera_weight': 'aboveMean', 'Length': 'aboveMean', 'Sex': 'M'}",True,Diameter,11.394039735099335,"{'aboveMean': 249, 'belowMean': 250}",7.551085603804614,6,False,False
148,148,77,"{'Shell_weight': 'aboveMean', 'Shucked_weight': 'aboveMean', 'Height': 'aboveMean', 'Viscera_weight': 'aboveMean', 'Length': 'aboveMean', 'Sex': 'I'}",True,Diameter,11.78125,{'aboveMean': 251},9.2333984375,6,False,False
149,149,78,"{'Shell_weight': 'aboveMean', 'Shucked_weight': 'aboveMean', 'Height': 'aboveMean', 'Viscera_weight': 'aboveMean', 'Length': 'belowMean', 'Sex': 'M'}",True,,8.0,{},0.0,6,False,True
150,150,78,"{'Shell_weight': 'aboveMean', 'Shucked_weight': 'aboveMean', 'Height': 'aboveMean', 'Viscera_weight': 'aboveMean', 'Length': 'belowMean', 'Sex': 'F'}",True,,9.0,{},0.0,6,False,True
151,151,79,"{'Shell_weight': 'aboveMean', 'Shucked_weight': 'aboveMean', 'Height': 'aboveMean', 'Viscera_weight': 'belowMean', 'Sex': 'M', 'Diameter': 'aboveMean'}",True,Length,10.0,{'aboveMean': 252},8.0,6,False,False
152,152,80,"{'Shell_weight': 'aboveMean', 'Shucked_weight': 'aboveMean', 'Height': 'aboveMean', 'Viscera_weight': 'belowMean', 'Sex': 'F', 'Whole_weight': 'aboveMean'}",True,Diameter,11.714285714285714,{'aboveMean': 253},8.204081632653061,6,False,False
153,153,80,"{'Shell_weight': 'aboveMean', 'Shucked_weight': 'aboveMean', 'Height': 'aboveMean', 'Viscera_weight': 'belowMean', 'Sex': 'F', 'Whole_weight': 'belowMean'}",True,,9.0,{},0.0,6,False,True
154,154,81,"{'Shell_weight': 'aboveMean', 'Shucked_weight': 'aboveMean', 'Height': 'aboveMean', 'Viscera_weight': 'belowMean', 'Sex': 'I', 'Whole_weight': 'belowMean'}",True,Diameter,11.333333333333334,{'aboveMean': 254},3.555555555555556,6,False,False
155,155,81,"{'Shell_weight': 'aboveMean', 'Shucked_weight': 'aboveMean', 'Height': 'aboveMean', 'Viscera_weight': 'belowMean', 'Sex': 'I', 'Whole_weight': 'aboveMean'}",True,Diameter,10.4,"{'aboveMean': 255, 'belowMean': 256}",0.6,6,False,False
156,156,82,"{'Shell_weight': 'aboveMean', 'Shucked_weight': 'aboveMean', 'Height': 'belowMean', 'Viscera_weight': 'aboveMean', 'Sex': 'F', 'Diameter': 'aboveMean'}",True,Length,10.0,{'aboveMean': 257},0.6666666666666666,6,False,False
157,157,83,"{'Shell_weight': 'aboveMean', 'Shucked_weight': 'aboveMean', 'Height': 'belowMean', 'Viscera_weight': 'aboveMean', 'Sex': 'M', 'Diameter': 'aboveMean'}",True,Length,10.142857142857142,{'aboveMean': 258},4.408163265306123,6,False,False
158,158,85,"{'Shell_weight': 'aboveMean', 'Shucked_weight': 'aboveMean', 'Height': 'belowMean', 'Viscera_weight': 'belowMean', 'Whole_weight': 'aboveMean', 'Sex': 'M'}",True,Diameter,11.75,{'aboveMean': 259},10.6875,6,False,False
159,159,85,"{'Shell_weight': 'aboveMean', 'Shucked_weight': 'aboveMean', 'Height': 'belowMean', 'Viscera_weight': 'belowMean', 'Whole_weight': 'aboveMean', 'Sex': 'I'}",True,,11.0,{},0.0,6,False,True
160,160,85,"{'Shell_weight': 'aboveMean', 'Shucked_weight': 'aboveMean', 'Height': 'belowMean', 'Viscera_weight': 'belowMean', 'Whole_weight': 'aboveMean', 'Sex': 'F'}",True,Diameter,11.5,{'aboveMean': 260},3.25,6,False,False
161,161,86,"{'Shell_weight': 'aboveMean', 'Shucked_weight': 'aboveMean', 'Height': 'belowMean', 'Viscera_weight': 'belowMean', 'Whole_weight': 'belowMean', 'Diameter': 'aboveMean'}",True,Length,10.5,{'aboveMean': 261},0.25,6,False,False
162,162,86,"{'Shell_weight': 'aboveMean', 'Shucked_weight': 'aboveMean', 'Height': 'belowMean', 'Viscera_weight': 'belowMean', 'Whole_weight': 'belowMean', 'Diameter': 'belowMean'}",True,,9.0,{},0.0,6,False,True
163,163,87,"{'Shell_weight': 'belowMean', 'Sex': 'M', 'Height': 'belowMean', 'Viscera_weight': 'belowMean', 'Shucked_weight': 'belowMean', 'Diameter': 'belowMean', 'Length': 'belowMean'}",True,,8.787878787878787,{},0.0,7,False,True
164,164,87,"{'Shell_weight': 'belowMean', 'Sex': 'M', 'Height': 'belowMean', 'Viscera_weight': 'belowMean', 'Shucked_weight': 'belowMean', 'Diameter': 'belowMean', 'Length': 'aboveMean'}",True,,8.0,{},0.0,7,False,True
165,165,88,"{'Shell_weight': 'belowMean', 'Sex': 'M', 'Height': 'belowMean', 'Viscera_weight': 'belowMean', 'Shucked_weight': 'belowMean', 'Diameter': 'aboveMean', 'Length': 'belowMean'}",True,,9.0,{},0.0,7,False,True
166,166,88,"{'Shell_weight': 'belowMean', 'Sex': 'M', 'Height': 'belowMean', 'Viscera_weight': 'belowMean', 'Shucked_weight': 'belowMean', 'Diameter': 'aboveMean', 'Length': 'aboveMean'}",True,,9.0,{},0.0,7,False,True
167,167,89,"{'Shell_weight': 'belowMean', 'Sex': 'M', 'Height': 'belowMean', 'Viscera_weight': 'belowMean', 'Shucked_weight': 'aboveMean', 'Length': 'belowMean', 'Diameter': 'belowMean'}",True,,7.5,{},0.0,7,False,True
168,168,90,"{'Shell_weight': 'belowMean', 'Sex': 'M', 'Height': 'belowMean', 'Viscera_weight': 'belowMean', 'Shucked_weight': 'aboveMean', 'Length': 'aboveMean', 'Diameter': 'belowMean'}",True,,9.0,{},0.0,7,False,True
169,169,90,"{'Shell_weight': 'belowMean', 'Sex': 'M', 'Height': 'belowMean', 'Viscera_weight': 'belowMean', 'Shucked_weight': 'aboveMean', 'Length': 'aboveMean', 'Diameter': 'aboveMean'}",True,,8.5,{},0.0,7,False,True
170,170,91,"{'Shell_weight': 'belowMean', 'Sex': 'M', 'Height': 'belowMean', 'Viscera_weight': 'aboveMean', 'Diameter': 'aboveMean', 'Whole_weight': 'aboveMean', 'Shucked_weight': 'aboveMean'}",True,,9.666666666666666,{},0.0,7,False,True
171,171,91,"{'Shell_weight': 'belowMean', 'Sex': 'M', 'Height': 'belowMean', 'Viscera_weight': 'aboveMean', 'Diameter': 'aboveMean', 'Whole_weight': 'aboveMean', 'Shucked_weight': 'belowMean'}",True,,8.0,{},0.0,7,False,True
172,172,92,"{'Shell_weight': 'belowMean', 'Sex': 'M', 'Height': 'belowMean', 'Viscera_weight': 'aboveMean', 'Diameter': 'aboveMean', 'Whole_weight': 'belowMean', 'Shucked_weight': 'belowMean'}",True,,9.333333333333334,{},0.0,7,False,True
173,173,92,"{'Shell_weight': 'belowMean', 'Sex': 'M', 'Height': 'belowMean', 'Viscera_weight': 'aboveMean', 'Diameter': 'aboveMean', 'Whole_weight': 'belowMean', 'Shucked_weight': 'aboveMean'}",True,,7.5,{},0.0,7,False,True
174,174,93,"{'Shell_weight': 'belowMean', 'Sex': 'M', 'Height': 'belowMean', 'Viscera_weight': 'aboveMean', 'Diameter': 'belowMean', 'Length': 'aboveMean', 'Shucked_weight': 'aboveMean'}",True,,9.0,{},0.0,7,False,True
175,175,93,"{'Shell_weight': 'belowMean', 'Sex': 'M', 'Height': 'belowMean', 'Viscera_weight': 'aboveMean', 'Diameter': 'belowMean', 'Length': 'aboveMean', 'Shucked_weight': 'belowMean'}",True,,9.0,{},0.0,7,False,True
176,176,95,"{'Shell_weight': 'belowMean', 'Sex': 'M', 'Height': 'aboveMean', 'Length': 'belowMean', 'Diameter': 'belowMean', 'Shucked_weight': 'belowMean', 'Whole_weight': 'belowMean'}",True,,11.136363636363637,{},0.0,7,False,True
177,177,95,"{'Shell_weight': 'belowMean', 'Sex': 'M', 'Height': 'aboveMean', 'Length': 'belowMean', 'Diameter': 'belowMean', 'Shucked_weight': 'belowMean', 'Whole_weight': 'aboveMean'}",True,,12.0,{},0.0,7,False,True
178,178,97,"{'Shell_weight': 'belowMean', 'Sex': 'M', 'Height': 'aboveMean', 'Length': 'aboveMean', 'Shucked_weight': 'belowMean', 'Diameter': 'aboveMean', 'Viscera_weight': 'belowMean'}",True,,10.0,{},0.0,7,False,True
179,179,97,"{'Shell_weight': 'belowMean', 'Sex': 'M', 'Height': 'aboveMean', 'Length': 'aboveMean', 'Shucked_weight': 'belowMean', 'Diameter': 'aboveMean', 'Viscera_weight': 'aboveMean'}",True,,9.0,{},0.0,7,False,True
180,180,98,"{'Shell_weight': 'belowMean', 'Sex': 'M', 'Height': 'aboveMean', 'Length': 'aboveMean', 'Shucked_weight': 'belowMean', 'Diameter': 'belowMean', 'Viscera_weight': 'aboveMean'}",True,,11.0,{},0.0,7,False,True
181,181,98,"{'Shell_weight': 'belowMean', 'Sex': 'M', 'Height': 'aboveMean', 'Length': 'aboveMean', 'Shucked_weight': 'belowMean', 'Diameter': 'belowMean', 'Viscera_weight': 'belowMean'}",True,,9.0,{},0.0,7,False,True
182,182,99,"{'Shell_weight': 'belowMean', 'Sex': 'M', 'Height': 'aboveMean', 'Length': 'aboveMean', 'Shucked_weight': 'aboveMean', 'Whole_weight': 'aboveMean', 'Viscera_weight': 'aboveMean'}",True,,8.9,{},0.0,7,False,True
183,183,99,"{'Shell_weight': 'belowMean', 'Sex': 'M', 'Height': 'aboveMean', 'Length': 'aboveMean', 'Shucked_weight': 'aboveMean', 'Whole_weight': 'aboveMean', 'Viscera_weight': 'belowMean'}",True,,9.333333333333334,{},0.0,7,False,True
184,184,101,"{'Shell_weight': 'belowMean', 'Sex': 'F', 'Height': 'aboveMean', 'Whole_weight': 'belowMean', 'Length': 'aboveMean', 'Viscera_weight': 'belowMean', 'Diameter': 'belowMean'}",True,,10.0,{},0.0,7,False,True
185,185,101,"{'Shell_weight': 'belowMean', 'Sex': 'F', 'Height': 'aboveMean', 'Whole_weight': 'belowMean', 'Length': 'aboveMean', 'Viscera_weight': 'belowMean', 'Diameter': 'aboveMean'}",True,,11.11111111111111,{},0.0,7,False,True
186,186,102,"{'Shell_weight': 'belowMean', 'Sex': 'F', 'Height': 'aboveMean', 'Whole_weight': 'belowMean', 'Length': 'aboveMean', 'Viscera_weight': 'aboveMean', 'Diameter': 'belowMean'}",True,,11.0,{},0.0,7,False,True
187,187,102,"{'Shell_weight': 'belowMean', 'Sex': 'F', 'Height': 'aboveMean', 'Whole_weight': 'belowMean', 'Length': 'aboveMean', 'Viscera_weight': 'aboveMean', 'Diameter': 'aboveMean'}",True,,9.166666666666666,{},0.0,7,False,True
188,188,103,"{'Shell_weight': 'belowMean', 'Sex': 'F', 'Height': 'aboveMean', 'Whole_weight': 'belowMean', 'Length': 'belowMean', 'Shucked_weight': 'belowMean', 'Viscera_weight': 'belowMean'}",True,,11.666666666666666,{},0.0,7,False,True
189,189,103,"{'Shell_weight': 'belowMean', 'Sex': 'F', 'Height': 'aboveMean', 'Whole_weight': 'belowMean', 'Length': 'belowMean', 'Shucked_weight': 'belowMean', 'Viscera_weight': 'aboveMean'}",True,,14.0,{},0.0,7,False,True
190,190,105,"{'Shell_weight': 'belowMean', 'Sex': 'F', 'Height': 'aboveMean', 'Whole_weight': 'aboveMean', 'Shucked_weight': 'aboveMean', 'Diameter': 'aboveMean', 'Viscera_weight': 'aboveMean'}",True,,9.22222222222222,{},0.0,7,False,True
191,191,105,"{'Shell_weight': 'belowMean', 'Sex': 'F', 'Height': 'aboveMean', 'Whole_weight': 'aboveMean', 'Shucked_weight': 'aboveMean', 'Diameter': 'aboveMean', 'Viscera_weight': 'belowMean'}",True,,8.666666666666666,{},0.0,7,False,True
192,192,107,"{'Shell_weight': 'belowMean', 'Sex': 'F', 'Height': 'belowMean', 'Viscera_weight': 'belowMean', 'Whole_weight': 'belowMean', 'Diameter': 'belowMean', 'Length': 'belowMean'}",True,,9.204819277108436,{},0.0,7,False,True
193,193,107,"{'Shell_weight': 'belowMean', 'Sex': 'F', 'Height': 'belowMean', 'Viscera_weight': 'belowMean', 'Whole_weight': 'belowMean', 'Diameter': 'belowMean', 'Length': 'aboveMean'}",True,,9.333333333333334,{},0.0,7,False,True
194,194,108,"{'Shell_weight': 'belowMean', 'Sex': 'F', 'Height': 'belowMean', 'Viscera_weight': 'belowMean', 'Whole_weight': 'belowMean', 'Diameter': 'aboveMean', 'Shucked_weight': 'belowMean'}",True,,9.625,{},0.0,7,False,True
195,195,108,"{'Shell_weight': 'belowMean', 'Sex': 'F', 'Height': 'belowMean', 'Viscera_weight': 'belowMean', 'Whole_weight': 'belowMean', 'Diameter': 'aboveMean', 'Shucked_weight': 'aboveMean'}",True,,9.0,{},0.0,7,False,True
196,196,109,"{'Shell_weight': 'belowMean', 'Sex': 'F', 'Height': 'belowMean', 'Viscera_weight': 'aboveMean', 'Length': 'aboveMean', 'Shucked_weight': 'belowMean', 'Whole_weight': 'belowMean'}",True,,9.5,{},0.0,7,False,True
197,197,109,"{'Shell_weight': 'belowMean', 'Sex': 'F', 'Height': 'belowMean', 'Viscera_weight': 'aboveMean', 'Length': 'aboveMean', 'Shucked_weight': 'belowMean', 'Whole_weight': 'aboveMean'}",True,,6.0,{},0.0,7,False,True
198,198,110,"{'Shell_weight': 'belowMean', 'Sex': 'F', 'Height': 'belowMean', 'Viscera_weight': 'aboveMean', 'Length': 'aboveMean', 'Shucked_weight': 'aboveMean', 'Whole_weight': 'aboveMean'}",True,,10.0,{},0.0,7,False,True
199,199,110,"{'Shell_weight': 'belowMean', 'Sex': 'F', 'Height': 'belowMean', 'Viscera_weight': 'aboveMean', 'Length': 'aboveMean', 'Shucked_weight': 'aboveMean', 'Whole_weight': 'belowMean'}",True,,11.0,{},0.0,7,False,True
200,200,111,"{'Shell_weight': 'belowMean', 'Sex': 'F', 'Height': 'belowMean', 'Viscera_weight': 'aboveMean', 'Length': 'belowMean', 'Diameter': 'belowMean', 'Shucked_weight': 'belowMean'}",True,,11.333333333333334,{},0.0,7,False,True
201,201,113,"{'Shell_weight': 'belowMean', 'Sex': 'I', 'Height': 'belowMean', 'Length': 'belowMean', 'Diameter': 'belowMean', 'Shucked_weight': 'belowMean', 'Viscera_weight': 'belowMean'}",True,,7.007425742574258,{},0.0,7,False,True
202,202,114,"{'Shell_weight': 'belowMean', 'Sex': 'I', 'Height': 'belowMean', 'Length': 'belowMean', 'Diameter': 'belowMean', 'Shucked_weight': 'aboveMean', 'Viscera_weight': 'belowMean'}",True,,6.0,{},0.0,7,False,True
203,203,115,"{'Shell_weight': 'belowMean', 'Sex': 'I', 'Height': 'belowMean', 'Length': 'belowMean', 'Diameter': 'aboveMean', 'Shucked_weight': 'belowMean', 'Viscera_weight': 'belowMean'}",True,,9.666666666666666,{},0.0,7,False,True
204,204,116,"{'Shell_weight': 'belowMean', 'Sex': 'I', 'Height': 'belowMean', 'Length': 'aboveMean', 'Shucked_weight': 'belowMean', 'Viscera_weight': 'belowMean', 'Diameter': 'belowMean'}",True,,8.7,{},0.0,7,False,True
205,205,116,"{'Shell_weight': 'belowMean', 'Sex': 'I', 'Height': 'belowMean', 'Length': 'aboveMean', 'Shucked_weight': 'belowMean', 'Viscera_weight': 'belowMean', 'Diameter': 'aboveMean'}",True,,8.846153846153847,{},0.0,7,False,True
206,206,118,"{'Shell_weight': 'belowMean', 'Sex': 'I', 'Height': 'belowMean', 'Length': 'aboveMean', 'Shucked_weight': 'aboveMean', 'Whole_weight': 'belowMean', 'Viscera_weight': 'belowMean'}",True,,9.4,{},0.0,7,False,True
207,207,118,"{'Shell_weight': 'belowMean', 'Sex': 'I', 'Height': 'belowMean', 'Length': 'aboveMean', 'Shucked_weight': 'aboveMean', 'Whole_weight': 'belowMean', 'Viscera_weight': 'aboveMean'}",True,,9.0,{},0.0,7,False,True
208,208,120,"{'Shell_weight': 'belowMean', 'Sex': 'I', 'Height': 'aboveMean', 'Shucked_weight': 'belowMean', 'Diameter': 'belowMean', 'Length': 'belowMean', 'Viscera_weight': 'belowMean'}",True,,9.714285714285714,{},0.0,7,False,True
209,209,121,"{'Shell_weight': 'belowMean', 'Sex': 'I', 'Height': 'aboveMean', 'Shucked_weight': 'belowMean', 'Diameter': 'belowMean', 'Length': 'aboveMean', 'Viscera_weight': 'belowMean'}",True,,9.333333333333334,{},0.0,7,False,True
210,210,121,"{'Shell_weight': 'belowMean', 'Sex': 'I', 'Height': 'aboveMean', 'Shucked_weight': 'belowMean', 'Diameter': 'belowMean', 'Length': 'aboveMean', 'Viscera_weight': 'aboveMean'}",True,,10.0,{},0.0,7,False,True
211,211,122,"{'Shell_weight': 'belowMean', 'Sex': 'I', 'Height': 'aboveMean', 'Shucked_weight': 'belowMean', 'Diameter': 'aboveMean', 'Length': 'aboveMean', 'Viscera_weight': 'belowMean'}",True,,9.666666666666666,{},0.0,7,False,True
212,212,122,"{'Shell_weight': 'belowMean', 'Sex': 'I', 'Height': 'aboveMean', 'Shucked_weight': 'belowMean', 'Diameter': 'aboveMean', 'Length': 'aboveMean', 'Viscera_weight': 'aboveMean'}",True,,9.0,{},0.0,7,False,True
213,213,123,"{'Shell_weight': 'belowMean', 'Sex': 'I', 'Height': 'aboveMean', 'Shucked_weight': 'belowMean', 'Diameter': 'aboveMean', 'Length': 'belowMean', 'Viscera_weight': 'belowMean'}",True,,8.666666666666666,{},0.0,7,False,True
214,214,124,"{'Shell_weight': 'belowMean', 'Sex': 'I', 'Height': 'aboveMean', 'Shucked_weight': 'aboveMean', 'Diameter': 'aboveMean', 'Viscera_weight': 'belowMean', 'Length': 'aboveMean'}",True,,9.5,{},0.0,7,False,True
215,215,125,"{'Shell_weight': 'belowMean', 'Sex': 'I', 'Height': 'aboveMean', 'Shucked_weight': 'aboveMean', 'Diameter': 'aboveMean', 'Viscera_weight': 'aboveMean', 'Length': 'aboveMean'}",True,,9.333333333333334,{},0.0,7,False,True
216,216,126,"{'Shell_weight': 'aboveMean', 'Shucked_weight': 'belowMean', 'Sex': 'F', 'Height': 'belowMean', 'Length': 'aboveMean', 'Whole_weight': 'belowMean', 'Viscera_weight': 'belowMean'}",True,,16.0,{},0.0,7,False,True
217,217,126,"{'Shell_weight': 'aboveMean', 'Shucked_weight': 'belowMean', 'Sex': 'F', 'Height': 'belowMean', 'Length': 'aboveMean', 'Whole_weight': 'belowMean', 'Viscera_weight': 'aboveMean'}",True,,23.0,{},0.0,7,False,True
218,218,127,"{'Shell_weight': 'aboveMean', 'Shucked_weight': 'belowMean', 'Sex': 'F', 'Height': 'belowMean', 'Length': 'aboveMean', 'Whole_weight': 'aboveMean', 'Viscera_weight': 'belowMean'}",True,,21.0,{},0.0,7,False,True
219,219,127,"{'Shell_weight': 'aboveMean', 'Shucked_weight': 'belowMean', 'Sex': 'F', 'Height': 'belowMean', 'Length': 'aboveMean', 'Whole_weight': 'aboveMean', 'Viscera_weight': 'aboveMean'}",True,,13.0,{},0.0,7,False,True
220,220,128,"{'Shell_weight': 'aboveMean', 'Shucked_weight': 'belowMean', 'Sex': 'F', 'Height': 'aboveMean', 'Whole_weight': 'aboveMean', 'Diameter': 'aboveMean', 'Viscera_weight': 'belowMean'}",True,,15.8,{},0.0,7,False,True
221,221,128,"{'Shell_weight': 'aboveMean', 'Shucked_weight': 'belowMean', 'Sex': 'F', 'Height': 'aboveMean', 'Whole_weight': 'aboveMean', 'Diameter': 'aboveMean', 'Viscera_weight': 'aboveMean'}",True,,13.357142857142858,{},0.0,7,False,True
222,222,130,"{'Shell_weight': 'aboveMean', 'Shucked_weight': 'belowMean', 'Sex': 'F', 'Height': 'aboveMean', 'Whole_weight': 'belowMean', 'Length': 'aboveMean', 'Diameter': 'aboveMean'}",True,,11.714285714285714,{},0.0,7,False,True
223,223,130,"{'Shell_weight': 'aboveMean', 'Shucked_weight': 'belowMean', 'Sex': 'F', 'Height': 'aboveMean', 'Whole_weight': 'belowMean', 'Length': 'aboveMean', 'Diameter': 'belowMean'}",True,,7.0,{},0.0,7,False,True
224,224,131,"{'Shell_weight': 'aboveMean', 'Shucked_weight': 'belowMean', 'Sex': 'F', 'Height': 'aboveMean', 'Whole_weight': 'belowMean', 'Length': 'belowMean', 'Diameter': 'aboveMean'}",True,,8.0,{},0.0,7,False,True
225,225,131,"{'Shell_weight': 'aboveMean', 'Shucked_weight': 'belowMean', 'Sex': 'F', 'Height': 'aboveMean', 'Whole_weight': 'belowMean', 'Length': 'belowMean', 'Diameter': 'belowMean'}",True,,15.333333333333334,{},0.0,7,False,True
226,226,132,"{'Shell_weight': 'aboveMean', 'Shucked_weight': 'belowMean', 'Sex': 'M', 'Whole_weight': 'belowMean', 'Length': 'aboveMean', 'Diameter': 'aboveMean', 'Viscera_weight': 'belowMean'}",True,,12.1,{},0.0,7,False,True
227,227,132,"{'Shell_weight': 'aboveMean', 'Shucked_weight': 'belowMean', 'Sex': 'M', 'Whole_weight': 'belowMean', 'Length': 'aboveMean', 'Diameter': 'aboveMean', 'Viscera_weight': 'aboveMean'}",True,,14.0,{},0.0,7,False,True
228,228,134,"{'Shell_weight': 'aboveMean', 'Shucked_weight': 'belowMean', 'Sex': 'M', 'Whole_weight': 'belowMean', 'Length': 'belowMean', 'Diameter': 'belowMean', 'Height': 'aboveMean'}",True,,7.5,{},0.0,7,False,True
229,229,134,"{'Shell_weight': 'aboveMean', 'Shucked_weight': 'belowMean', 'Sex': 'M', 'Whole_weight': 'belowMean', 'Length': 'belowMean', 'Diameter': 'belowMean', 'Height': 'belowMean'}",True,,14.0,{},0.0,7,False,True
230,230,135,"{'Shell_weight': 'aboveMean', 'Shucked_weight': 'belowMean', 'Sex': 'M', 'Whole_weight': 'belowMean', 'Length': 'belowMean', 'Diameter': 'aboveMean', 'Height': 'aboveMean'}",True,,15.0,{},0.0,7,False,True
231,231,135,"{'Shell_weight': 'aboveMean', 'Shucked_weight': 'belowMean', 'Sex': 'M', 'Whole_weight': 'belowMean', 'Length': 'belowMean', 'Diameter': 'aboveMean', 'Height': 'belowMean'}",True,,11.0,{},0.0,7,False,True
232,232,136,"{'Shell_weight': 'aboveMean', 'Shucked_weight': 'belowMean', 'Sex': 'M', 'Whole_weight': 'aboveMean', 'Height': 'aboveMean', 'Viscera_weight': 'aboveMean', 'Diameter': 'aboveMean'}",True,,13.235294117647058,{},0.0,7,False,True
233,233,136,"{'Shell_weight': 'aboveMean', 'Shucked_weight': 'belowMean', 'Sex': 'M', 'Whole_weight': 'aboveMean', 'Height': 'aboveMean', 'Viscera_weight': 'aboveMean', 'Diameter': 'belowMean'}",True,,14.25,{},0.0,7,False,True
234,234,137,"{'Shell_weight': 'aboveMean', 'Shucked_weight': 'belowMean', 'Sex': 'M', 'Whole_weight': 'aboveMean', 'Height': 'aboveMean', 'Viscera_weight': 'belowMean', 'Diameter': 'belowMean'}",True,,13.75,{},0.0,7,False,True
235,235,137,"{'Shell_weight': 'aboveMean', 'Shucked_weight': 'belowMean', 'Sex': 'M', 'Whole_weight': 'aboveMean', 'Height': 'aboveMean', 'Viscera_weight': 'belowMean', 'Diameter': 'aboveMean'}",True,,15.333333333333334,{},0.0,7,False,True
236,236,138,"{'Shell_weight': 'aboveMean', 'Shucked_weight': 'belowMean', 'Sex': 'M', 'Whole_weight': 'aboveMean', 'Height': 'belowMean', 'Viscera_weight': 'belowMean', 'Diameter': 'aboveMean'}",True,,13.333333333333334,{},0.0,7,False,True
237,237,139,"{'Shell_weight': 'aboveMean', 'Shucked_weight': 'belowMean', 'Sex': 'M', 'Whole_weight': 'aboveMean', 'Height': 'belowMean', 'Viscera_weight': 'aboveMean', 'Diameter': 'aboveMean'}",True,,11.0,{},0.0,7,False,True
238,238,140,"{'Shell_weight': 'aboveMean', 'Shucked_weight': 'belowMean', 'Sex': 'I', 'Diameter': 'aboveMean', 'Whole_weight': 'belowMean', 'Height': 'aboveMean', 'Viscera_weight': 'belowMean'}",True,,9.5,{},0.0,7,False,True
239,239,140,"{'Shell_weight': 'aboveMean', 'Shucked_weight': 'belowMean', 'Sex': 'I', 'Diameter': 'aboveMean', 'Whole_weight': 'belowMean', 'Height': 'aboveMean', 'Viscera_weight': 'aboveMean'}",True,,8.666666666666666,{},0.0,7,False,True
240,240,141,"{'Shell_weight': 'aboveMean', 'Shucked_weight': 'belowMean', 'Sex': 'I', 'Diameter': 'aboveMean', 'Whole_weight': 'belowMean', 'Height': 'belowMean', 'Length': 'belowMean'}",True,,10.0,{},0.0,7,False,True
241,241,141,"{'Shell_weight': 'aboveMean', 'Shucked_weight': 'belowMean', 'Sex': 'I', 'Diameter': 'aboveMean', 'Whole_weight': 'belowMean', 'Height': 'belowMean', 'Length': 'aboveMean'}",True,,11.5,{},0.0,7,False,True
242,242,142,"{'Shell_weight': 'aboveMean', 'Shucked_weight': 'belowMean', 'Sex': 'I', 'Diameter': 'aboveMean', 'Whole_weight': 'aboveMean', 'Viscera_weight': 'aboveMean', 'Height': 'aboveMean'}",True,,11.5,{},0.0,7,False,True
243,243,142,"{'Shell_weight': 'aboveMean', 'Shucked_weight': 'belowMean', 'Sex': 'I', 'Diameter': 'aboveMean', 'Whole_weight': 'aboveMean', 'Viscera_weight': 'aboveMean', 'Height': 'belowMean'}",True,,9.5,{},0.0,7,False,True
244,244,143,"{'Shell_weight': 'aboveMean', 'Shucked_weight': 'belowMean', 'Sex': 'I', 'Diameter': 'aboveMean', 'Whole_weight': 'aboveMean', 'Viscera_weight': 'belowMean', 'Height': 'belowMean'}",True,,11.0,{},0.0,7,False,True
245,245,143,"{'Shell_weight': 'aboveMean', 'Shucked_weight': 'belowMean', 'Sex': 'I', 'Diameter': 'aboveMean', 'Whole_weight': 'aboveMean', 'Viscera_weight': 'belowMean', 'Height': 'aboveMean'}",True,,17.0,{},0.0,7,False,True
246,246,145,"{'Shell_weight': 'aboveMean', 'Shucked_weight': 'belowMean', 'Sex': 'I', 'Diameter': 'belowMean', 'Height': 'aboveMean', 'Viscera_weight': 'belowMean', 'Length': 'belowMean'}",True,,17.0,{},0.0,7,False,True
247,247,145,"{'Shell_weight': 'aboveMean', 'Shucked_weight': 'belowMean', 'Sex': 'I', 'Diameter': 'belowMean', 'Height': 'aboveMean', 'Viscera_weight': 'belowMean', 'Length': 'aboveMean'}",True,,10.0,{},0.0,7,False,True
248,248,146,"{'Shell_weight': 'aboveMean', 'Shucked_weight': 'aboveMean', 'Height': 'aboveMean', 'Viscera_weight': 'aboveMean', 'Length': 'aboveMean', 'Sex': 'F', 'Diameter': 'aboveMean'}",True,,11.679310344827586,{},0.0,7,False,True
249,249,147,"{'Shell_weight': 'aboveMean', 'Shucked_weight': 'aboveMean', 'Height': 'aboveMean', 'Viscera_weight': 'aboveMean', 'Length': 'aboveMean', 'Sex': 'M', 'Diameter': 'aboveMean'}",True,,11.40268456375839,{},0.0,7,False,True
250,250,147,"{'Shell_weight': 'aboveMean', 'Shucked_weight': 'aboveMean', 'Height': 'aboveMean', 'Viscera_weight': 'aboveMean', 'Length': 'aboveMean', 'Sex': 'M', 'Diameter': 'belowMean'}",True,,10.75,{},0.0,7,False,True
251,251,148,"{'Shell_weight': 'aboveMean', 'Shucked_weight': 'aboveMean', 'Height': 'aboveMean', 'Viscera_weight': 'aboveMean', 'Length': 'aboveMean', 'Sex': 'I', 'Diameter': 'aboveMean'}",True,,11.78125,{},0.0,7,False,True
252,252,151,"{'Shell_weight': 'aboveMean', 'Shucked_weight': 'aboveMean', 'Height': 'aboveMean', 'Viscera_weight': 'belowMean', 'Sex': 'M', 'Diameter': 'aboveMean', 'Length': 'aboveMean'}",True,,10.0,{},0.0,7,False,True
253,253,152,"{'Shell_weight': 'aboveMean', 'Shucked_weight': 'aboveMean', 'Height': 'aboveMean', 'Viscera_weight': 'belowMean', 'Sex': 'F', 'Whole_weight': 'aboveMean', 'Diameter': 'aboveMean'}",True,,11.714285714285714,{},0.0,7,False,True
254,254,154,"{'Shell_weight': 'aboveMean', 'Shucked_weight': 'aboveMean', 'Height': 'aboveMean', 'Viscera_weight': 'belowMean', 'Sex': 'I', 'Whole_weight': 'belowMean', 'Diameter': 'aboveMean'}",True,,11.333333333333334,{},0.0,7,False,True
255,255,155,"{'Shell_weight': 'aboveMean', 'Shucked_weight': 'aboveMean', 'Height': 'aboveMean', 'Viscera_weight': 'belowMean', 'Sex': 'I', 'Whole_weight': 'aboveMean', 'Diameter': 'aboveMean'}",True,,10.5,{},0.0,7,False,True
256,256,155,"{'Shell_weight': 'aboveMean', 'Shucked_weight': 'aboveMean', 'Height': 'aboveMean', 'Viscera_weight': 'belowMean', 'Sex': 'I', 'Whole_weight': 'aboveMean', 'Diameter': 'belowMean'}",True,,10.0,{},0.0,7,False,True
257,257,156,"{'Shell_weight': 'aboveMean', 'Shucked_weight': 'aboveMean', 'Height': 'belowMean', 'Viscera_weight': 'aboveMean', 'Sex': 'F', 'Diameter': 'aboveMean', 'Length': 'aboveMean'}",True,,10.0,{},0.0,7,False,True
258,258,157,"{'Shell_weight': 'aboveMean', 'Shucked_weight': 'aboveMean', 'Height': 'belowMean', 'Viscera_weight': 'aboveMean', 'Sex': 'M', 'Diameter': 'aboveMean', 'Length': 'aboveMean'}",True,,10.142857142857142,{},0.0,7,False,True
259,259,158,"{'Shell_weight': 'aboveMean', 'Shucked_weight': 'aboveMean', 'Height': 'belowMean', 'Viscera_weight': 'belowMean', 'Whole_weight': 'aboveMean', 'Sex': 'M', 'Diameter': 'aboveMean'}",True,,11.75,{},0.0,7,False,True
260,260,160,"{'Shell_weight': 'aboveMean', 'Shucked_weight': 'aboveMean', 'Height': 'belowMean', 'Viscera_weight': 'belowMean', 'Whole_weight': 'aboveMean', 'Sex': 'F', 'Diameter': 'aboveMean'}",True,,11.5,{},0.0,7,False,True
261,261,161,"{'Shell_weight': 'aboveMean', 'Shucked_weight': 'aboveMean', 'Height': 'belowMean', 'Viscera_weight': 'belowMean', 'Whole_weight': 'belowMean', 'Diameter': 'aboveMean', 'Length': 'aboveMean'}",True,,10.5,{},0.0,7,False,True
