,nodeID,parentNode,dataSetFilters,evaluated,nodeFeature,nodePrediction,childrenNodes,gainOrMSE,treeLevel,pruned,isLeaf
0,0,-1,{},True,Shell_weight,9.960502692998205,"{'belowMean': 1, 'aboveMean': 2}",7.906192331992568,0,False,False
1,1,0,{'Shell_weight': 'belowMean'},True,Sex,8.35540069686411,"{'M': 3, 'F': 4, 'I': 5}",4.989336473360417,1,False,False
2,2,0,{'Shell_weight': 'aboveMean'},True,Shucked_weight,11.666666666666666,"{'belowMean': 6, 'aboveMean': 7}",9.382822061191629,1,False,False
3,3,1,"{'Shell_weight': 'belowMean', 'Sex': 'M'}",True,Height,9.184834123222748,"{'belowMean': 8, 'aboveMean': 9}",6.185683510801994,2,False,False
4,4,1,"{'Shell_weight': 'belowMean', 'Sex': 'F'}",True,Shucked_weight,9.977272727272728,"{'belowMean': 10, 'aboveMean': 11}",5.293501420454546,2,False,False
5,5,1,"{'Shell_weight': 'belowMean', 'Sex': 'I'}",True,Diameter,7.383966244725738,"{'belowMean': 12, 'aboveMean': 13}",3.746303064519324,2,False,False
6,6,2,"{'Shell_weight': 'aboveMean', 'Shucked_weight': 'belowMean'}",True,Sex,13.025,"{'F': 14, 'M': 15, 'I': 16}",12.454611823361825,2,False,False
7,7,2,"{'Shell_weight': 'aboveMean', 'Shucked_weight': 'aboveMean'}",True,Viscera_weight,11.430434782608696,"{'aboveMean': 17, 'belowMean': 18}",8.608175696047242,2,False,False
8,8,3,"{'Shell_weight': 'belowMean', 'Sex': 'M', 'Height': 'belowMean'}",True,Whole_weight,9.045454545454543,"{'belowMean': 19, 'aboveMean': 20}",5.916115702479339,3,False,False
9,9,3,"{'Shell_weight': 'belowMean', 'Sex': 'M', 'Height': 'aboveMean'}",True,Shucked_weight,9.885714285714286,"{'belowMean': 21, 'aboveMean': 22}",4.557823129251701,3,False,False
10,10,4,"{'Shell_weight': 'belowMean', 'Sex': 'F', 'Shucked_weight': 'belowMean'}",True,Height,10.270833333333334,"{'belowMean': 23, 'aboveMean': 24}",5.685162717670568,3,False,False
11,11,4,"{'Shell_weight': 'belowMean', 'Sex': 'F', 'Shucked_weight': 'aboveMean'}",True,Whole_weight,8.65625,"{'belowMean': 25, 'aboveMean': 26}",1.3140625,3,False,False
12,12,5,"{'Shell_weight': 'belowMean', 'Sex': 'I', 'Diameter': 'belowMean'}",True,Height,7.169014084507042,"{'belowMean': 27, 'aboveMean': 28}",3.802832641218891,3,False,False
13,13,5,"{'Shell_weight': 'belowMean', 'Sex': 'I', 'Diameter': 'aboveMean'}",True,Height,9.291666666666666,"{'aboveMean': 29, 'belowMean': 30}",1.6666666666666667,3,False,False
14,14,6,"{'Shell_weight': 'aboveMean', 'Shucked_weight': 'belowMean', 'Sex': 'F'}",True,Viscera_weight,13.826923076923077,"{'belowMean': 31, 'aboveMean': 32}",20.52403846153846,3,False,False
15,15,6,"{'Shell_weight': 'aboveMean', 'Shucked_weight': 'belowMean', 'Sex': 'M'}",True,Whole_weight,13.0,"{'aboveMean': 33, 'belowMean': 34}",6.6064,3,False,False
16,16,6,"{'Shell_weight': 'aboveMean', 'Shucked_weight': 'belowMean', 'Sex': 'I'}",True,Height,10.77777777777778,"{'aboveMean': 35, 'belowMean': 36}",2.743055555555556,3,False,False
17,17,7,"{'Shell_weight': 'aboveMean', 'Shucked_weight': 'aboveMean', 'Viscera_weight': 'aboveMean'}",True,Diameter,11.486280487804878,"{'aboveMean': 37, 'belowMean': 38}",8.673654993208528,3,False,False
18,18,7,"{'Shell_weight': 'aboveMean', 'Shucked_weight': 'aboveMean', 'Viscera_weight': 'belowMean'}",True,Sex,10.352941176470589,"{'F': 39, 'M': 40, 'I': 41}",6.280514705882353,3,False,False
19,19,8,"{'Shell_weight': 'belowMean', 'Sex': 'M', 'Height': 'belowMean', 'Whole_weight': 'belowMean'}",True,Shucked_weight,8.945454545454545,"{'belowMean': 42, 'aboveMean': 43}",5.921173518625748,4,False,False
20,20,8,"{'Shell_weight': 'belowMean', 'Sex': 'M', 'Height': 'belowMean', 'Whole_weight': 'aboveMean'}",True,Viscera_weight,10.545454545454543,"{'belowMean': 44, 'aboveMean': 45}",4.909090909090909,4,False,False
21,21,9,"{'Shell_weight': 'belowMean', 'Sex': 'M', 'Height': 'aboveMean', 'Shucked_weight': 'belowMean'}",True,Length,11.714285714285714,"{'belowMean': 46, 'aboveMean': 47}",9.203571428571427,4,False,False
22,22,9,"{'Shell_weight': 'belowMean', 'Sex': 'M', 'Height': 'aboveMean', 'Shucked_weight': 'aboveMean'}",True,Diameter,8.666666666666666,"{'aboveMean': 48, 'belowMean': 49}",0.8421052631578948,4,False,False
23,23,10,"{'Shell_weight': 'belowMean', 'Sex': 'F', 'Shucked_weight': 'belowMean', 'Height': 'belowMean'}",True,Whole_weight,9.91150442477876,"{'belowMean': 50, 'aboveMean': 51}",5.873395519413219,4,True,True
24,24,10,"{'Shell_weight': 'belowMean', 'Sex': 'F', 'Shucked_weight': 'belowMean', 'Height': 'aboveMean'}",True,Diameter,11.580645161290322,"{'aboveMean': 52, 'belowMean': 53}",4.323963133640553,4,True,True
25,25,11,"{'Shell_weight': 'belowMean', 'Sex': 'F', 'Shucked_weight': 'aboveMean', 'Whole_weight': 'belowMean'}",True,Diameter,8.25,"{'belowMean': 54, 'aboveMean': 55}",0.9083333333333332,4,False,False
26,26,11,"{'Shell_weight': 'belowMean', 'Sex': 'F', 'Shucked_weight': 'aboveMean', 'Whole_weight': 'aboveMean'}",True,Viscera_weight,8.9,"{'aboveMean': 56, 'belowMean': 57}",1.4066666666666667,4,False,False
27,27,12,"{'Shell_weight': 'belowMean', 'Sex': 'I', 'Diameter': 'belowMean', 'Height': 'belowMean'}",True,Length,7.099273607748184,"{'belowMean': 58, 'aboveMean': 59}",3.675477370392625,4,False,False
28,28,12,"{'Shell_weight': 'belowMean', 'Sex': 'I', 'Diameter': 'belowMean', 'Height': 'aboveMean'}",True,Shucked_weight,9.384615384615383,"{'belowMean': 60, 'aboveMean': 61}",6.538461538461538,4,False,False
29,29,13,"{'Shell_weight': 'belowMean', 'Sex': 'I', 'Diameter': 'aboveMean', 'Height': 'aboveMean'}",True,Viscera_weight,10.0,"{'belowMean': 62, 'aboveMean': 63}",1.4047619047619049,4,False,False
30,30,13,"{'Shell_weight': 'belowMean', 'Sex': 'I', 'Diameter': 'aboveMean', 'Height': 'belowMean'}",True,Shucked_weight,9.0,"{'belowMean': 64, 'aboveMean': 65}",1.6438133874239351,4,False,False
31,31,14,"{'Shell_weight': 'aboveMean', 'Shucked_weight': 'belowMean', 'Sex': 'F', 'Viscera_weight': 'belowMean'}",True,Whole_weight,14.5,"{'belowMean': 66, 'aboveMean': 67}",22.05208333333333,4,True,True
32,32,14,"{'Shell_weight': 'aboveMean', 'Shucked_weight': 'belowMean', 'Sex': 'F', 'Viscera_weight': 'aboveMean'}",True,Diameter,13.25,"{'aboveMean': 68, 'belowMean': 69}",18.06571428571429,4,True,True
33,33,15,"{'Shell_weight': 'aboveMean', 'Shucked_weight': 'belowMean', 'Sex': 'M', 'Whole_weight': 'aboveMean'}",True,Height,13.56,"{'aboveMean': 70, 'belowMean': 71}",7.936521739130435,4,True,True
34,34,15,"{'Shell_weight': 'aboveMean', 'Shucked_weight': 'belowMean', 'Sex': 'M', 'Whole_weight': 'belowMean'}",True,Length,12.44,"{'aboveMean': 72, 'belowMean': 73}",3.893076923076923,4,False,False
35,35,16,"{'Shell_weight': 'aboveMean', 'Shucked_weight': 'belowMean', 'Sex': 'I', 'Height': 'aboveMean'}",True,Viscera_weight,11.5,"{'aboveMean': 74, 'belowMean': 75}",3.685714285714286,4,True,True
36,36,16,"{'Shell_weight': 'aboveMean', 'Shucked_weight': 'belowMean', 'Sex': 'I', 'Height': 'belowMean'}",True,Whole_weight,9.875,"{'belowMean': 76, 'aboveMean': 77}",0.1785714285714285,4,False,False
37,37,17,"{'Shell_weight': 'aboveMean', 'Shucked_weight': 'aboveMean', 'Viscera_weight': 'aboveMean', 'Diameter': 'aboveMean'}",True,Whole_weight,11.508474576271189,"{'aboveMean': 78, 'belowMean': 79}",8.69322224124484,4,True,True
38,38,17,"{'Shell_weight': 'aboveMean', 'Shucked_weight': 'aboveMean', 'Viscera_weight': 'aboveMean', 'Diameter': 'belowMean'}",True,Length,9.428571428571429,"{'aboveMean': 80, 'belowMean': 81}",4.428571428571429,4,False,False
39,39,18,"{'Shell_weight': 'aboveMean', 'Shucked_weight': 'aboveMean', 'Viscera_weight': 'belowMean', 'Sex': 'F'}",True,Whole_weight,10.6875,"{'aboveMean': 82, 'belowMean': 83}",8.599358974358974,4,True,True
40,40,18,"{'Shell_weight': 'aboveMean', 'Shucked_weight': 'aboveMean', 'Viscera_weight': 'belowMean', 'Sex': 'M'}",True,Height,9.7,"{'belowMean': 84, 'aboveMean': 85}",4.783333333333333,4,True,True
41,41,18,"{'Shell_weight': 'aboveMean', 'Shucked_weight': 'aboveMean', 'Viscera_weight': 'belowMean', 'Sex': 'I'}",True,Whole_weight,10.5,"{'belowMean': 86, 'aboveMean': 87}",1.6833333333333331,4,True,True
42,42,19,"{'Shell_weight': 'belowMean', 'Sex': 'M', 'Height': 'belowMean', 'Whole_weight': 'belowMean', 'Shucked_weight': 'belowMean'}",True,Viscera_weight,8.993630573248408,"{'belowMean': 88, 'aboveMean': 89}",6.156655558836349,5,False,False
43,43,19,"{'Shell_weight': 'belowMean', 'Sex': 'M', 'Height': 'belowMean', 'Whole_weight': 'belowMean', 'Shucked_weight': 'aboveMean'}",True,Diameter,8.0,"{'belowMean': 90, 'aboveMean': 91}",0.4833333333333333,5,False,False
44,44,20,"{'Shell_weight': 'belowMean', 'Sex': 'M', 'Height': 'belowMean', 'Whole_weight': 'aboveMean', 'Viscera_weight': 'belowMean'}",True,Shucked_weight,11.0,"{'belowMean': 92, 'aboveMean': 93}",6.8,5,False,False
45,45,20,"{'Shell_weight': 'belowMean', 'Sex': 'M', 'Height': 'belowMean', 'Whole_weight': 'aboveMean', 'Viscera_weight': 'aboveMean'}",True,Diameter,10.0,{'aboveMean': 94},2.4,5,False,False
46,46,21,"{'Shell_weight': 'belowMean', 'Sex': 'M', 'Height': 'aboveMean', 'Shucked_weight': 'belowMean', 'Length': 'belowMean'}",True,Viscera_weight,12.3,"{'aboveMean': 95, 'belowMean': 96}",11.583333333333332,5,False,False
47,47,21,"{'Shell_weight': 'belowMean', 'Sex': 'M', 'Height': 'aboveMean', 'Shucked_weight': 'belowMean', 'Length': 'aboveMean'}",True,Viscera_weight,10.25,"{'belowMean': 97, 'aboveMean': 98}",0.5,5,True,True
48,48,22,"{'Shell_weight': 'belowMean', 'Sex': 'M', 'Height': 'aboveMean', 'Shucked_weight': 'aboveMean', 'Diameter': 'aboveMean'}",True,Whole_weight,8.736842105263158,"{'aboveMean': 99, 'belowMean': 100}",0.762280701754386,5,False,False
49,49,22,"{'Shell_weight': 'belowMean', 'Sex': 'M', 'Height': 'aboveMean', 'Shucked_weight': 'aboveMean', 'Diameter': 'belowMean'}",True,Length,8.0,"{'belowMean': 101, 'aboveMean': 102}",0.0,5,False,False
50,50,23,"{'Shell_weight': 'belowMean', 'Sex': 'F', 'Shucked_weight': 'belowMean', 'Height': 'belowMean', 'Whole_weight': 'belowMean'}",True,Length,9.855855855855856,"{'aboveMean': 103, 'belowMean': 104}",5.922330097087379,5,False,False
51,51,23,"{'Shell_weight': 'belowMean', 'Sex': 'F', 'Shucked_weight': 'belowMean', 'Height': 'belowMean', 'Whole_weight': 'aboveMean'}",True,,13.0,{},0.0,5,False,True
52,52,24,"{'Shell_weight': 'belowMean', 'Sex': 'F', 'Shucked_weight': 'belowMean', 'Height': 'aboveMean', 'Diameter': 'aboveMean'}",True,Viscera_weight,11.9,"{'aboveMean': 105, 'belowMean': 106}",3.05,5,False,False
53,53,24,"{'Shell_weight': 'belowMean', 'Sex': 'F', 'Shucked_weight': 'belowMean', 'Height': 'aboveMean', 'Diameter': 'belowMean'}",True,Viscera_weight,11.428571428571429,"{'belowMean': 107, 'aboveMean': 108}",4.725563909774436,5,True,True
54,54,25,"{'Shell_weight': 'belowMean', 'Sex': 'F', 'Shucked_weight': 'aboveMean', 'Whole_weight': 'belowMean', 'Diameter': 'belowMean'}",True,Length,9.0,"{'belowMean': 109, 'aboveMean': 110}",0.0,5,False,False
55,55,25,"{'Shell_weight': 'belowMean', 'Sex': 'F', 'Shucked_weight': 'aboveMean', 'Whole_weight': 'belowMean', 'Diameter': 'aboveMean'}",True,Length,8.1,"{'aboveMean': 111, 'belowMean': 112}",0.8,5,False,False
56,56,26,"{'Shell_weight': 'belowMean', 'Sex': 'F', 'Shucked_weight': 'aboveMean', 'Whole_weight': 'aboveMean', 'Viscera_weight': 'aboveMean'}",True,Height,8.733333333333333,"{'belowMean': 113, 'aboveMean': 114}",1.314285714285714,5,False,False
57,57,26,"{'Shell_weight': 'belowMean', 'Sex': 'F', 'Shucked_weight': 'aboveMean', 'Whole_weight': 'aboveMean', 'Viscera_weight': 'belowMean'}",True,Height,9.4,"{'aboveMean': 115, 'belowMean': 116}",1.35,5,False,False
58,58,27,"{'Shell_weight': 'belowMean', 'Sex': 'I', 'Diameter': 'belowMean', 'Height': 'belowMean', 'Length': 'belowMean'}",True,Shucked_weight,7.076167076167076,"{'belowMean': 117, 'aboveMean': 118}",3.726356659689993,5,False,False
59,59,27,"{'Shell_weight': 'belowMean', 'Sex': 'I', 'Diameter': 'belowMean', 'Height': 'belowMean', 'Length': 'aboveMean'}",True,Shucked_weight,8.666666666666666,{'belowMean': 119},0.2222222222222222,5,False,False
60,60,28,"{'Shell_weight': 'belowMean', 'Sex': 'I', 'Diameter': 'belowMean', 'Height': 'aboveMean', 'Shucked_weight': 'belowMean'}",True,Length,9.5,{'belowMean': 120},7.083333333333333,5,False,False
61,61,28,"{'Shell_weight': 'belowMean', 'Sex': 'I', 'Diameter': 'belowMean', 'Height': 'aboveMean', 'Shucked_weight': 'aboveMean'}",True,,8.0,{},0.0,5,False,True
62,62,29,"{'Shell_weight': 'belowMean', 'Sex': 'I', 'Diameter': 'aboveMean', 'Height': 'aboveMean', 'Viscera_weight': 'belowMean'}",True,Length,10.166666666666666,"{'belowMean': 121, 'aboveMean': 122}",1.45,5,False,False
63,63,29,"{'Shell_weight': 'belowMean', 'Sex': 'I', 'Diameter': 'aboveMean', 'Height': 'aboveMean', 'Viscera_weight': 'aboveMean'}",True,Length,9.0,{'aboveMean': 123},1.0,5,False,False
64,64,30,"{'Shell_weight': 'belowMean', 'Sex': 'I', 'Diameter': 'aboveMean', 'Height': 'belowMean', 'Shucked_weight': 'belowMean'}",True,Viscera_weight,8.89655172413793,"{'belowMean': 124, 'aboveMean': 125}",1.5197956577266922,5,False,False
65,65,30,"{'Shell_weight': 'belowMean', 'Sex': 'I', 'Diameter': 'aboveMean', 'Height': 'belowMean', 'Shucked_weight': 'aboveMean'}",True,Viscera_weight,9.6,"{'belowMean': 126, 'aboveMean': 127}",1.6,5,False,False
66,66,31,"{'Shell_weight': 'aboveMean', 'Shucked_weight': 'belowMean', 'Sex': 'F', 'Viscera_weight': 'belowMean', 'Whole_weight': 'belowMean'}",True,Height,14.125,"{'aboveMean': 128, 'belowMean': 129}",21.808333333333334,5,False,False
67,67,31,"{'Shell_weight': 'aboveMean', 'Shucked_weight': 'belowMean', 'Sex': 'F', 'Viscera_weight': 'belowMean', 'Whole_weight': 'aboveMean'}",True,Height,15.25,"{'aboveMean': 130, 'belowMean': 131}",21.916666666666664,5,True,True
68,68,32,"{'Shell_weight': 'aboveMean', 'Shucked_weight': 'belowMean', 'Sex': 'F', 'Viscera_weight': 'aboveMean', 'Diameter': 'aboveMean'}",True,Whole_weight,12.92,"{'aboveMean': 132, 'belowMean': 133}",15.35304347826087,5,False,False
69,69,32,"{'Shell_weight': 'aboveMean', 'Shucked_weight': 'belowMean', 'Sex': 'F', 'Viscera_weight': 'aboveMean', 'Diameter': 'belowMean'}",True,Whole_weight,16.0,"{'belowMean': 134, 'aboveMean': 135}",6.0,5,True,True
70,70,33,"{'Shell_weight': 'aboveMean', 'Shucked_weight': 'belowMean', 'Sex': 'M', 'Whole_weight': 'aboveMean', 'Height': 'aboveMean'}",True,Viscera_weight,13.217391304347826,"{'aboveMean': 136, 'belowMean': 137}",8.165579710144927,5,False,False
71,71,33,"{'Shell_weight': 'aboveMean', 'Shucked_weight': 'belowMean', 'Sex': 'M', 'Whole_weight': 'aboveMean', 'Height': 'belowMean'}",True,Diameter,17.5,"{'aboveMean': 138, 'belowMean': 139}",0.0,5,True,True
72,72,34,"{'Shell_weight': 'aboveMean', 'Shucked_weight': 'belowMean', 'Sex': 'M', 'Whole_weight': 'belowMean', 'Length': 'aboveMean'}",True,Viscera_weight,12.25,"{'aboveMean': 140, 'belowMean': 141}",4.0625,5,False,False
73,73,34,"{'Shell_weight': 'aboveMean', 'Shucked_weight': 'belowMean', 'Sex': 'M', 'Whole_weight': 'belowMean', 'Length': 'belowMean'}",True,Diameter,12.615384615384617,"{'belowMean': 142, 'aboveMean': 143}",3.4945054945054945,5,True,True
74,74,35,"{'Shell_weight': 'aboveMean', 'Shucked_weight': 'belowMean', 'Sex': 'I', 'Height': 'aboveMean', 'Viscera_weight': 'aboveMean'}",True,Diameter,13.0,"{'belowMean': 144, 'aboveMean': 145}",0.1666666666666666,5,False,False
75,75,35,"{'Shell_weight': 'aboveMean', 'Shucked_weight': 'belowMean', 'Sex': 'I', 'Height': 'aboveMean', 'Viscera_weight': 'belowMean'}",True,Diameter,10.857142857142858,"{'aboveMean': 146, 'belowMean': 147}",4.814285714285715,5,True,True
76,76,36,"{'Shell_weight': 'aboveMean', 'Shucked_weight': 'belowMean', 'Sex': 'I', 'Height': 'belowMean', 'Whole_weight': 'belowMean'}",True,Length,9.714285714285714,"{'aboveMean': 148, 'belowMean': 149}",0.1714285714285714,5,False,False
77,77,36,"{'Shell_weight': 'aboveMean', 'Shucked_weight': 'belowMean', 'Sex': 'I', 'Height': 'belowMean', 'Whole_weight': 'aboveMean'}",True,,11.0,{},0.0,5,False,True
78,78,37,"{'Shell_weight': 'aboveMean', 'Shucked_weight': 'aboveMean', 'Viscera_weight': 'aboveMean', 'Diameter': 'aboveMean', 'Whole_weight': 'aboveMean'}",True,Height,11.512345679012345,"{'aboveMean': 150, 'belowMean': 151}",8.696995485237125,5,False,False
79,79,37,"{'Shell_weight': 'aboveMean', 'Shucked_weight': 'aboveMean', 'Viscera_weight': 'aboveMean', 'Diameter': 'aboveMean', 'Whole_weight': 'belowMean'}",True,,9.0,{},0.0,5,False,True
80,80,38,"{'Shell_weight': 'aboveMean', 'Shucked_weight': 'aboveMean', 'Viscera_weight': 'aboveMean', 'Diameter': 'belowMean', 'Length': 'aboveMean'}",True,Sex,10.5,"{'M': 152, 'I': 153, 'F': 154}",0.125,5,True,True
81,81,38,"{'Shell_weight': 'aboveMean', 'Shucked_weight': 'aboveMean', 'Viscera_weight': 'aboveMean', 'Diameter': 'belowMean', 'Length': 'belowMean'}",True,Sex,8.0,"{'M': 155, 'F': 156}",0.1666666666666666,5,True,True
82,82,39,"{'Shell_weight': 'aboveMean', 'Shucked_weight': 'aboveMean', 'Viscera_weight': 'belowMean', 'Sex': 'F', 'Whole_weight': 'aboveMean'}",True,Height,10.923076923076923,"{'belowMean': 157, 'aboveMean': 158}",10.53076923076923,5,True,True
83,83,39,"{'Shell_weight': 'aboveMean', 'Shucked_weight': 'aboveMean', 'Viscera_weight': 'belowMean', 'Sex': 'F', 'Whole_weight': 'belowMean'}",True,Height,9.666666666666666,"{'belowMean': 159, 'aboveMean': 160}",0.1666666666666666,5,False,False
84,84,40,"{'Shell_weight': 'aboveMean', 'Shucked_weight': 'aboveMean', 'Viscera_weight': 'belowMean', 'Sex': 'M', 'Height': 'belowMean'}",True,Diameter,10.5,{'aboveMean': 161},10.25,5,False,False
85,85,40,"{'Shell_weight': 'aboveMean', 'Shucked_weight': 'aboveMean', 'Viscera_weight': 'belowMean', 'Sex': 'M', 'Height': 'aboveMean'}",True,Diameter,9.166666666666666,{'aboveMean': 162},1.138888888888889,5,True,True
86,86,41,"{'Shell_weight': 'aboveMean', 'Shucked_weight': 'aboveMean', 'Viscera_weight': 'belowMean', 'Sex': 'I', 'Whole_weight': 'belowMean'}",True,Height,11.666666666666666,"{'aboveMean': 163, 'belowMean': 164}",0.1666666666666666,5,False,False
87,87,41,"{'Shell_weight': 'aboveMean', 'Shucked_weight': 'aboveMean', 'Viscera_weight': 'belowMean', 'Sex': 'I', 'Whole_weight': 'aboveMean'}",True,Diameter,9.8,{'aboveMean': 165},0.96,5,True,True
88,88,42,"{'Shell_weight': 'belowMean', 'Sex': 'M', 'Height': 'belowMean', 'Whole_weight': 'belowMean', 'Shucked_weight': 'belowMean', 'Viscera_weight': 'belowMean'}",True,Diameter,8.960264900662251,"{'belowMean': 166, 'aboveMean': 167}",6.288549054271488,6,True,True
89,89,42,"{'Shell_weight': 'belowMean', 'Sex': 'M', 'Height': 'belowMean', 'Whole_weight': 'belowMean', 'Shucked_weight': 'belowMean', 'Viscera_weight': 'aboveMean'}",True,Diameter,9.833333333333334,"{'belowMean': 168, 'aboveMean': 169}",2.777777777777778,6,False,False
90,90,43,"{'Shell_weight': 'belowMean', 'Sex': 'M', 'Height': 'belowMean', 'Whole_weight': 'belowMean', 'Shucked_weight': 'aboveMean', 'Diameter': 'belowMean'}",True,Length,7.333333333333333,"{'aboveMean': 170, 'belowMean': 171}",0.1666666666666666,6,False,False
91,91,43,"{'Shell_weight': 'belowMean', 'Sex': 'M', 'Height': 'belowMean', 'Whole_weight': 'belowMean', 'Shucked_weight': 'aboveMean', 'Diameter': 'aboveMean'}",True,Viscera_weight,8.4,"{'belowMean': 172, 'aboveMean': 173}",0.1,6,False,False
92,92,44,"{'Shell_weight': 'belowMean', 'Sex': 'M', 'Height': 'belowMean', 'Whole_weight': 'aboveMean', 'Viscera_weight': 'belowMean', 'Shucked_weight': 'belowMean'}",True,,12.0,{},0.0,6,False,True
93,93,44,"{'Shell_weight': 'belowMean', 'Sex': 'M', 'Height': 'belowMean', 'Whole_weight': 'aboveMean', 'Viscera_weight': 'belowMean', 'Shucked_weight': 'aboveMean'}",True,Diameter,10.8,{'aboveMean': 174},8.16,6,False,False
94,94,45,"{'Shell_weight': 'belowMean', 'Sex': 'M', 'Height': 'belowMean', 'Whole_weight': 'aboveMean', 'Viscera_weight': 'aboveMean', 'Diameter': 'aboveMean'}",True,Length,10.0,{'aboveMean': 175},2.4,6,False,False
95,95,46,"{'Shell_weight': 'belowMean', 'Sex': 'M', 'Height': 'aboveMean', 'Shucked_weight': 'belowMean', 'Length': 'belowMean', 'Viscera_weight': 'aboveMean'}",True,Whole_weight,11.5,"{'aboveMean': 176, 'belowMean': 177}",1.0,6,False,False
96,96,46,"{'Shell_weight': 'belowMean', 'Sex': 'M', 'Height': 'aboveMean', 'Shucked_weight': 'belowMean', 'Length': 'belowMean', 'Viscera_weight': 'belowMean'}",True,Diameter,12.833333333333334,"{'belowMean': 178, 'aboveMean': 179}",17.0,6,False,False
97,97,47,"{'Shell_weight': 'belowMean', 'Sex': 'M', 'Height': 'aboveMean', 'Shucked_weight': 'belowMean', 'Length': 'aboveMean', 'Viscera_weight': 'belowMean'}",True,Diameter,11.0,{'aboveMean': 180},0.6666666666666666,6,False,False
98,98,47,"{'Shell_weight': 'belowMean', 'Sex': 'M', 'Height': 'aboveMean', 'Shucked_weight': 'belowMean', 'Length': 'aboveMean', 'Viscera_weight': 'aboveMean'}",True,,8.0,{},0.0,6,False,True
99,99,48,"{'Shell_weight': 'belowMean', 'Sex': 'M', 'Height': 'aboveMean', 'Shucked_weight': 'aboveMean', 'Diameter': 'aboveMean', 'Whole_weight': 'aboveMean'}",True,Viscera_weight,8.866666666666667,"{'aboveMean': 181, 'belowMean': 182}",0.6222222222222221,6,False,False
100,100,48,"{'Shell_weight': 'belowMean', 'Sex': 'M', 'Height': 'aboveMean', 'Shucked_weight': 'aboveMean', 'Diameter': 'aboveMean', 'Whole_weight': 'belowMean'}",True,Length,8.25,{'aboveMean': 183},1.1875,6,False,False
101,101,49,"{'Shell_weight': 'belowMean', 'Sex': 'M', 'Height': 'aboveMean', 'Shucked_weight': 'aboveMean', 'Diameter': 'belowMean', 'Length': 'belowMean'}",True,,9.0,{},0.0,6,False,True
102,102,49,"{'Shell_weight': 'belowMean', 'Sex': 'M', 'Height': 'aboveMean', 'Shucked_weight': 'aboveMean', 'Diameter': 'belowMean', 'Length': 'aboveMean'}",True,,7.0,{},0.0,6,False,True
103,103,50,"{'Shell_weight': 'belowMean', 'Sex': 'F', 'Shucked_weight': 'belowMean', 'Height': 'belowMean', 'Whole_weight': 'belowMean', 'Length': 'aboveMean'}",True,Diameter,9.0,"{'aboveMean': 184, 'belowMean': 185}",0.3571428571428571,6,False,False
104,104,50,"{'Shell_weight': 'belowMean', 'Sex': 'F', 'Shucked_weight': 'belowMean', 'Height': 'belowMean', 'Whole_weight': 'belowMean', 'Length': 'belowMean'}",True,Diameter,9.92233009708738,"{'belowMean': 186, 'aboveMean': 187}",6.341521035598705,6,False,False
105,105,52,"{'Shell_weight': 'belowMean', 'Sex': 'F', 'Shucked_weight': 'belowMean', 'Height': 'aboveMean', 'Diameter': 'aboveMean', 'Viscera_weight': 'aboveMean'}",True,Length,12.5,"{'belowMean': 188, 'aboveMean': 189}",4.25,6,False,False
106,106,52,"{'Shell_weight': 'belowMean', 'Sex': 'F', 'Shucked_weight': 'belowMean', 'Height': 'aboveMean', 'Diameter': 'aboveMean', 'Viscera_weight': 'belowMean'}",True,Length,11.5,"{'belowMean': 190, 'aboveMean': 191}",1.4583333333333333,6,False,False
107,107,53,"{'Shell_weight': 'belowMean', 'Sex': 'F', 'Shucked_weight': 'belowMean', 'Height': 'aboveMean', 'Diameter': 'belowMean', 'Viscera_weight': 'belowMean'}",True,Length,11.526315789473683,{'belowMean': 192},4.986149584487534,6,True,True
108,108,53,"{'Shell_weight': 'belowMean', 'Sex': 'F', 'Shucked_weight': 'belowMean', 'Height': 'aboveMean', 'Diameter': 'belowMean', 'Viscera_weight': 'aboveMean'}",True,Length,10.5,{'belowMean': 193},2.25,6,False,False
109,109,54,"{'Shell_weight': 'belowMean', 'Sex': 'F', 'Shucked_weight': 'aboveMean', 'Whole_weight': 'belowMean', 'Diameter': 'belowMean', 'Length': 'belowMean'}",True,,10.0,{},0.0,6,False,True
110,110,54,"{'Shell_weight': 'belowMean', 'Sex': 'F', 'Shucked_weight': 'aboveMean', 'Whole_weight': 'belowMean', 'Diameter': 'belowMean', 'Length': 'aboveMean'}",True,,8.0,{},0.0,6,False,True
111,111,55,"{'Shell_weight': 'belowMean', 'Sex': 'F', 'Shucked_weight': 'aboveMean', 'Whole_weight': 'belowMean', 'Diameter': 'aboveMean', 'Length': 'aboveMean'}",True,Viscera_weight,8.25,"{'aboveMean': 194, 'belowMean': 195}",0.7333333333333334,6,False,False
112,112,55,"{'Shell_weight': 'belowMean', 'Sex': 'F', 'Shucked_weight': 'aboveMean', 'Whole_weight': 'belowMean', 'Diameter': 'aboveMean', 'Length': 'belowMean'}",True,Viscera_weight,7.5,"{'aboveMean': 196, 'belowMean': 197}",0.0,6,False,False
113,113,56,"{'Shell_weight': 'belowMean', 'Sex': 'F', 'Shucked_weight': 'aboveMean', 'Whole_weight': 'aboveMean', 'Viscera_weight': 'aboveMean', 'Height': 'belowMean'}",True,Diameter,9.0,"{'aboveMean': 198, 'belowMean': 199}",2.25,6,False,False
114,114,56,"{'Shell_weight': 'belowMean', 'Sex': 'F', 'Shucked_weight': 'aboveMean', 'Whole_weight': 'aboveMean', 'Viscera_weight': 'aboveMean', 'Height': 'aboveMean'}",True,Diameter,8.428571428571429,"{'aboveMean': 200, 'belowMean': 201}",0.2142857142857142,6,False,False
115,115,57,"{'Shell_weight': 'belowMean', 'Sex': 'F', 'Shucked_weight': 'aboveMean', 'Whole_weight': 'aboveMean', 'Viscera_weight': 'belowMean', 'Height': 'aboveMean'}",True,Diameter,9.25,{'aboveMean': 202},1.6875,6,False,False
116,116,57,"{'Shell_weight': 'belowMean', 'Sex': 'F', 'Shucked_weight': 'aboveMean', 'Whole_weight': 'aboveMean', 'Viscera_weight': 'belowMean', 'Height': 'belowMean'}",True,,10.0,{},0.0,6,False,True
117,117,58,"{'Shell_weight': 'belowMean', 'Sex': 'I', 'Diameter': 'belowMean', 'Height': 'belowMean', 'Length': 'belowMean', 'Shucked_weight': 'belowMean'}",True,Viscera_weight,7.076543209876543,{'belowMean': 203},3.72500533455266,6,False,False
118,118,58,"{'Shell_weight': 'belowMean', 'Sex': 'I', 'Diameter': 'belowMean', 'Height': 'belowMean', 'Length': 'belowMean', 'Shucked_weight': 'aboveMean'}",True,Viscera_weight,7.0,{'belowMean': 204},4.0,6,False,False
119,119,59,"{'Shell_weight': 'belowMean', 'Sex': 'I', 'Diameter': 'belowMean', 'Height': 'belowMean', 'Length': 'aboveMean', 'Shucked_weight': 'belowMean'}",True,Viscera_weight,8.666666666666666,{'belowMean': 205},0.2222222222222222,6,False,False
120,120,60,"{'Shell_weight': 'belowMean', 'Sex': 'I', 'Diameter': 'belowMean', 'Height': 'aboveMean', 'Shucked_weight': 'belowMean', 'Length': 'belowMean'}",True,Viscera_weight,9.5,{'belowMean': 206},7.083333333333333,6,False,False
121,121,62,"{'Shell_weight': 'belowMean', 'Sex': 'I', 'Diameter': 'aboveMean', 'Height': 'aboveMean', 'Viscera_weight': 'belowMean', 'Length': 'belowMean'}",True,Shucked_weight,10.5,{'belowMean': 207},0.25,6,False,False
122,122,62,"{'Shell_weight': 'belowMean', 'Sex': 'I', 'Diameter': 'aboveMean', 'Height': 'aboveMean', 'Viscera_weight': 'belowMean', 'Length': 'aboveMean'}",True,Shucked_weight,10.1,"{'aboveMean': 208, 'belowMean': 209}",1.6875,6,False,False
123,123,63,"{'Shell_weight': 'belowMean', 'Sex': 'I', 'Diameter': 'aboveMean', 'Height': 'aboveMean', 'Viscera_weight': 'aboveMean', 'Length': 'aboveMean'}",True,Shucked_weight,9.0,{'aboveMean': 210},1.0,6,False,False
124,124,64,"{'Shell_weight': 'belowMean', 'Sex': 'I', 'Diameter': 'aboveMean', 'Height': 'belowMean', 'Shucked_weight': 'belowMean', 'Viscera_weight': 'belowMean'}",True,Length,8.814814814814815,"{'belowMean': 211, 'aboveMean': 212}",1.4785575048732942,6,False,False
125,125,64,"{'Shell_weight': 'belowMean', 'Sex': 'I', 'Diameter': 'aboveMean', 'Height': 'belowMean', 'Shucked_weight': 'belowMean', 'Viscera_weight': 'aboveMean'}",True,Length,10.0,{'aboveMean': 213},1.0,6,False,False
126,126,65,"{'Shell_weight': 'belowMean', 'Sex': 'I', 'Diameter': 'aboveMean', 'Height': 'belowMean', 'Shucked_weight': 'aboveMean', 'Viscera_weight': 'belowMean'}",True,Length,10.0,{'aboveMean': 214},2.6666666666666665,6,False,False
127,127,65,"{'Shell_weight': 'belowMean', 'Sex': 'I', 'Diameter': 'aboveMean', 'Height': 'belowMean', 'Shucked_weight': 'aboveMean', 'Viscera_weight': 'aboveMean'}",True,,9.0,{},0.0,6,False,True
128,128,66,"{'Shell_weight': 'aboveMean', 'Shucked_weight': 'belowMean', 'Sex': 'F', 'Viscera_weight': 'belowMean', 'Whole_weight': 'belowMean', 'Height': 'aboveMean'}",True,Length,13.7,"{'aboveMean': 215, 'belowMean': 216}",23.40833333333333,6,False,False
129,129,66,"{'Shell_weight': 'aboveMean', 'Shucked_weight': 'belowMean', 'Sex': 'F', 'Viscera_weight': 'belowMean', 'Whole_weight': 'belowMean', 'Height': 'belowMean'}",True,Diameter,14.833333333333334,"{'aboveMean': 217, 'belowMean': 218}",16.8,6,False,False
130,130,67,"{'Shell_weight': 'aboveMean', 'Shucked_weight': 'belowMean', 'Sex': 'F', 'Viscera_weight': 'belowMean', 'Whole_weight': 'aboveMean', 'Height': 'aboveMean'}",True,Diameter,15.166666666666666,{'aboveMean': 219},19.13888888888889,6,False,False
131,131,67,"{'Shell_weight': 'aboveMean', 'Shucked_weight': 'belowMean', 'Sex': 'F', 'Viscera_weight': 'belowMean', 'Whole_weight': 'aboveMean', 'Height': 'belowMean'}",True,Diameter,15.5,{'aboveMean': 220},30.25,6,True,True
132,132,68,"{'Shell_weight': 'aboveMean', 'Shucked_weight': 'belowMean', 'Sex': 'F', 'Viscera_weight': 'aboveMean', 'Diameter': 'aboveMean', 'Whole_weight': 'aboveMean'}",True,Height,13.08695652173913,"{'aboveMean': 221, 'belowMean': 222}",16.107246376811595,6,False,False
133,133,68,"{'Shell_weight': 'aboveMean', 'Shucked_weight': 'belowMean', 'Sex': 'F', 'Viscera_weight': 'aboveMean', 'Diameter': 'aboveMean', 'Whole_weight': 'belowMean'}",True,Height,11.0,"{'aboveMean': 223, 'belowMean': 224}",0.0,6,False,False
134,134,69,"{'Shell_weight': 'aboveMean', 'Shucked_weight': 'belowMean', 'Sex': 'F', 'Viscera_weight': 'aboveMean', 'Diameter': 'belowMean', 'Whole_weight': 'belowMean'}",True,Height,20.0,"{'aboveMean': 225, 'belowMean': 226}",0.0,6,True,True
135,135,69,"{'Shell_weight': 'aboveMean', 'Shucked_weight': 'belowMean', 'Sex': 'F', 'Viscera_weight': 'aboveMean', 'Diameter': 'belowMean', 'Whole_weight': 'aboveMean'}",True,,8.0,{},0.0,6,False,True
136,136,70,"{'Shell_weight': 'aboveMean', 'Shucked_weight': 'belowMean', 'Sex': 'M', 'Whole_weight': 'aboveMean', 'Height': 'aboveMean', 'Viscera_weight': 'aboveMean'}",True,Diameter,12.733333333333333,"{'aboveMean': 227, 'belowMean': 228}",7.784615384615384,6,False,False
137,137,70,"{'Shell_weight': 'aboveMean', 'Shucked_weight': 'belowMean', 'Sex': 'M', 'Whole_weight': 'aboveMean', 'Height': 'aboveMean', 'Viscera_weight': 'belowMean'}",True,Diameter,14.125,"{'belowMean': 229, 'aboveMean': 230}",8.4375,6,False,False
138,138,71,"{'Shell_weight': 'aboveMean', 'Shucked_weight': 'belowMean', 'Sex': 'M', 'Whole_weight': 'aboveMean', 'Height': 'belowMean', 'Diameter': 'aboveMean'}",True,,18.0,{},0.0,6,False,True
139,139,71,"{'Shell_weight': 'aboveMean', 'Shucked_weight': 'belowMean', 'Sex': 'M', 'Whole_weight': 'aboveMean', 'Height': 'belowMean', 'Diameter': 'belowMean'}",True,,17.0,{},0.0,6,False,True
140,140,72,"{'Shell_weight': 'aboveMean', 'Shucked_weight': 'belowMean', 'Sex': 'M', 'Whole_weight': 'belowMean', 'Length': 'aboveMean', 'Viscera_weight': 'aboveMean'}",True,Diameter,11.75,{'aboveMean': 231},2.1875,6,False,False
141,141,72,"{'Shell_weight': 'aboveMean', 'Shucked_weight': 'belowMean', 'Sex': 'M', 'Whole_weight': 'belowMean', 'Length': 'aboveMean', 'Viscera_weight': 'belowMean'}",True,Height,12.5,"{'aboveMean': 232, 'belowMean': 233}",4.916666666666667,6,False,False
142,142,73,"{'Shell_weight': 'aboveMean', 'Shucked_weight': 'belowMean', 'Sex': 'M', 'Whole_weight': 'belowMean', 'Length': 'belowMean', 'Diameter': 'belowMean'}",True,Height,12.285714285714286,"{'aboveMean': 234, 'belowMean': 235}",2.6785714285714284,6,True,True
143,143,73,"{'Shell_weight': 'aboveMean', 'Shucked_weight': 'belowMean', 'Sex': 'M', 'Whole_weight': 'belowMean', 'Length': 'belowMean', 'Diameter': 'aboveMean'}",True,Height,13.0,"{'aboveMean': 236, 'belowMean': 237}",3.5,6,False,False
144,144,74,"{'Shell_weight': 'aboveMean', 'Shucked_weight': 'belowMean', 'Sex': 'I', 'Height': 'aboveMean', 'Viscera_weight': 'aboveMean', 'Diameter': 'belowMean'}",True,,14.0,{},0.0,6,False,True
145,145,74,"{'Shell_weight': 'aboveMean', 'Shucked_weight': 'belowMean', 'Sex': 'I', 'Height': 'aboveMean', 'Viscera_weight': 'aboveMean', 'Diameter': 'aboveMean'}",True,Length,12.5,{'aboveMean': 238},0.25,6,False,False
146,146,75,"{'Shell_weight': 'aboveMean', 'Shucked_weight': 'belowMean', 'Sex': 'I', 'Height': 'aboveMean', 'Viscera_weight': 'belowMean', 'Diameter': 'aboveMean'}",True,Whole_weight,10.6,"{'aboveMean': 239, 'belowMean': 240}",1.3,6,True,True
147,147,75,"{'Shell_weight': 'aboveMean', 'Shucked_weight': 'belowMean', 'Sex': 'I', 'Height': 'aboveMean', 'Viscera_weight': 'belowMean', 'Diameter': 'belowMean'}",True,Length,11.5,{'belowMean': 241},12.25,6,False,False
148,148,76,"{'Shell_weight': 'aboveMean', 'Shucked_weight': 'belowMean', 'Sex': 'I', 'Height': 'belowMean', 'Whole_weight': 'belowMean', 'Length': 'aboveMean'}",True,Viscera_weight,9.6,"{'aboveMean': 242, 'belowMean': 243}",0.2333333333333333,6,False,False
149,149,76,"{'Shell_weight': 'aboveMean', 'Shucked_weight': 'belowMean', 'Sex': 'I', 'Height': 'belowMean', 'Whole_weight': 'belowMean', 'Length': 'belowMean'}",True,,10.0,{},0.0,6,False,True
150,150,78,"{'Shell_weight': 'aboveMean', 'Shucked_weight': 'aboveMean', 'Viscera_weight': 'aboveMean', 'Diameter': 'aboveMean', 'Whole_weight': 'aboveMean', 'Height': 'aboveMean'}",True,Sex,11.533980582524272,"{'F': 244, 'M': 245, 'I': 246}",8.84698261088898,6,False,False
151,151,78,"{'Shell_weight': 'aboveMean', 'Shucked_weight': 'aboveMean', 'Viscera_weight': 'aboveMean', 'Diameter': 'aboveMean', 'Whole_weight': 'aboveMean', 'Height': 'belowMean'}",True,Sex,11.066666666666666,"{'F': 247, 'M': 248, 'I': 249}",4.092460317460318,6,False,False
152,152,80,"{'Shell_weight': 'aboveMean', 'Shucked_weight': 'aboveMean', 'Viscera_weight': 'aboveMean', 'Diameter': 'belowMean', 'Length': 'aboveMean', 'Sex': 'M'}",True,,15.0,{},0.0,6,False,True
153,153,80,"{'Shell_weight': 'aboveMean', 'Shucked_weight': 'aboveMean', 'Viscera_weight': 'aboveMean', 'Diameter': 'belowMean', 'Length': 'aboveMean', 'Sex': 'I'}",True,,8.0,{},0.0,6,False,True
154,154,80,"{'Shell_weight': 'aboveMean', 'Shucked_weight': 'aboveMean', 'Viscera_weight': 'aboveMean', 'Diameter': 'belowMean', 'Length': 'aboveMean', 'Sex': 'F'}",True,Height,9.5,{'aboveMean': 250},0.25,6,False,False
155,155,81,"{'Shell_weight': 'aboveMean', 'Shucked_weight': 'aboveMean', 'Viscera_weight': 'aboveMean', 'Diameter': 'belowMean', 'Length': 'belowMean', 'Sex': 'M'}",True,Height,8.5,{'aboveMean': 251},0.25,6,False,False
156,156,81,"{'Shell_weight': 'aboveMean', 'Shucked_weight': 'aboveMean', 'Viscera_weight': 'aboveMean', 'Diameter': 'belowMean', 'Length': 'belowMean', 'Sex': 'F'}",True,,7.0,{},0.0,6,False,True
157,157,82,"{'Shell_weight': 'aboveMean', 'Shucked_weight': 'aboveMean', 'Viscera_weight': 'belowMean', 'Sex': 'F', 'Whole_weight': 'aboveMean', 'Height': 'belowMean'}",True,Diameter,11.0,{'aboveMean': 252},0.6666666666666666,6,False,False
158,158,82,"{'Shell_weight': 'aboveMean', 'Shucked_weight': 'aboveMean', 'Viscera_weight': 'belowMean', 'Sex': 'F', 'Whole_weight': 'aboveMean', 'Height': 'aboveMean'}",True,Diameter,10.9,{'aboveMean': 253},13.49,6,True,True
159,159,83,"{'Shell_weight': 'aboveMean', 'Shucked_weight': 'aboveMean', 'Viscera_weight': 'belowMean', 'Sex': 'F', 'Whole_weight': 'belowMean', 'Height': 'belowMean'}",True,Diameter,9.5,{'aboveMean': 254},0.25,6,False,False
160,160,83,"{'Shell_weight': 'aboveMean', 'Shucked_weight': 'aboveMean', 'Viscera_weight': 'belowMean', 'Sex': 'F', 'Whole_weight': 'belowMean', 'Height': 'aboveMean'}",True,,10.0,{},0.0,6,False,True
161,161,84,"{'Shell_weight': 'aboveMean', 'Shucked_weight': 'aboveMean', 'Viscera_weight': 'belowMean', 'Sex': 'M', 'Height': 'belowMean', 'Diameter': 'aboveMean'}",True,Length,10.5,{'aboveMean': 255},10.25,6,False,False
162,162,85,"{'Shell_weight': 'aboveMean', 'Shucked_weight': 'aboveMean', 'Viscera_weight': 'belowMean', 'Sex': 'M', 'Height': 'aboveMean', 'Diameter': 'aboveMean'}",True,Length,9.166666666666666,{'aboveMean': 256},1.138888888888889,6,True,True
163,163,86,"{'Shell_weight': 'aboveMean', 'Shucked_weight': 'aboveMean', 'Viscera_weight': 'belowMean', 'Sex': 'I', 'Whole_weight': 'belowMean', 'Height': 'aboveMean'}",True,,14.0,{},0.0,6,False,True
164,164,86,"{'Shell_weight': 'aboveMean', 'Shucked_weight': 'aboveMean', 'Viscera_weight': 'belowMean', 'Sex': 'I', 'Whole_weight': 'belowMean', 'Height': 'belowMean'}",True,Diameter,10.5,{'aboveMean': 257},0.25,6,False,False
165,165,87,"{'Shell_weight': 'aboveMean', 'Shucked_weight': 'aboveMean', 'Viscera_weight': 'belowMean', 'Sex': 'I', 'Whole_weight': 'aboveMean', 'Diameter': 'aboveMean'}",True,Height,9.8,{'aboveMean': 258},0.96,6,True,True
166,166,88,"{'Shell_weight': 'belowMean', 'Sex': 'M', 'Height': 'belowMean', 'Whole_weight': 'belowMean', 'Shucked_weight': 'belowMean', 'Viscera_weight': 'belowMean', 'Diameter': 'belowMean'}",True,,8.94890510948905,{},0.0,7,False,True
167,167,88,"{'Shell_weight': 'belowMean', 'Sex': 'M', 'Height': 'belowMean', 'Whole_weight': 'belowMean', 'Shucked_weight': 'belowMean', 'Viscera_weight': 'belowMean', 'Diameter': 'aboveMean'}",True,,9.071428571428571,{},0.0,7,False,True
168,168,89,"{'Shell_weight': 'belowMean', 'Sex': 'M', 'Height': 'belowMean', 'Whole_weight': 'belowMean', 'Shucked_weight': 'belowMean', 'Viscera_weight': 'aboveMean', 'Diameter': 'belowMean'}",True,,9.666666666666666,{},0.0,7,False,True
169,169,89,"{'Shell_weight': 'belowMean', 'Sex': 'M', 'Height': 'belowMean', 'Whole_weight': 'belowMean', 'Shucked_weight': 'belowMean', 'Viscera_weight': 'aboveMean', 'Diameter': 'aboveMean'}",True,,10.0,{},0.0,7,False,True
170,170,90,"{'Shell_weight': 'belowMean', 'Sex': 'M', 'Height': 'belowMean', 'Whole_weight': 'belowMean', 'Shucked_weight': 'aboveMean', 'Diameter': 'belowMean', 'Length': 'aboveMean'}",True,,7.5,{},0.0,7,False,True
171,171,90,"{'Shell_weight': 'belowMean', 'Sex': 'M', 'Height': 'belowMean', 'Whole_weight': 'belowMean', 'Shucked_weight': 'aboveMean', 'Diameter': 'belowMean', 'Length': 'belowMean'}",True,,7.0,{},0.0,7,False,True
172,172,91,"{'Shell_weight': 'belowMean', 'Sex': 'M', 'Height': 'belowMean', 'Whole_weight': 'belowMean', 'Shucked_weight': 'aboveMean', 'Diameter': 'aboveMean', 'Viscera_weight': 'belowMean'}",True,,9.0,{},0.0,7,False,True
173,173,91,"{'Shell_weight': 'belowMean', 'Sex': 'M', 'Height': 'belowMean', 'Whole_weight': 'belowMean', 'Shucked_weight': 'aboveMean', 'Diameter': 'aboveMean', 'Viscera_weight': 'aboveMean'}",True,,7.5,{},0.0,7,False,True
174,174,93,"{'Shell_weight': 'belowMean', 'Sex': 'M', 'Height': 'belowMean', 'Whole_weight': 'aboveMean', 'Viscera_weight': 'belowMean', 'Shucked_weight': 'aboveMean', 'Diameter': 'aboveMean'}",True,,10.8,{},0.0,7,False,True
175,175,94,"{'Shell_weight': 'belowMean', 'Sex': 'M', 'Height': 'belowMean', 'Whole_weight': 'aboveMean', 'Viscera_weight': 'aboveMean', 'Diameter': 'aboveMean', 'Length': 'aboveMean'}",True,,10.0,{},0.0,7,False,True
176,176,95,"{'Shell_weight': 'belowMean', 'Sex': 'M', 'Height': 'aboveMean', 'Shucked_weight': 'belowMean', 'Length': 'belowMean', 'Viscera_weight': 'aboveMean', 'Whole_weight': 'aboveMean'}",True,,13.0,{},0.0,7,False,True
177,177,95,"{'Shell_weight': 'belowMean', 'Sex': 'M', 'Height': 'aboveMean', 'Shucked_weight': 'belowMean', 'Length': 'belowMean', 'Viscera_weight': 'aboveMean', 'Whole_weight': 'belowMean'}",True,,10.0,{},0.0,7,False,True
178,178,96,"{'Shell_weight': 'belowMean', 'Sex': 'M', 'Height': 'aboveMean', 'Shucked_weight': 'belowMean', 'Length': 'belowMean', 'Viscera_weight': 'belowMean', 'Diameter': 'belowMean'}",True,,13.0,{},0.0,7,False,True
179,179,96,"{'Shell_weight': 'belowMean', 'Sex': 'M', 'Height': 'aboveMean', 'Shucked_weight': 'belowMean', 'Length': 'belowMean', 'Viscera_weight': 'belowMean', 'Diameter': 'aboveMean'}",True,,12.0,{},0.0,7,False,True
180,180,97,"{'Shell_weight': 'belowMean', 'Sex': 'M', 'Height': 'aboveMean', 'Shucked_weight': 'belowMean', 'Length': 'aboveMean', 'Viscera_weight': 'belowMean', 'Diameter': 'aboveMean'}",True,,11.0,{},0.0,7,False,True
181,181,99,"{'Shell_weight': 'belowMean', 'Sex': 'M', 'Height': 'aboveMean', 'Shucked_weight': 'aboveMean', 'Diameter': 'aboveMean', 'Whole_weight': 'aboveMean', 'Viscera_weight': 'aboveMean'}",True,,9.0,{},0.0,7,False,True
182,182,99,"{'Shell_weight': 'belowMean', 'Sex': 'M', 'Height': 'aboveMean', 'Shucked_weight': 'aboveMean', 'Diameter': 'aboveMean', 'Whole_weight': 'aboveMean', 'Viscera_weight': 'belowMean'}",True,,8.666666666666666,{},0.0,7,False,True
183,183,100,"{'Shell_weight': 'belowMean', 'Sex': 'M', 'Height': 'aboveMean', 'Shucked_weight': 'aboveMean', 'Diameter': 'aboveMean', 'Whole_weight': 'belowMean', 'Length': 'aboveMean'}",True,,8.25,{},0.0,7,False,True
184,184,103,"{'Shell_weight': 'belowMean', 'Sex': 'F', 'Shucked_weight': 'belowMean', 'Height': 'belowMean', 'Whole_weight': 'belowMean', 'Length': 'aboveMean', 'Diameter': 'aboveMean'}",True,,9.142857142857142,{},0.0,7,False,True
185,185,103,"{'Shell_weight': 'belowMean', 'Sex': 'F', 'Shucked_weight': 'belowMean', 'Height': 'belowMean', 'Whole_weight': 'belowMean', 'Length': 'aboveMean', 'Diameter': 'belowMean'}",True,,8.0,{},0.0,7,False,True
186,186,104,"{'Shell_weight': 'belowMean', 'Sex': 'F', 'Shucked_weight': 'belowMean', 'Height': 'belowMean', 'Whole_weight': 'belowMean', 'Length': 'belowMean', 'Diameter': 'belowMean'}",True,,9.93,{},0.0,7,False,True
187,187,104,"{'Shell_weight': 'belowMean', 'Sex': 'F', 'Shucked_weight': 'belowMean', 'Height': 'belowMean', 'Whole_weight': 'belowMean', 'Length': 'belowMean', 'Diameter': 'aboveMean'}",True,,9.666666666666666,{},0.0,7,False,True
188,188,105,"{'Shell_weight': 'belowMean', 'Sex': 'F', 'Shucked_weight': 'belowMean', 'Height': 'aboveMean', 'Diameter': 'aboveMean', 'Viscera_weight': 'aboveMean', 'Length': 'belowMean'}",True,,13.5,{},0.0,7,False,True
189,189,105,"{'Shell_weight': 'belowMean', 'Sex': 'F', 'Shucked_weight': 'belowMean', 'Height': 'aboveMean', 'Diameter': 'aboveMean', 'Viscera_weight': 'aboveMean', 'Length': 'aboveMean'}",True,,11.5,{},0.0,7,False,True
190,190,106,"{'Shell_weight': 'belowMean', 'Sex': 'F', 'Shucked_weight': 'belowMean', 'Height': 'aboveMean', 'Diameter': 'aboveMean', 'Viscera_weight': 'belowMean', 'Length': 'belowMean'}",True,,11.0,{},0.0,7,False,True
191,191,106,"{'Shell_weight': 'belowMean', 'Sex': 'F', 'Shucked_weight': 'belowMean', 'Height': 'aboveMean', 'Diameter': 'aboveMean', 'Viscera_weight': 'belowMean', 'Length': 'aboveMean'}",True,,11.75,{},0.0,7,False,True
192,192,107,"{'Shell_weight': 'belowMean', 'Sex': 'F', 'Shucked_weight': 'belowMean', 'Height': 'aboveMean', 'Diameter': 'belowMean', 'Viscera_weight': 'belowMean', 'Length': 'belowMean'}",True,,11.526315789473683,{},0.0,7,False,True
193,193,108,"{'Shell_weight': 'belowMean', 'Sex': 'F', 'Shucked_weight': 'belowMean', 'Height': 'aboveMean', 'Diameter': 'belowMean', 'Viscera_weight': 'aboveMean', 'Length': 'belowMean'}",True,,10.5,{},0.0,7,False,True
194,194,111,"{'Shell_weight': 'belowMean', 'Sex': 'F', 'Shucked_weight': 'aboveMean', 'Whole_weight': 'belowMean', 'Diameter': 'aboveMean', 'Length': 'aboveMean', 'Viscera_weight': 'aboveMean'}",True,,7.666666666666667,{},0.0,7,False,True
195,195,111,"{'Shell_weight': 'belowMean', 'Sex': 'F', 'Shucked_weight': 'aboveMean', 'Whole_weight': 'belowMean', 'Diameter': 'aboveMean', 'Length': 'aboveMean', 'Viscera_weight': 'belowMean'}",True,,8.6,{},0.0,7,False,True
196,196,112,"{'Shell_weight': 'belowMean', 'Sex': 'F', 'Shucked_weight': 'aboveMean', 'Whole_weight': 'belowMean', 'Diameter': 'aboveMean', 'Length': 'belowMean', 'Viscera_weight': 'aboveMean'}",True,,8.0,{},0.0,7,False,True
197,197,112,"{'Shell_weight': 'belowMean', 'Sex': 'F', 'Shucked_weight': 'aboveMean', 'Whole_weight': 'belowMean', 'Diameter': 'aboveMean', 'Length': 'belowMean', 'Viscera_weight': 'belowMean'}",True,,7.0,{},0.0,7,False,True
198,198,113,"{'Shell_weight': 'belowMean', 'Sex': 'F', 'Shucked_weight': 'aboveMean', 'Whole_weight': 'aboveMean', 'Viscera_weight': 'aboveMean', 'Height': 'belowMean', 'Diameter': 'aboveMean'}",True,,9.0,{},0.0,7,False,True
199,199,113,"{'Shell_weight': 'belowMean', 'Sex': 'F', 'Shucked_weight': 'aboveMean', 'Whole_weight': 'aboveMean', 'Viscera_weight': 'aboveMean', 'Height': 'belowMean', 'Diameter': 'belowMean'}",True,,9.0,{},0.0,7,False,True
200,200,114,"{'Shell_weight': 'belowMean', 'Sex': 'F', 'Shucked_weight': 'aboveMean', 'Whole_weight': 'aboveMean', 'Viscera_weight': 'aboveMean', 'Height': 'aboveMean', 'Diameter': 'aboveMean'}",True,,8.5,{},0.0,7,False,True
201,201,114,"{'Shell_weight': 'belowMean', 'Sex': 'F', 'Shucked_weight': 'aboveMean', 'Whole_weight': 'aboveMean', 'Viscera_weight': 'aboveMean', 'Height': 'aboveMean', 'Diameter': 'belowMean'}",True,,8.0,{},0.0,7,False,True
202,202,115,"{'Shell_weight': 'belowMean', 'Sex': 'F', 'Shucked_weight': 'aboveMean', 'Whole_weight': 'aboveMean', 'Viscera_weight': 'belowMean', 'Height': 'aboveMean', 'Diameter': 'aboveMean'}",True,,9.25,{},0.0,7,False,True
203,203,117,"{'Shell_weight': 'belowMean', 'Sex': 'I', 'Diameter': 'belowMean', 'Height': 'belowMean', 'Length': 'belowMean', 'Shucked_weight': 'belowMean', 'Viscera_weight': 'belowMean'}",True,,7.076543209876543,{},0.0,7,False,True
204,204,118,"{'Shell_weight': 'belowMean', 'Sex': 'I', 'Diameter': 'belowMean', 'Height': 'belowMean', 'Length': 'belowMean', 'Shucked_weight': 'aboveMean', 'Viscera_weight': 'belowMean'}",True,,7.0,{},0.0,7,False,True
205,205,119,"{'Shell_weight': 'belowMean', 'Sex': 'I', 'Diameter': 'belowMean', 'Height': 'belowMean', 'Length': 'aboveMean', 'Shucked_weight': 'belowMean', 'Viscera_weight': 'belowMean'}",True,,8.666666666666666,{},0.0,7,False,True
206,206,120,"{'Shell_weight': 'belowMean', 'Sex': 'I', 'Diameter': 'belowMean', 'Height': 'aboveMean', 'Shucked_weight': 'belowMean', 'Length': 'belowMean', 'Viscera_weight': 'belowMean'}",True,,9.5,{},0.0,7,False,True
207,207,121,"{'Shell_weight': 'belowMean', 'Sex': 'I', 'Diameter': 'aboveMean', 'Height': 'aboveMean', 'Viscera_weight': 'belowMean', 'Length': 'belowMean', 'Shucked_weight': 'belowMean'}",True,,10.5,{},0.0,7,False,True
208,208,122,"{'Shell_weight': 'belowMean', 'Sex': 'I', 'Diameter': 'aboveMean', 'Height': 'aboveMean', 'Viscera_weight': 'belowMean', 'Length': 'aboveMean', 'Shucked_weight': 'aboveMean'}",True,,10.0,{},0.0,7,False,True
209,209,122,"{'Shell_weight': 'belowMean', 'Sex': 'I', 'Diameter': 'aboveMean', 'Height': 'aboveMean', 'Viscera_weight': 'belowMean', 'Length': 'aboveMean', 'Shucked_weight': 'belowMean'}",True,,10.125,{},0.0,7,False,True
210,210,123,"{'Shell_weight': 'belowMean', 'Sex': 'I', 'Diameter': 'aboveMean', 'Height': 'aboveMean', 'Viscera_weight': 'aboveMean', 'Length': 'aboveMean', 'Shucked_weight': 'aboveMean'}",True,,9.0,{},0.0,7,False,True
211,211,124,"{'Shell_weight': 'belowMean', 'Sex': 'I', 'Diameter': 'aboveMean', 'Height': 'belowMean', 'Shucked_weight': 'belowMean', 'Viscera_weight': 'belowMean', 'Length': 'belowMean'}",True,,9.25,{},0.0,7,False,True
212,212,124,"{'Shell_weight': 'belowMean', 'Sex': 'I', 'Diameter': 'aboveMean', 'Height': 'belowMean', 'Shucked_weight': 'belowMean', 'Viscera_weight': 'belowMean', 'Length': 'aboveMean'}",True,,8.631578947368421,{},0.0,7,False,True
213,213,125,"{'Shell_weight': 'belowMean', 'Sex': 'I', 'Diameter': 'aboveMean', 'Height': 'belowMean', 'Shucked_weight': 'belowMean', 'Viscera_weight': 'aboveMean', 'Length': 'aboveMean'}",True,,10.0,{},0.0,7,False,True
214,214,126,"{'Shell_weight': 'belowMean', 'Sex': 'I', 'Diameter': 'aboveMean', 'Height': 'belowMean', 'Shucked_weight': 'aboveMean', 'Viscera_weight': 'belowMean', 'Length': 'aboveMean'}",True,,10.0,{},0.0,7,False,True
215,215,128,"{'Shell_weight': 'aboveMean', 'Shucked_weight': 'belowMean', 'Sex': 'F', 'Viscera_weight': 'belowMean', 'Whole_weight': 'belowMean', 'Height': 'aboveMean', 'Length': 'aboveMean'}",True,,13.333333333333334,{},0.0,7,False,True
216,216,128,"{'Shell_weight': 'aboveMean', 'Shucked_weight': 'belowMean', 'Sex': 'F', 'Viscera_weight': 'belowMean', 'Whole_weight': 'belowMean', 'Height': 'aboveMean', 'Length': 'belowMean'}",True,,14.25,{},0.0,7,False,True
217,217,129,"{'Shell_weight': 'aboveMean', 'Shucked_weight': 'belowMean', 'Sex': 'F', 'Viscera_weight': 'belowMean', 'Whole_weight': 'belowMean', 'Height': 'belowMean', 'Diameter': 'aboveMean'}",True,,14.2,{},0.0,7,False,True
218,218,129,"{'Shell_weight': 'aboveMean', 'Shucked_weight': 'belowMean', 'Sex': 'F', 'Viscera_weight': 'belowMean', 'Whole_weight': 'belowMean', 'Height': 'belowMean', 'Diameter': 'belowMean'}",True,,18.0,{},0.0,7,False,True
219,219,130,"{'Shell_weight': 'aboveMean', 'Shucked_weight': 'belowMean', 'Sex': 'F', 'Viscera_weight': 'belowMean', 'Whole_weight': 'aboveMean', 'Height': 'aboveMean', 'Diameter': 'aboveMean'}",True,,15.166666666666666,{},0.0,7,False,True
220,220,131,"{'Shell_weight': 'aboveMean', 'Shucked_weight': 'belowMean', 'Sex': 'F', 'Viscera_weight': 'belowMean', 'Whole_weight': 'aboveMean', 'Height': 'belowMean', 'Diameter': 'aboveMean'}",True,,15.5,{},0.0,7,False,True
221,221,132,"{'Shell_weight': 'aboveMean', 'Shucked_weight': 'belowMean', 'Sex': 'F', 'Viscera_weight': 'aboveMean', 'Diameter': 'aboveMean', 'Whole_weight': 'aboveMean', 'Height': 'aboveMean'}",True,,12.9,{},0.0,7,False,True
222,222,132,"{'Shell_weight': 'aboveMean', 'Shucked_weight': 'belowMean', 'Sex': 'F', 'Viscera_weight': 'aboveMean', 'Diameter': 'aboveMean', 'Whole_weight': 'aboveMean', 'Height': 'belowMean'}",True,,14.333333333333334,{},0.0,7,False,True
223,223,133,"{'Shell_weight': 'aboveMean', 'Shucked_weight': 'belowMean', 'Sex': 'F', 'Viscera_weight': 'aboveMean', 'Diameter': 'aboveMean', 'Whole_weight': 'belowMean', 'Height': 'aboveMean'}",True,,13.0,{},0.0,7,False,True
224,224,133,"{'Shell_weight': 'aboveMean', 'Shucked_weight': 'belowMean', 'Sex': 'F', 'Viscera_weight': 'aboveMean', 'Diameter': 'aboveMean', 'Whole_weight': 'belowMean', 'Height': 'belowMean'}",True,,9.0,{},0.0,7,False,True
225,225,134,"{'Shell_weight': 'aboveMean', 'Shucked_weight': 'belowMean', 'Sex': 'F', 'Viscera_weight': 'aboveMean', 'Diameter': 'belowMean', 'Whole_weight': 'belowMean', 'Height': 'aboveMean'}",True,,23.0,{},0.0,7,False,True
226,226,134,"{'Shell_weight': 'aboveMean', 'Shucked_weight': 'belowMean', 'Sex': 'F', 'Viscera_weight': 'aboveMean', 'Diameter': 'belowMean', 'Whole_weight': 'belowMean', 'Height': 'belowMean'}",True,,17.0,{},0.0,7,False,True
227,227,136,"{'Shell_weight': 'aboveMean', 'Shucked_weight': 'belowMean', 'Sex': 'M', 'Whole_weight': 'aboveMean', 'Height': 'aboveMean', 'Viscera_weight': 'aboveMean', 'Diameter': 'aboveMean'}",True,,12.692307692307692,{},0.0,7,False,True
228,228,136,"{'Shell_weight': 'aboveMean', 'Shucked_weight': 'belowMean', 'Sex': 'M', 'Whole_weight': 'aboveMean', 'Height': 'aboveMean', 'Viscera_weight': 'aboveMean', 'Diameter': 'belowMean'}",True,,13.0,{},0.0,7,False,True
229,229,137,"{'Shell_weight': 'aboveMean', 'Shucked_weight': 'belowMean', 'Sex': 'M', 'Whole_weight': 'aboveMean', 'Height': 'aboveMean', 'Viscera_weight': 'belowMean', 'Diameter': 'belowMean'}",True,,13.0,{},0.0,7,False,True
230,230,137,"{'Shell_weight': 'aboveMean', 'Shucked_weight': 'belowMean', 'Sex': 'M', 'Whole_weight': 'aboveMean', 'Height': 'aboveMean', 'Viscera_weight': 'belowMean', 'Diameter': 'aboveMean'}",True,,14.5,{},0.0,7,False,True
231,231,140,"{'Shell_weight': 'aboveMean', 'Shucked_weight': 'belowMean', 'Sex': 'M', 'Whole_weight': 'belowMean', 'Length': 'aboveMean', 'Viscera_weight': 'aboveMean', 'Diameter': 'aboveMean'}",True,,11.75,{},0.0,7,False,True
232,232,141,"{'Shell_weight': 'aboveMean', 'Shucked_weight': 'belowMean', 'Sex': 'M', 'Whole_weight': 'belowMean', 'Length': 'aboveMean', 'Viscera_weight': 'belowMean', 'Height': 'aboveMean'}",True,,12.666666666666666,{},0.0,7,False,True
233,233,141,"{'Shell_weight': 'aboveMean', 'Shucked_weight': 'belowMean', 'Sex': 'M', 'Whole_weight': 'belowMean', 'Length': 'aboveMean', 'Viscera_weight': 'belowMean', 'Height': 'belowMean'}",True,,12.0,{},0.0,7,False,True
234,234,142,"{'Shell_weight': 'aboveMean', 'Shucked_weight': 'belowMean', 'Sex': 'M', 'Whole_weight': 'belowMean', 'Length': 'belowMean', 'Diameter': 'belowMean', 'Height': 'aboveMean'}",True,,11.75,{},0.0,7,False,True
235,235,142,"{'Shell_weight': 'aboveMean', 'Shucked_weight': 'belowMean', 'Sex': 'M', 'Whole_weight': 'belowMean', 'Length': 'belowMean', 'Diameter': 'belowMean', 'Height': 'belowMean'}",True,,13.0,{},0.0,7,False,True
236,236,143,"{'Shell_weight': 'aboveMean', 'Shucked_weight': 'belowMean', 'Sex': 'M', 'Whole_weight': 'belowMean', 'Length': 'belowMean', 'Diameter': 'aboveMean', 'Height': 'aboveMean'}",True,,13.5,{},0.0,7,False,True
237,237,143,"{'Shell_weight': 'aboveMean', 'Shucked_weight': 'belowMean', 'Sex': 'M', 'Whole_weight': 'belowMean', 'Length': 'belowMean', 'Diameter': 'aboveMean', 'Height': 'belowMean'}",True,,12.0,{},0.0,7,False,True
238,238,145,"{'Shell_weight': 'aboveMean', 'Shucked_weight': 'belowMean', 'Sex': 'I', 'Height': 'aboveMean', 'Viscera_weight': 'aboveMean', 'Diameter': 'aboveMean', 'Length': 'aboveMean'}",True,,12.5,{},0.0,7,False,True
239,239,146,"{'Shell_weight': 'aboveMean', 'Shucked_weight': 'belowMean', 'Sex': 'I', 'Height': 'aboveMean', 'Viscera_weight': 'belowMean', 'Diameter': 'aboveMean', 'Whole_weight': 'aboveMean'}",True,,11.5,{},0.0,7,False,True
240,240,146,"{'Shell_weight': 'aboveMean', 'Shucked_weight': 'belowMean', 'Sex': 'I', 'Height': 'aboveMean', 'Viscera_weight': 'belowMean', 'Diameter': 'aboveMean', 'Whole_weight': 'belowMean'}",True,,10.0,{},0.0,7,False,True
241,241,147,"{'Shell_weight': 'aboveMean', 'Shucked_weight': 'belowMean', 'Sex': 'I', 'Height': 'aboveMean', 'Viscera_weight': 'belowMean', 'Diameter': 'belowMean', 'Length': 'belowMean'}",True,,11.5,{},0.0,7,False,True
242,242,148,"{'Shell_weight': 'aboveMean', 'Shucked_weight': 'belowMean', 'Sex': 'I', 'Height': 'belowMean', 'Whole_weight': 'belowMean', 'Length': 'aboveMean', 'Viscera_weight': 'aboveMean'}",True,,9.666666666666666,{},0.0,7,False,True
243,243,148,"{'Shell_weight': 'aboveMean', 'Shucked_weight': 'belowMean', 'Sex': 'I', 'Height': 'belowMean', 'Whole_weight': 'belowMean', 'Length': 'aboveMean', 'Viscera_weight': 'belowMean'}",True,,9.5,{},0.0,7,False,True
244,244,150,"{'Shell_weight': 'aboveMean', 'Shucked_weight': 'aboveMean', 'Viscera_weight': 'aboveMean', 'Diameter': 'aboveMean', 'Whole_weight': 'aboveMean', 'Height': 'aboveMean', 'Sex': 'F'}",True,,11.575971731448764,{},0.0,7,False,True
245,245,150,"{'Shell_weight': 'aboveMean', 'Shucked_weight': 'aboveMean', 'Viscera_weight': 'aboveMean', 'Diameter': 'aboveMean', 'Whole_weight': 'aboveMean', 'Height': 'aboveMean', 'Sex': 'M'}",True,,11.449838187702266,{},0.0,7,False,True
246,246,150,"{'Shell_weight': 'aboveMean', 'Shucked_weight': 'aboveMean', 'Viscera_weight': 'aboveMean', 'Diameter': 'aboveMean', 'Whole_weight': 'aboveMean', 'Height': 'aboveMean', 'Sex': 'I'}",True,,12.076923076923077,{},0.0,7,False,True
247,247,151,"{'Shell_weight': 'aboveMean', 'Shucked_weight': 'aboveMean', 'Viscera_weight': 'aboveMean', 'Diameter': 'aboveMean', 'Whole_weight': 'aboveMean', 'Height': 'belowMean', 'Sex': 'F'}",True,,10.166666666666666,{},0.0,7,False,True
248,248,151,"{'Shell_weight': 'aboveMean', 'Shucked_weight': 'aboveMean', 'Viscera_weight': 'aboveMean', 'Diameter': 'aboveMean', 'Whole_weight': 'aboveMean', 'Height': 'belowMean', 'Sex': 'M'}",True,,12.214285714285714,{},0.0,7,False,True
249,249,151,"{'Shell_weight': 'aboveMean', 'Shucked_weight': 'aboveMean', 'Viscera_weight': 'aboveMean', 'Diameter': 'aboveMean', 'Whole_weight': 'aboveMean', 'Height': 'belowMean', 'Sex': 'I'}",True,,9.75,{},0.0,7,False,True
250,250,154,"{'Shell_weight': 'aboveMean', 'Shucked_weight': 'aboveMean', 'Viscera_weight': 'aboveMean', 'Diameter': 'belowMean', 'Length': 'aboveMean', 'Sex': 'F', 'Height': 'aboveMean'}",True,,9.5,{},0.0,7,False,True
251,251,155,"{'Shell_weight': 'aboveMean', 'Shucked_weight': 'aboveMean', 'Viscera_weight': 'aboveMean', 'Diameter': 'belowMean', 'Length': 'belowMean', 'Sex': 'M', 'Height': 'aboveMean'}",True,,8.5,{},0.0,7,False,True
252,252,157,"{'Shell_weight': 'aboveMean', 'Shucked_weight': 'aboveMean', 'Viscera_weight': 'belowMean', 'Sex': 'F', 'Whole_weight': 'aboveMean', 'Height': 'belowMean', 'Diameter': 'aboveMean'}",True,,11.0,{},0.0,7,False,True
253,253,158,"{'Shell_weight': 'aboveMean', 'Shucked_weight': 'aboveMean', 'Viscera_weight': 'belowMean', 'Sex': 'F', 'Whole_weight': 'aboveMean', 'Height': 'aboveMean', 'Diameter': 'aboveMean'}",True,,10.9,{},0.0,7,False,True
254,254,159,"{'Shell_weight': 'aboveMean', 'Shucked_weight': 'aboveMean', 'Viscera_weight': 'belowMean', 'Sex': 'F', 'Whole_weight': 'belowMean', 'Height': 'belowMean', 'Diameter': 'aboveMean'}",True,,9.5,{},0.0,7,False,True
255,255,161,"{'Shell_weight': 'aboveMean', 'Shucked_weight': 'aboveMean', 'Viscera_weight': 'belowMean', 'Sex': 'M', 'Height': 'belowMean', 'Diameter': 'aboveMean', 'Length': 'aboveMean'}",True,,10.5,{},0.0,7,False,True
256,256,162,"{'Shell_weight': 'aboveMean', 'Shucked_weight': 'aboveMean', 'Viscera_weight': 'belowMean', 'Sex': 'M', 'Height': 'aboveMean', 'Diameter': 'aboveMean', 'Length': 'aboveMean'}",True,,9.166666666666666,{},0.0,7,False,True
257,257,164,"{'Shell_weight': 'aboveMean', 'Shucked_weight': 'aboveMean', 'Viscera_weight': 'belowMean', 'Sex': 'I', 'Whole_weight': 'belowMean', 'Height': 'belowMean', 'Diameter': 'aboveMean'}",True,,10.5,{},0.0,7,False,True
258,258,165,"{'Shell_weight': 'aboveMean', 'Shucked_weight': 'aboveMean', 'Viscera_weight': 'belowMean', 'Sex': 'I', 'Whole_weight': 'aboveMean', 'Diameter': 'aboveMean', 'Height': 'aboveMean'}",True,,9.8,{},0.0,7,False,True
