,nodeID,parentNode,dataSetFilters,evaluated,nodeFeature,nodePrediction,childrenNodes,gainOrMSE,treeLevel,pruned,isLeaf
0,0,-1,{},True,Shell_weight,9.920406941950928,"{'belowMean': 1, 'aboveMean': 2}",8.016718507408974,0,False,False
1,1,0,{'Shell_weight': 'belowMean'},True,Sex,8.362586605080832,"{'M': 3, 'F': 4, 'I': 5}",5.342899035764147,1,False,False
2,2,0,{'Shell_weight': 'aboveMean'},True,Shucked_weight,11.596273291925465,"{'belowMean': 6, 'aboveMean': 7}",9.782205442079556,1,False,False
3,3,1,"{'Shell_weight': 'belowMean', 'Sex': 'M'}",True,Height,9.055084745762711,"{'belowMean': 8, 'aboveMean': 9}",5.407006955026432,2,False,False
4,4,1,"{'Shell_weight': 'belowMean', 'Sex': 'F'}",True,Height,9.9,"{'belowMean': 10, 'aboveMean': 11}",5.24761719509823,2,False,False
5,5,1,"{'Shell_weight': 'belowMean', 'Sex': 'I'}",True,Height,7.541666666666667,"{'belowMean': 12, 'aboveMean': 13}",4.366639534883721,2,False,False
6,6,2,"{'Shell_weight': 'aboveMean', 'Shucked_weight': 'belowMean'}",True,Sex,12.439024390243903,"{'F': 14, 'M': 15, 'I': 16}",11.976652759948651,2,False,False
7,7,2,"{'Shell_weight': 'aboveMean', 'Shucked_weight': 'aboveMean'}",True,Length,11.444281524926685,"{'aboveMean': 17, 'belowMean': 18}",9.17508288590896,2,False,False
8,8,3,"{'Shell_weight': 'belowMean', 'Sex': 'M', 'Height': 'belowMean'}",True,Whole_weight,8.651933701657459,"{'belowMean': 19, 'aboveMean': 20}",4.20880820836622,3,False,False
9,9,3,"{'Shell_weight': 'belowMean', 'Sex': 'M', 'Height': 'aboveMean'}",True,Shucked_weight,10.381818181818181,"{'aboveMean': 21, 'belowMean': 22}",6.499393939393939,3,False,False
10,10,4,"{'Shell_weight': 'belowMean', 'Sex': 'F', 'Height': 'belowMean'}",True,Shucked_weight,9.536082474226804,"{'belowMean': 23, 'aboveMean': 24}",4.602259710507133,3,False,False
11,11,4,"{'Shell_weight': 'belowMean', 'Sex': 'F', 'Height': 'aboveMean'}",True,Diameter,10.566037735849056,"{'belowMean': 25, 'aboveMean': 26}",4.814225816112609,3,False,False
12,12,5,"{'Shell_weight': 'belowMean', 'Sex': 'I', 'Height': 'belowMean'}",True,Length,7.269767441860465,"{'belowMean': 27, 'aboveMean': 28}",4.001835232768409,3,False,False
13,13,5,"{'Shell_weight': 'belowMean', 'Sex': 'I', 'Height': 'aboveMean'}",True,Viscera_weight,9.88,"{'belowMean': 29, 'aboveMean': 30}",5.525980066445182,3,False,False
14,14,6,"{'Shell_weight': 'aboveMean', 'Shucked_weight': 'belowMean', 'Sex': 'F'}",True,Height,13.3125,"{'aboveMean': 31, 'belowMean': 32}",15.968304843304843,3,False,False
15,15,6,"{'Shell_weight': 'aboveMean', 'Shucked_weight': 'belowMean', 'Sex': 'M'}",True,Diameter,12.31578947368421,"{'aboveMean': 33, 'belowMean': 34}",9.527665317139002,3,False,False
16,16,6,"{'Shell_weight': 'aboveMean', 'Shucked_weight': 'belowMean', 'Sex': 'I'}",True,Length,10.5,"{'aboveMean': 35, 'belowMean': 36}",4.836601307189543,3,False,False
17,17,7,"{'Shell_weight': 'aboveMean', 'Shucked_weight': 'aboveMean', 'Length': 'aboveMean'}",True,Viscera_weight,11.470326409495549,"{'aboveMean': 37, 'belowMean': 38}",9.16412746104243,3,False,False
18,18,7,"{'Shell_weight': 'aboveMean', 'Shucked_weight': 'aboveMean', 'Length': 'belowMean'}",True,Diameter,9.25,"{'aboveMean': 39, 'belowMean': 40}",6.875,3,False,False
19,19,8,"{'Shell_weight': 'belowMean', 'Sex': 'M', 'Height': 'belowMean', 'Whole_weight': 'belowMean'}",True,Viscera_weight,8.605714285714285,"{'belowMean': 41, 'aboveMean': 42}",4.2333333333333325,4,False,False
20,20,8,"{'Shell_weight': 'belowMean', 'Sex': 'M', 'Height': 'belowMean', 'Whole_weight': 'aboveMean'}",True,Viscera_weight,10.0,"{'belowMean': 43, 'aboveMean': 44}",0.875,4,False,False
21,21,9,"{'Shell_weight': 'belowMean', 'Sex': 'M', 'Height': 'aboveMean', 'Shucked_weight': 'aboveMean'}",True,Whole_weight,8.6,"{'aboveMean': 45, 'belowMean': 46}",0.8212121212121213,4,False,False
22,22,9,"{'Shell_weight': 'belowMean', 'Sex': 'M', 'Height': 'aboveMean', 'Shucked_weight': 'belowMean'}",True,Length,11.866666666666667,"{'aboveMean': 47, 'belowMean': 48}",10.172567783094099,4,False,False
23,23,10,"{'Shell_weight': 'belowMean', 'Sex': 'F', 'Height': 'belowMean', 'Shucked_weight': 'belowMean'}",True,Viscera_weight,9.613636363636363,"{'belowMean': 49, 'aboveMean': 50}",4.864693446088794,4,False,False
24,24,10,"{'Shell_weight': 'belowMean', 'Sex': 'F', 'Height': 'belowMean', 'Shucked_weight': 'aboveMean'}",True,Whole_weight,8.777777777777779,"{'aboveMean': 51, 'belowMean': 52}",1.7277777777777779,4,False,False
25,25,11,"{'Shell_weight': 'belowMean', 'Sex': 'F', 'Height': 'aboveMean', 'Diameter': 'belowMean'}",True,Shucked_weight,12.277777777777779,"{'belowMean': 53, 'aboveMean': 54}",8.23529411764706,4,False,False
26,26,11,"{'Shell_weight': 'belowMean', 'Sex': 'F', 'Height': 'aboveMean', 'Diameter': 'aboveMean'}",True,Shucked_weight,9.685714285714285,"{'belowMean': 55, 'aboveMean': 56}",2.3000999000999003,4,False,False
27,27,12,"{'Shell_weight': 'belowMean', 'Sex': 'I', 'Height': 'belowMean', 'Length': 'belowMean'}",True,Diameter,7.1367088607594935,"{'belowMean': 57, 'aboveMean': 58}",4.2402067832640835,4,False,False
28,28,12,"{'Shell_weight': 'belowMean', 'Sex': 'I', 'Height': 'belowMean', 'Length': 'aboveMean'}",True,Whole_weight,8.771428571428572,"{'belowMean': 59, 'aboveMean': 60}",1.023809523809524,4,False,False
29,29,13,"{'Shell_weight': 'belowMean', 'Sex': 'I', 'Height': 'aboveMean', 'Viscera_weight': 'belowMean'}",True,Diameter,9.674418604651162,"{'belowMean': 61, 'aboveMean': 62}",4.471032231742146,4,False,False
30,30,13,"{'Shell_weight': 'belowMean', 'Sex': 'I', 'Height': 'aboveMean', 'Viscera_weight': 'aboveMean'}",True,Shucked_weight,11.142857142857142,"{'aboveMean': 63, 'belowMean': 64}",11.345238095238097,4,False,False
31,31,14,"{'Shell_weight': 'aboveMean', 'Shucked_weight': 'belowMean', 'Sex': 'F', 'Height': 'aboveMean'}",True,Whole_weight,12.897435897435898,"{'belowMean': 65, 'aboveMean': 66}",14.305046805046805,4,False,False
32,32,14,"{'Shell_weight': 'aboveMean', 'Shucked_weight': 'belowMean', 'Sex': 'F', 'Height': 'belowMean'}",True,Whole_weight,15.11111111111111,"{'aboveMean': 67, 'belowMean': 68}",18.394444444444446,4,False,False
33,33,15,"{'Shell_weight': 'aboveMean', 'Shucked_weight': 'belowMean', 'Sex': 'M', 'Diameter': 'aboveMean'}",True,Viscera_weight,12.0,"{'aboveMean': 69, 'belowMean': 70}",6.810747223790702,4,False,False
34,34,15,"{'Shell_weight': 'aboveMean', 'Shucked_weight': 'belowMean', 'Sex': 'M', 'Diameter': 'belowMean'}",True,Whole_weight,13.384615384615385,"{'aboveMean': 71, 'belowMean': 72}",15.289377289377288,4,False,False
35,35,16,"{'Shell_weight': 'aboveMean', 'Shucked_weight': 'belowMean', 'Sex': 'I', 'Length': 'aboveMean'}",True,Whole_weight,10.764705882352942,"{'belowMean': 73, 'aboveMean': 74}",4.262745098039216,4,False,False
36,36,16,"{'Shell_weight': 'aboveMean', 'Shucked_weight': 'belowMean', 'Sex': 'I', 'Length': 'belowMean'}",True,,6.0,{},0.0,4,False,True
37,37,17,"{'Shell_weight': 'aboveMean', 'Shucked_weight': 'aboveMean', 'Length': 'aboveMean', 'Viscera_weight': 'aboveMean'}",True,Diameter,11.512539184952978,"{'aboveMean': 75, 'belowMean': 76}",9.27113391612195,4,False,False
38,38,17,"{'Shell_weight': 'aboveMean', 'Shucked_weight': 'aboveMean', 'Length': 'aboveMean', 'Viscera_weight': 'belowMean'}",True,Sex,10.722222222222221,"{'F': 77, 'M': 78, 'I': 79}",6.964724037763253,4,False,False
39,39,18,"{'Shell_weight': 'aboveMean', 'Shucked_weight': 'aboveMean', 'Length': 'belowMean', 'Diameter': 'aboveMean'}",True,Sex,10.0,"{'F': 80, 'M': 81}",12.166666666666668,4,False,False
40,40,18,"{'Shell_weight': 'aboveMean', 'Shucked_weight': 'aboveMean', 'Length': 'belowMean', 'Diameter': 'belowMean'}",True,Sex,8.5,"{'M': 82, 'F': 83, 'I': 84}",0.125,4,False,False
41,41,19,"{'Shell_weight': 'belowMean', 'Sex': 'M', 'Height': 'belowMean', 'Whole_weight': 'belowMean', 'Viscera_weight': 'belowMean'}",True,Length,8.55952380952381,"{'belowMean': 85, 'aboveMean': 86}",4.272141340612679,5,False,False
42,42,19,"{'Shell_weight': 'belowMean', 'Sex': 'M', 'Height': 'belowMean', 'Whole_weight': 'belowMean', 'Viscera_weight': 'aboveMean'}",True,Diameter,9.714285714285714,"{'belowMean': 87, 'aboveMean': 88}",1.9523809523809523,5,False,False
43,43,20,"{'Shell_weight': 'belowMean', 'Sex': 'M', 'Height': 'belowMean', 'Whole_weight': 'aboveMean', 'Viscera_weight': 'belowMean'}",True,Shucked_weight,11.5,"{'aboveMean': 89, 'belowMean': 90}",0.0,5,False,False
44,44,20,"{'Shell_weight': 'belowMean', 'Sex': 'M', 'Height': 'belowMean', 'Whole_weight': 'aboveMean', 'Viscera_weight': 'aboveMean'}",True,Diameter,9.25,"{'belowMean': 91, 'aboveMean': 92}",0.16666666666666666,5,False,False
45,45,21,"{'Shell_weight': 'belowMean', 'Sex': 'M', 'Height': 'aboveMean', 'Shucked_weight': 'aboveMean', 'Whole_weight': 'aboveMean'}",True,Viscera_weight,8.772727272727273,"{'aboveMean': 93, 'belowMean': 94}",0.8522727272727273,5,False,False
46,46,21,"{'Shell_weight': 'belowMean', 'Sex': 'M', 'Height': 'aboveMean', 'Shucked_weight': 'aboveMean', 'Whole_weight': 'belowMean'}",True,Diameter,7.333333333333333,"{'belowMean': 95, 'aboveMean': 96}",0.16666666666666666,5,False,False
47,47,22,"{'Shell_weight': 'belowMean', 'Sex': 'M', 'Height': 'aboveMean', 'Shucked_weight': 'belowMean', 'Length': 'aboveMean'}",True,Diameter,10.636363636363637,"{'aboveMean': 97, 'belowMean': 98}",3.772727272727273,5,False,False
48,48,22,"{'Shell_weight': 'belowMean', 'Sex': 'M', 'Height': 'aboveMean', 'Shucked_weight': 'belowMean', 'Length': 'belowMean'}",True,Whole_weight,12.578947368421053,"{'belowMean': 99, 'aboveMean': 100}",13.058823529411764,5,False,False
49,49,23,"{'Shell_weight': 'belowMean', 'Sex': 'F', 'Height': 'belowMean', 'Shucked_weight': 'belowMean', 'Viscera_weight': 'belowMean'}",True,Length,9.627906976744185,"{'aboveMean': 101, 'belowMean': 102}",4.9343669250646,5,False,False
50,50,23,"{'Shell_weight': 'belowMean', 'Sex': 'F', 'Height': 'belowMean', 'Shucked_weight': 'belowMean', 'Viscera_weight': 'aboveMean'}",True,Diameter,9.0,{'aboveMean': 103},1.0,5,False,False
51,51,24,"{'Shell_weight': 'belowMean', 'Sex': 'F', 'Height': 'belowMean', 'Shucked_weight': 'aboveMean', 'Whole_weight': 'aboveMean'}",True,Diameter,9.2,"{'belowMean': 104, 'aboveMean': 105}",2.2,5,False,False
52,52,24,"{'Shell_weight': 'belowMean', 'Sex': 'F', 'Height': 'belowMean', 'Shucked_weight': 'aboveMean', 'Whole_weight': 'belowMean'}",True,Diameter,8.25,"{'belowMean': 106, 'aboveMean': 107}",0.625,5,False,False
53,53,25,"{'Shell_weight': 'belowMean', 'Sex': 'F', 'Height': 'aboveMean', 'Diameter': 'belowMean', 'Shucked_weight': 'belowMean'}",True,Length,12.470588235294118,"{'aboveMean': 108, 'belowMean': 109}",8.57843137254902,5,False,False
54,54,25,"{'Shell_weight': 'belowMean', 'Sex': 'F', 'Height': 'aboveMean', 'Diameter': 'belowMean', 'Shucked_weight': 'aboveMean'}",True,,9.0,{},0.0,5,False,True
55,55,26,"{'Shell_weight': 'belowMean', 'Sex': 'F', 'Height': 'aboveMean', 'Diameter': 'aboveMean', 'Shucked_weight': 'belowMean'}",True,Whole_weight,10.538461538461538,"{'belowMean': 110, 'aboveMean': 111}",2.5128205128205128,5,False,False
56,56,26,"{'Shell_weight': 'belowMean', 'Sex': 'F', 'Height': 'aboveMean', 'Diameter': 'aboveMean', 'Shucked_weight': 'aboveMean'}",True,Whole_weight,9.181818181818182,"{'belowMean': 112, 'aboveMean': 113}",1.8042929292929293,5,False,False
57,57,27,"{'Shell_weight': 'belowMean', 'Sex': 'I', 'Height': 'belowMean', 'Length': 'belowMean', 'Diameter': 'belowMean'}",True,Viscera_weight,7.129770992366412,"{'belowMean': 114, 'aboveMean': 115}",4.258581295113465,5,False,False
58,58,27,"{'Shell_weight': 'belowMean', 'Sex': 'I', 'Height': 'belowMean', 'Length': 'belowMean', 'Diameter': 'aboveMean'}",True,Shucked_weight,8.5,{'belowMean': 116},0.25,5,False,False
59,59,28,"{'Shell_weight': 'belowMean', 'Sex': 'I', 'Height': 'belowMean', 'Length': 'aboveMean', 'Whole_weight': 'belowMean'}",True,Viscera_weight,8.666666666666666,"{'belowMean': 117, 'aboveMean': 118}",0.9423264907135875,5,False,False
60,60,28,"{'Shell_weight': 'belowMean', 'Sex': 'I', 'Height': 'belowMean', 'Length': 'aboveMean', 'Whole_weight': 'aboveMean'}",True,Diameter,10.5,{'aboveMean': 119},2.25,5,False,False
61,61,29,"{'Shell_weight': 'belowMean', 'Sex': 'I', 'Height': 'aboveMean', 'Viscera_weight': 'belowMean', 'Diameter': 'belowMean'}",True,Shucked_weight,9.916666666666666,"{'belowMean': 120, 'aboveMean': 121}",6.916666666666667,5,False,False
62,62,29,"{'Shell_weight': 'belowMean', 'Sex': 'I', 'Height': 'aboveMean', 'Viscera_weight': 'belowMean', 'Diameter': 'aboveMean'}",True,Whole_weight,9.368421052631579,"{'belowMean': 122, 'aboveMean': 123}",1.263157894736842,5,False,False
63,63,30,"{'Shell_weight': 'belowMean', 'Sex': 'I', 'Height': 'aboveMean', 'Viscera_weight': 'aboveMean', 'Shucked_weight': 'aboveMean'}",True,Whole_weight,10.75,"{'aboveMean': 124, 'belowMean': 125}",16.666666666666664,5,False,False
64,64,30,"{'Shell_weight': 'belowMean', 'Sex': 'I', 'Height': 'aboveMean', 'Viscera_weight': 'aboveMean', 'Shucked_weight': 'belowMean'}",True,Diameter,11.666666666666666,"{'belowMean': 126, 'aboveMean': 127}",0.16666666666666666,5,False,False
65,65,31,"{'Shell_weight': 'aboveMean', 'Shucked_weight': 'belowMean', 'Sex': 'F', 'Height': 'aboveMean', 'Whole_weight': 'belowMean'}",True,Viscera_weight,12.055555555555555,"{'belowMean': 128, 'aboveMean': 129}",12.026143790849673,5,False,False
66,66,31,"{'Shell_weight': 'aboveMean', 'Shucked_weight': 'belowMean', 'Sex': 'F', 'Height': 'aboveMean', 'Whole_weight': 'aboveMean'}",True,Length,13.619047619047619,"{'aboveMean': 130, 'belowMean': 131}",14.466666666666667,5,False,False
67,67,32,"{'Shell_weight': 'aboveMean', 'Shucked_weight': 'belowMean', 'Sex': 'F', 'Height': 'belowMean', 'Whole_weight': 'aboveMean'}",True,Viscera_weight,16.75,"{'belowMean': 132, 'aboveMean': 133}",5.125,5,False,False
68,68,32,"{'Shell_weight': 'aboveMean', 'Shucked_weight': 'belowMean', 'Sex': 'F', 'Height': 'belowMean', 'Whole_weight': 'belowMean'}",True,Viscera_weight,13.8,"{'aboveMean': 134, 'belowMean': 135}",21.333333333333332,5,False,False
69,69,33,"{'Shell_weight': 'aboveMean', 'Shucked_weight': 'belowMean', 'Sex': 'M', 'Diameter': 'aboveMean', 'Viscera_weight': 'aboveMean'}",True,Length,11.26086956521739,"{'aboveMean': 136, 'belowMean': 137}",4.227743271221533,5,False,False
70,70,33,"{'Shell_weight': 'aboveMean', 'Shucked_weight': 'belowMean', 'Sex': 'M', 'Diameter': 'aboveMean', 'Viscera_weight': 'belowMean'}",True,Whole_weight,12.80952380952381,"{'aboveMean': 138, 'belowMean': 139}",6.806926406926406,5,False,False
71,71,34,"{'Shell_weight': 'aboveMean', 'Shucked_weight': 'belowMean', 'Sex': 'M', 'Diameter': 'belowMean', 'Whole_weight': 'aboveMean'}",True,Length,14.666666666666666,"{'belowMean': 140, 'aboveMean': 141}",15.875,5,False,False
72,72,34,"{'Shell_weight': 'aboveMean', 'Shucked_weight': 'belowMean', 'Sex': 'M', 'Diameter': 'belowMean', 'Whole_weight': 'belowMean'}",True,Viscera_weight,12.285714285714286,"{'belowMean': 142, 'aboveMean': 143}",13.261904761904763,5,False,False
73,73,35,"{'Shell_weight': 'aboveMean', 'Shucked_weight': 'belowMean', 'Sex': 'I', 'Length': 'aboveMean', 'Whole_weight': 'belowMean'}",True,Diameter,10.166666666666666,"{'aboveMean': 144, 'belowMean': 145}",0.8030303030303031,5,False,False
74,74,35,"{'Shell_weight': 'aboveMean', 'Shucked_weight': 'belowMean', 'Sex': 'I', 'Length': 'aboveMean', 'Whole_weight': 'aboveMean'}",True,Viscera_weight,12.2,"{'aboveMean': 146, 'belowMean': 147}",7.2,5,False,False
75,75,37,"{'Shell_weight': 'aboveMean', 'Shucked_weight': 'aboveMean', 'Length': 'aboveMean', 'Viscera_weight': 'aboveMean', 'Diameter': 'aboveMean'}",True,Height,11.520504731861198,"{'aboveMean': 148, 'belowMean': 149}",9.304105166538303,5,False,False
76,76,37,"{'Shell_weight': 'aboveMean', 'Shucked_weight': 'aboveMean', 'Length': 'aboveMean', 'Viscera_weight': 'aboveMean', 'Diameter': 'belowMean'}",True,Sex,10.25,"{'M': 150, 'F': 151}",2.166666666666667,5,False,False
77,77,38,"{'Shell_weight': 'aboveMean', 'Shucked_weight': 'aboveMean', 'Length': 'aboveMean', 'Viscera_weight': 'belowMean', 'Sex': 'F'}",True,Whole_weight,10.941176470588236,"{'aboveMean': 152, 'belowMean': 153}",8.878676470588236,5,False,False
78,78,38,"{'Shell_weight': 'aboveMean', 'Shucked_weight': 'aboveMean', 'Length': 'aboveMean', 'Viscera_weight': 'belowMean', 'Sex': 'M'}",True,Height,10.9,"{'belowMean': 154, 'aboveMean': 155}",7.0666666666666655,5,False,False
79,79,38,"{'Shell_weight': 'aboveMean', 'Shucked_weight': 'aboveMean', 'Length': 'aboveMean', 'Viscera_weight': 'belowMean', 'Sex': 'I'}",True,Whole_weight,10.11111111111111,"{'belowMean': 156, 'aboveMean': 157}",2.4388888888888887,5,False,False
80,80,39,"{'Shell_weight': 'aboveMean', 'Shucked_weight': 'aboveMean', 'Length': 'belowMean', 'Diameter': 'aboveMean', 'Sex': 'F'}",True,Height,10.333333333333334,{'aboveMean': 158},16.222222222222225,5,False,False
81,81,39,"{'Shell_weight': 'aboveMean', 'Shucked_weight': 'aboveMean', 'Length': 'belowMean', 'Diameter': 'aboveMean', 'Sex': 'M'}",True,,9.0,{},0.0,5,False,True
82,82,40,"{'Shell_weight': 'aboveMean', 'Shucked_weight': 'aboveMean', 'Length': 'belowMean', 'Diameter': 'belowMean', 'Sex': 'M'}",True,Height,8.5,"{'aboveMean': 159, 'belowMean': 160}",0.0,5,False,False
83,83,40,"{'Shell_weight': 'aboveMean', 'Shucked_weight': 'aboveMean', 'Length': 'belowMean', 'Diameter': 'belowMean', 'Sex': 'F'}",True,,7.0,{},0.0,5,False,True
84,84,40,"{'Shell_weight': 'aboveMean', 'Shucked_weight': 'aboveMean', 'Length': 'belowMean', 'Diameter': 'belowMean', 'Sex': 'I'}",True,,10.0,{},0.0,5,False,True
85,85,41,"{'Shell_weight': 'belowMean', 'Sex': 'M', 'Height': 'belowMean', 'Whole_weight': 'belowMean', 'Viscera_weight': 'belowMean', 'Length': 'belowMean'}",True,Diameter,8.598726114649681,"{'belowMean': 161, 'aboveMean': 162}",4.495171563591535,6,False,False
86,86,41,"{'Shell_weight': 'belowMean', 'Sex': 'M', 'Height': 'belowMean', 'Whole_weight': 'belowMean', 'Viscera_weight': 'belowMean', 'Length': 'aboveMean'}",True,Shucked_weight,8.0,"{'belowMean': 163, 'aboveMean': 164}",0.6856060606060607,6,False,False
87,87,42,"{'Shell_weight': 'belowMean', 'Sex': 'M', 'Height': 'belowMean', 'Whole_weight': 'belowMean', 'Viscera_weight': 'aboveMean', 'Diameter': 'belowMean'}",True,Length,10.5,"{'belowMean': 165, 'aboveMean': 166}",1.1666666666666667,6,False,False
88,88,42,"{'Shell_weight': 'belowMean', 'Sex': 'M', 'Height': 'belowMean', 'Whole_weight': 'belowMean', 'Viscera_weight': 'aboveMean', 'Diameter': 'aboveMean'}",True,Length,8.666666666666666,"{'aboveMean': 167, 'belowMean': 168}",0.0,6,False,False
89,89,43,"{'Shell_weight': 'belowMean', 'Sex': 'M', 'Height': 'belowMean', 'Whole_weight': 'aboveMean', 'Viscera_weight': 'belowMean', 'Shucked_weight': 'aboveMean'}",True,,13.0,{},0.0,6,False,True
90,90,43,"{'Shell_weight': 'belowMean', 'Sex': 'M', 'Height': 'belowMean', 'Whole_weight': 'aboveMean', 'Viscera_weight': 'belowMean', 'Shucked_weight': 'belowMean'}",True,,10.0,{},0.0,6,False,True
91,91,44,"{'Shell_weight': 'belowMean', 'Sex': 'M', 'Height': 'belowMean', 'Whole_weight': 'aboveMean', 'Viscera_weight': 'aboveMean', 'Diameter': 'belowMean'}",True,,9.0,{},0.0,6,False,True
92,92,44,"{'Shell_weight': 'belowMean', 'Sex': 'M', 'Height': 'belowMean', 'Whole_weight': 'aboveMean', 'Viscera_weight': 'aboveMean', 'Diameter': 'aboveMean'}",True,Length,9.333333333333334,{'aboveMean': 169},0.2222222222222222,6,False,False
93,93,45,"{'Shell_weight': 'belowMean', 'Sex': 'M', 'Height': 'aboveMean', 'Shucked_weight': 'aboveMean', 'Whole_weight': 'aboveMean', 'Viscera_weight': 'aboveMean'}",True,Length,8.666666666666666,"{'aboveMean': 170, 'belowMean': 171}",0.8627450980392157,6,False,False
94,94,45,"{'Shell_weight': 'belowMean', 'Sex': 'M', 'Height': 'aboveMean', 'Shucked_weight': 'aboveMean', 'Whole_weight': 'aboveMean', 'Viscera_weight': 'belowMean'}",True,Diameter,9.25,{'aboveMean': 172},0.6875,6,False,False
95,95,46,"{'Shell_weight': 'belowMean', 'Sex': 'M', 'Height': 'aboveMean', 'Shucked_weight': 'aboveMean', 'Whole_weight': 'belowMean', 'Diameter': 'belowMean'}",True,Length,7.5,"{'belowMean': 173, 'aboveMean': 174}",0.0,6,False,False
96,96,46,"{'Shell_weight': 'belowMean', 'Sex': 'M', 'Height': 'aboveMean', 'Shucked_weight': 'aboveMean', 'Whole_weight': 'belowMean', 'Diameter': 'aboveMean'}",True,,7.0,{},0.0,6,False,True
97,97,47,"{'Shell_weight': 'belowMean', 'Sex': 'M', 'Height': 'aboveMean', 'Shucked_weight': 'belowMean', 'Length': 'aboveMean', 'Diameter': 'aboveMean'}",True,Viscera_weight,11.25,"{'belowMean': 175, 'aboveMean': 176}",3.4642857142857144,6,False,False
98,98,47,"{'Shell_weight': 'belowMean', 'Sex': 'M', 'Height': 'aboveMean', 'Shucked_weight': 'belowMean', 'Length': 'aboveMean', 'Diameter': 'belowMean'}",True,Viscera_weight,9.0,{'belowMean': 177},2.6666666666666665,6,False,False
99,99,48,"{'Shell_weight': 'belowMean', 'Sex': 'M', 'Height': 'aboveMean', 'Shucked_weight': 'belowMean', 'Length': 'belowMean', 'Whole_weight': 'belowMean'}",True,Diameter,12.411764705882353,"{'belowMean': 178, 'aboveMean': 179}",12.994117647058824,6,False,False
100,100,48,"{'Shell_weight': 'belowMean', 'Sex': 'M', 'Height': 'aboveMean', 'Shucked_weight': 'belowMean', 'Length': 'belowMean', 'Whole_weight': 'aboveMean'}",True,Diameter,14.0,"{'aboveMean': 180, 'belowMean': 181}",0.0,6,False,False
101,101,49,"{'Shell_weight': 'belowMean', 'Sex': 'F', 'Height': 'belowMean', 'Shucked_weight': 'belowMean', 'Viscera_weight': 'belowMean', 'Length': 'aboveMean'}",True,Diameter,10.2,"{'aboveMean': 182, 'belowMean': 183}",6.133333333333333,6,False,False
102,102,49,"{'Shell_weight': 'belowMean', 'Sex': 'F', 'Height': 'belowMean', 'Shucked_weight': 'belowMean', 'Viscera_weight': 'belowMean', 'Length': 'belowMean'}",True,Diameter,9.592592592592593,"{'belowMean': 184, 'aboveMean': 185}",4.295679012345679,6,False,False
103,103,50,"{'Shell_weight': 'belowMean', 'Sex': 'F', 'Height': 'belowMean', 'Shucked_weight': 'belowMean', 'Viscera_weight': 'aboveMean', 'Diameter': 'aboveMean'}",True,Length,9.0,{'aboveMean': 186},1.0,6,False,False
104,104,51,"{'Shell_weight': 'belowMean', 'Sex': 'F', 'Height': 'belowMean', 'Shucked_weight': 'aboveMean', 'Whole_weight': 'aboveMean', 'Diameter': 'belowMean'}",True,,8.0,{},0.0,6,False,True
105,105,51,"{'Shell_weight': 'belowMean', 'Sex': 'F', 'Height': 'belowMean', 'Shucked_weight': 'aboveMean', 'Whole_weight': 'aboveMean', 'Diameter': 'aboveMean'}",True,Viscera_weight,9.5,"{'belowMean': 187, 'aboveMean': 188}",2.666666666666667,6,False,False
106,106,52,"{'Shell_weight': 'belowMean', 'Sex': 'F', 'Height': 'belowMean', 'Shucked_weight': 'aboveMean', 'Whole_weight': 'belowMean', 'Diameter': 'belowMean'}",True,Length,8.5,{'belowMean': 189},0.25,6,False,False
107,107,52,"{'Shell_weight': 'belowMean', 'Sex': 'F', 'Height': 'belowMean', 'Shucked_weight': 'aboveMean', 'Whole_weight': 'belowMean', 'Diameter': 'aboveMean'}",True,Length,8.0,{'aboveMean': 190},1.0,6,False,False
108,108,53,"{'Shell_weight': 'belowMean', 'Sex': 'F', 'Height': 'aboveMean', 'Diameter': 'belowMean', 'Shucked_weight': 'belowMean', 'Length': 'aboveMean'}",True,Viscera_weight,13.5,"{'belowMean': 191, 'aboveMean': 192}",0.0,6,False,False
109,109,53,"{'Shell_weight': 'belowMean', 'Sex': 'F', 'Height': 'aboveMean', 'Diameter': 'belowMean', 'Shucked_weight': 'belowMean', 'Length': 'belowMean'}",True,Viscera_weight,12.333333333333334,{'belowMean': 193},9.68888888888889,6,False,False
110,110,55,"{'Shell_weight': 'belowMean', 'Sex': 'F', 'Height': 'aboveMean', 'Diameter': 'aboveMean', 'Shucked_weight': 'belowMean', 'Whole_weight': 'belowMean'}",True,Length,10.333333333333334,"{'belowMean': 194, 'aboveMean': 195}",2.566666666666667,6,False,False
111,111,55,"{'Shell_weight': 'belowMean', 'Sex': 'F', 'Height': 'aboveMean', 'Diameter': 'aboveMean', 'Shucked_weight': 'belowMean', 'Whole_weight': 'aboveMean'}",True,,13.0,{},0.0,6,False,True
112,112,56,"{'Shell_weight': 'belowMean', 'Sex': 'F', 'Height': 'aboveMean', 'Diameter': 'aboveMean', 'Shucked_weight': 'aboveMean', 'Whole_weight': 'belowMean'}",True,Viscera_weight,9.75,"{'belowMean': 196, 'aboveMean': 197}",0.625,6,False,False
113,113,56,"{'Shell_weight': 'belowMean', 'Sex': 'F', 'Height': 'aboveMean', 'Diameter': 'aboveMean', 'Shucked_weight': 'aboveMean', 'Whole_weight': 'aboveMean'}",True,Viscera_weight,9.055555555555555,"{'aboveMean': 198, 'belowMean': 199}",1.9481481481481484,6,False,False
114,114,57,"{'Shell_weight': 'belowMean', 'Sex': 'I', 'Height': 'belowMean', 'Length': 'belowMean', 'Diameter': 'belowMean', 'Viscera_weight': 'belowMean'}",True,Shucked_weight,7.127551020408164,"{'belowMean': 200, 'aboveMean': 201}",4.262925170068027,6,False,False
115,115,57,"{'Shell_weight': 'belowMean', 'Sex': 'I', 'Height': 'belowMean', 'Length': 'belowMean', 'Diameter': 'belowMean', 'Viscera_weight': 'aboveMean'}",True,,8.0,{},0.0,6,False,True
116,116,58,"{'Shell_weight': 'belowMean', 'Sex': 'I', 'Height': 'belowMean', 'Length': 'belowMean', 'Diameter': 'aboveMean', 'Shucked_weight': 'belowMean'}",True,Viscera_weight,8.5,{'belowMean': 202},0.25,6,False,False
117,117,59,"{'Shell_weight': 'belowMean', 'Sex': 'I', 'Height': 'belowMean', 'Length': 'aboveMean', 'Whole_weight': 'belowMean', 'Viscera_weight': 'belowMean'}",True,Shucked_weight,8.64516129032258,"{'belowMean': 203, 'aboveMean': 204}",0.9339950372208436,6,False,False
118,118,59,"{'Shell_weight': 'belowMean', 'Sex': 'I', 'Height': 'belowMean', 'Length': 'aboveMean', 'Whole_weight': 'belowMean', 'Viscera_weight': 'aboveMean'}",True,Diameter,9.0,{'aboveMean': 205},1.0,6,False,False
119,119,60,"{'Shell_weight': 'belowMean', 'Sex': 'I', 'Height': 'belowMean', 'Length': 'aboveMean', 'Whole_weight': 'aboveMean', 'Diameter': 'aboveMean'}",True,Shucked_weight,10.5,{'aboveMean': 206},2.25,6,False,False
120,120,61,"{'Shell_weight': 'belowMean', 'Sex': 'I', 'Height': 'aboveMean', 'Viscera_weight': 'belowMean', 'Diameter': 'belowMean', 'Shucked_weight': 'belowMean'}",True,Length,10.0,"{'belowMean': 207, 'aboveMean': 208}",7.384370015948964,6,False,False
121,121,61,"{'Shell_weight': 'belowMean', 'Sex': 'I', 'Height': 'aboveMean', 'Viscera_weight': 'belowMean', 'Diameter': 'belowMean', 'Shucked_weight': 'aboveMean'}",True,Length,9.0,{'belowMean': 209},1.0,6,False,False
122,122,62,"{'Shell_weight': 'belowMean', 'Sex': 'I', 'Height': 'aboveMean', 'Viscera_weight': 'belowMean', 'Diameter': 'aboveMean', 'Whole_weight': 'belowMean'}",True,Length,9.333333333333334,"{'belowMean': 210, 'aboveMean': 211}",1.3264957264957264,6,False,False
123,123,62,"{'Shell_weight': 'belowMean', 'Sex': 'I', 'Height': 'aboveMean', 'Viscera_weight': 'belowMean', 'Diameter': 'aboveMean', 'Whole_weight': 'aboveMean'}",True,,10.0,{},0.0,6,False,True
124,124,63,"{'Shell_weight': 'belowMean', 'Sex': 'I', 'Height': 'aboveMean', 'Viscera_weight': 'aboveMean', 'Shucked_weight': 'aboveMean', 'Whole_weight': 'aboveMean'}",True,Diameter,11.333333333333334,{'aboveMean': 212},22.222222222222218,6,False,False
125,125,63,"{'Shell_weight': 'belowMean', 'Sex': 'I', 'Height': 'aboveMean', 'Viscera_weight': 'aboveMean', 'Shucked_weight': 'aboveMean', 'Whole_weight': 'belowMean'}",True,,9.0,{},0.0,6,False,True
126,126,64,"{'Shell_weight': 'belowMean', 'Sex': 'I', 'Height': 'aboveMean', 'Viscera_weight': 'aboveMean', 'Shucked_weight': 'belowMean', 'Diameter': 'belowMean'}",True,Length,10.5,{'aboveMean': 213},0.25,6,False,False
127,127,64,"{'Shell_weight': 'belowMean', 'Sex': 'I', 'Height': 'aboveMean', 'Viscera_weight': 'aboveMean', 'Shucked_weight': 'belowMean', 'Diameter': 'aboveMean'}",True,,14.0,{},0.0,6,False,True
128,128,65,"{'Shell_weight': 'aboveMean', 'Shucked_weight': 'belowMean', 'Sex': 'F', 'Height': 'aboveMean', 'Whole_weight': 'belowMean', 'Viscera_weight': 'belowMean'}",True,Diameter,12.176470588235293,"{'aboveMean': 214, 'belowMean': 215}",12.602495543672015,6,False,False
129,129,65,"{'Shell_weight': 'aboveMean', 'Shucked_weight': 'belowMean', 'Sex': 'F', 'Height': 'aboveMean', 'Whole_weight': 'belowMean', 'Viscera_weight': 'aboveMean'}",True,,10.0,{},0.0,6,False,True
130,130,66,"{'Shell_weight': 'aboveMean', 'Shucked_weight': 'belowMean', 'Sex': 'F', 'Height': 'aboveMean', 'Whole_weight': 'aboveMean', 'Length': 'aboveMean'}",True,Diameter,13.9,"{'aboveMean': 216, 'belowMean': 217}",14.30526315789474,6,False,False
131,131,66,"{'Shell_weight': 'aboveMean', 'Shucked_weight': 'belowMean', 'Sex': 'F', 'Height': 'aboveMean', 'Whole_weight': 'aboveMean', 'Length': 'belowMean'}",True,,8.0,{},0.0,6,False,True
132,132,67,"{'Shell_weight': 'aboveMean', 'Shucked_weight': 'belowMean', 'Sex': 'F', 'Height': 'belowMean', 'Whole_weight': 'aboveMean', 'Viscera_weight': 'belowMean'}",True,Diameter,18.5,"{'aboveMean': 218, 'belowMean': 219}",0.0,6,False,False
133,133,67,"{'Shell_weight': 'aboveMean', 'Shucked_weight': 'belowMean', 'Sex': 'F', 'Height': 'belowMean', 'Whole_weight': 'aboveMean', 'Viscera_weight': 'aboveMean'}",True,Diameter,15.0,{'aboveMean': 220},4.0,6,False,False
134,134,68,"{'Shell_weight': 'aboveMean', 'Shucked_weight': 'belowMean', 'Sex': 'F', 'Height': 'belowMean', 'Whole_weight': 'belowMean', 'Viscera_weight': 'aboveMean'}",True,Diameter,15.666666666666666,"{'belowMean': 221, 'aboveMean': 222}",32.666666666666664,6,False,False
135,135,68,"{'Shell_weight': 'aboveMean', 'Shucked_weight': 'belowMean', 'Sex': 'F', 'Height': 'belowMean', 'Whole_weight': 'belowMean', 'Viscera_weight': 'belowMean'}",True,Diameter,11.0,{'aboveMean': 223},4.0,6,False,False
136,136,69,"{'Shell_weight': 'aboveMean', 'Shucked_weight': 'belowMean', 'Sex': 'M', 'Diameter': 'aboveMean', 'Viscera_weight': 'aboveMean', 'Length': 'aboveMean'}",True,Height,11.476190476190476,"{'aboveMean': 224, 'belowMean': 225}",4.305764411027569,6,False,False
137,137,69,"{'Shell_weight': 'aboveMean', 'Shucked_weight': 'belowMean', 'Sex': 'M', 'Diameter': 'aboveMean', 'Viscera_weight': 'aboveMean', 'Length': 'belowMean'}",True,Height,9.0,{'aboveMean': 226},1.0,6,False,False
138,138,70,"{'Shell_weight': 'aboveMean', 'Shucked_weight': 'belowMean', 'Sex': 'M', 'Diameter': 'aboveMean', 'Viscera_weight': 'belowMean', 'Whole_weight': 'aboveMean'}",True,Height,14.4,"{'aboveMean': 227, 'belowMean': 228}",7.022222222222223,6,False,False
139,139,70,"{'Shell_weight': 'aboveMean', 'Shucked_weight': 'belowMean', 'Sex': 'M', 'Diameter': 'aboveMean', 'Viscera_weight': 'belowMean', 'Whole_weight': 'belowMean'}",True,Length,11.363636363636363,"{'aboveMean': 229, 'belowMean': 230}",5.5181818181818185,6,False,False
140,140,71,"{'Shell_weight': 'aboveMean', 'Shucked_weight': 'belowMean', 'Sex': 'M', 'Diameter': 'belowMean', 'Whole_weight': 'aboveMean', 'Length': 'belowMean'}",True,Height,15.5,{'aboveMean': 231},2.25,6,False,False
141,141,71,"{'Shell_weight': 'aboveMean', 'Shucked_weight': 'belowMean', 'Sex': 'M', 'Diameter': 'belowMean', 'Whole_weight': 'aboveMean', 'Length': 'aboveMean'}",True,Height,14.25,{'aboveMean': 232},22.6875,6,False,False
142,142,72,"{'Shell_weight': 'aboveMean', 'Shucked_weight': 'belowMean', 'Sex': 'M', 'Diameter': 'belowMean', 'Whole_weight': 'belowMean', 'Viscera_weight': 'belowMean'}",True,Height,11.833333333333334,"{'belowMean': 233, 'aboveMean': 234}",14.791666666666666,6,False,False
143,143,72,"{'Shell_weight': 'aboveMean', 'Shucked_weight': 'belowMean', 'Sex': 'M', 'Diameter': 'belowMean', 'Whole_weight': 'belowMean', 'Viscera_weight': 'aboveMean'}",True,,15.0,{},0.0,6,False,True
144,144,73,"{'Shell_weight': 'aboveMean', 'Shucked_weight': 'belowMean', 'Sex': 'I', 'Length': 'aboveMean', 'Whole_weight': 'belowMean', 'Diameter': 'aboveMean'}",True,Height,9.818181818181818,"{'aboveMean': 235, 'belowMean': 236}",0.7272727272727273,6,False,False
145,145,73,"{'Shell_weight': 'aboveMean', 'Shucked_weight': 'belowMean', 'Sex': 'I', 'Length': 'aboveMean', 'Whole_weight': 'belowMean', 'Diameter': 'belowMean'}",True,,14.0,{},0.0,6,False,True
146,146,74,"{'Shell_weight': 'aboveMean', 'Shucked_weight': 'belowMean', 'Sex': 'I', 'Length': 'aboveMean', 'Whole_weight': 'aboveMean', 'Viscera_weight': 'aboveMean'}",True,Diameter,11.0,{'aboveMean': 237},6.0,6,False,False
147,147,74,"{'Shell_weight': 'aboveMean', 'Shucked_weight': 'belowMean', 'Sex': 'I', 'Length': 'aboveMean', 'Whole_weight': 'aboveMean', 'Viscera_weight': 'belowMean'}",True,Diameter,14.0,{'aboveMean': 238},9.0,6,False,False
148,148,75,"{'Shell_weight': 'aboveMean', 'Shucked_weight': 'aboveMean', 'Length': 'aboveMean', 'Viscera_weight': 'aboveMean', 'Diameter': 'aboveMean', 'Height': 'aboveMean'}",True,Sex,11.538461538461538,"{'F': 239, 'M': 240, 'I': 241}",9.361812784092178,6,False,False
149,149,75,"{'Shell_weight': 'aboveMean', 'Shucked_weight': 'aboveMean', 'Length': 'aboveMean', 'Viscera_weight': 'aboveMean', 'Diameter': 'aboveMean', 'Height': 'belowMean'}",True,Sex,11.043478260869565,"{'M': 242, 'F': 243, 'I': 244}",6.931159420289856,6,False,False
150,150,76,"{'Shell_weight': 'aboveMean', 'Shucked_weight': 'aboveMean', 'Length': 'aboveMean', 'Viscera_weight': 'aboveMean', 'Diameter': 'belowMean', 'Sex': 'M'}",True,Height,10.666666666666666,{'aboveMean': 245},2.8888888888888893,6,False,False
151,151,76,"{'Shell_weight': 'aboveMean', 'Shucked_weight': 'aboveMean', 'Length': 'aboveMean', 'Viscera_weight': 'aboveMean', 'Diameter': 'belowMean', 'Sex': 'F'}",True,,9.0,{},0.0,6,False,True
152,152,77,"{'Shell_weight': 'aboveMean', 'Shucked_weight': 'aboveMean', 'Length': 'aboveMean', 'Viscera_weight': 'belowMean', 'Sex': 'F', 'Whole_weight': 'aboveMean'}",True,Height,11.0625,"{'belowMean': 246, 'aboveMean': 247}",9.381818181818181,6,False,False
153,153,77,"{'Shell_weight': 'aboveMean', 'Shucked_weight': 'aboveMean', 'Length': 'aboveMean', 'Viscera_weight': 'belowMean', 'Sex': 'F', 'Whole_weight': 'belowMean'}",True,,9.0,{},0.0,6,False,True
154,154,78,"{'Shell_weight': 'aboveMean', 'Shucked_weight': 'aboveMean', 'Length': 'aboveMean', 'Viscera_weight': 'belowMean', 'Sex': 'M', 'Height': 'belowMean'}",True,Diameter,10.666666666666666,{'aboveMean': 248},9.555555555555555,6,False,False
155,155,78,"{'Shell_weight': 'aboveMean', 'Shucked_weight': 'aboveMean', 'Length': 'aboveMean', 'Viscera_weight': 'belowMean', 'Sex': 'M', 'Height': 'aboveMean'}",True,Diameter,11.0,{'aboveMean': 249},6.0,6,False,False
156,156,79,"{'Shell_weight': 'aboveMean', 'Shucked_weight': 'aboveMean', 'Length': 'aboveMean', 'Viscera_weight': 'belowMean', 'Sex': 'I', 'Whole_weight': 'belowMean'}",True,Height,10.75,"{'aboveMean': 250, 'belowMean': 251}",1.1666666666666667,6,False,False
157,157,79,"{'Shell_weight': 'aboveMean', 'Shucked_weight': 'aboveMean', 'Length': 'aboveMean', 'Viscera_weight': 'belowMean', 'Sex': 'I', 'Whole_weight': 'aboveMean'}",True,Diameter,9.6,{'aboveMean': 252},0.64,6,False,False
158,158,80,"{'Shell_weight': 'aboveMean', 'Shucked_weight': 'aboveMean', 'Length': 'belowMean', 'Diameter': 'aboveMean', 'Sex': 'F', 'Height': 'aboveMean'}",True,Viscera_weight,10.333333333333334,{'aboveMean': 253},16.222222222222225,6,False,False
159,159,82,"{'Shell_weight': 'aboveMean', 'Shucked_weight': 'aboveMean', 'Length': 'belowMean', 'Diameter': 'belowMean', 'Sex': 'M', 'Height': 'aboveMean'}",True,,9.0,{},0.0,6,False,True
160,160,82,"{'Shell_weight': 'aboveMean', 'Shucked_weight': 'aboveMean', 'Length': 'belowMean', 'Diameter': 'belowMean', 'Sex': 'M', 'Height': 'belowMean'}",True,,8.0,{},0.0,6,False,True
161,161,85,"{'Shell_weight': 'belowMean', 'Sex': 'M', 'Height': 'belowMean', 'Whole_weight': 'belowMean', 'Viscera_weight': 'belowMean', 'Length': 'belowMean', 'Diameter': 'belowMean'}",True,,8.580645161290322,{},0.0,7,False,True
162,162,85,"{'Shell_weight': 'belowMean', 'Sex': 'M', 'Height': 'belowMean', 'Whole_weight': 'belowMean', 'Viscera_weight': 'belowMean', 'Length': 'belowMean', 'Diameter': 'aboveMean'}",True,,10.0,{},0.0,7,False,True
163,163,86,"{'Shell_weight': 'belowMean', 'Sex': 'M', 'Height': 'belowMean', 'Whole_weight': 'belowMean', 'Viscera_weight': 'belowMean', 'Length': 'aboveMean', 'Shucked_weight': 'belowMean'}",True,,7.875,{},0.0,7,False,True
164,164,86,"{'Shell_weight': 'belowMean', 'Sex': 'M', 'Height': 'belowMean', 'Whole_weight': 'belowMean', 'Viscera_weight': 'belowMean', 'Length': 'aboveMean', 'Shucked_weight': 'aboveMean'}",True,,8.333333333333334,{},0.0,7,False,True
165,165,87,"{'Shell_weight': 'belowMean', 'Sex': 'M', 'Height': 'belowMean', 'Whole_weight': 'belowMean', 'Viscera_weight': 'aboveMean', 'Diameter': 'belowMean', 'Length': 'belowMean'}",True,,11.333333333333334,{},0.0,7,False,True
166,166,87,"{'Shell_weight': 'belowMean', 'Sex': 'M', 'Height': 'belowMean', 'Whole_weight': 'belowMean', 'Viscera_weight': 'aboveMean', 'Diameter': 'belowMean', 'Length': 'aboveMean'}",True,,8.0,{},0.0,7,False,True
167,167,88,"{'Shell_weight': 'belowMean', 'Sex': 'M', 'Height': 'belowMean', 'Whole_weight': 'belowMean', 'Viscera_weight': 'aboveMean', 'Diameter': 'aboveMean', 'Length': 'aboveMean'}",True,,9.0,{},0.0,7,False,True
168,168,88,"{'Shell_weight': 'belowMean', 'Sex': 'M', 'Height': 'belowMean', 'Whole_weight': 'belowMean', 'Viscera_weight': 'aboveMean', 'Diameter': 'aboveMean', 'Length': 'belowMean'}",True,,8.0,{},0.0,7,False,True
169,169,92,"{'Shell_weight': 'belowMean', 'Sex': 'M', 'Height': 'belowMean', 'Whole_weight': 'aboveMean', 'Viscera_weight': 'aboveMean', 'Diameter': 'aboveMean', 'Length': 'aboveMean'}",True,,9.333333333333334,{},0.0,7,False,True
170,170,93,"{'Shell_weight': 'belowMean', 'Sex': 'M', 'Height': 'aboveMean', 'Shucked_weight': 'aboveMean', 'Whole_weight': 'aboveMean', 'Viscera_weight': 'aboveMean', 'Length': 'aboveMean'}",True,,8.705882352941176,{},0.0,7,False,True
171,171,93,"{'Shell_weight': 'belowMean', 'Sex': 'M', 'Height': 'aboveMean', 'Shucked_weight': 'aboveMean', 'Whole_weight': 'aboveMean', 'Viscera_weight': 'aboveMean', 'Length': 'belowMean'}",True,,8.0,{},0.0,7,False,True
172,172,94,"{'Shell_weight': 'belowMean', 'Sex': 'M', 'Height': 'aboveMean', 'Shucked_weight': 'aboveMean', 'Whole_weight': 'aboveMean', 'Viscera_weight': 'belowMean', 'Diameter': 'aboveMean'}",True,,9.25,{},0.0,7,False,True
173,173,95,"{'Shell_weight': 'belowMean', 'Sex': 'M', 'Height': 'aboveMean', 'Shucked_weight': 'aboveMean', 'Whole_weight': 'belowMean', 'Diameter': 'belowMean', 'Length': 'belowMean'}",True,,7.0,{},0.0,7,False,True
174,174,95,"{'Shell_weight': 'belowMean', 'Sex': 'M', 'Height': 'aboveMean', 'Shucked_weight': 'aboveMean', 'Whole_weight': 'belowMean', 'Diameter': 'belowMean', 'Length': 'aboveMean'}",True,,8.0,{},0.0,7,False,True
175,175,97,"{'Shell_weight': 'belowMean', 'Sex': 'M', 'Height': 'aboveMean', 'Shucked_weight': 'belowMean', 'Length': 'aboveMean', 'Diameter': 'aboveMean', 'Viscera_weight': 'belowMean'}",True,,11.571428571428571,{},0.0,7,False,True
176,176,97,"{'Shell_weight': 'belowMean', 'Sex': 'M', 'Height': 'aboveMean', 'Shucked_weight': 'belowMean', 'Length': 'aboveMean', 'Diameter': 'aboveMean', 'Viscera_weight': 'aboveMean'}",True,,9.0,{},0.0,7,False,True
177,177,98,"{'Shell_weight': 'belowMean', 'Sex': 'M', 'Height': 'aboveMean', 'Shucked_weight': 'belowMean', 'Length': 'aboveMean', 'Diameter': 'belowMean', 'Viscera_weight': 'belowMean'}",True,,9.0,{},0.0,7,False,True
178,178,99,"{'Shell_weight': 'belowMean', 'Sex': 'M', 'Height': 'aboveMean', 'Shucked_weight': 'belowMean', 'Length': 'belowMean', 'Whole_weight': 'belowMean', 'Diameter': 'belowMean'}",True,,12.8,{},0.0,7,False,True
179,179,99,"{'Shell_weight': 'belowMean', 'Sex': 'M', 'Height': 'aboveMean', 'Shucked_weight': 'belowMean', 'Length': 'belowMean', 'Whole_weight': 'belowMean', 'Diameter': 'aboveMean'}",True,,9.5,{},0.0,7,False,True
180,180,100,"{'Shell_weight': 'belowMean', 'Sex': 'M', 'Height': 'aboveMean', 'Shucked_weight': 'belowMean', 'Length': 'belowMean', 'Whole_weight': 'aboveMean', 'Diameter': 'aboveMean'}",True,,16.0,{},0.0,7,False,True
181,181,100,"{'Shell_weight': 'belowMean', 'Sex': 'M', 'Height': 'aboveMean', 'Shucked_weight': 'belowMean', 'Length': 'belowMean', 'Whole_weight': 'aboveMean', 'Diameter': 'belowMean'}",True,,12.0,{},0.0,7,False,True
182,182,101,"{'Shell_weight': 'belowMean', 'Sex': 'F', 'Height': 'belowMean', 'Shucked_weight': 'belowMean', 'Viscera_weight': 'belowMean', 'Length': 'aboveMean', 'Diameter': 'aboveMean'}",True,,8.0,{},0.0,7,False,True
183,183,101,"{'Shell_weight': 'belowMean', 'Sex': 'F', 'Height': 'belowMean', 'Shucked_weight': 'belowMean', 'Viscera_weight': 'belowMean', 'Length': 'aboveMean', 'Diameter': 'belowMean'}",True,,11.666666666666666,{},0.0,7,False,True
184,184,102,"{'Shell_weight': 'belowMean', 'Sex': 'F', 'Height': 'belowMean', 'Shucked_weight': 'belowMean', 'Viscera_weight': 'belowMean', 'Length': 'belowMean', 'Diameter': 'belowMean'}",True,,9.525,{},0.0,7,False,True
185,185,102,"{'Shell_weight': 'belowMean', 'Sex': 'F', 'Height': 'belowMean', 'Shucked_weight': 'belowMean', 'Viscera_weight': 'belowMean', 'Length': 'belowMean', 'Diameter': 'aboveMean'}",True,,15.0,{},0.0,7,False,True
186,186,103,"{'Shell_weight': 'belowMean', 'Sex': 'F', 'Height': 'belowMean', 'Shucked_weight': 'belowMean', 'Viscera_weight': 'aboveMean', 'Diameter': 'aboveMean', 'Length': 'aboveMean'}",True,,9.0,{},0.0,7,False,True
187,187,105,"{'Shell_weight': 'belowMean', 'Sex': 'F', 'Height': 'belowMean', 'Shucked_weight': 'aboveMean', 'Whole_weight': 'aboveMean', 'Diameter': 'aboveMean', 'Viscera_weight': 'belowMean'}",True,,10.0,{},0.0,7,False,True
188,188,105,"{'Shell_weight': 'belowMean', 'Sex': 'F', 'Height': 'belowMean', 'Shucked_weight': 'aboveMean', 'Whole_weight': 'aboveMean', 'Diameter': 'aboveMean', 'Viscera_weight': 'aboveMean'}",True,,9.333333333333334,{},0.0,7,False,True
189,189,106,"{'Shell_weight': 'belowMean', 'Sex': 'F', 'Height': 'belowMean', 'Shucked_weight': 'aboveMean', 'Whole_weight': 'belowMean', 'Diameter': 'belowMean', 'Length': 'belowMean'}",True,,8.5,{},0.0,7,False,True
190,190,107,"{'Shell_weight': 'belowMean', 'Sex': 'F', 'Height': 'belowMean', 'Shucked_weight': 'aboveMean', 'Whole_weight': 'belowMean', 'Diameter': 'aboveMean', 'Length': 'aboveMean'}",True,,8.0,{},0.0,7,False,True
191,191,108,"{'Shell_weight': 'belowMean', 'Sex': 'F', 'Height': 'aboveMean', 'Diameter': 'belowMean', 'Shucked_weight': 'belowMean', 'Length': 'aboveMean', 'Viscera_weight': 'belowMean'}",True,,14.0,{},0.0,7,False,True
192,192,108,"{'Shell_weight': 'belowMean', 'Sex': 'F', 'Height': 'aboveMean', 'Diameter': 'belowMean', 'Shucked_weight': 'belowMean', 'Length': 'aboveMean', 'Viscera_weight': 'aboveMean'}",True,,13.0,{},0.0,7,False,True
193,193,109,"{'Shell_weight': 'belowMean', 'Sex': 'F', 'Height': 'aboveMean', 'Diameter': 'belowMean', 'Shucked_weight': 'belowMean', 'Length': 'belowMean', 'Viscera_weight': 'belowMean'}",True,,12.333333333333334,{},0.0,7,False,True
194,194,110,"{'Shell_weight': 'belowMean', 'Sex': 'F', 'Height': 'aboveMean', 'Diameter': 'aboveMean', 'Shucked_weight': 'belowMean', 'Whole_weight': 'belowMean', 'Length': 'belowMean'}",True,,10.8,{},0.0,7,False,True
195,195,110,"{'Shell_weight': 'belowMean', 'Sex': 'F', 'Height': 'aboveMean', 'Diameter': 'aboveMean', 'Shucked_weight': 'belowMean', 'Whole_weight': 'belowMean', 'Length': 'aboveMean'}",True,,10.0,{},0.0,7,False,True
196,196,112,"{'Shell_weight': 'belowMean', 'Sex': 'F', 'Height': 'aboveMean', 'Diameter': 'aboveMean', 'Shucked_weight': 'aboveMean', 'Whole_weight': 'belowMean', 'Viscera_weight': 'belowMean'}",True,,10.0,{},0.0,7,False,True
197,197,112,"{'Shell_weight': 'belowMean', 'Sex': 'F', 'Height': 'aboveMean', 'Diameter': 'aboveMean', 'Shucked_weight': 'aboveMean', 'Whole_weight': 'belowMean', 'Viscera_weight': 'aboveMean'}",True,,9.5,{},0.0,7,False,True
198,198,113,"{'Shell_weight': 'belowMean', 'Sex': 'F', 'Height': 'aboveMean', 'Diameter': 'aboveMean', 'Shucked_weight': 'aboveMean', 'Whole_weight': 'aboveMean', 'Viscera_weight': 'aboveMean'}",True,,9.2,{},0.0,7,False,True
199,199,113,"{'Shell_weight': 'belowMean', 'Sex': 'F', 'Height': 'aboveMean', 'Diameter': 'aboveMean', 'Shucked_weight': 'aboveMean', 'Whole_weight': 'aboveMean', 'Viscera_weight': 'belowMean'}",True,,8.333333333333334,{},0.0,7,False,True
200,200,114,"{'Shell_weight': 'belowMean', 'Sex': 'I', 'Height': 'belowMean', 'Length': 'belowMean', 'Diameter': 'belowMean', 'Viscera_weight': 'belowMean', 'Shucked_weight': 'belowMean'}",True,,7.133333333333334,{},0.0,7,False,True
201,201,114,"{'Shell_weight': 'belowMean', 'Sex': 'I', 'Height': 'belowMean', 'Length': 'belowMean', 'Diameter': 'belowMean', 'Viscera_weight': 'belowMean', 'Shucked_weight': 'aboveMean'}",True,,6.0,{},0.0,7,False,True
202,202,116,"{'Shell_weight': 'belowMean', 'Sex': 'I', 'Height': 'belowMean', 'Length': 'belowMean', 'Diameter': 'aboveMean', 'Shucked_weight': 'belowMean', 'Viscera_weight': 'belowMean'}",True,,8.5,{},0.0,7,False,True
203,203,117,"{'Shell_weight': 'belowMean', 'Sex': 'I', 'Height': 'belowMean', 'Length': 'aboveMean', 'Whole_weight': 'belowMean', 'Viscera_weight': 'belowMean', 'Shucked_weight': 'belowMean'}",True,,8.615384615384615,{},0.0,7,False,True
204,204,117,"{'Shell_weight': 'belowMean', 'Sex': 'I', 'Height': 'belowMean', 'Length': 'aboveMean', 'Whole_weight': 'belowMean', 'Viscera_weight': 'belowMean', 'Shucked_weight': 'aboveMean'}",True,,8.8,{},0.0,7,False,True
205,205,118,"{'Shell_weight': 'belowMean', 'Sex': 'I', 'Height': 'belowMean', 'Length': 'aboveMean', 'Whole_weight': 'belowMean', 'Viscera_weight': 'aboveMean', 'Diameter': 'aboveMean'}",True,,9.0,{},0.0,7,False,True
206,206,119,"{'Shell_weight': 'belowMean', 'Sex': 'I', 'Height': 'belowMean', 'Length': 'aboveMean', 'Whole_weight': 'aboveMean', 'Diameter': 'aboveMean', 'Shucked_weight': 'aboveMean'}",True,,10.5,{},0.0,7,False,True
207,207,120,"{'Shell_weight': 'belowMean', 'Sex': 'I', 'Height': 'aboveMean', 'Viscera_weight': 'belowMean', 'Diameter': 'belowMean', 'Shucked_weight': 'belowMean', 'Length': 'belowMean'}",True,,10.105263157894736,{},0.0,7,False,True
208,208,120,"{'Shell_weight': 'belowMean', 'Sex': 'I', 'Height': 'aboveMean', 'Viscera_weight': 'belowMean', 'Diameter': 'belowMean', 'Shucked_weight': 'belowMean', 'Length': 'aboveMean'}",True,,9.333333333333334,{},0.0,7,False,True
209,209,121,"{'Shell_weight': 'belowMean', 'Sex': 'I', 'Height': 'aboveMean', 'Viscera_weight': 'belowMean', 'Diameter': 'belowMean', 'Shucked_weight': 'aboveMean', 'Length': 'belowMean'}",True,,9.0,{},0.0,7,False,True
210,210,122,"{'Shell_weight': 'belowMean', 'Sex': 'I', 'Height': 'aboveMean', 'Viscera_weight': 'belowMean', 'Diameter': 'aboveMean', 'Whole_weight': 'belowMean', 'Length': 'belowMean'}",True,,9.2,{},0.0,7,False,True
211,211,122,"{'Shell_weight': 'belowMean', 'Sex': 'I', 'Height': 'aboveMean', 'Viscera_weight': 'belowMean', 'Diameter': 'aboveMean', 'Whole_weight': 'belowMean', 'Length': 'aboveMean'}",True,,9.384615384615385,{},0.0,7,False,True
212,212,124,"{'Shell_weight': 'belowMean', 'Sex': 'I', 'Height': 'aboveMean', 'Viscera_weight': 'aboveMean', 'Shucked_weight': 'aboveMean', 'Whole_weight': 'aboveMean', 'Diameter': 'aboveMean'}",True,,11.333333333333334,{},0.0,7,False,True
213,213,126,"{'Shell_weight': 'belowMean', 'Sex': 'I', 'Height': 'aboveMean', 'Viscera_weight': 'aboveMean', 'Shucked_weight': 'belowMean', 'Diameter': 'belowMean', 'Length': 'aboveMean'}",True,,10.5,{},0.0,7,False,True
214,214,128,"{'Shell_weight': 'aboveMean', 'Shucked_weight': 'belowMean', 'Sex': 'F', 'Height': 'aboveMean', 'Whole_weight': 'belowMean', 'Viscera_weight': 'belowMean', 'Diameter': 'aboveMean'}",True,,11.909090909090908,{},0.0,7,False,True
215,215,128,"{'Shell_weight': 'aboveMean', 'Shucked_weight': 'belowMean', 'Sex': 'F', 'Height': 'aboveMean', 'Whole_weight': 'belowMean', 'Viscera_weight': 'belowMean', 'Diameter': 'belowMean'}",True,,12.666666666666666,{},0.0,7,False,True
216,216,130,"{'Shell_weight': 'aboveMean', 'Shucked_weight': 'belowMean', 'Sex': 'F', 'Height': 'aboveMean', 'Whole_weight': 'aboveMean', 'Length': 'aboveMean', 'Diameter': 'aboveMean'}",True,,13.68421052631579,{},0.0,7,False,True
217,217,130,"{'Shell_weight': 'aboveMean', 'Shucked_weight': 'belowMean', 'Sex': 'F', 'Height': 'aboveMean', 'Whole_weight': 'aboveMean', 'Length': 'aboveMean', 'Diameter': 'belowMean'}",True,,18.0,{},0.0,7,False,True
218,218,132,"{'Shell_weight': 'aboveMean', 'Shucked_weight': 'belowMean', 'Sex': 'F', 'Height': 'belowMean', 'Whole_weight': 'aboveMean', 'Viscera_weight': 'belowMean', 'Diameter': 'aboveMean'}",True,,21.0,{},0.0,7,False,True
219,219,132,"{'Shell_weight': 'aboveMean', 'Shucked_weight': 'belowMean', 'Sex': 'F', 'Height': 'belowMean', 'Whole_weight': 'aboveMean', 'Viscera_weight': 'belowMean', 'Diameter': 'belowMean'}",True,,16.0,{},0.0,7,False,True
220,220,133,"{'Shell_weight': 'aboveMean', 'Shucked_weight': 'belowMean', 'Sex': 'F', 'Height': 'belowMean', 'Whole_weight': 'aboveMean', 'Viscera_weight': 'aboveMean', 'Diameter': 'aboveMean'}",True,,15.0,{},0.0,7,False,True
221,221,134,"{'Shell_weight': 'aboveMean', 'Shucked_weight': 'belowMean', 'Sex': 'F', 'Height': 'belowMean', 'Whole_weight': 'belowMean', 'Viscera_weight': 'aboveMean', 'Diameter': 'belowMean'}",True,,15.0,{},0.0,7,False,True
222,222,134,"{'Shell_weight': 'aboveMean', 'Shucked_weight': 'belowMean', 'Sex': 'F', 'Height': 'belowMean', 'Whole_weight': 'belowMean', 'Viscera_weight': 'aboveMean', 'Diameter': 'aboveMean'}",True,,16.0,{},0.0,7,False,True
223,223,135,"{'Shell_weight': 'aboveMean', 'Shucked_weight': 'belowMean', 'Sex': 'F', 'Height': 'belowMean', 'Whole_weight': 'belowMean', 'Viscera_weight': 'belowMean', 'Diameter': 'aboveMean'}",True,,11.0,{},0.0,7,False,True
224,224,136,"{'Shell_weight': 'aboveMean', 'Shucked_weight': 'belowMean', 'Sex': 'M', 'Diameter': 'aboveMean', 'Viscera_weight': 'aboveMean', 'Length': 'aboveMean', 'Height': 'aboveMean'}",True,,11.631578947368421,{},0.0,7,False,True
225,225,136,"{'Shell_weight': 'aboveMean', 'Shucked_weight': 'belowMean', 'Sex': 'M', 'Diameter': 'aboveMean', 'Viscera_weight': 'aboveMean', 'Length': 'aboveMean', 'Height': 'belowMean'}",True,,10.0,{},0.0,7,False,True
226,226,137,"{'Shell_weight': 'aboveMean', 'Shucked_weight': 'belowMean', 'Sex': 'M', 'Diameter': 'aboveMean', 'Viscera_weight': 'aboveMean', 'Length': 'belowMean', 'Height': 'aboveMean'}",True,,9.0,{},0.0,7,False,True
227,227,138,"{'Shell_weight': 'aboveMean', 'Shucked_weight': 'belowMean', 'Sex': 'M', 'Diameter': 'aboveMean', 'Viscera_weight': 'belowMean', 'Whole_weight': 'aboveMean', 'Height': 'aboveMean'}",True,,14.555555555555555,{},0.0,7,False,True
228,228,138,"{'Shell_weight': 'aboveMean', 'Shucked_weight': 'belowMean', 'Sex': 'M', 'Diameter': 'aboveMean', 'Viscera_weight': 'belowMean', 'Whole_weight': 'aboveMean', 'Height': 'belowMean'}",True,,13.0,{},0.0,7,False,True
229,229,139,"{'Shell_weight': 'aboveMean', 'Shucked_weight': 'belowMean', 'Sex': 'M', 'Diameter': 'aboveMean', 'Viscera_weight': 'belowMean', 'Whole_weight': 'belowMean', 'Length': 'aboveMean'}",True,,10.5,{},0.0,7,False,True
230,230,139,"{'Shell_weight': 'aboveMean', 'Shucked_weight': 'belowMean', 'Sex': 'M', 'Diameter': 'aboveMean', 'Viscera_weight': 'belowMean', 'Whole_weight': 'belowMean', 'Length': 'belowMean'}",True,,12.4,{},0.0,7,False,True
231,231,140,"{'Shell_weight': 'aboveMean', 'Shucked_weight': 'belowMean', 'Sex': 'M', 'Diameter': 'belowMean', 'Whole_weight': 'aboveMean', 'Length': 'belowMean', 'Height': 'aboveMean'}",True,,15.5,{},0.0,7,False,True
232,232,141,"{'Shell_weight': 'aboveMean', 'Shucked_weight': 'belowMean', 'Sex': 'M', 'Diameter': 'belowMean', 'Whole_weight': 'aboveMean', 'Length': 'aboveMean', 'Height': 'aboveMean'}",True,,14.25,{},0.0,7,False,True
233,233,142,"{'Shell_weight': 'aboveMean', 'Shucked_weight': 'belowMean', 'Sex': 'M', 'Diameter': 'belowMean', 'Whole_weight': 'belowMean', 'Viscera_weight': 'belowMean', 'Height': 'belowMean'}",True,,13.0,{},0.0,7,False,True
234,234,142,"{'Shell_weight': 'aboveMean', 'Shucked_weight': 'belowMean', 'Sex': 'M', 'Diameter': 'belowMean', 'Whole_weight': 'belowMean', 'Viscera_weight': 'belowMean', 'Height': 'aboveMean'}",True,,11.25,{},0.0,7,False,True
235,235,144,"{'Shell_weight': 'aboveMean', 'Shucked_weight': 'belowMean', 'Sex': 'I', 'Length': 'aboveMean', 'Whole_weight': 'belowMean', 'Diameter': 'aboveMean', 'Height': 'aboveMean'}",True,,10.0,{},0.0,7,False,True
236,236,144,"{'Shell_weight': 'aboveMean', 'Shucked_weight': 'belowMean', 'Sex': 'I', 'Length': 'aboveMean', 'Whole_weight': 'belowMean', 'Diameter': 'aboveMean', 'Height': 'belowMean'}",True,,9.0,{},0.0,7,False,True
237,237,146,"{'Shell_weight': 'aboveMean', 'Shucked_weight': 'belowMean', 'Sex': 'I', 'Length': 'aboveMean', 'Whole_weight': 'aboveMean', 'Viscera_weight': 'aboveMean', 'Diameter': 'aboveMean'}",True,,11.0,{},0.0,7,False,True
238,238,147,"{'Shell_weight': 'aboveMean', 'Shucked_weight': 'belowMean', 'Sex': 'I', 'Length': 'aboveMean', 'Whole_weight': 'aboveMean', 'Viscera_weight': 'belowMean', 'Diameter': 'aboveMean'}",True,,14.0,{},0.0,7,False,True
239,239,148,"{'Shell_weight': 'aboveMean', 'Shucked_weight': 'aboveMean', 'Length': 'aboveMean', 'Viscera_weight': 'aboveMean', 'Diameter': 'aboveMean', 'Height': 'aboveMean', 'Sex': 'F'}",True,,11.535836177474403,{},0.0,7,False,True
240,240,148,"{'Shell_weight': 'aboveMean', 'Shucked_weight': 'aboveMean', 'Length': 'aboveMean', 'Viscera_weight': 'aboveMean', 'Diameter': 'aboveMean', 'Height': 'aboveMean', 'Sex': 'M'}",True,,11.491349480968859,{},0.0,7,False,True
241,241,148,"{'Shell_weight': 'aboveMean', 'Shucked_weight': 'aboveMean', 'Length': 'aboveMean', 'Viscera_weight': 'aboveMean', 'Diameter': 'aboveMean', 'Height': 'aboveMean', 'Sex': 'I'}",True,,12.03448275862069,{},0.0,7,False,True
242,242,149,"{'Shell_weight': 'aboveMean', 'Shucked_weight': 'aboveMean', 'Length': 'aboveMean', 'Viscera_weight': 'aboveMean', 'Diameter': 'aboveMean', 'Height': 'belowMean', 'Sex': 'M'}",True,,11.0,{},0.0,7,False,True
243,243,149,"{'Shell_weight': 'aboveMean', 'Shucked_weight': 'aboveMean', 'Length': 'aboveMean', 'Viscera_weight': 'aboveMean', 'Diameter': 'aboveMean', 'Height': 'belowMean', 'Sex': 'F'}",True,,12.25,{},0.0,7,False,True
244,244,149,"{'Shell_weight': 'aboveMean', 'Shucked_weight': 'aboveMean', 'Length': 'aboveMean', 'Viscera_weight': 'aboveMean', 'Diameter': 'aboveMean', 'Height': 'belowMean', 'Sex': 'I'}",True,,9.666666666666666,{},0.0,7,False,True
245,245,150,"{'Shell_weight': 'aboveMean', 'Shucked_weight': 'aboveMean', 'Length': 'aboveMean', 'Viscera_weight': 'aboveMean', 'Diameter': 'belowMean', 'Sex': 'M', 'Height': 'aboveMean'}",True,,10.666666666666666,{},0.0,7,False,True
246,246,152,"{'Shell_weight': 'aboveMean', 'Shucked_weight': 'aboveMean', 'Length': 'aboveMean', 'Viscera_weight': 'belowMean', 'Sex': 'F', 'Whole_weight': 'aboveMean', 'Height': 'belowMean'}",True,,11.4,{},0.0,7,False,True
247,247,152,"{'Shell_weight': 'aboveMean', 'Shucked_weight': 'aboveMean', 'Length': 'aboveMean', 'Viscera_weight': 'belowMean', 'Sex': 'F', 'Whole_weight': 'aboveMean', 'Height': 'aboveMean'}",True,,10.909090909090908,{},0.0,7,False,True
248,248,154,"{'Shell_weight': 'aboveMean', 'Shucked_weight': 'aboveMean', 'Length': 'aboveMean', 'Viscera_weight': 'belowMean', 'Sex': 'M', 'Height': 'belowMean', 'Diameter': 'aboveMean'}",True,,10.666666666666666,{},0.0,7,False,True
249,249,155,"{'Shell_weight': 'aboveMean', 'Shucked_weight': 'aboveMean', 'Length': 'aboveMean', 'Viscera_weight': 'belowMean', 'Sex': 'M', 'Height': 'aboveMean', 'Diameter': 'aboveMean'}",True,,11.0,{},0.0,7,False,True
250,250,156,"{'Shell_weight': 'aboveMean', 'Shucked_weight': 'aboveMean', 'Length': 'aboveMean', 'Viscera_weight': 'belowMean', 'Sex': 'I', 'Whole_weight': 'belowMean', 'Height': 'aboveMean'}",True,,14.0,{},0.0,7,False,True
251,251,156,"{'Shell_weight': 'aboveMean', 'Shucked_weight': 'aboveMean', 'Length': 'aboveMean', 'Viscera_weight': 'belowMean', 'Sex': 'I', 'Whole_weight': 'belowMean', 'Height': 'belowMean'}",True,,9.666666666666666,{},0.0,7,False,True
252,252,157,"{'Shell_weight': 'aboveMean', 'Shucked_weight': 'aboveMean', 'Length': 'aboveMean', 'Viscera_weight': 'belowMean', 'Sex': 'I', 'Whole_weight': 'aboveMean', 'Diameter': 'aboveMean'}",True,,9.6,{},0.0,7,False,True
253,253,158,"{'Shell_weight': 'aboveMean', 'Shucked_weight': 'aboveMean', 'Length': 'belowMean', 'Diameter': 'aboveMean', 'Sex': 'F', 'Height': 'aboveMean', 'Viscera_weight': 'aboveMean'}",True,,10.333333333333334,{},0.0,7,False,True
