,nodeID,parentNode,dataSetFilters,evaluated,nodeFeature,nodePrediction,childrenNodes,gainOrMSE,treeLevel,pruned,isLeaf
0,0,-1,{},True,Shell_weight,9.956313584679833,"{'belowMean': 1, 'aboveMean': 2}",7.978683189080646,0,False,False
1,1,0,{'Shell_weight': 'belowMean'},True,Sex,8.379391100702577,"{'F': 3, 'M': 4, 'I': 5}",5.52255597936728,1,False,False
2,2,0,{'Shell_weight': 'aboveMean'},True,Shucked_weight,11.604651162790697,"{'aboveMean': 6, 'belowMean': 7}",9.33767024311966,1,False,False
3,3,1,"{'Shell_weight': 'belowMean', 'Sex': 'F'}",True,Shucked_weight,9.762430939226519,"{'belowMean': 8, 'aboveMean': 9}",6.636861371668002,2,False,False
4,4,1,"{'Shell_weight': 'belowMean', 'Sex': 'M'}",True,Height,9.164179104477611,"{'belowMean': 10, 'aboveMean': 11}",5.664942468582752,2,False,False
5,5,1,"{'Shell_weight': 'belowMean', 'Sex': 'I'}",True,Height,7.514830508474576,"{'belowMean': 12, 'aboveMean': 13}",3.988719905209155,2,False,False
6,6,2,"{'Shell_weight': 'aboveMean', 'Shucked_weight': 'aboveMean'}",True,Length,11.423076923076923,"{'aboveMean': 14, 'belowMean': 15}",9.217516666871044,2,False,False
7,7,2,"{'Shell_weight': 'aboveMean', 'Shucked_weight': 'belowMean'}",True,Whole_weight,12.71304347826087,"{'belowMean': 16, 'aboveMean': 17}",8.849073631682327,2,False,False
8,8,3,"{'Shell_weight': 'belowMean', 'Sex': 'F', 'Shucked_weight': 'belowMean'}",True,Height,9.95945945945946,"{'belowMean': 18, 'aboveMean': 19}",7.486249407302039,3,False,False
9,9,3,"{'Shell_weight': 'belowMean', 'Sex': 'F', 'Shucked_weight': 'aboveMean'}",True,Diameter,8.878787878787879,"{'aboveMean': 20, 'belowMean': 21}",1.3494949494949495,3,False,False
10,10,4,"{'Shell_weight': 'belowMean', 'Sex': 'M', 'Height': 'belowMean'}",True,Length,8.845161290322581,"{'belowMean': 22, 'aboveMean': 23}",4.945465570083567,3,False,False
11,11,4,"{'Shell_weight': 'belowMean', 'Sex': 'M', 'Height': 'aboveMean'}",True,Length,10.23913043478261,"{'aboveMean': 24, 'belowMean': 25}",6.783444816053512,3,False,False
12,12,5,"{'Shell_weight': 'belowMean', 'Sex': 'I', 'Height': 'belowMean'}",True,Length,7.197149643705464,"{'belowMean': 26, 'aboveMean': 27}",3.4515021726797213,3,False,False
13,13,5,"{'Shell_weight': 'belowMean', 'Sex': 'I', 'Height': 'aboveMean'}",True,Length,10.137254901960784,"{'aboveMean': 28, 'belowMean': 29}",6.051470588235294,3,False,False
14,14,6,"{'Shell_weight': 'aboveMean', 'Shucked_weight': 'aboveMean', 'Length': 'aboveMean'}",True,Whole_weight,11.441893830703012,"{'aboveMean': 30, 'belowMean': 31}",9.255109428516931,3,False,False
15,15,6,"{'Shell_weight': 'aboveMean', 'Shucked_weight': 'aboveMean', 'Length': 'belowMean'}",True,Diameter,8.8,"{'belowMean': 32, 'aboveMean': 33}",0.13333333333333333,3,False,False
16,16,7,"{'Shell_weight': 'aboveMean', 'Shucked_weight': 'belowMean', 'Whole_weight': 'belowMean'}",True,Length,11.841269841269842,"{'aboveMean': 34, 'belowMean': 35}",7.3239348370927315,3,False,False
17,17,7,"{'Shell_weight': 'aboveMean', 'Shucked_weight': 'belowMean', 'Whole_weight': 'aboveMean'}",True,Diameter,13.76923076923077,"{'aboveMean': 36, 'belowMean': 37}",9.422466422466423,3,False,False
18,18,8,"{'Shell_weight': 'belowMean', 'Sex': 'F', 'Shucked_weight': 'belowMean', 'Height': 'belowMean'}",True,Viscera_weight,9.649122807017545,"{'belowMean': 38, 'aboveMean': 39}",6.905585063576372,4,False,False
19,19,8,"{'Shell_weight': 'belowMean', 'Sex': 'F', 'Shucked_weight': 'belowMean', 'Height': 'aboveMean'}",True,Whole_weight,11.0,"{'belowMean': 40, 'aboveMean': 41}",8.809269162210338,4,False,False
20,20,9,"{'Shell_weight': 'belowMean', 'Sex': 'F', 'Shucked_weight': 'aboveMean', 'Diameter': 'aboveMean'}",True,Length,8.933333333333334,"{'aboveMean': 42, 'belowMean': 43}",1.4229885057471265,4,False,False
21,21,9,"{'Shell_weight': 'belowMean', 'Sex': 'F', 'Shucked_weight': 'aboveMean', 'Diameter': 'belowMean'}",True,Length,8.333333333333334,"{'aboveMean': 44, 'belowMean': 45}",0.0,4,False,False
22,22,10,"{'Shell_weight': 'belowMean', 'Sex': 'M', 'Height': 'belowMean', 'Length': 'belowMean'}",True,Viscera_weight,8.766917293233083,"{'belowMean': 46, 'aboveMean': 47}",5.378118372855215,4,False,False
23,23,10,"{'Shell_weight': 'belowMean', 'Sex': 'M', 'Height': 'belowMean', 'Length': 'aboveMean'}",True,Viscera_weight,9.318181818181818,"{'aboveMean': 48, 'belowMean': 49}",1.9659090909090908,4,False,False
24,24,11,"{'Shell_weight': 'belowMean', 'Sex': 'M', 'Height': 'aboveMean', 'Length': 'aboveMean'}",True,Shucked_weight,9.0,"{'belowMean': 50, 'aboveMean': 51}",0.9200000000000002,4,False,False
25,25,11,"{'Shell_weight': 'belowMean', 'Sex': 'M', 'Height': 'aboveMean', 'Length': 'belowMean'}",True,Viscera_weight,11.192307692307692,"{'aboveMean': 52, 'belowMean': 53}",9.903412377096588,4,False,False
26,26,12,"{'Shell_weight': 'belowMean', 'Sex': 'I', 'Height': 'belowMean', 'Length': 'belowMean'}",True,Diameter,7.028871391076115,"{'belowMean': 54, 'aboveMean': 55}",3.699572275687761,4,False,False
27,27,12,"{'Shell_weight': 'belowMean', 'Sex': 'I', 'Height': 'belowMean', 'Length': 'aboveMean'}",True,Diameter,8.8,"{'belowMean': 56, 'aboveMean': 57}",0.8666666666666666,4,False,False
28,28,13,"{'Shell_weight': 'belowMean', 'Sex': 'I', 'Height': 'aboveMean', 'Length': 'aboveMean'}",True,Shucked_weight,10.541666666666666,"{'belowMean': 58, 'aboveMean': 59}",7.609375,4,False,False
29,29,13,"{'Shell_weight': 'belowMean', 'Sex': 'I', 'Height': 'aboveMean', 'Length': 'belowMean'}",True,Shucked_weight,9.777777777777779,"{'belowMean': 60, 'aboveMean': 61}",4.172364672364672,4,False,False
30,30,14,"{'Shell_weight': 'aboveMean', 'Shucked_weight': 'aboveMean', 'Length': 'aboveMean', 'Whole_weight': 'aboveMean'}",True,Sex,11.455202312138729,"{'F': 62, 'M': 63, 'I': 64}",9.298596589165092,4,False,False
31,31,14,"{'Shell_weight': 'aboveMean', 'Shucked_weight': 'aboveMean', 'Length': 'aboveMean', 'Whole_weight': 'belowMean'}",True,Sex,9.6,"{'F': 65, 'I': 66}",0.0,4,False,False
32,32,15,"{'Shell_weight': 'aboveMean', 'Shucked_weight': 'aboveMean', 'Length': 'belowMean', 'Diameter': 'belowMean'}",True,Sex,9.333333333333334,"{'M': 67, 'I': 68}",0.0,4,False,False
33,33,15,"{'Shell_weight': 'aboveMean', 'Shucked_weight': 'aboveMean', 'Length': 'belowMean', 'Diameter': 'aboveMean'}",True,,8.0,{},0.0,4,False,True
34,34,16,"{'Shell_weight': 'aboveMean', 'Shucked_weight': 'belowMean', 'Whole_weight': 'belowMean', 'Length': 'aboveMean'}",True,Sex,11.25,"{'M': 69, 'F': 70, 'I': 71}",4.35819493006993,4,False,False
35,35,16,"{'Shell_weight': 'aboveMean', 'Shucked_weight': 'belowMean', 'Whole_weight': 'belowMean', 'Length': 'belowMean'}",True,Sex,13.210526315789474,"{'F': 72, 'M': 73, 'I': 74}",10.92822966507177,4,False,False
36,36,17,"{'Shell_weight': 'aboveMean', 'Shucked_weight': 'belowMean', 'Whole_weight': 'aboveMean', 'Diameter': 'aboveMean'}",True,Length,13.555555555555555,"{'aboveMean': 75, 'belowMean': 76}",8.420202020202021,4,False,False
37,37,17,"{'Shell_weight': 'aboveMean', 'Shucked_weight': 'belowMean', 'Whole_weight': 'aboveMean', 'Diameter': 'belowMean'}",True,Length,15.142857142857142,"{'aboveMean': 77, 'belowMean': 78}",10.185714285714285,4,False,False
38,38,18,"{'Shell_weight': 'belowMean', 'Sex': 'F', 'Shucked_weight': 'belowMean', 'Height': 'belowMean', 'Viscera_weight': 'belowMean'}",True,Whole_weight,9.605504587155963,"{'belowMean': 79, 'aboveMean': 80}",6.661230037376827,5,False,False
39,39,18,"{'Shell_weight': 'belowMean', 'Sex': 'F', 'Shucked_weight': 'belowMean', 'Height': 'belowMean', 'Viscera_weight': 'aboveMean'}",True,Diameter,10.6,"{'aboveMean': 81, 'belowMean': 82}",1.7,5,False,False
40,40,19,"{'Shell_weight': 'belowMean', 'Sex': 'F', 'Shucked_weight': 'belowMean', 'Height': 'aboveMean', 'Whole_weight': 'belowMean'}",True,Diameter,10.878787878787879,"{'belowMean': 83, 'aboveMean': 84}",8.789256198347108,5,False,False
41,41,19,"{'Shell_weight': 'belowMean', 'Sex': 'F', 'Shucked_weight': 'belowMean', 'Height': 'aboveMean', 'Whole_weight': 'aboveMean'}",True,,15.0,{},0.0,5,False,True
42,42,20,"{'Shell_weight': 'belowMean', 'Sex': 'F', 'Shucked_weight': 'aboveMean', 'Diameter': 'aboveMean', 'Length': 'aboveMean'}",True,Height,8.89655172413793,"{'aboveMean': 85, 'belowMean': 86}",1.4474306964164976,5,False,False
43,43,20,"{'Shell_weight': 'belowMean', 'Sex': 'F', 'Shucked_weight': 'aboveMean', 'Diameter': 'aboveMean', 'Length': 'belowMean'}",True,,10.0,{},0.0,5,False,True
44,44,21,"{'Shell_weight': 'belowMean', 'Sex': 'F', 'Shucked_weight': 'aboveMean', 'Diameter': 'belowMean', 'Length': 'aboveMean'}",True,,8.0,{},0.0,5,False,True
45,45,21,"{'Shell_weight': 'belowMean', 'Sex': 'F', 'Shucked_weight': 'aboveMean', 'Diameter': 'belowMean', 'Length': 'belowMean'}",True,,9.0,{},0.0,5,False,True
46,46,22,"{'Shell_weight': 'belowMean', 'Sex': 'M', 'Height': 'belowMean', 'Length': 'belowMean', 'Viscera_weight': 'belowMean'}",True,Shucked_weight,8.746153846153845,"{'belowMean': 87, 'aboveMean': 88}",5.4644078144078145,5,False,False
47,47,22,"{'Shell_weight': 'belowMean', 'Sex': 'M', 'Height': 'belowMean', 'Length': 'belowMean', 'Viscera_weight': 'aboveMean'}",True,Diameter,9.666666666666666,"{'belowMean': 89, 'aboveMean': 90}",0.16666666666666666,5,False,False
48,48,23,"{'Shell_weight': 'belowMean', 'Sex': 'M', 'Height': 'belowMean', 'Length': 'aboveMean', 'Viscera_weight': 'aboveMean'}",True,Whole_weight,8.5,"{'belowMean': 91, 'aboveMean': 92}",0.4583333333333333,5,False,False
49,49,23,"{'Shell_weight': 'belowMean', 'Sex': 'M', 'Height': 'belowMean', 'Length': 'aboveMean', 'Viscera_weight': 'belowMean'}",True,Shucked_weight,9.625,"{'belowMean': 93, 'aboveMean': 94}",2.4333333333333336,5,False,False
50,50,24,"{'Shell_weight': 'belowMean', 'Sex': 'M', 'Height': 'aboveMean', 'Length': 'aboveMean', 'Shucked_weight': 'belowMean'}",True,Diameter,10.2,"{'aboveMean': 95, 'belowMean': 96}",1.6,5,False,False
51,51,24,"{'Shell_weight': 'belowMean', 'Sex': 'M', 'Height': 'aboveMean', 'Length': 'aboveMean', 'Shucked_weight': 'aboveMean'}",True,Viscera_weight,8.6,"{'aboveMean': 97, 'belowMean': 98}",0.5055555555555555,5,False,False
52,52,25,"{'Shell_weight': 'belowMean', 'Sex': 'M', 'Height': 'aboveMean', 'Length': 'belowMean', 'Viscera_weight': 'aboveMean'}",True,Diameter,12.857142857142858,"{'aboveMean': 99, 'belowMean': 100}",5.714285714285714,5,False,False
53,53,25,"{'Shell_weight': 'belowMean', 'Sex': 'M', 'Height': 'aboveMean', 'Length': 'belowMean', 'Viscera_weight': 'belowMean'}",True,Shucked_weight,10.578947368421053,"{'belowMean': 101, 'aboveMean': 102}",10.261609907120743,5,False,False
54,54,26,"{'Shell_weight': 'belowMean', 'Sex': 'I', 'Height': 'belowMean', 'Length': 'belowMean', 'Diameter': 'belowMean'}",True,Viscera_weight,7.018518518518518,"{'belowMean': 103, 'aboveMean': 104}",3.7246151039254487,5,False,False
55,55,26,"{'Shell_weight': 'belowMean', 'Sex': 'I', 'Height': 'belowMean', 'Length': 'belowMean', 'Diameter': 'aboveMean'}",True,Shucked_weight,8.333333333333334,{'belowMean': 105},0.2222222222222222,5,False,False
56,56,27,"{'Shell_weight': 'belowMean', 'Sex': 'I', 'Height': 'belowMean', 'Length': 'aboveMean', 'Diameter': 'belowMean'}",True,Shucked_weight,8.333333333333334,{'belowMean': 106},0.3888888888888889,5,False,False
57,57,27,"{'Shell_weight': 'belowMean', 'Sex': 'I', 'Height': 'belowMean', 'Length': 'aboveMean', 'Diameter': 'aboveMean'}",True,Whole_weight,9.0,"{'belowMean': 107, 'aboveMean': 108}",1.0521978021978022,5,False,False
58,58,28,"{'Shell_weight': 'belowMean', 'Sex': 'I', 'Height': 'aboveMean', 'Length': 'aboveMean', 'Shucked_weight': 'belowMean'}",True,Whole_weight,10.875,"{'belowMean': 109, 'aboveMean': 110}",7.4750000000000005,5,False,False
59,59,28,"{'Shell_weight': 'belowMean', 'Sex': 'I', 'Height': 'aboveMean', 'Length': 'aboveMean', 'Shucked_weight': 'aboveMean'}",True,Whole_weight,9.875,"{'belowMean': 111, 'aboveMean': 112}",0.96875,5,False,False
60,60,29,"{'Shell_weight': 'belowMean', 'Sex': 'I', 'Height': 'aboveMean', 'Length': 'belowMean', 'Shucked_weight': 'belowMean'}",True,Diameter,9.884615384615385,"{'belowMean': 113, 'aboveMean': 114}",4.200694042799306,5,False,False
61,61,29,"{'Shell_weight': 'belowMean', 'Sex': 'I', 'Height': 'aboveMean', 'Length': 'belowMean', 'Shucked_weight': 'aboveMean'}",True,,7.0,{},0.0,5,False,True
62,62,30,"{'Shell_weight': 'aboveMean', 'Shucked_weight': 'aboveMean', 'Length': 'aboveMean', 'Whole_weight': 'aboveMean', 'Sex': 'F'}",True,Diameter,11.60655737704918,"{'aboveMean': 115, 'belowMean': 116}",10.253721999059096,5,False,False
63,63,30,"{'Shell_weight': 'aboveMean', 'Shucked_weight': 'aboveMean', 'Length': 'aboveMean', 'Whole_weight': 'aboveMean', 'Sex': 'M'}",True,Viscera_weight,11.30945558739255,"{'aboveMean': 117, 'belowMean': 118}",8.59167590179272,5,False,False
64,64,30,"{'Shell_weight': 'aboveMean', 'Shucked_weight': 'aboveMean', 'Length': 'aboveMean', 'Whole_weight': 'aboveMean', 'Sex': 'I'}",True,Height,11.578947368421053,"{'aboveMean': 119, 'belowMean': 120}",7.147368421052632,5,False,False
65,65,31,"{'Shell_weight': 'aboveMean', 'Shucked_weight': 'aboveMean', 'Length': 'aboveMean', 'Whole_weight': 'belowMean', 'Sex': 'F'}",True,,9.0,{},0.0,5,False,True
66,66,31,"{'Shell_weight': 'aboveMean', 'Shucked_weight': 'aboveMean', 'Length': 'aboveMean', 'Whole_weight': 'belowMean', 'Sex': 'I'}",True,,10.0,{},0.0,5,False,True
67,67,32,"{'Shell_weight': 'aboveMean', 'Shucked_weight': 'aboveMean', 'Length': 'belowMean', 'Diameter': 'belowMean', 'Sex': 'M'}",True,,9.0,{},0.0,5,False,True
68,68,32,"{'Shell_weight': 'aboveMean', 'Shucked_weight': 'aboveMean', 'Length': 'belowMean', 'Diameter': 'belowMean', 'Sex': 'I'}",True,,10.0,{},0.0,5,False,True
69,69,34,"{'Shell_weight': 'aboveMean', 'Shucked_weight': 'belowMean', 'Whole_weight': 'belowMean', 'Length': 'aboveMean', 'Sex': 'M'}",True,Viscera_weight,11.8125,"{'belowMean': 121, 'aboveMean': 122}",2.576923076923077,5,False,False
70,70,34,"{'Shell_weight': 'aboveMean', 'Shucked_weight': 'belowMean', 'Whole_weight': 'belowMean', 'Length': 'aboveMean', 'Sex': 'F'}",True,Height,11.8,"{'aboveMean': 123, 'belowMean': 124}",8.338461538461539,5,False,False
71,71,34,"{'Shell_weight': 'aboveMean', 'Shucked_weight': 'belowMean', 'Whole_weight': 'belowMean', 'Length': 'aboveMean', 'Sex': 'I'}",True,Height,9.923076923076923,"{'aboveMean': 125, 'belowMean': 126}",0.9538461538461539,5,False,False
72,72,35,"{'Shell_weight': 'aboveMean', 'Shucked_weight': 'belowMean', 'Whole_weight': 'belowMean', 'Length': 'belowMean', 'Sex': 'F'}",True,Diameter,15.0,"{'aboveMean': 127, 'belowMean': 128}",10.9,5,False,False
73,73,35,"{'Shell_weight': 'aboveMean', 'Shucked_weight': 'belowMean', 'Whole_weight': 'belowMean', 'Length': 'belowMean', 'Sex': 'M'}",True,Height,12.181818181818182,"{'aboveMean': 129, 'belowMean': 130}",7.106060606060606,5,False,False
74,74,35,"{'Shell_weight': 'aboveMean', 'Shucked_weight': 'belowMean', 'Whole_weight': 'belowMean', 'Length': 'belowMean', 'Sex': 'I'}",True,Viscera_weight,14.0,"{'belowMean': 131, 'aboveMean': 132}",2.6666666666666665,5,False,False
75,75,36,"{'Shell_weight': 'aboveMean', 'Shucked_weight': 'belowMean', 'Whole_weight': 'aboveMean', 'Diameter': 'aboveMean', 'Length': 'aboveMean'}",True,Height,13.454545454545455,"{'aboveMean': 133, 'belowMean': 134}",8.496969696969698,5,False,False
76,76,36,"{'Shell_weight': 'aboveMean', 'Shucked_weight': 'belowMean', 'Whole_weight': 'aboveMean', 'Diameter': 'aboveMean', 'Length': 'belowMean'}",True,,18.0,{},0.0,5,False,True
77,77,37,"{'Shell_weight': 'aboveMean', 'Shucked_weight': 'belowMean', 'Whole_weight': 'aboveMean', 'Diameter': 'belowMean', 'Length': 'aboveMean'}",True,Sex,16.2,"{'F': 135, 'M': 136}",13.73333333333333,5,False,False
78,78,37,"{'Shell_weight': 'aboveMean', 'Shucked_weight': 'belowMean', 'Whole_weight': 'aboveMean', 'Diameter': 'belowMean', 'Length': 'belowMean'}",True,Height,12.5,"{'aboveMean': 137, 'belowMean': 138}",0.0,5,False,False
79,79,38,"{'Shell_weight': 'belowMean', 'Sex': 'F', 'Shucked_weight': 'belowMean', 'Height': 'belowMean', 'Viscera_weight': 'belowMean', 'Whole_weight': 'belowMean'}",True,Diameter,9.592592592592593,"{'aboveMean': 139, 'belowMean': 140}",6.721043532924721,6,False,False
80,80,38,"{'Shell_weight': 'belowMean', 'Sex': 'F', 'Shucked_weight': 'belowMean', 'Height': 'belowMean', 'Viscera_weight': 'belowMean', 'Whole_weight': 'aboveMean'}",True,,11.0,{},0.0,6,False,True
81,81,39,"{'Shell_weight': 'belowMean', 'Sex': 'F', 'Shucked_weight': 'belowMean', 'Height': 'belowMean', 'Viscera_weight': 'aboveMean', 'Diameter': 'aboveMean'}",True,Whole_weight,8.0,"{'belowMean': 141, 'aboveMean': 142}",0.6666666666666666,6,False,False
82,82,39,"{'Shell_weight': 'belowMean', 'Sex': 'F', 'Shucked_weight': 'belowMean', 'Height': 'belowMean', 'Viscera_weight': 'aboveMean', 'Diameter': 'belowMean'}",True,Length,14.5,"{'belowMean': 143, 'aboveMean': 144}",0.0,6,False,False
83,83,40,"{'Shell_weight': 'belowMean', 'Sex': 'F', 'Shucked_weight': 'belowMean', 'Height': 'aboveMean', 'Whole_weight': 'belowMean', 'Diameter': 'belowMean'}",True,Viscera_weight,10.5,"{'belowMean': 145, 'aboveMean': 146}",7.961038961038961,6,False,False
84,84,40,"{'Shell_weight': 'belowMean', 'Sex': 'F', 'Shucked_weight': 'belowMean', 'Height': 'aboveMean', 'Whole_weight': 'belowMean', 'Diameter': 'aboveMean'}",True,Length,11.636363636363637,"{'belowMean': 147, 'aboveMean': 148}",9.534090909090908,6,False,False
85,85,42,"{'Shell_weight': 'belowMean', 'Sex': 'F', 'Shucked_weight': 'aboveMean', 'Diameter': 'aboveMean', 'Length': 'aboveMean', 'Height': 'aboveMean'}",True,Whole_weight,8.764705882352942,"{'belowMean': 149, 'aboveMean': 150}",0.7176470588235294,6,False,False
86,86,42,"{'Shell_weight': 'belowMean', 'Sex': 'F', 'Shucked_weight': 'aboveMean', 'Diameter': 'aboveMean', 'Length': 'aboveMean', 'Height': 'belowMean'}",True,Whole_weight,9.083333333333334,"{'aboveMean': 151, 'belowMean': 152}",1.402777777777778,6,False,False
87,87,46,"{'Shell_weight': 'belowMean', 'Sex': 'M', 'Height': 'belowMean', 'Length': 'belowMean', 'Viscera_weight': 'belowMean', 'Shucked_weight': 'belowMean'}",True,Diameter,8.753968253968255,"{'belowMean': 153, 'aboveMean': 154}",5.596722157697767,6,False,False
88,88,46,"{'Shell_weight': 'belowMean', 'Sex': 'M', 'Height': 'belowMean', 'Length': 'belowMean', 'Viscera_weight': 'belowMean', 'Shucked_weight': 'aboveMean'}",True,Diameter,8.5,{'belowMean': 155},1.25,6,False,False
89,89,47,"{'Shell_weight': 'belowMean', 'Sex': 'M', 'Height': 'belowMean', 'Length': 'belowMean', 'Viscera_weight': 'aboveMean', 'Diameter': 'belowMean'}",True,Shucked_weight,10.5,{'belowMean': 156},0.25,6,False,False
90,90,47,"{'Shell_weight': 'belowMean', 'Sex': 'M', 'Height': 'belowMean', 'Length': 'belowMean', 'Viscera_weight': 'aboveMean', 'Diameter': 'aboveMean'}",True,,8.0,{},0.0,6,False,True
91,91,48,"{'Shell_weight': 'belowMean', 'Sex': 'M', 'Height': 'belowMean', 'Length': 'aboveMean', 'Viscera_weight': 'aboveMean', 'Whole_weight': 'belowMean'}",True,Shucked_weight,8.25,"{'belowMean': 157, 'aboveMean': 158}",0.625,6,False,False
92,92,48,"{'Shell_weight': 'belowMean', 'Sex': 'M', 'Height': 'belowMean', 'Length': 'aboveMean', 'Viscera_weight': 'aboveMean', 'Whole_weight': 'aboveMean'}",True,,9.0,{},0.0,6,False,True
93,93,49,"{'Shell_weight': 'belowMean', 'Sex': 'M', 'Height': 'belowMean', 'Length': 'aboveMean', 'Viscera_weight': 'belowMean', 'Shucked_weight': 'belowMean'}",True,Diameter,9.8,"{'aboveMean': 159, 'belowMean': 160}",3.4666666666666663,6,False,False
94,94,49,"{'Shell_weight': 'belowMean', 'Sex': 'M', 'Height': 'belowMean', 'Length': 'aboveMean', 'Viscera_weight': 'belowMean', 'Shucked_weight': 'aboveMean'}",True,Whole_weight,9.333333333333334,"{'belowMean': 161, 'aboveMean': 162}",0.3333333333333333,6,False,False
95,95,50,"{'Shell_weight': 'belowMean', 'Sex': 'M', 'Height': 'aboveMean', 'Length': 'aboveMean', 'Shucked_weight': 'belowMean', 'Diameter': 'aboveMean'}",True,Viscera_weight,10.0,{'belowMean': 163},2.0,6,False,False
96,96,50,"{'Shell_weight': 'belowMean', 'Sex': 'M', 'Height': 'aboveMean', 'Length': 'aboveMean', 'Shucked_weight': 'belowMean', 'Diameter': 'belowMean'}",True,,11.0,{},0.0,6,False,True
97,97,51,"{'Shell_weight': 'belowMean', 'Sex': 'M', 'Height': 'aboveMean', 'Length': 'aboveMean', 'Shucked_weight': 'aboveMean', 'Viscera_weight': 'aboveMean'}",True,Whole_weight,8.416666666666666,"{'aboveMean': 164, 'belowMean': 165}",0.39393939393939387,6,False,False
98,98,51,"{'Shell_weight': 'belowMean', 'Sex': 'M', 'Height': 'aboveMean', 'Length': 'aboveMean', 'Shucked_weight': 'aboveMean', 'Viscera_weight': 'belowMean'}",True,Whole_weight,9.333333333333334,"{'aboveMean': 166, 'belowMean': 167}",0.6666666666666666,6,False,False
99,99,52,"{'Shell_weight': 'belowMean', 'Sex': 'M', 'Height': 'aboveMean', 'Length': 'belowMean', 'Viscera_weight': 'aboveMean', 'Diameter': 'aboveMean'}",True,Shucked_weight,15.0,"{'aboveMean': 168, 'belowMean': 169}",0.0,6,False,False
100,100,52,"{'Shell_weight': 'belowMean', 'Sex': 'M', 'Height': 'aboveMean', 'Length': 'belowMean', 'Viscera_weight': 'aboveMean', 'Diameter': 'belowMean'}",True,Shucked_weight,12.0,{'belowMean': 170},7.6,6,False,False
101,101,53,"{'Shell_weight': 'belowMean', 'Sex': 'M', 'Height': 'aboveMean', 'Length': 'belowMean', 'Viscera_weight': 'belowMean', 'Shucked_weight': 'belowMean'}",True,Diameter,10.823529411764707,"{'aboveMean': 171, 'belowMean': 172}",10.760784313725491,6,False,False
102,102,53,"{'Shell_weight': 'belowMean', 'Sex': 'M', 'Height': 'aboveMean', 'Length': 'belowMean', 'Viscera_weight': 'belowMean', 'Shucked_weight': 'aboveMean'}",True,Diameter,8.5,{'belowMean': 173},2.25,6,False,False
103,103,54,"{'Shell_weight': 'belowMean', 'Sex': 'I', 'Height': 'belowMean', 'Length': 'belowMean', 'Diameter': 'belowMean', 'Viscera_weight': 'belowMean'}",True,Shucked_weight,7.015915119363395,"{'belowMean': 174, 'aboveMean': 175}",3.734494045939387,6,False,False
104,104,54,"{'Shell_weight': 'belowMean', 'Sex': 'I', 'Height': 'belowMean', 'Length': 'belowMean', 'Diameter': 'belowMean', 'Viscera_weight': 'aboveMean'}",True,,8.0,{},0.0,6,False,True
105,105,55,"{'Shell_weight': 'belowMean', 'Sex': 'I', 'Height': 'belowMean', 'Length': 'belowMean', 'Diameter': 'aboveMean', 'Shucked_weight': 'belowMean'}",True,Viscera_weight,8.333333333333334,{'belowMean': 176},0.2222222222222222,6,False,False
106,106,56,"{'Shell_weight': 'belowMean', 'Sex': 'I', 'Height': 'belowMean', 'Length': 'aboveMean', 'Diameter': 'belowMean', 'Shucked_weight': 'belowMean'}",True,Viscera_weight,8.333333333333334,{'belowMean': 177},0.3888888888888889,6,False,False
107,107,57,"{'Shell_weight': 'belowMean', 'Sex': 'I', 'Height': 'belowMean', 'Length': 'aboveMean', 'Diameter': 'aboveMean', 'Whole_weight': 'belowMean'}",True,Viscera_weight,8.961538461538462,"{'belowMean': 178, 'aboveMean': 179}",1.1025641025641024,6,False,False
108,108,57,"{'Shell_weight': 'belowMean', 'Sex': 'I', 'Height': 'belowMean', 'Length': 'aboveMean', 'Diameter': 'aboveMean', 'Whole_weight': 'aboveMean'}",True,Shucked_weight,9.5,{'aboveMean': 180},0.25,6,False,False
109,109,58,"{'Shell_weight': 'belowMean', 'Sex': 'I', 'Height': 'aboveMean', 'Length': 'aboveMean', 'Shucked_weight': 'belowMean', 'Whole_weight': 'belowMean'}",True,Diameter,10.4,"{'aboveMean': 181, 'belowMean': 182}",7.838888888888889,6,False,False
110,110,58,"{'Shell_weight': 'belowMean', 'Sex': 'I', 'Height': 'aboveMean', 'Length': 'aboveMean', 'Shucked_weight': 'belowMean', 'Whole_weight': 'aboveMean'}",True,,18.0,{},0.0,6,False,True
111,111,59,"{'Shell_weight': 'belowMean', 'Sex': 'I', 'Height': 'aboveMean', 'Length': 'aboveMean', 'Shucked_weight': 'aboveMean', 'Whole_weight': 'belowMean'}",True,Diameter,10.25,{'aboveMean': 183},0.6875,6,False,False
112,112,59,"{'Shell_weight': 'belowMean', 'Sex': 'I', 'Height': 'aboveMean', 'Length': 'aboveMean', 'Shucked_weight': 'aboveMean', 'Whole_weight': 'aboveMean'}",True,Diameter,9.5,{'aboveMean': 184},1.25,6,False,False
113,113,60,"{'Shell_weight': 'belowMean', 'Sex': 'I', 'Height': 'aboveMean', 'Length': 'belowMean', 'Shucked_weight': 'belowMean', 'Diameter': 'belowMean'}",True,Viscera_weight,10.105263157894736,{'belowMean': 185},5.146814404432132,6,False,False
114,114,60,"{'Shell_weight': 'belowMean', 'Sex': 'I', 'Height': 'aboveMean', 'Length': 'belowMean', 'Shucked_weight': 'belowMean', 'Diameter': 'aboveMean'}",True,Viscera_weight,9.285714285714286,{'belowMean': 186},1.6326530612244898,6,False,False
115,115,62,"{'Shell_weight': 'aboveMean', 'Shucked_weight': 'aboveMean', 'Length': 'aboveMean', 'Whole_weight': 'aboveMean', 'Sex': 'F', 'Diameter': 'aboveMean'}",True,Height,11.625827814569536,"{'aboveMean': 187, 'belowMean': 188}",10.345920459459068,6,False,False
116,116,62,"{'Shell_weight': 'aboveMean', 'Shucked_weight': 'aboveMean', 'Length': 'aboveMean', 'Whole_weight': 'aboveMean', 'Sex': 'F', 'Diameter': 'belowMean'}",True,Height,9.666666666666666,{'aboveMean': 189},0.2222222222222222,6,False,False
117,117,63,"{'Shell_weight': 'aboveMean', 'Shucked_weight': 'aboveMean', 'Length': 'aboveMean', 'Whole_weight': 'aboveMean', 'Sex': 'M', 'Viscera_weight': 'aboveMean'}",True,Height,11.289940828402367,"{'aboveMean': 190, 'belowMean': 191}",8.496303579160053,6,False,False
118,118,63,"{'Shell_weight': 'aboveMean', 'Shucked_weight': 'aboveMean', 'Length': 'aboveMean', 'Whole_weight': 'aboveMean', 'Sex': 'M', 'Viscera_weight': 'belowMean'}",True,Diameter,11.909090909090908,{'aboveMean': 192},11.173553719008265,6,False,False
119,119,64,"{'Shell_weight': 'aboveMean', 'Shucked_weight': 'aboveMean', 'Length': 'aboveMean', 'Whole_weight': 'aboveMean', 'Sex': 'I', 'Height': 'aboveMean'}",True,Viscera_weight,11.8,"{'aboveMean': 193, 'belowMean': 194}",7.341935483870967,6,False,False
120,120,64,"{'Shell_weight': 'aboveMean', 'Shucked_weight': 'aboveMean', 'Length': 'aboveMean', 'Whole_weight': 'aboveMean', 'Sex': 'I', 'Height': 'belowMean'}",True,,9.0,{},0.0,6,False,True
121,121,69,"{'Shell_weight': 'aboveMean', 'Shucked_weight': 'belowMean', 'Whole_weight': 'belowMean', 'Length': 'aboveMean', 'Sex': 'M', 'Viscera_weight': 'belowMean'}",True,Height,11.538461538461538,"{'belowMean': 195, 'aboveMean': 196}",1.8696581196581197,6,False,False
122,122,69,"{'Shell_weight': 'aboveMean', 'Shucked_weight': 'belowMean', 'Whole_weight': 'belowMean', 'Length': 'aboveMean', 'Sex': 'M', 'Viscera_weight': 'aboveMean'}",True,Height,13.0,"{'belowMean': 197, 'aboveMean': 198}",2.6666666666666665,6,False,False
123,123,70,"{'Shell_weight': 'aboveMean', 'Shucked_weight': 'belowMean', 'Whole_weight': 'belowMean', 'Length': 'aboveMean', 'Sex': 'F', 'Height': 'aboveMean'}",True,Viscera_weight,11.615384615384615,"{'aboveMean': 199, 'belowMean': 200}",9.613247863247862,6,False,False
124,124,70,"{'Shell_weight': 'aboveMean', 'Shucked_weight': 'belowMean', 'Whole_weight': 'belowMean', 'Length': 'aboveMean', 'Sex': 'F', 'Height': 'belowMean'}",True,,13.0,{},0.0,6,False,True
125,125,71,"{'Shell_weight': 'aboveMean', 'Shucked_weight': 'belowMean', 'Whole_weight': 'belowMean', 'Length': 'aboveMean', 'Sex': 'I', 'Height': 'aboveMean'}",True,Viscera_weight,9.6,"{'belowMean': 201, 'aboveMean': 202}",0.7555555555555555,6,False,False
126,126,71,"{'Shell_weight': 'aboveMean', 'Shucked_weight': 'belowMean', 'Whole_weight': 'belowMean', 'Length': 'aboveMean', 'Sex': 'I', 'Height': 'belowMean'}",True,Diameter,11.0,{'aboveMean': 203},0.6666666666666666,6,False,False
127,127,72,"{'Shell_weight': 'aboveMean', 'Shucked_weight': 'belowMean', 'Whole_weight': 'belowMean', 'Length': 'belowMean', 'Sex': 'F', 'Diameter': 'aboveMean'}",True,Viscera_weight,13.5,"{'belowMean': 204, 'aboveMean': 205}",0.0,6,False,False
128,128,72,"{'Shell_weight': 'aboveMean', 'Shucked_weight': 'belowMean', 'Whole_weight': 'belowMean', 'Length': 'belowMean', 'Sex': 'F', 'Diameter': 'belowMean'}",True,Height,16.0,{'aboveMean': 206},18.0,6,False,False
129,129,73,"{'Shell_weight': 'aboveMean', 'Shucked_weight': 'belowMean', 'Whole_weight': 'belowMean', 'Length': 'belowMean', 'Sex': 'M', 'Height': 'aboveMean'}",True,Diameter,11.75,"{'belowMean': 207, 'aboveMean': 208}",5.166666666666667,6,False,False
130,130,73,"{'Shell_weight': 'aboveMean', 'Shucked_weight': 'belowMean', 'Whole_weight': 'belowMean', 'Length': 'belowMean', 'Sex': 'M', 'Height': 'belowMean'}",True,Diameter,13.333333333333334,"{'belowMean': 209, 'aboveMean': 210}",0.16666666666666666,6,False,False
131,131,74,"{'Shell_weight': 'aboveMean', 'Shucked_weight': 'belowMean', 'Whole_weight': 'belowMean', 'Length': 'belowMean', 'Sex': 'I', 'Viscera_weight': 'belowMean'}",True,Diameter,17.0,{'belowMean': 211},4.0,6,False,False
132,132,74,"{'Shell_weight': 'aboveMean', 'Shucked_weight': 'belowMean', 'Whole_weight': 'belowMean', 'Length': 'belowMean', 'Sex': 'I', 'Viscera_weight': 'aboveMean'}",True,,8.0,{},0.0,6,False,True
133,133,75,"{'Shell_weight': 'aboveMean', 'Shucked_weight': 'belowMean', 'Whole_weight': 'aboveMean', 'Diameter': 'aboveMean', 'Length': 'aboveMean', 'Height': 'aboveMean'}",True,Sex,13.333333333333334,"{'F': 212, 'M': 213, 'I': 214}",6.705128205128205,6,False,False
134,134,75,"{'Shell_weight': 'aboveMean', 'Shucked_weight': 'belowMean', 'Whole_weight': 'aboveMean', 'Diameter': 'aboveMean', 'Length': 'aboveMean', 'Height': 'belowMean'}",True,Sex,14.4,"{'F': 215, 'M': 216, 'I': 217}",6.533333333333333,6,False,False
135,135,77,"{'Shell_weight': 'aboveMean', 'Shucked_weight': 'belowMean', 'Whole_weight': 'aboveMean', 'Diameter': 'belowMean', 'Length': 'aboveMean', 'Sex': 'F'}",True,Height,17.0,"{'belowMean': 218, 'aboveMean': 219}",0.0,6,False,False
136,136,77,"{'Shell_weight': 'aboveMean', 'Shucked_weight': 'belowMean', 'Whole_weight': 'aboveMean', 'Diameter': 'belowMean', 'Length': 'aboveMean', 'Sex': 'M'}",True,Height,15.666666666666666,{'aboveMean': 220},22.222222222222218,6,False,False
137,137,78,"{'Shell_weight': 'aboveMean', 'Shucked_weight': 'belowMean', 'Whole_weight': 'aboveMean', 'Diameter': 'belowMean', 'Length': 'belowMean', 'Height': 'aboveMean'}",True,,12.0,{},0.0,6,False,True
138,138,78,"{'Shell_weight': 'aboveMean', 'Shucked_weight': 'belowMean', 'Whole_weight': 'aboveMean', 'Diameter': 'belowMean', 'Length': 'belowMean', 'Height': 'belowMean'}",True,,13.0,{},0.0,6,False,True
139,139,79,"{'Shell_weight': 'belowMean', 'Sex': 'F', 'Shucked_weight': 'belowMean', 'Height': 'belowMean', 'Viscera_weight': 'belowMean', 'Whole_weight': 'belowMean', 'Diameter': 'aboveMean'}",True,,9.428571428571429,{},0.0,7,False,True
140,140,79,"{'Shell_weight': 'belowMean', 'Sex': 'F', 'Shucked_weight': 'belowMean', 'Height': 'belowMean', 'Viscera_weight': 'belowMean', 'Whole_weight': 'belowMean', 'Diameter': 'belowMean'}",True,,9.603960396039604,{},0.0,7,False,True
141,141,81,"{'Shell_weight': 'belowMean', 'Sex': 'F', 'Shucked_weight': 'belowMean', 'Height': 'belowMean', 'Viscera_weight': 'aboveMean', 'Diameter': 'aboveMean', 'Whole_weight': 'belowMean'}",True,,9.0,{},0.0,7,False,True
142,142,81,"{'Shell_weight': 'belowMean', 'Sex': 'F', 'Shucked_weight': 'belowMean', 'Height': 'belowMean', 'Viscera_weight': 'aboveMean', 'Diameter': 'aboveMean', 'Whole_weight': 'aboveMean'}",True,,6.0,{},0.0,7,False,True
143,143,82,"{'Shell_weight': 'belowMean', 'Sex': 'F', 'Shucked_weight': 'belowMean', 'Height': 'belowMean', 'Viscera_weight': 'aboveMean', 'Diameter': 'belowMean', 'Length': 'belowMean'}",True,,15.0,{},0.0,7,False,True
144,144,82,"{'Shell_weight': 'belowMean', 'Sex': 'F', 'Shucked_weight': 'belowMean', 'Height': 'belowMean', 'Viscera_weight': 'aboveMean', 'Diameter': 'belowMean', 'Length': 'aboveMean'}",True,,14.0,{},0.0,7,False,True
145,145,83,"{'Shell_weight': 'belowMean', 'Sex': 'F', 'Shucked_weight': 'belowMean', 'Height': 'aboveMean', 'Whole_weight': 'belowMean', 'Diameter': 'belowMean', 'Viscera_weight': 'belowMean'}",True,,10.571428571428571,{},0.0,7,False,True
146,146,83,"{'Shell_weight': 'belowMean', 'Sex': 'F', 'Shucked_weight': 'belowMean', 'Height': 'aboveMean', 'Whole_weight': 'belowMean', 'Diameter': 'belowMean', 'Viscera_weight': 'aboveMean'}",True,,9.0,{},0.0,7,False,True
147,147,84,"{'Shell_weight': 'belowMean', 'Sex': 'F', 'Shucked_weight': 'belowMean', 'Height': 'aboveMean', 'Whole_weight': 'belowMean', 'Diameter': 'aboveMean', 'Length': 'belowMean'}",True,,13.0,{},0.0,7,False,True
148,148,84,"{'Shell_weight': 'belowMean', 'Sex': 'F', 'Shucked_weight': 'belowMean', 'Height': 'aboveMean', 'Whole_weight': 'belowMean', 'Diameter': 'aboveMean', 'Length': 'aboveMean'}",True,,11.125,{},0.0,7,False,True
149,149,85,"{'Shell_weight': 'belowMean', 'Sex': 'F', 'Shucked_weight': 'aboveMean', 'Diameter': 'aboveMean', 'Length': 'aboveMean', 'Height': 'aboveMean', 'Whole_weight': 'belowMean'}",True,,9.4,{},0.0,7,False,True
150,150,85,"{'Shell_weight': 'belowMean', 'Sex': 'F', 'Shucked_weight': 'aboveMean', 'Diameter': 'aboveMean', 'Length': 'aboveMean', 'Height': 'aboveMean', 'Whole_weight': 'aboveMean'}",True,,8.5,{},0.0,7,False,True
151,151,86,"{'Shell_weight': 'belowMean', 'Sex': 'F', 'Shucked_weight': 'aboveMean', 'Diameter': 'aboveMean', 'Length': 'aboveMean', 'Height': 'belowMean', 'Whole_weight': 'aboveMean'}",True,,10.0,{},0.0,7,False,True
152,152,86,"{'Shell_weight': 'belowMean', 'Sex': 'F', 'Shucked_weight': 'aboveMean', 'Diameter': 'aboveMean', 'Length': 'aboveMean', 'Height': 'belowMean', 'Whole_weight': 'belowMean'}",True,,8.166666666666666,{},0.0,7,False,True
153,153,87,"{'Shell_weight': 'belowMean', 'Sex': 'M', 'Height': 'belowMean', 'Length': 'belowMean', 'Viscera_weight': 'belowMean', 'Shucked_weight': 'belowMean', 'Diameter': 'belowMean'}",True,,8.747967479674797,{},0.0,7,False,True
154,154,87,"{'Shell_weight': 'belowMean', 'Sex': 'M', 'Height': 'belowMean', 'Length': 'belowMean', 'Viscera_weight': 'belowMean', 'Shucked_weight': 'belowMean', 'Diameter': 'aboveMean'}",True,,9.0,{},0.0,7,False,True
155,155,88,"{'Shell_weight': 'belowMean', 'Sex': 'M', 'Height': 'belowMean', 'Length': 'belowMean', 'Viscera_weight': 'belowMean', 'Shucked_weight': 'aboveMean', 'Diameter': 'belowMean'}",True,,8.5,{},0.0,7,False,True
156,156,89,"{'Shell_weight': 'belowMean', 'Sex': 'M', 'Height': 'belowMean', 'Length': 'belowMean', 'Viscera_weight': 'aboveMean', 'Diameter': 'belowMean', 'Shucked_weight': 'belowMean'}",True,,10.5,{},0.0,7,False,True
157,157,91,"{'Shell_weight': 'belowMean', 'Sex': 'M', 'Height': 'belowMean', 'Length': 'aboveMean', 'Viscera_weight': 'aboveMean', 'Whole_weight': 'belowMean', 'Shucked_weight': 'belowMean'}",True,,8.5,{},0.0,7,False,True
158,158,91,"{'Shell_weight': 'belowMean', 'Sex': 'M', 'Height': 'belowMean', 'Length': 'aboveMean', 'Viscera_weight': 'aboveMean', 'Whole_weight': 'belowMean', 'Shucked_weight': 'aboveMean'}",True,,8.0,{},0.0,7,False,True
159,159,93,"{'Shell_weight': 'belowMean', 'Sex': 'M', 'Height': 'belowMean', 'Length': 'aboveMean', 'Viscera_weight': 'belowMean', 'Shucked_weight': 'belowMean', 'Diameter': 'aboveMean'}",True,,10.0,{},0.0,7,False,True
160,160,93,"{'Shell_weight': 'belowMean', 'Sex': 'M', 'Height': 'belowMean', 'Length': 'aboveMean', 'Viscera_weight': 'belowMean', 'Shucked_weight': 'belowMean', 'Diameter': 'belowMean'}",True,,9.333333333333334,{},0.0,7,False,True
161,161,94,"{'Shell_weight': 'belowMean', 'Sex': 'M', 'Height': 'belowMean', 'Length': 'aboveMean', 'Viscera_weight': 'belowMean', 'Shucked_weight': 'aboveMean', 'Whole_weight': 'belowMean'}",True,,9.0,{},0.0,7,False,True
162,162,94,"{'Shell_weight': 'belowMean', 'Sex': 'M', 'Height': 'belowMean', 'Length': 'aboveMean', 'Viscera_weight': 'belowMean', 'Shucked_weight': 'aboveMean', 'Whole_weight': 'aboveMean'}",True,,10.0,{},0.0,7,False,True
163,163,95,"{'Shell_weight': 'belowMean', 'Sex': 'M', 'Height': 'aboveMean', 'Length': 'aboveMean', 'Shucked_weight': 'belowMean', 'Diameter': 'aboveMean', 'Viscera_weight': 'belowMean'}",True,,10.0,{},0.0,7,False,True
164,164,97,"{'Shell_weight': 'belowMean', 'Sex': 'M', 'Height': 'aboveMean', 'Length': 'aboveMean', 'Shucked_weight': 'aboveMean', 'Viscera_weight': 'aboveMean', 'Whole_weight': 'aboveMean'}",True,,8.454545454545455,{},0.0,7,False,True
165,165,97,"{'Shell_weight': 'belowMean', 'Sex': 'M', 'Height': 'aboveMean', 'Length': 'aboveMean', 'Shucked_weight': 'aboveMean', 'Viscera_weight': 'aboveMean', 'Whole_weight': 'belowMean'}",True,,8.0,{},0.0,7,False,True
166,166,98,"{'Shell_weight': 'belowMean', 'Sex': 'M', 'Height': 'aboveMean', 'Length': 'aboveMean', 'Shucked_weight': 'aboveMean', 'Viscera_weight': 'belowMean', 'Whole_weight': 'aboveMean'}",True,,9.0,{},0.0,7,False,True
167,167,98,"{'Shell_weight': 'belowMean', 'Sex': 'M', 'Height': 'aboveMean', 'Length': 'aboveMean', 'Shucked_weight': 'aboveMean', 'Viscera_weight': 'belowMean', 'Whole_weight': 'belowMean'}",True,,10.0,{},0.0,7,False,True
168,168,99,"{'Shell_weight': 'belowMean', 'Sex': 'M', 'Height': 'aboveMean', 'Length': 'belowMean', 'Viscera_weight': 'aboveMean', 'Diameter': 'aboveMean', 'Shucked_weight': 'aboveMean'}",True,,14.0,{},0.0,7,False,True
169,169,99,"{'Shell_weight': 'belowMean', 'Sex': 'M', 'Height': 'aboveMean', 'Length': 'belowMean', 'Viscera_weight': 'aboveMean', 'Diameter': 'aboveMean', 'Shucked_weight': 'belowMean'}",True,,16.0,{},0.0,7,False,True
170,170,100,"{'Shell_weight': 'belowMean', 'Sex': 'M', 'Height': 'aboveMean', 'Length': 'belowMean', 'Viscera_weight': 'aboveMean', 'Diameter': 'belowMean', 'Shucked_weight': 'belowMean'}",True,,12.0,{},0.0,7,False,True
171,171,101,"{'Shell_weight': 'belowMean', 'Sex': 'M', 'Height': 'aboveMean', 'Length': 'belowMean', 'Viscera_weight': 'belowMean', 'Shucked_weight': 'belowMean', 'Diameter': 'aboveMean'}",True,,9.0,{},0.0,7,False,True
172,172,101,"{'Shell_weight': 'belowMean', 'Sex': 'M', 'Height': 'aboveMean', 'Length': 'belowMean', 'Viscera_weight': 'belowMean', 'Shucked_weight': 'belowMean', 'Diameter': 'belowMean'}",True,,11.066666666666666,{},0.0,7,False,True
173,173,102,"{'Shell_weight': 'belowMean', 'Sex': 'M', 'Height': 'aboveMean', 'Length': 'belowMean', 'Viscera_weight': 'belowMean', 'Shucked_weight': 'aboveMean', 'Diameter': 'belowMean'}",True,,8.5,{},0.0,7,False,True
174,174,103,"{'Shell_weight': 'belowMean', 'Sex': 'I', 'Height': 'belowMean', 'Length': 'belowMean', 'Diameter': 'belowMean', 'Viscera_weight': 'belowMean', 'Shucked_weight': 'belowMean'}",True,,7.01595744680851,{},0.0,7,False,True
175,175,103,"{'Shell_weight': 'belowMean', 'Sex': 'I', 'Height': 'belowMean', 'Length': 'belowMean', 'Diameter': 'belowMean', 'Viscera_weight': 'belowMean', 'Shucked_weight': 'aboveMean'}",True,,7.0,{},0.0,7,False,True
176,176,105,"{'Shell_weight': 'belowMean', 'Sex': 'I', 'Height': 'belowMean', 'Length': 'belowMean', 'Diameter': 'aboveMean', 'Shucked_weight': 'belowMean', 'Viscera_weight': 'belowMean'}",True,,8.333333333333334,{},0.0,7,False,True
177,177,106,"{'Shell_weight': 'belowMean', 'Sex': 'I', 'Height': 'belowMean', 'Length': 'aboveMean', 'Diameter': 'belowMean', 'Shucked_weight': 'belowMean', 'Viscera_weight': 'belowMean'}",True,,8.333333333333334,{},0.0,7,False,True
178,178,107,"{'Shell_weight': 'belowMean', 'Sex': 'I', 'Height': 'belowMean', 'Length': 'aboveMean', 'Diameter': 'aboveMean', 'Whole_weight': 'belowMean', 'Viscera_weight': 'belowMean'}",True,,9.0,{},0.0,7,False,True
179,179,107,"{'Shell_weight': 'belowMean', 'Sex': 'I', 'Height': 'belowMean', 'Length': 'aboveMean', 'Diameter': 'aboveMean', 'Whole_weight': 'belowMean', 'Viscera_weight': 'aboveMean'}",True,,8.666666666666666,{},0.0,7,False,True
180,180,108,"{'Shell_weight': 'belowMean', 'Sex': 'I', 'Height': 'belowMean', 'Length': 'aboveMean', 'Diameter': 'aboveMean', 'Whole_weight': 'aboveMean', 'Shucked_weight': 'aboveMean'}",True,,9.5,{},0.0,7,False,True
181,181,109,"{'Shell_weight': 'belowMean', 'Sex': 'I', 'Height': 'aboveMean', 'Length': 'aboveMean', 'Shucked_weight': 'belowMean', 'Whole_weight': 'belowMean', 'Diameter': 'aboveMean'}",True,,10.583333333333334,{},0.0,7,False,True
182,182,109,"{'Shell_weight': 'belowMean', 'Sex': 'I', 'Height': 'aboveMean', 'Length': 'aboveMean', 'Shucked_weight': 'belowMean', 'Whole_weight': 'belowMean', 'Diameter': 'belowMean'}",True,,9.666666666666666,{},0.0,7,False,True
183,183,111,"{'Shell_weight': 'belowMean', 'Sex': 'I', 'Height': 'aboveMean', 'Length': 'aboveMean', 'Shucked_weight': 'aboveMean', 'Whole_weight': 'belowMean', 'Diameter': 'aboveMean'}",True,,10.25,{},0.0,7,False,True
184,184,112,"{'Shell_weight': 'belowMean', 'Sex': 'I', 'Height': 'aboveMean', 'Length': 'aboveMean', 'Shucked_weight': 'aboveMean', 'Whole_weight': 'aboveMean', 'Diameter': 'aboveMean'}",True,,9.5,{},0.0,7,False,True
185,185,113,"{'Shell_weight': 'belowMean', 'Sex': 'I', 'Height': 'aboveMean', 'Length': 'belowMean', 'Shucked_weight': 'belowMean', 'Diameter': 'belowMean', 'Viscera_weight': 'belowMean'}",True,,10.105263157894736,{},0.0,7,False,True
186,186,114,"{'Shell_weight': 'belowMean', 'Sex': 'I', 'Height': 'aboveMean', 'Length': 'belowMean', 'Shucked_weight': 'belowMean', 'Diameter': 'aboveMean', 'Viscera_weight': 'belowMean'}",True,,9.285714285714286,{},0.0,7,False,True
187,187,115,"{'Shell_weight': 'aboveMean', 'Shucked_weight': 'aboveMean', 'Length': 'aboveMean', 'Whole_weight': 'aboveMean', 'Sex': 'F', 'Diameter': 'aboveMean', 'Height': 'aboveMean'}",True,,11.642611683848797,{},0.0,7,False,True
188,188,115,"{'Shell_weight': 'aboveMean', 'Shucked_weight': 'aboveMean', 'Length': 'aboveMean', 'Whole_weight': 'aboveMean', 'Sex': 'F', 'Diameter': 'aboveMean', 'Height': 'belowMean'}",True,,11.181818181818182,{},0.0,7,False,True
189,189,116,"{'Shell_weight': 'aboveMean', 'Shucked_weight': 'aboveMean', 'Length': 'aboveMean', 'Whole_weight': 'aboveMean', 'Sex': 'F', 'Diameter': 'belowMean', 'Height': 'aboveMean'}",True,,9.666666666666666,{},0.0,7,False,True
190,190,117,"{'Shell_weight': 'aboveMean', 'Shucked_weight': 'aboveMean', 'Length': 'aboveMean', 'Whole_weight': 'aboveMean', 'Sex': 'M', 'Viscera_weight': 'aboveMean', 'Height': 'aboveMean'}",True,,11.271341463414634,{},0.0,7,False,True
191,191,117,"{'Shell_weight': 'aboveMean', 'Shucked_weight': 'aboveMean', 'Length': 'aboveMean', 'Whole_weight': 'aboveMean', 'Sex': 'M', 'Viscera_weight': 'aboveMean', 'Height': 'belowMean'}",True,,11.9,{},0.0,7,False,True
192,192,118,"{'Shell_weight': 'aboveMean', 'Shucked_weight': 'aboveMean', 'Length': 'aboveMean', 'Whole_weight': 'aboveMean', 'Sex': 'M', 'Viscera_weight': 'belowMean', 'Diameter': 'aboveMean'}",True,,11.909090909090908,{},0.0,7,False,True
193,193,119,"{'Shell_weight': 'aboveMean', 'Shucked_weight': 'aboveMean', 'Length': 'aboveMean', 'Whole_weight': 'aboveMean', 'Sex': 'I', 'Height': 'aboveMean', 'Viscera_weight': 'aboveMean'}",True,,12.03225806451613,{},0.0,7,False,True
194,194,119,"{'Shell_weight': 'aboveMean', 'Shucked_weight': 'aboveMean', 'Length': 'aboveMean', 'Whole_weight': 'aboveMean', 'Sex': 'I', 'Height': 'aboveMean', 'Viscera_weight': 'belowMean'}",True,,10.0,{},0.0,7,False,True
195,195,121,"{'Shell_weight': 'aboveMean', 'Shucked_weight': 'belowMean', 'Whole_weight': 'belowMean', 'Length': 'aboveMean', 'Sex': 'M', 'Viscera_weight': 'belowMean', 'Height': 'belowMean'}",True,,12.25,{},0.0,7,False,True
196,196,121,"{'Shell_weight': 'aboveMean', 'Shucked_weight': 'belowMean', 'Whole_weight': 'belowMean', 'Length': 'aboveMean', 'Sex': 'M', 'Viscera_weight': 'belowMean', 'Height': 'aboveMean'}",True,,11.222222222222221,{},0.0,7,False,True
197,197,122,"{'Shell_weight': 'aboveMean', 'Shucked_weight': 'belowMean', 'Whole_weight': 'belowMean', 'Length': 'aboveMean', 'Sex': 'M', 'Viscera_weight': 'aboveMean', 'Height': 'belowMean'}",True,,12.0,{},0.0,7,False,True
198,198,122,"{'Shell_weight': 'aboveMean', 'Shucked_weight': 'belowMean', 'Whole_weight': 'belowMean', 'Length': 'aboveMean', 'Sex': 'M', 'Viscera_weight': 'aboveMean', 'Height': 'aboveMean'}",True,,15.0,{},0.0,7,False,True
199,199,123,"{'Shell_weight': 'aboveMean', 'Shucked_weight': 'belowMean', 'Whole_weight': 'belowMean', 'Length': 'aboveMean', 'Sex': 'F', 'Height': 'aboveMean', 'Viscera_weight': 'aboveMean'}",True,,11.75,{},0.0,7,False,True
200,200,123,"{'Shell_weight': 'aboveMean', 'Shucked_weight': 'belowMean', 'Whole_weight': 'belowMean', 'Length': 'aboveMean', 'Sex': 'F', 'Height': 'aboveMean', 'Viscera_weight': 'belowMean'}",True,,11.555555555555555,{},0.0,7,False,True
201,201,125,"{'Shell_weight': 'aboveMean', 'Shucked_weight': 'belowMean', 'Whole_weight': 'belowMean', 'Length': 'aboveMean', 'Sex': 'I', 'Height': 'aboveMean', 'Viscera_weight': 'belowMean'}",True,,9.777777777777779,{},0.0,7,False,True
202,202,125,"{'Shell_weight': 'aboveMean', 'Shucked_weight': 'belowMean', 'Whole_weight': 'belowMean', 'Length': 'aboveMean', 'Sex': 'I', 'Height': 'aboveMean', 'Viscera_weight': 'aboveMean'}",True,,8.0,{},0.0,7,False,True
203,203,126,"{'Shell_weight': 'aboveMean', 'Shucked_weight': 'belowMean', 'Whole_weight': 'belowMean', 'Length': 'aboveMean', 'Sex': 'I', 'Height': 'belowMean', 'Diameter': 'aboveMean'}",True,,11.0,{},0.0,7,False,True
204,204,127,"{'Shell_weight': 'aboveMean', 'Shucked_weight': 'belowMean', 'Whole_weight': 'belowMean', 'Length': 'belowMean', 'Sex': 'F', 'Diameter': 'aboveMean', 'Viscera_weight': 'belowMean'}",True,,14.0,{},0.0,7,False,True
205,205,127,"{'Shell_weight': 'aboveMean', 'Shucked_weight': 'belowMean', 'Whole_weight': 'belowMean', 'Length': 'belowMean', 'Sex': 'F', 'Diameter': 'aboveMean', 'Viscera_weight': 'aboveMean'}",True,,13.0,{},0.0,7,False,True
206,206,128,"{'Shell_weight': 'aboveMean', 'Shucked_weight': 'belowMean', 'Whole_weight': 'belowMean', 'Length': 'belowMean', 'Sex': 'F', 'Diameter': 'belowMean', 'Height': 'aboveMean'}",True,,16.0,{},0.0,7,False,True
207,207,129,"{'Shell_weight': 'aboveMean', 'Shucked_weight': 'belowMean', 'Whole_weight': 'belowMean', 'Length': 'belowMean', 'Sex': 'M', 'Height': 'aboveMean', 'Diameter': 'belowMean'}",True,,8.5,{},0.0,7,False,True
208,208,129,"{'Shell_weight': 'aboveMean', 'Shucked_weight': 'belowMean', 'Whole_weight': 'belowMean', 'Length': 'belowMean', 'Sex': 'M', 'Height': 'aboveMean', 'Diameter': 'aboveMean'}",True,,12.833333333333334,{},0.0,7,False,True
209,209,130,"{'Shell_weight': 'aboveMean', 'Shucked_weight': 'belowMean', 'Whole_weight': 'belowMean', 'Length': 'belowMean', 'Sex': 'M', 'Height': 'belowMean', 'Diameter': 'belowMean'}",True,,14.5,{},0.0,7,False,True
210,210,130,"{'Shell_weight': 'aboveMean', 'Shucked_weight': 'belowMean', 'Whole_weight': 'belowMean', 'Length': 'belowMean', 'Sex': 'M', 'Height': 'belowMean', 'Diameter': 'aboveMean'}",True,,11.0,{},0.0,7,False,True
211,211,131,"{'Shell_weight': 'aboveMean', 'Shucked_weight': 'belowMean', 'Whole_weight': 'belowMean', 'Length': 'belowMean', 'Sex': 'I', 'Viscera_weight': 'belowMean', 'Diameter': 'belowMean'}",True,,17.0,{},0.0,7,False,True
212,212,133,"{'Shell_weight': 'aboveMean', 'Shucked_weight': 'belowMean', 'Whole_weight': 'aboveMean', 'Diameter': 'aboveMean', 'Length': 'aboveMean', 'Height': 'aboveMean', 'Sex': 'F'}",True,,12.5,{},0.0,7,False,True
213,213,133,"{'Shell_weight': 'aboveMean', 'Shucked_weight': 'belowMean', 'Whole_weight': 'aboveMean', 'Diameter': 'aboveMean', 'Length': 'aboveMean', 'Height': 'aboveMean', 'Sex': 'M'}",True,,13.583333333333334,{},0.0,7,False,True
214,214,133,"{'Shell_weight': 'aboveMean', 'Shucked_weight': 'belowMean', 'Whole_weight': 'aboveMean', 'Diameter': 'aboveMean', 'Length': 'aboveMean', 'Height': 'aboveMean', 'Sex': 'I'}",True,,14.666666666666666,{},0.0,7,False,True
215,215,134,"{'Shell_weight': 'aboveMean', 'Shucked_weight': 'belowMean', 'Whole_weight': 'aboveMean', 'Diameter': 'aboveMean', 'Length': 'aboveMean', 'Height': 'belowMean', 'Sex': 'F'}",True,,21.0,{},0.0,7,False,True
216,216,134,"{'Shell_weight': 'aboveMean', 'Shucked_weight': 'belowMean', 'Whole_weight': 'aboveMean', 'Diameter': 'aboveMean', 'Length': 'aboveMean', 'Height': 'belowMean', 'Sex': 'M'}",True,,13.666666666666666,{},0.0,7,False,True
217,217,134,"{'Shell_weight': 'aboveMean', 'Shucked_weight': 'belowMean', 'Whole_weight': 'aboveMean', 'Diameter': 'aboveMean', 'Length': 'aboveMean', 'Height': 'belowMean', 'Sex': 'I'}",True,,10.0,{},0.0,7,False,True
218,218,135,"{'Shell_weight': 'aboveMean', 'Shucked_weight': 'belowMean', 'Whole_weight': 'aboveMean', 'Diameter': 'belowMean', 'Length': 'aboveMean', 'Sex': 'F', 'Height': 'belowMean'}",True,,16.0,{},0.0,7,False,True
219,219,135,"{'Shell_weight': 'aboveMean', 'Shucked_weight': 'belowMean', 'Whole_weight': 'aboveMean', 'Diameter': 'belowMean', 'Length': 'aboveMean', 'Sex': 'F', 'Height': 'aboveMean'}",True,,18.0,{},0.0,7,False,True
220,220,136,"{'Shell_weight': 'aboveMean', 'Shucked_weight': 'belowMean', 'Whole_weight': 'aboveMean', 'Diameter': 'belowMean', 'Length': 'aboveMean', 'Sex': 'M', 'Height': 'aboveMean'}",True,,15.666666666666666,{},0.0,7,False,True
