,Unnamed: 0,nodeID,parentNode,dataSetFilters,evaluated,nodeFeature,nodePrediction,childrenNodes,gainOrMSE,treeLevel,pruned,isLeaf
0,0,0,-1,{},True,Uniformity_of_cell_shape,2,"{'belowMean': 1, 'aboveMean': 2}",0.627728390190838,0,False,False
1,1,1,0,{'Uniformity_of_cell_shape': 'belowMean'},True,Uniformity_of_cell_size,2,"{'belowMean': 3, 'aboveMean': 4}",0.4407100340895623,1,True,True
2,2,2,0,{'Uniformity_of_cell_shape': 'aboveMean'},True,Bare_nuclei,4,"{'aboveMean': 5, 'belowMean': 6}",0.0543343286439281,1,True,True
3,3,3,1,"{'Uniformity_of_cell_shape': 'belowMean', 'Uniformity_of_cell_size': 'belowMean'}",True,Bare_nuclei,2,"{'belowMean': 7, 'aboveMean': 8}",0.3147145284236828,2,False,False
4,4,4,1,"{'Uniformity_of_cell_shape': 'belowMean', 'Uniformity_of_cell_size': 'aboveMean'}",True,Normal_nucleoli,4,"{'belowMean': 9, 'aboveMean': 10}",0.9999891836897136,2,True,True
5,5,5,2,"{'Uniformity_of_cell_shape': 'aboveMean', 'Bare_nuclei': 'aboveMean'}",True,Bland_chromatin,4,"{'aboveMean': 11, 'belowMean': 12}",0.0431580518018144,2,True,True
6,6,6,2,"{'Uniformity_of_cell_shape': 'aboveMean', 'Bare_nuclei': 'belowMean'}",True,Single_epithelial_cell_size,4,"{'belowMean': 13, 'aboveMean': 14}",0.3258353867268236,2,False,False
7,7,7,3,"{'Uniformity_of_cell_shape': 'belowMean', 'Uniformity_of_cell_size': 'belowMean', 'Bare_nuclei': 'belowMean'}",True,Normal_nucleoli,2,"{'belowMean': 15, 'aboveMean': 16}",0.1318473970914302,3,False,False
8,8,8,3,"{'Uniformity_of_cell_shape': 'belowMean', 'Uniformity_of_cell_size': 'belowMean', 'Bare_nuclei': 'aboveMean'}",True,Bland_chromatin,2,"{'belowMean': 17, 'aboveMean': 18}",0.5613711101656031,3,False,False
9,9,9,4,"{'Uniformity_of_cell_shape': 'belowMean', 'Uniformity_of_cell_size': 'aboveMean', 'Normal_nucleoli': 'belowMean'}",True,,2,{},0.0,3,False,True
10,10,10,4,"{'Uniformity_of_cell_shape': 'belowMean', 'Uniformity_of_cell_size': 'aboveMean', 'Normal_nucleoli': 'aboveMean'}",True,,4,{},0.0,3,False,True
11,11,11,5,"{'Uniformity_of_cell_shape': 'aboveMean', 'Bare_nuclei': 'aboveMean', 'Bland_chromatin': 'aboveMean'}",True,Mitoses,4,"{'aboveMean': 19, 'belowMean': 20}",0.0177135315989309,3,True,True
12,12,12,5,"{'Uniformity_of_cell_shape': 'aboveMean', 'Bare_nuclei': 'aboveMean', 'Bland_chromatin': 'belowMean'}",True,Marginal_adhesion,4,"{'belowMean': 21, 'aboveMean': 22}",0.1342570703371773,3,False,False
13,13,13,6,"{'Uniformity_of_cell_shape': 'aboveMean', 'Bare_nuclei': 'belowMean', 'Single_epithelial_cell_size': 'belowMean'}",True,Mitoses,2,"{'belowMean': 23, 'aboveMean': 24}",0.4999962010121007,3,False,False
14,14,14,6,"{'Uniformity_of_cell_shape': 'aboveMean', 'Bare_nuclei': 'belowMean', 'Single_epithelial_cell_size': 'aboveMean'}",True,,4,{},0.0,3,False,True
15,15,15,7,"{'Uniformity_of_cell_shape': 'belowMean', 'Uniformity_of_cell_size': 'belowMean', 'Bare_nuclei': 'belowMean', 'Normal_nucleoli': 'belowMean'}",True,,2,{},0.0,4,False,True
16,16,16,7,"{'Uniformity_of_cell_shape': 'belowMean', 'Uniformity_of_cell_size': 'belowMean', 'Bare_nuclei': 'belowMean', 'Normal_nucleoli': 'aboveMean'}",True,Mitoses,2,"{'belowMean': 25, 'aboveMean': 26}",0.9999891836897136,4,False,False
17,17,17,8,"{'Uniformity_of_cell_shape': 'belowMean', 'Uniformity_of_cell_size': 'belowMean', 'Bare_nuclei': 'aboveMean', 'Bland_chromatin': 'belowMean'}",True,Clump_thickness,2,"{'aboveMean': 27, 'belowMean': 28}",0.2364505723103616,4,False,False
18,18,18,8,"{'Uniformity_of_cell_shape': 'belowMean', 'Uniformity_of_cell_size': 'belowMean', 'Bare_nuclei': 'aboveMean', 'Bland_chromatin': 'aboveMean'}",True,,4,{},0.0,4,False,True
19,19,19,11,"{'Uniformity_of_cell_shape': 'aboveMean', 'Bare_nuclei': 'aboveMean', 'Bland_chromatin': 'aboveMean', 'Mitoses': 'aboveMean'}",True,Marginal_adhesion,4,"{'aboveMean': 29, 'belowMean': 30}",0.0144708563288854,4,True,True
20,20,20,11,"{'Uniformity_of_cell_shape': 'aboveMean', 'Bare_nuclei': 'aboveMean', 'Bland_chromatin': 'aboveMean', 'Mitoses': 'belowMean'}",True,,4,{},0.0,4,False,True
21,21,21,12,"{'Uniformity_of_cell_shape': 'aboveMean', 'Bare_nuclei': 'aboveMean', 'Bland_chromatin': 'belowMean', 'Marginal_adhesion': 'belowMean'}",True,Mitoses,4,"{'belowMean': 31, 'aboveMean': 32}",0.3112753830130617,4,False,False
22,22,22,12,"{'Uniformity_of_cell_shape': 'aboveMean', 'Bare_nuclei': 'aboveMean', 'Bland_chromatin': 'belowMean', 'Marginal_adhesion': 'aboveMean'}",True,,4,{},0.0,4,False,True
23,23,23,13,"{'Uniformity_of_cell_shape': 'aboveMean', 'Bare_nuclei': 'belowMean', 'Single_epithelial_cell_size': 'belowMean', 'Mitoses': 'belowMean'}",True,Clump_thickness,2,"{'aboveMean': 33, 'belowMean': 34}",0.3112728915669904,4,False,False
24,24,24,13,"{'Uniformity_of_cell_shape': 'aboveMean', 'Bare_nuclei': 'belowMean', 'Single_epithelial_cell_size': 'belowMean', 'Mitoses': 'aboveMean'}",True,,4,{},0.0,4,False,True
25,25,25,16,"{'Uniformity_of_cell_shape': 'belowMean', 'Uniformity_of_cell_size': 'belowMean', 'Bare_nuclei': 'belowMean', 'Normal_nucleoli': 'aboveMean', 'Mitoses': 'belowMean'}",True,,2,{},0.0,5,False,True
26,26,26,16,"{'Uniformity_of_cell_shape': 'belowMean', 'Uniformity_of_cell_size': 'belowMean', 'Bare_nuclei': 'belowMean', 'Normal_nucleoli': 'aboveMean', 'Mitoses': 'aboveMean'}",True,,4,{},0.0,5,False,True
27,27,27,17,"{'Uniformity_of_cell_shape': 'belowMean', 'Uniformity_of_cell_size': 'belowMean', 'Bare_nuclei': 'aboveMean', 'Bland_chromatin': 'belowMean', 'Clump_thickness': 'aboveMean'}",True,Marginal_adhesion,2,"{'aboveMean': 35, 'belowMean': 36}",0.4459226768614346,5,False,False
28,28,28,17,"{'Uniformity_of_cell_shape': 'belowMean', 'Uniformity_of_cell_size': 'belowMean', 'Bare_nuclei': 'aboveMean', 'Bland_chromatin': 'belowMean', 'Clump_thickness': 'belowMean'}",True,,2,{},0.0,5,False,True
29,29,29,19,"{'Uniformity_of_cell_shape': 'aboveMean', 'Bare_nuclei': 'aboveMean', 'Bland_chromatin': 'aboveMean', 'Mitoses': 'aboveMean', 'Marginal_adhesion': 'aboveMean'}",True,Single_epithelial_cell_size,4,"{'aboveMean': 37, 'belowMean': 38}",0.0172567094830662,5,True,True
30,30,30,19,"{'Uniformity_of_cell_shape': 'aboveMean', 'Bare_nuclei': 'aboveMean', 'Bland_chromatin': 'aboveMean', 'Mitoses': 'aboveMean', 'Marginal_adhesion': 'belowMean'}",True,,4,{},0.0,5,False,True
31,31,31,21,"{'Uniformity_of_cell_shape': 'aboveMean', 'Bare_nuclei': 'aboveMean', 'Bland_chromatin': 'belowMean', 'Marginal_adhesion': 'belowMean', 'Mitoses': 'belowMean'}",True,Single_epithelial_cell_size,2,"{'aboveMean': 39, 'belowMean': 40}",0.0,5,False,False
32,32,32,21,"{'Uniformity_of_cell_shape': 'aboveMean', 'Bare_nuclei': 'aboveMean', 'Bland_chromatin': 'belowMean', 'Marginal_adhesion': 'belowMean', 'Mitoses': 'aboveMean'}",True,,4,{},0.0,5,False,True
33,33,33,23,"{'Uniformity_of_cell_shape': 'aboveMean', 'Bare_nuclei': 'belowMean', 'Single_epithelial_cell_size': 'belowMean', 'Mitoses': 'belowMean', 'Clump_thickness': 'aboveMean'}",True,,2,{},0.0,5,False,True
34,34,34,23,"{'Uniformity_of_cell_shape': 'aboveMean', 'Bare_nuclei': 'belowMean', 'Single_epithelial_cell_size': 'belowMean', 'Mitoses': 'belowMean', 'Clump_thickness': 'belowMean'}",True,Marginal_adhesion,2,"{'belowMean': 41, 'aboveMean': 42}",0.9999800684314308,5,False,False
35,35,35,27,"{'Uniformity_of_cell_shape': 'belowMean', 'Uniformity_of_cell_size': 'belowMean', 'Bare_nuclei': 'aboveMean', 'Bland_chromatin': 'belowMean', 'Clump_thickness': 'aboveMean', 'Marginal_adhesion': 'aboveMean'}",True,Single_epithelial_cell_size,2,"{'aboveMean': 43, 'belowMean': 44}",0.3112728915669904,6,False,False
36,36,36,27,"{'Uniformity_of_cell_shape': 'belowMean', 'Uniformity_of_cell_size': 'belowMean', 'Bare_nuclei': 'aboveMean', 'Bland_chromatin': 'belowMean', 'Clump_thickness': 'aboveMean', 'Marginal_adhesion': 'belowMean'}",True,,4,{},0.0,6,False,True
37,37,37,29,"{'Uniformity_of_cell_shape': 'aboveMean', 'Bare_nuclei': 'aboveMean', 'Bland_chromatin': 'aboveMean', 'Mitoses': 'aboveMean', 'Marginal_adhesion': 'aboveMean', 'Single_epithelial_cell_size': 'aboveMean'}",True,Clump_thickness,4,"{'aboveMean': 45, 'belowMean': 46}",0.0132589539443508,6,True,True
38,38,38,29,"{'Uniformity_of_cell_shape': 'aboveMean', 'Bare_nuclei': 'aboveMean', 'Bland_chromatin': 'aboveMean', 'Mitoses': 'aboveMean', 'Marginal_adhesion': 'aboveMean', 'Single_epithelial_cell_size': 'belowMean'}",True,,4,{},0.0,6,False,True
39,39,39,31,"{'Uniformity_of_cell_shape': 'aboveMean', 'Bare_nuclei': 'aboveMean', 'Bland_chromatin': 'belowMean', 'Marginal_adhesion': 'belowMean', 'Mitoses': 'belowMean', 'Single_epithelial_cell_size': 'aboveMean'}",True,Clump_thickness,2,{'aboveMean': 47},,6,False,False
40,40,40,31,"{'Uniformity_of_cell_shape': 'aboveMean', 'Bare_nuclei': 'aboveMean', 'Bland_chromatin': 'belowMean', 'Marginal_adhesion': 'belowMean', 'Mitoses': 'belowMean', 'Single_epithelial_cell_size': 'belowMean'}",True,Clump_thickness,2,{'aboveMean': 48},,6,False,False
41,41,41,34,"{'Uniformity_of_cell_shape': 'aboveMean', 'Bare_nuclei': 'belowMean', 'Single_epithelial_cell_size': 'belowMean', 'Mitoses': 'belowMean', 'Clump_thickness': 'belowMean', 'Marginal_adhesion': 'belowMean'}",True,,2,{},0.0,6,False,True
42,42,42,34,"{'Uniformity_of_cell_shape': 'aboveMean', 'Bare_nuclei': 'belowMean', 'Single_epithelial_cell_size': 'belowMean', 'Mitoses': 'belowMean', 'Clump_thickness': 'belowMean', 'Marginal_adhesion': 'aboveMean'}",True,,4,{},0.0,6,False,True
43,43,43,35,"{'Uniformity_of_cell_shape': 'belowMean', 'Uniformity_of_cell_size': 'belowMean', 'Bare_nuclei': 'aboveMean', 'Bland_chromatin': 'belowMean', 'Clump_thickness': 'aboveMean', 'Marginal_adhesion': 'aboveMean', 'Single_epithelial_cell_size': 'aboveMean'}",True,Mitoses,2,{'belowMean': 49},,7,False,False
44,44,44,35,"{'Uniformity_of_cell_shape': 'belowMean', 'Uniformity_of_cell_size': 'belowMean', 'Bare_nuclei': 'aboveMean', 'Bland_chromatin': 'belowMean', 'Clump_thickness': 'aboveMean', 'Marginal_adhesion': 'aboveMean', 'Single_epithelial_cell_size': 'belowMean'}",True,,2,{},0.0,7,False,True
45,45,45,37,"{'Uniformity_of_cell_shape': 'aboveMean', 'Bare_nuclei': 'aboveMean', 'Bland_chromatin': 'aboveMean', 'Mitoses': 'aboveMean', 'Marginal_adhesion': 'aboveMean', 'Single_epithelial_cell_size': 'aboveMean', 'Clump_thickness': 'aboveMean'}",True,Normal_nucleoli,4,{'aboveMean': 50},,7,True,True
46,46,46,37,"{'Uniformity_of_cell_shape': 'aboveMean', 'Bare_nuclei': 'aboveMean', 'Bland_chromatin': 'aboveMean', 'Mitoses': 'aboveMean', 'Marginal_adhesion': 'aboveMean', 'Single_epithelial_cell_size': 'aboveMean', 'Clump_thickness': 'belowMean'}",True,,4,{},0.0,7,False,True
47,47,47,39,"{'Uniformity_of_cell_shape': 'aboveMean', 'Bare_nuclei': 'aboveMean', 'Bland_chromatin': 'belowMean', 'Marginal_adhesion': 'belowMean', 'Mitoses': 'belowMean', 'Single_epithelial_cell_size': 'aboveMean', 'Clump_thickness': 'aboveMean'}",True,Normal_nucleoli,2,{'aboveMean': 51},,7,False,False
48,48,48,40,"{'Uniformity_of_cell_shape': 'aboveMean', 'Bare_nuclei': 'aboveMean', 'Bland_chromatin': 'belowMean', 'Marginal_adhesion': 'belowMean', 'Mitoses': 'belowMean', 'Single_epithelial_cell_size': 'belowMean', 'Clump_thickness': 'aboveMean'}",True,Normal_nucleoli,2,{'aboveMean': 52},,7,False,False
49,49,49,43,"{'Uniformity_of_cell_shape': 'belowMean', 'Uniformity_of_cell_size': 'belowMean', 'Bare_nuclei': 'aboveMean', 'Bland_chromatin': 'belowMean', 'Clump_thickness': 'aboveMean', 'Marginal_adhesion': 'aboveMean', 'Single_epithelial_cell_size': 'aboveMean', 'Mitoses': 'belowMean'}",True,,2,{},0.0,8,False,True
50,50,50,45,"{'Uniformity_of_cell_shape': 'aboveMean', 'Bare_nuclei': 'aboveMean', 'Bland_chromatin': 'aboveMean', 'Mitoses': 'aboveMean', 'Marginal_adhesion': 'aboveMean', 'Single_epithelial_cell_size': 'aboveMean', 'Clump_thickness': 'aboveMean', 'Normal_nucleoli': 'aboveMean'}",True,,4,{},0.0,8,False,True
51,51,51,47,"{'Uniformity_of_cell_shape': 'aboveMean', 'Bare_nuclei': 'aboveMean', 'Bland_chromatin': 'belowMean', 'Marginal_adhesion': 'belowMean', 'Mitoses': 'belowMean', 'Single_epithelial_cell_size': 'aboveMean', 'Clump_thickness': 'aboveMean', 'Normal_nucleoli': 'aboveMean'}",True,,2,{},0.0,8,False,True
52,52,52,48,"{'Uniformity_of_cell_shape': 'aboveMean', 'Bare_nuclei': 'aboveMean', 'Bland_chromatin': 'belowMean', 'Marginal_adhesion': 'belowMean', 'Mitoses': 'belowMean', 'Single_epithelial_cell_size': 'belowMean', 'Clump_thickness': 'aboveMean', 'Normal_nucleoli': 'aboveMean'}",True,,2,{},0.0,8,False,True
