,nodeID,parentNode,dataSetFilters,evaluated,nodeFeature,nodePrediction,childrenNodes,gainOrMSE,treeLevel,pruned,isLeaf
0,0,-1,{},True,Shell_weight,10.014961101137043,"{'belowMean': 1, 'aboveMean': 2}",8.062379981031569,0,False,False
1,1,0,{'Shell_weight': 'belowMean'},True,Sex,8.380069524913093,"{'I': 3, 'F': 4, 'M': 5}",5.175663119560466,1,False,False
2,2,0,{'Shell_weight': 'aboveMean'},True,Shucked_weight,11.761138613861386,"{'aboveMean': 6, 'belowMean': 7}",9.742159906780152,1,False,False
3,3,1,"{'Shell_weight': 'belowMean', 'Sex': 'I'}",True,Height,7.476890756302521,"{'belowMean': 8, 'aboveMean': 9}",3.50445755225167,2,False,False
4,4,1,"{'Shell_weight': 'belowMean', 'Sex': 'F'}",True,Height,10.136094674556213,"{'aboveMean': 10, 'belowMean': 11}",7.311354384481915,2,False,False
5,5,1,"{'Shell_weight': 'belowMean', 'Sex': 'M'}",True,Height,8.990825688073395,"{'belowMean': 12, 'aboveMean': 13}",5.324017911290209,2,False,False
6,6,2,"{'Shell_weight': 'aboveMean', 'Shucked_weight': 'aboveMean'}",True,Viscera_weight,11.58187134502924,"{'aboveMean': 14, 'belowMean': 15}",9.103206526846135,2,False,False
7,7,2,"{'Shell_weight': 'aboveMean', 'Shucked_weight': 'belowMean'}",True,Sex,12.75,"{'M': 16, 'F': 17, 'I': 18}",12.490029628150072,2,False,False
8,8,3,"{'Shell_weight': 'belowMean', 'Sex': 'I', 'Height': 'belowMean'}",True,Diameter,7.173076923076923,"{'belowMean': 19, 'aboveMean': 20}",3.170258380859647,3,False,False
9,9,3,"{'Shell_weight': 'belowMean', 'Sex': 'I', 'Height': 'aboveMean'}",True,Diameter,9.583333333333334,"{'aboveMean': 21, 'belowMean': 22}",3.9679315476190475,3,False,False
10,10,4,"{'Shell_weight': 'belowMean', 'Sex': 'F', 'Height': 'aboveMean'}",True,Shucked_weight,11.052631578947368,"{'belowMean': 23, 'aboveMean': 24}",7.104801477377656,3,False,False
11,11,4,"{'Shell_weight': 'belowMean', 'Sex': 'F', 'Height': 'belowMean'}",True,Shucked_weight,9.669642857142858,"{'belowMean': 25, 'aboveMean': 26}",5.954584478021978,3,False,False
12,12,5,"{'Shell_weight': 'belowMean', 'Sex': 'M', 'Height': 'belowMean'}",True,Diameter,8.802395209580839,"{'belowMean': 27, 'aboveMean': 28}",5.234863606121091,3,False,False
13,13,5,"{'Shell_weight': 'belowMean', 'Sex': 'M', 'Height': 'aboveMean'}",True,Length,9.607843137254902,"{'aboveMean': 29, 'belowMean': 30}",3.230360531309298,3,False,False
14,14,6,"{'Shell_weight': 'aboveMean', 'Shucked_weight': 'aboveMean', 'Viscera_weight': 'aboveMean'}",True,Sex,11.637904468412943,"{'I': 31, 'F': 32, 'M': 33}",9.29992123712352,3,False,False
15,15,6,"{'Shell_weight': 'aboveMean', 'Shucked_weight': 'aboveMean', 'Viscera_weight': 'belowMean'}",True,Sex,10.542857142857143,"{'M': 34, 'I': 35, 'F': 36}",4.629770229770229,3,False,False
16,16,7,"{'Shell_weight': 'aboveMean', 'Shucked_weight': 'belowMean', 'Sex': 'M'}",True,Diameter,12.96078431372549,"{'aboveMean': 37, 'belowMean': 38}",9.297081623347013,3,False,False
17,17,7,"{'Shell_weight': 'aboveMean', 'Shucked_weight': 'belowMean', 'Sex': 'F'}",True,Height,13.052631578947368,"{'aboveMean': 39, 'belowMean': 40}",16.3504873294347,3,False,False
18,18,7,"{'Shell_weight': 'aboveMean', 'Shucked_weight': 'belowMean', 'Sex': 'I'}",True,Length,11.0,"{'aboveMean': 41, 'belowMean': 42}",5.0625,3,False,False
19,19,8,"{'Shell_weight': 'belowMean', 'Sex': 'I', 'Height': 'belowMean', 'Diameter': 'belowMean'}",True,Length,7.060759493670886,"{'belowMean': 43, 'aboveMean': 44}",3.2472790775872356,4,False,False
20,20,8,"{'Shell_weight': 'belowMean', 'Sex': 'I', 'Height': 'belowMean', 'Diameter': 'aboveMean'}",True,Shucked_weight,9.285714285714286,"{'belowMean': 45, 'aboveMean': 46}",1.1317460317460317,4,False,False
21,21,9,"{'Shell_weight': 'belowMean', 'Sex': 'I', 'Height': 'aboveMean', 'Diameter': 'aboveMean'}",True,Shucked_weight,9.15625,"{'belowMean': 47, 'aboveMean': 48}",0.7873376623376623,4,False,False
22,22,9,"{'Shell_weight': 'belowMean', 'Sex': 'I', 'Height': 'aboveMean', 'Diameter': 'belowMean'}",True,Shucked_weight,10.071428571428571,"{'belowMean': 49, 'aboveMean': 50}",7.4074074074074066,4,False,False
23,23,10,"{'Shell_weight': 'belowMean', 'Sex': 'F', 'Height': 'aboveMean', 'Shucked_weight': 'belowMean'}",True,Viscera_weight,12.236842105263158,"{'belowMean': 51, 'aboveMean': 52}",9.645646373999515,4,False,False
24,24,10,"{'Shell_weight': 'belowMean', 'Sex': 'F', 'Height': 'aboveMean', 'Shucked_weight': 'aboveMean'}",True,Length,8.68421052631579,"{'belowMean': 53, 'aboveMean': 54}",0.9597523219814242,4,False,False
25,25,11,"{'Shell_weight': 'belowMean', 'Sex': 'F', 'Height': 'belowMean', 'Shucked_weight': 'belowMean'}",True,Viscera_weight,9.721153846153847,"{'belowMean': 55, 'aboveMean': 56}",6.239959445316588,4,False,False
26,26,11,"{'Shell_weight': 'belowMean', 'Sex': 'F', 'Height': 'belowMean', 'Shucked_weight': 'aboveMean'}",True,Whole_weight,9.0,"{'belowMean': 57, 'aboveMean': 58}",0.9333333333333333,4,False,False
27,27,12,"{'Shell_weight': 'belowMean', 'Sex': 'M', 'Height': 'belowMean', 'Diameter': 'belowMean'}",True,Viscera_weight,8.61111111111111,"{'belowMean': 59, 'aboveMean': 60}",5.460485133020344,4,False,False
28,28,12,"{'Shell_weight': 'belowMean', 'Sex': 'M', 'Height': 'belowMean', 'Diameter': 'aboveMean'}",True,Whole_weight,10.0,"{'belowMean': 61, 'aboveMean': 62}",3.2992327365728897,4,False,False
29,29,13,"{'Shell_weight': 'belowMean', 'Sex': 'M', 'Height': 'aboveMean', 'Length': 'aboveMean'}",True,Diameter,8.580645161290322,"{'aboveMean': 63, 'belowMean': 64}",1.103448275862069,4,False,False
30,30,13,"{'Shell_weight': 'belowMean', 'Sex': 'M', 'Height': 'aboveMean', 'Length': 'belowMean'}",True,Shucked_weight,11.2,"{'belowMean': 65, 'aboveMean': 66}",5.722222222222222,4,False,False
31,31,14,"{'Shell_weight': 'aboveMean', 'Shucked_weight': 'aboveMean', 'Viscera_weight': 'aboveMean', 'Sex': 'I'}",True,Height,12.206896551724139,"{'aboveMean': 67, 'belowMean': 68}",8.310983397190293,4,False,False
32,32,14,"{'Shell_weight': 'aboveMean', 'Shucked_weight': 'aboveMean', 'Viscera_weight': 'aboveMean', 'Sex': 'F'}",True,Height,11.636645962732919,"{'aboveMean': 69, 'belowMean': 70}",10.149058556974882,4,False,False
33,33,14,"{'Shell_weight': 'aboveMean', 'Shucked_weight': 'aboveMean', 'Viscera_weight': 'aboveMean', 'Sex': 'M'}",True,Height,11.583892617449665,"{'aboveMean': 71, 'belowMean': 72}",8.333866581809765,4,False,False
34,34,15,"{'Shell_weight': 'aboveMean', 'Shucked_weight': 'aboveMean', 'Viscera_weight': 'belowMean', 'Sex': 'M'}",True,Diameter,11.454545454545455,{'aboveMean': 73},10.066115702479339,4,False,False
35,35,15,"{'Shell_weight': 'aboveMean', 'Shucked_weight': 'aboveMean', 'Viscera_weight': 'belowMean', 'Sex': 'I'}",True,Height,9.692307692307692,"{'aboveMean': 74, 'belowMean': 75}",0.7412587412587412,4,False,False
36,36,15,"{'Shell_weight': 'aboveMean', 'Shucked_weight': 'aboveMean', 'Viscera_weight': 'belowMean', 'Sex': 'F'}",True,Height,10.636363636363637,"{'aboveMean': 76, 'belowMean': 77}",3.2,4,False,False
37,37,16,"{'Shell_weight': 'aboveMean', 'Shucked_weight': 'belowMean', 'Sex': 'M', 'Diameter': 'aboveMean'}",True,Length,12.720930232558139,"{'aboveMean': 78, 'belowMean': 79}",9.690383905500186,4,False,False
38,38,16,"{'Shell_weight': 'aboveMean', 'Shucked_weight': 'belowMean', 'Sex': 'M', 'Diameter': 'belowMean'}",True,Viscera_weight,14.25,"{'belowMean': 80, 'aboveMean': 81}",3.9285714285714284,4,False,False
39,39,17,"{'Shell_weight': 'aboveMean', 'Shucked_weight': 'belowMean', 'Sex': 'F', 'Height': 'aboveMean'}",True,Whole_weight,12.755555555555556,"{'aboveMean': 82, 'belowMean': 83}",15.811965811965813,4,False,False
40,40,17,"{'Shell_weight': 'aboveMean', 'Shucked_weight': 'belowMean', 'Sex': 'F', 'Height': 'belowMean'}",True,Viscera_weight,14.166666666666666,"{'belowMean': 84, 'aboveMean': 85}",11.907407407407407,4,False,False
41,41,18,"{'Shell_weight': 'aboveMean', 'Shucked_weight': 'belowMean', 'Sex': 'I', 'Length': 'aboveMean'}",True,Height,10.25,"{'aboveMean': 86, 'belowMean': 87}",4.166666666666667,4,False,False
42,42,18,"{'Shell_weight': 'aboveMean', 'Shucked_weight': 'belowMean', 'Sex': 'I', 'Length': 'belowMean'}",True,Whole_weight,13.25,"{'belowMean': 88, 'aboveMean': 89}",0.16666666666666666,4,False,False
43,43,19,"{'Shell_weight': 'belowMean', 'Sex': 'I', 'Height': 'belowMean', 'Diameter': 'belowMean', 'Length': 'belowMean'}",True,Shucked_weight,7.041131105398458,"{'belowMean': 90, 'aboveMean': 91}",3.293920475411478,5,False,False
44,44,19,"{'Shell_weight': 'belowMean', 'Sex': 'I', 'Height': 'belowMean', 'Diameter': 'belowMean', 'Length': 'aboveMean'}",True,Shucked_weight,8.333333333333334,"{'belowMean': 92, 'aboveMean': 93}",0.19999999999999998,5,False,False
45,45,20,"{'Shell_weight': 'belowMean', 'Sex': 'I', 'Height': 'belowMean', 'Diameter': 'aboveMean', 'Shucked_weight': 'belowMean'}",True,Length,9.066666666666666,"{'aboveMean': 94, 'belowMean': 95}",0.9590909090909091,5,False,False
46,46,20,"{'Shell_weight': 'belowMean', 'Sex': 'I', 'Height': 'belowMean', 'Diameter': 'aboveMean', 'Shucked_weight': 'aboveMean'}",True,Viscera_weight,9.833333333333334,"{'aboveMean': 96, 'belowMean': 97}",1.4666666666666668,5,False,False
47,47,21,"{'Shell_weight': 'belowMean', 'Sex': 'I', 'Height': 'aboveMean', 'Diameter': 'aboveMean', 'Shucked_weight': 'belowMean'}",True,Length,9.285714285714286,"{'belowMean': 98, 'aboveMean': 99}",0.6394557823129252,5,False,False
48,48,21,"{'Shell_weight': 'belowMean', 'Sex': 'I', 'Height': 'aboveMean', 'Diameter': 'aboveMean', 'Shucked_weight': 'aboveMean'}",True,Whole_weight,8.909090909090908,"{'belowMean': 100, 'aboveMean': 101}",0.9212121212121211,5,False,False
49,49,22,"{'Shell_weight': 'belowMean', 'Sex': 'I', 'Height': 'aboveMean', 'Diameter': 'belowMean', 'Shucked_weight': 'belowMean'}",True,Length,10.148148148148149,"{'belowMean': 102, 'aboveMean': 103}",7.631054131054132,5,False,False
50,50,22,"{'Shell_weight': 'belowMean', 'Sex': 'I', 'Height': 'aboveMean', 'Diameter': 'belowMean', 'Shucked_weight': 'aboveMean'}",True,,8.0,{},0.0,5,False,True
51,51,23,"{'Shell_weight': 'belowMean', 'Sex': 'F', 'Height': 'aboveMean', 'Shucked_weight': 'belowMean', 'Viscera_weight': 'belowMean'}",True,Diameter,12.548387096774194,"{'belowMean': 104, 'aboveMean': 105}",10.060430107526882,5,False,False
52,52,23,"{'Shell_weight': 'belowMean', 'Sex': 'F', 'Height': 'aboveMean', 'Shucked_weight': 'belowMean', 'Viscera_weight': 'aboveMean'}",True,Length,10.857142857142858,"{'aboveMean': 106, 'belowMean': 107}",7.095238095238095,5,False,False
53,53,24,"{'Shell_weight': 'belowMean', 'Sex': 'F', 'Height': 'aboveMean', 'Shucked_weight': 'aboveMean', 'Length': 'belowMean'}",True,,10.0,{},0.0,5,False,True
54,54,24,"{'Shell_weight': 'belowMean', 'Sex': 'F', 'Height': 'aboveMean', 'Shucked_weight': 'aboveMean', 'Length': 'aboveMean'}",True,Viscera_weight,8.529411764705882,"{'aboveMean': 108, 'belowMean': 109}",0.9803921568627452,5,False,False
55,55,25,"{'Shell_weight': 'belowMean', 'Sex': 'F', 'Height': 'belowMean', 'Shucked_weight': 'belowMean', 'Viscera_weight': 'belowMean'}",True,Diameter,9.755102040816327,"{'aboveMean': 110, 'belowMean': 111}",6.030724377663154,5,False,False
56,56,25,"{'Shell_weight': 'belowMean', 'Sex': 'F', 'Height': 'belowMean', 'Shucked_weight': 'belowMean', 'Viscera_weight': 'aboveMean'}",True,Diameter,9.166666666666666,"{'aboveMean': 112, 'belowMean': 113}",1.4666666666666668,5,False,False
57,57,26,"{'Shell_weight': 'belowMean', 'Sex': 'F', 'Height': 'belowMean', 'Shucked_weight': 'aboveMean', 'Whole_weight': 'belowMean'}",True,Length,8.2,"{'belowMean': 114, 'aboveMean': 115}",0.2,5,False,False
58,58,26,"{'Shell_weight': 'belowMean', 'Sex': 'F', 'Height': 'belowMean', 'Shucked_weight': 'aboveMean', 'Whole_weight': 'aboveMean'}",True,Diameter,10.333333333333334,"{'aboveMean': 116, 'belowMean': 117}",0.6666666666666666,5,False,False
59,59,27,"{'Shell_weight': 'belowMean', 'Sex': 'M', 'Height': 'belowMean', 'Diameter': 'belowMean', 'Viscera_weight': 'belowMean'}",True,Length,8.591549295774648,"{'belowMean': 118, 'aboveMean': 119}",5.533792684162529,5,False,False
60,60,27,"{'Shell_weight': 'belowMean', 'Sex': 'M', 'Height': 'belowMean', 'Diameter': 'belowMean', 'Viscera_weight': 'aboveMean'}",True,,10.0,{},0.0,5,False,True
61,61,28,"{'Shell_weight': 'belowMean', 'Sex': 'M', 'Height': 'belowMean', 'Diameter': 'aboveMean', 'Whole_weight': 'belowMean'}",True,Length,9.647058823529411,"{'aboveMean': 120, 'belowMean': 121}",2.6722689075630255,5,False,False
62,62,28,"{'Shell_weight': 'belowMean', 'Sex': 'M', 'Height': 'belowMean', 'Diameter': 'aboveMean', 'Whole_weight': 'aboveMean'}",True,Viscera_weight,11.0,"{'aboveMean': 122, 'belowMean': 123}",3.875,5,False,False
63,63,29,"{'Shell_weight': 'belowMean', 'Sex': 'M', 'Height': 'aboveMean', 'Length': 'aboveMean', 'Diameter': 'aboveMean'}",True,Shucked_weight,8.689655172413794,"{'belowMean': 124, 'aboveMean': 125}",1.059934318555008,5,False,False
64,64,29,"{'Shell_weight': 'belowMean', 'Sex': 'M', 'Height': 'aboveMean', 'Length': 'aboveMean', 'Diameter': 'belowMean'}",True,,7.0,{},0.0,5,False,True
65,65,30,"{'Shell_weight': 'belowMean', 'Sex': 'M', 'Height': 'aboveMean', 'Length': 'belowMean', 'Shucked_weight': 'belowMean'}",True,Diameter,11.444444444444445,"{'belowMean': 126, 'aboveMean': 127}",6.296296296296296,5,False,False
66,66,30,"{'Shell_weight': 'belowMean', 'Sex': 'M', 'Height': 'aboveMean', 'Length': 'belowMean', 'Shucked_weight': 'aboveMean'}",True,,9.0,{},0.0,5,False,True
67,67,31,"{'Shell_weight': 'aboveMean', 'Shucked_weight': 'aboveMean', 'Viscera_weight': 'aboveMean', 'Sex': 'I', 'Height': 'aboveMean'}",True,Diameter,12.407407407407407,{'aboveMean': 128},8.908093278463648,5,False,False
68,68,31,"{'Shell_weight': 'aboveMean', 'Shucked_weight': 'aboveMean', 'Viscera_weight': 'aboveMean', 'Sex': 'I', 'Height': 'belowMean'}",True,Diameter,9.5,{'aboveMean': 129},0.25,5,False,False
69,69,32,"{'Shell_weight': 'aboveMean', 'Shucked_weight': 'aboveMean', 'Viscera_weight': 'aboveMean', 'Sex': 'F', 'Height': 'aboveMean'}",True,Diameter,11.663522012578616,"{'aboveMean': 130, 'belowMean': 131}",10.264845346507153,5,False,False
70,70,32,"{'Shell_weight': 'aboveMean', 'Shucked_weight': 'aboveMean', 'Viscera_weight': 'aboveMean', 'Sex': 'F', 'Height': 'belowMean'}",True,Diameter,9.5,{'aboveMean': 132},0.25,5,False,False
71,71,33,"{'Shell_weight': 'aboveMean', 'Shucked_weight': 'aboveMean', 'Viscera_weight': 'aboveMean', 'Sex': 'M', 'Height': 'aboveMean'}",True,Length,11.555172413793104,"{'aboveMean': 133, 'belowMean': 134}",8.229202586206897,5,False,False
72,72,33,"{'Shell_weight': 'aboveMean', 'Shucked_weight': 'aboveMean', 'Viscera_weight': 'aboveMean', 'Sex': 'M', 'Height': 'belowMean'}",True,Length,12.625,"{'aboveMean': 135, 'belowMean': 136}",9.678571428571427,5,False,False
73,73,34,"{'Shell_weight': 'aboveMean', 'Shucked_weight': 'aboveMean', 'Viscera_weight': 'belowMean', 'Sex': 'M', 'Diameter': 'aboveMean'}",True,Height,11.454545454545455,{'aboveMean': 137},10.066115702479339,5,False,False
74,74,35,"{'Shell_weight': 'aboveMean', 'Shucked_weight': 'aboveMean', 'Viscera_weight': 'belowMean', 'Sex': 'I', 'Height': 'aboveMean'}",True,Whole_weight,9.818181818181818,"{'aboveMean': 138, 'belowMean': 139}",0.5946969696969697,5,False,False
75,75,35,"{'Shell_weight': 'aboveMean', 'Shucked_weight': 'aboveMean', 'Viscera_weight': 'belowMean', 'Sex': 'I', 'Height': 'belowMean'}",True,Diameter,9.0,{'aboveMean': 140},1.0,5,False,False
76,76,36,"{'Shell_weight': 'aboveMean', 'Shucked_weight': 'aboveMean', 'Viscera_weight': 'belowMean', 'Sex': 'F', 'Height': 'aboveMean'}",True,Diameter,10.0,{'aboveMean': 141},2.6666666666666665,5,False,False
77,77,36,"{'Shell_weight': 'aboveMean', 'Shucked_weight': 'aboveMean', 'Viscera_weight': 'belowMean', 'Sex': 'F', 'Height': 'belowMean'}",True,Diameter,11.4,{'aboveMean': 142},3.84,5,False,False
78,78,37,"{'Shell_weight': 'aboveMean', 'Shucked_weight': 'belowMean', 'Sex': 'M', 'Diameter': 'aboveMean', 'Length': 'aboveMean'}",True,Height,12.972222222222221,"{'aboveMean': 143, 'belowMean': 144}",9.76388888888889,5,False,False
79,79,37,"{'Shell_weight': 'aboveMean', 'Shucked_weight': 'belowMean', 'Sex': 'M', 'Diameter': 'aboveMean', 'Length': 'belowMean'}",True,Whole_weight,11.428571428571429,"{'belowMean': 145, 'aboveMean': 146}",6.457142857142857,5,False,False
80,80,38,"{'Shell_weight': 'aboveMean', 'Shucked_weight': 'belowMean', 'Sex': 'M', 'Diameter': 'belowMean', 'Viscera_weight': 'belowMean'}",True,Height,14.714285714285714,"{'aboveMean': 147, 'belowMean': 148}",4.4714285714285715,5,False,False
81,81,38,"{'Shell_weight': 'aboveMean', 'Shucked_weight': 'belowMean', 'Sex': 'M', 'Diameter': 'belowMean', 'Viscera_weight': 'aboveMean'}",True,,11.0,{},0.0,5,False,True
82,82,39,"{'Shell_weight': 'aboveMean', 'Shucked_weight': 'belowMean', 'Sex': 'F', 'Height': 'aboveMean', 'Whole_weight': 'aboveMean'}",True,Viscera_weight,13.307692307692308,"{'aboveMean': 149, 'belowMean': 150}",13.658974358974358,5,False,False
83,83,39,"{'Shell_weight': 'aboveMean', 'Shucked_weight': 'belowMean', 'Sex': 'F', 'Height': 'aboveMean', 'Whole_weight': 'belowMean'}",True,Length,12.0,"{'belowMean': 151, 'aboveMean': 152}",15.822222222222225,5,False,False
84,84,40,"{'Shell_weight': 'aboveMean', 'Shucked_weight': 'belowMean', 'Sex': 'F', 'Height': 'belowMean', 'Viscera_weight': 'belowMean'}",True,Length,15.444444444444445,"{'belowMean': 153, 'aboveMean': 154}",11.3015873015873,5,False,False
85,85,40,"{'Shell_weight': 'aboveMean', 'Shucked_weight': 'belowMean', 'Sex': 'F', 'Height': 'belowMean', 'Viscera_weight': 'aboveMean'}",True,Length,10.333333333333334,"{'aboveMean': 155, 'belowMean': 156}",0.0,5,False,False
86,86,41,"{'Shell_weight': 'aboveMean', 'Shucked_weight': 'belowMean', 'Sex': 'I', 'Length': 'aboveMean', 'Height': 'aboveMean'}",True,Whole_weight,10.666666666666666,"{'aboveMean': 157, 'belowMean': 158}",3.9444444444444446,5,False,False
87,87,41,"{'Shell_weight': 'aboveMean', 'Shucked_weight': 'belowMean', 'Sex': 'I', 'Length': 'aboveMean', 'Height': 'belowMean'}",True,Viscera_weight,9.0,"{'aboveMean': 159, 'belowMean': 160}",0.16666666666666666,5,False,False
88,88,42,"{'Shell_weight': 'aboveMean', 'Shucked_weight': 'belowMean', 'Sex': 'I', 'Length': 'belowMean', 'Whole_weight': 'belowMean'}",True,Viscera_weight,14.666666666666666,"{'aboveMean': 161, 'belowMean': 162}",0.0,5,False,False
89,89,42,"{'Shell_weight': 'aboveMean', 'Shucked_weight': 'belowMean', 'Sex': 'I', 'Length': 'belowMean', 'Whole_weight': 'aboveMean'}",True,,9.0,{},0.0,5,False,True
90,90,43,"{'Shell_weight': 'belowMean', 'Sex': 'I', 'Height': 'belowMean', 'Diameter': 'belowMean', 'Length': 'belowMean', 'Shucked_weight': 'belowMean'}",True,Viscera_weight,7.041558441558442,{'belowMean': 163},3.3073638050261427,6,False,False
91,91,43,"{'Shell_weight': 'belowMean', 'Sex': 'I', 'Height': 'belowMean', 'Diameter': 'belowMean', 'Length': 'belowMean', 'Shucked_weight': 'aboveMean'}",True,Viscera_weight,7.0,{'belowMean': 164},2.0,6,False,False
92,92,44,"{'Shell_weight': 'belowMean', 'Sex': 'I', 'Height': 'belowMean', 'Diameter': 'belowMean', 'Length': 'aboveMean', 'Shucked_weight': 'belowMean'}",True,Viscera_weight,8.4,{'belowMean': 165},0.24,6,False,False
93,93,44,"{'Shell_weight': 'belowMean', 'Sex': 'I', 'Height': 'belowMean', 'Diameter': 'belowMean', 'Length': 'aboveMean', 'Shucked_weight': 'aboveMean'}",True,,8.0,{},0.0,6,False,True
94,94,45,"{'Shell_weight': 'belowMean', 'Sex': 'I', 'Height': 'belowMean', 'Diameter': 'aboveMean', 'Shucked_weight': 'belowMean', 'Length': 'aboveMean'}",True,Viscera_weight,9.181818181818182,{'belowMean': 166},1.2396694214876034,6,False,False
95,95,45,"{'Shell_weight': 'belowMean', 'Sex': 'I', 'Height': 'belowMean', 'Diameter': 'aboveMean', 'Shucked_weight': 'belowMean', 'Length': 'belowMean'}",True,Viscera_weight,8.75,{'belowMean': 167},0.1875,6,False,False
96,96,46,"{'Shell_weight': 'belowMean', 'Sex': 'I', 'Height': 'belowMean', 'Diameter': 'aboveMean', 'Shucked_weight': 'aboveMean', 'Viscera_weight': 'aboveMean'}",True,,10.0,{},0.0,6,False,True
97,97,46,"{'Shell_weight': 'belowMean', 'Sex': 'I', 'Height': 'belowMean', 'Diameter': 'aboveMean', 'Shucked_weight': 'aboveMean', 'Viscera_weight': 'belowMean'}",True,Whole_weight,9.8,"{'belowMean': 168, 'aboveMean': 169}",1.75,6,False,False
98,98,47,"{'Shell_weight': 'belowMean', 'Sex': 'I', 'Height': 'aboveMean', 'Diameter': 'aboveMean', 'Shucked_weight': 'belowMean', 'Length': 'belowMean'}",True,Viscera_weight,9.0,{'belowMean': 170},0.5714285714285714,6,False,False
99,99,47,"{'Shell_weight': 'belowMean', 'Sex': 'I', 'Height': 'aboveMean', 'Diameter': 'aboveMean', 'Shucked_weight': 'belowMean', 'Length': 'aboveMean'}",True,Viscera_weight,9.428571428571429,"{'aboveMean': 171, 'belowMean': 172}",0.6726190476190476,6,False,False
100,100,48,"{'Shell_weight': 'belowMean', 'Sex': 'I', 'Height': 'aboveMean', 'Diameter': 'aboveMean', 'Shucked_weight': 'aboveMean', 'Whole_weight': 'belowMean'}",True,Viscera_weight,8.666666666666666,"{'aboveMean': 173, 'belowMean': 174}",0.5416666666666666,6,False,False
101,101,48,"{'Shell_weight': 'belowMean', 'Sex': 'I', 'Height': 'aboveMean', 'Diameter': 'aboveMean', 'Shucked_weight': 'aboveMean', 'Whole_weight': 'aboveMean'}",True,Viscera_weight,9.2,"{'aboveMean': 175, 'belowMean': 176}",1.3,6,False,False
102,102,49,"{'Shell_weight': 'belowMean', 'Sex': 'I', 'Height': 'aboveMean', 'Diameter': 'belowMean', 'Shucked_weight': 'belowMean', 'Length': 'belowMean'}",True,Viscera_weight,10.192307692307692,{'belowMean': 177},7.924556213017752,6,False,False
103,103,49,"{'Shell_weight': 'belowMean', 'Sex': 'I', 'Height': 'aboveMean', 'Diameter': 'belowMean', 'Shucked_weight': 'belowMean', 'Length': 'aboveMean'}",True,,9.0,{},0.0,6,False,True
104,104,51,"{'Shell_weight': 'belowMean', 'Sex': 'F', 'Height': 'aboveMean', 'Shucked_weight': 'belowMean', 'Viscera_weight': 'belowMean', 'Diameter': 'belowMean'}",True,Length,12.72,{'belowMean': 178},11.001600000000002,6,False,False
105,105,51,"{'Shell_weight': 'belowMean', 'Sex': 'F', 'Height': 'aboveMean', 'Shucked_weight': 'belowMean', 'Viscera_weight': 'belowMean', 'Diameter': 'aboveMean'}",True,Length,11.833333333333334,"{'belowMean': 179, 'aboveMean': 180}",4.777777777777778,6,False,False
106,106,52,"{'Shell_weight': 'belowMean', 'Sex': 'F', 'Height': 'aboveMean', 'Shucked_weight': 'belowMean', 'Viscera_weight': 'aboveMean', 'Length': 'aboveMean'}",True,Diameter,10.5,{'aboveMean': 181},10.25,6,False,False
107,107,52,"{'Shell_weight': 'belowMean', 'Sex': 'F', 'Height': 'aboveMean', 'Shucked_weight': 'belowMean', 'Viscera_weight': 'aboveMean', 'Length': 'belowMean'}",True,Diameter,11.333333333333334,"{'aboveMean': 182, 'belowMean': 183}",1.5,6,False,False
108,108,54,"{'Shell_weight': 'belowMean', 'Sex': 'F', 'Height': 'aboveMean', 'Shucked_weight': 'aboveMean', 'Length': 'aboveMean', 'Viscera_weight': 'aboveMean'}",True,Diameter,8.333333333333334,"{'aboveMean': 184, 'belowMean': 185}",0.8787878787878788,6,False,False
109,109,54,"{'Shell_weight': 'belowMean', 'Sex': 'F', 'Height': 'aboveMean', 'Shucked_weight': 'aboveMean', 'Length': 'aboveMean', 'Viscera_weight': 'belowMean'}",True,Diameter,9.0,{'aboveMean': 186},1.2,6,False,False
110,110,55,"{'Shell_weight': 'belowMean', 'Sex': 'F', 'Height': 'belowMean', 'Shucked_weight': 'belowMean', 'Viscera_weight': 'belowMean', 'Diameter': 'aboveMean'}",True,Whole_weight,11.428571428571429,"{'belowMean': 187, 'aboveMean': 188}",3.5476190476190474,6,False,False
111,111,55,"{'Shell_weight': 'belowMean', 'Sex': 'F', 'Height': 'belowMean', 'Shucked_weight': 'belowMean', 'Viscera_weight': 'belowMean', 'Diameter': 'belowMean'}",True,Length,9.626373626373626,"{'belowMean': 189, 'aboveMean': 190}",6.1835606921813815,6,False,False
112,112,56,"{'Shell_weight': 'belowMean', 'Sex': 'F', 'Height': 'belowMean', 'Shucked_weight': 'belowMean', 'Viscera_weight': 'aboveMean', 'Diameter': 'aboveMean'}",True,Whole_weight,8.2,"{'belowMean': 191, 'aboveMean': 192}",0.55,6,False,False
113,113,56,"{'Shell_weight': 'belowMean', 'Sex': 'F', 'Height': 'belowMean', 'Shucked_weight': 'belowMean', 'Viscera_weight': 'aboveMean', 'Diameter': 'belowMean'}",True,,14.0,{},0.0,6,False,True
114,114,57,"{'Shell_weight': 'belowMean', 'Sex': 'F', 'Height': 'belowMean', 'Shucked_weight': 'aboveMean', 'Whole_weight': 'belowMean', 'Length': 'belowMean'}",True,,7.0,{},0.0,6,False,True
115,115,57,"{'Shell_weight': 'belowMean', 'Sex': 'F', 'Height': 'belowMean', 'Shucked_weight': 'aboveMean', 'Whole_weight': 'belowMean', 'Length': 'aboveMean'}",True,Viscera_weight,8.5,"{'belowMean': 193, 'aboveMean': 194}",0.16666666666666666,6,False,False
116,116,58,"{'Shell_weight': 'belowMean', 'Sex': 'F', 'Height': 'belowMean', 'Shucked_weight': 'aboveMean', 'Whole_weight': 'aboveMean', 'Diameter': 'aboveMean'}",True,Viscera_weight,11.0,"{'aboveMean': 195, 'belowMean': 196}",0.0,6,False,False
117,117,58,"{'Shell_weight': 'belowMean', 'Sex': 'F', 'Height': 'belowMean', 'Shucked_weight': 'aboveMean', 'Whole_weight': 'aboveMean', 'Diameter': 'belowMean'}",True,,9.0,{},0.0,6,False,True
118,118,59,"{'Shell_weight': 'belowMean', 'Sex': 'M', 'Height': 'belowMean', 'Diameter': 'belowMean', 'Viscera_weight': 'belowMean', 'Length': 'belowMean'}",True,Shucked_weight,8.582733812949641,"{'belowMean': 197, 'aboveMean': 198}",5.59547029043432,6,False,False
119,119,59,"{'Shell_weight': 'belowMean', 'Sex': 'M', 'Height': 'belowMean', 'Diameter': 'belowMean', 'Viscera_weight': 'belowMean', 'Length': 'aboveMean'}",True,Shucked_weight,9.0,{'belowMean': 199},2.6666666666666665,6,False,False
120,120,61,"{'Shell_weight': 'belowMean', 'Sex': 'M', 'Height': 'belowMean', 'Diameter': 'aboveMean', 'Whole_weight': 'belowMean', 'Length': 'aboveMean'}",True,Viscera_weight,9.571428571428571,"{'aboveMean': 200, 'belowMean': 201}",2.787301587301587,6,False,False
121,121,61,"{'Shell_weight': 'belowMean', 'Sex': 'M', 'Height': 'belowMean', 'Diameter': 'aboveMean', 'Whole_weight': 'belowMean', 'Length': 'belowMean'}",True,Shucked_weight,10.0,{'belowMean': 202},2.0,6,False,False
122,122,62,"{'Shell_weight': 'belowMean', 'Sex': 'M', 'Height': 'belowMean', 'Diameter': 'aboveMean', 'Whole_weight': 'aboveMean', 'Viscera_weight': 'aboveMean'}",True,Length,10.25,{'aboveMean': 203},2.6875,6,False,False
123,123,62,"{'Shell_weight': 'belowMean', 'Sex': 'M', 'Height': 'belowMean', 'Diameter': 'aboveMean', 'Whole_weight': 'aboveMean', 'Viscera_weight': 'belowMean'}",True,Length,12.5,{'aboveMean': 204},6.25,6,False,False
124,124,63,"{'Shell_weight': 'belowMean', 'Sex': 'M', 'Height': 'aboveMean', 'Length': 'aboveMean', 'Diameter': 'aboveMean', 'Shucked_weight': 'belowMean'}",True,Whole_weight,9.25,"{'belowMean': 205, 'aboveMean': 206}",1.5,6,False,False
125,125,63,"{'Shell_weight': 'belowMean', 'Sex': 'M', 'Height': 'aboveMean', 'Length': 'aboveMean', 'Diameter': 'aboveMean', 'Shucked_weight': 'aboveMean'}",True,Whole_weight,8.476190476190476,"{'aboveMean': 207, 'belowMean': 208}",0.6967418546365914,6,False,False
126,126,65,"{'Shell_weight': 'belowMean', 'Sex': 'M', 'Height': 'aboveMean', 'Length': 'belowMean', 'Shucked_weight': 'belowMean', 'Diameter': 'belowMean'}",True,Viscera_weight,11.333333333333334,"{'aboveMean': 209, 'belowMean': 210}",5.311111111111112,6,False,False
127,127,65,"{'Shell_weight': 'belowMean', 'Sex': 'M', 'Height': 'aboveMean', 'Length': 'belowMean', 'Shucked_weight': 'belowMean', 'Diameter': 'aboveMean'}",True,Viscera_weight,12.0,"{'belowMean': 211, 'aboveMean': 212}",10.666666666666666,6,False,False
128,128,67,"{'Shell_weight': 'aboveMean', 'Shucked_weight': 'aboveMean', 'Viscera_weight': 'aboveMean', 'Sex': 'I', 'Height': 'aboveMean', 'Diameter': 'aboveMean'}",True,Length,12.407407407407407,{'aboveMean': 213},8.908093278463648,6,False,False
129,129,68,"{'Shell_weight': 'aboveMean', 'Shucked_weight': 'aboveMean', 'Viscera_weight': 'aboveMean', 'Sex': 'I', 'Height': 'belowMean', 'Diameter': 'aboveMean'}",True,Length,9.5,{'aboveMean': 214},0.25,6,False,False
130,130,69,"{'Shell_weight': 'aboveMean', 'Shucked_weight': 'aboveMean', 'Viscera_weight': 'aboveMean', 'Sex': 'F', 'Height': 'aboveMean', 'Diameter': 'aboveMean'}",True,Length,11.668769716088327,"{'aboveMean': 215, 'belowMean': 216}",10.294386860948375,6,False,False
131,131,69,"{'Shell_weight': 'aboveMean', 'Shucked_weight': 'aboveMean', 'Viscera_weight': 'aboveMean', 'Sex': 'F', 'Height': 'aboveMean', 'Diameter': 'belowMean'}",True,,10.0,{},0.0,6,False,True
132,132,70,"{'Shell_weight': 'aboveMean', 'Shucked_weight': 'aboveMean', 'Viscera_weight': 'aboveMean', 'Sex': 'F', 'Height': 'belowMean', 'Diameter': 'aboveMean'}",True,Length,9.5,{'aboveMean': 217},0.25,6,False,False
133,133,71,"{'Shell_weight': 'aboveMean', 'Shucked_weight': 'aboveMean', 'Viscera_weight': 'aboveMean', 'Sex': 'M', 'Height': 'aboveMean', 'Length': 'aboveMean'}",True,Diameter,11.572916666666666,"{'aboveMean': 218, 'belowMean': 219}",8.2850743006993,6,False,False
134,134,71,"{'Shell_weight': 'aboveMean', 'Shucked_weight': 'aboveMean', 'Viscera_weight': 'aboveMean', 'Sex': 'M', 'Height': 'aboveMean', 'Length': 'belowMean'}",True,,9.0,{},0.0,6,False,True
135,135,72,"{'Shell_weight': 'aboveMean', 'Shucked_weight': 'aboveMean', 'Viscera_weight': 'aboveMean', 'Sex': 'M', 'Height': 'belowMean', 'Length': 'aboveMean'}",True,Diameter,12.285714285714286,{'aboveMean': 220},11.061224489795917,6,False,False
136,136,72,"{'Shell_weight': 'aboveMean', 'Shucked_weight': 'aboveMean', 'Viscera_weight': 'aboveMean', 'Sex': 'M', 'Height': 'belowMean', 'Length': 'belowMean'}",True,,15.0,{},0.0,6,False,True
137,137,73,"{'Shell_weight': 'aboveMean', 'Shucked_weight': 'aboveMean', 'Viscera_weight': 'belowMean', 'Sex': 'M', 'Diameter': 'aboveMean', 'Height': 'aboveMean'}",True,Length,11.454545454545455,{'aboveMean': 221},10.066115702479339,6,False,False
138,138,74,"{'Shell_weight': 'aboveMean', 'Shucked_weight': 'aboveMean', 'Viscera_weight': 'belowMean', 'Sex': 'I', 'Height': 'aboveMean', 'Whole_weight': 'aboveMean'}",True,Diameter,9.625,"{'aboveMean': 222, 'belowMean': 223}",0.7142857142857143,6,False,False
139,139,74,"{'Shell_weight': 'aboveMean', 'Shucked_weight': 'aboveMean', 'Viscera_weight': 'belowMean', 'Sex': 'I', 'Height': 'aboveMean', 'Whole_weight': 'belowMean'}",True,Diameter,10.333333333333334,{'aboveMean': 224},0.2222222222222222,6,False,False
140,140,75,"{'Shell_weight': 'aboveMean', 'Shucked_weight': 'aboveMean', 'Viscera_weight': 'belowMean', 'Sex': 'I', 'Height': 'belowMean', 'Diameter': 'aboveMean'}",True,Length,9.0,{'aboveMean': 225},1.0,6,False,False
141,141,76,"{'Shell_weight': 'aboveMean', 'Shucked_weight': 'aboveMean', 'Viscera_weight': 'belowMean', 'Sex': 'F', 'Height': 'aboveMean', 'Diameter': 'aboveMean'}",True,Length,10.0,{'aboveMean': 226},2.6666666666666665,6,False,False
142,142,77,"{'Shell_weight': 'aboveMean', 'Shucked_weight': 'aboveMean', 'Viscera_weight': 'belowMean', 'Sex': 'F', 'Height': 'belowMean', 'Diameter': 'aboveMean'}",True,Length,11.4,{'aboveMean': 227},3.84,6,False,False
143,143,78,"{'Shell_weight': 'aboveMean', 'Shucked_weight': 'belowMean', 'Sex': 'M', 'Diameter': 'aboveMean', 'Length': 'aboveMean', 'Height': 'aboveMean'}",True,Viscera_weight,12.833333333333334,"{'belowMean': 228, 'aboveMean': 229}",9.545238095238096,6,False,False
144,144,78,"{'Shell_weight': 'aboveMean', 'Shucked_weight': 'belowMean', 'Sex': 'M', 'Diameter': 'aboveMean', 'Length': 'aboveMean', 'Height': 'belowMean'}",True,Viscera_weight,13.666666666666666,"{'belowMean': 230, 'aboveMean': 231}",2.1999999999999997,6,False,False
145,145,79,"{'Shell_weight': 'aboveMean', 'Shucked_weight': 'belowMean', 'Sex': 'M', 'Diameter': 'aboveMean', 'Length': 'belowMean', 'Whole_weight': 'belowMean'}",True,Viscera_weight,12.4,"{'belowMean': 232, 'aboveMean': 233}",8.55,6,False,False
146,146,79,"{'Shell_weight': 'aboveMean', 'Shucked_weight': 'belowMean', 'Sex': 'M', 'Diameter': 'aboveMean', 'Length': 'belowMean', 'Whole_weight': 'aboveMean'}",True,Viscera_weight,9.0,"{'aboveMean': 234, 'belowMean': 235}",0.0,6,False,False
147,147,80,"{'Shell_weight': 'aboveMean', 'Shucked_weight': 'belowMean', 'Sex': 'M', 'Diameter': 'belowMean', 'Viscera_weight': 'belowMean', 'Height': 'aboveMean'}",True,Whole_weight,14.8,"{'aboveMean': 236, 'belowMean': 237}",6.1,6,False,False
148,148,80,"{'Shell_weight': 'aboveMean', 'Shucked_weight': 'belowMean', 'Sex': 'M', 'Diameter': 'belowMean', 'Viscera_weight': 'belowMean', 'Height': 'belowMean'}",True,Length,14.5,{'belowMean': 238},0.25,6,False,False
149,149,82,"{'Shell_weight': 'aboveMean', 'Shucked_weight': 'belowMean', 'Sex': 'F', 'Height': 'aboveMean', 'Whole_weight': 'aboveMean', 'Viscera_weight': 'aboveMean'}",True,Diameter,12.9,{'aboveMean': 239},14.89,6,False,False
150,150,82,"{'Shell_weight': 'aboveMean', 'Shucked_weight': 'belowMean', 'Sex': 'F', 'Height': 'aboveMean', 'Whole_weight': 'aboveMean', 'Viscera_weight': 'belowMean'}",True,Diameter,14.666666666666666,{'aboveMean': 240},9.555555555555555,6,False,False
151,151,83,"{'Shell_weight': 'aboveMean', 'Shucked_weight': 'belowMean', 'Sex': 'F', 'Height': 'aboveMean', 'Whole_weight': 'belowMean', 'Length': 'belowMean'}",True,Viscera_weight,13.555555555555555,"{'belowMean': 241, 'aboveMean': 242}",14.208333333333334,6,False,False
152,152,83,"{'Shell_weight': 'aboveMean', 'Shucked_weight': 'belowMean', 'Sex': 'F', 'Height': 'aboveMean', 'Whole_weight': 'belowMean', 'Length': 'aboveMean'}",True,Diameter,10.6,"{'aboveMean': 243, 'belowMean': 244}",5.8,6,False,False
153,153,84,"{'Shell_weight': 'aboveMean', 'Shucked_weight': 'belowMean', 'Sex': 'F', 'Height': 'belowMean', 'Viscera_weight': 'belowMean', 'Length': 'belowMean'}",True,Diameter,12.0,"{'belowMean': 245, 'aboveMean': 246}",0.0,6,False,False
154,154,84,"{'Shell_weight': 'aboveMean', 'Shucked_weight': 'belowMean', 'Sex': 'F', 'Height': 'belowMean', 'Viscera_weight': 'belowMean', 'Length': 'aboveMean'}",True,Whole_weight,16.428571428571427,"{'aboveMean': 247, 'belowMean': 248}",12.528571428571428,6,False,False
155,155,85,"{'Shell_weight': 'aboveMean', 'Shucked_weight': 'belowMean', 'Sex': 'F', 'Height': 'belowMean', 'Viscera_weight': 'aboveMean', 'Length': 'aboveMean'}",True,,9.0,{},0.0,6,False,True
156,156,85,"{'Shell_weight': 'aboveMean', 'Shucked_weight': 'belowMean', 'Sex': 'F', 'Height': 'belowMean', 'Viscera_weight': 'aboveMean', 'Length': 'belowMean'}",True,,13.0,{},0.0,6,False,True
157,157,86,"{'Shell_weight': 'aboveMean', 'Shucked_weight': 'belowMean', 'Sex': 'I', 'Length': 'aboveMean', 'Height': 'aboveMean', 'Whole_weight': 'aboveMean'}",True,Diameter,12.333333333333334,{'aboveMean': 249},10.888888888888888,6,False,False
158,158,86,"{'Shell_weight': 'aboveMean', 'Shucked_weight': 'belowMean', 'Sex': 'I', 'Length': 'aboveMean', 'Height': 'aboveMean', 'Whole_weight': 'belowMean'}",True,Viscera_weight,9.833333333333334,"{'aboveMean': 250, 'belowMean': 251}",0.4666666666666666,6,False,False
159,159,87,"{'Shell_weight': 'aboveMean', 'Shucked_weight': 'belowMean', 'Sex': 'I', 'Length': 'aboveMean', 'Height': 'belowMean', 'Viscera_weight': 'aboveMean'}",True,Whole_weight,8.5,"{'belowMean': 252, 'aboveMean': 253}",0.0,6,False,False
160,160,87,"{'Shell_weight': 'aboveMean', 'Shucked_weight': 'belowMean', 'Sex': 'I', 'Length': 'aboveMean', 'Height': 'belowMean', 'Viscera_weight': 'belowMean'}",True,,10.0,{},0.0,6,False,True
161,161,88,"{'Shell_weight': 'aboveMean', 'Shucked_weight': 'belowMean', 'Sex': 'I', 'Length': 'belowMean', 'Whole_weight': 'belowMean', 'Viscera_weight': 'aboveMean'}",True,,14.0,{},0.0,6,False,True
162,162,88,"{'Shell_weight': 'aboveMean', 'Shucked_weight': 'belowMean', 'Sex': 'I', 'Length': 'belowMean', 'Whole_weight': 'belowMean', 'Viscera_weight': 'belowMean'}",True,,15.0,{},0.0,6,False,True
163,163,90,"{'Shell_weight': 'belowMean', 'Sex': 'I', 'Height': 'belowMean', 'Diameter': 'belowMean', 'Length': 'belowMean', 'Shucked_weight': 'belowMean', 'Viscera_weight': 'belowMean'}",True,,7.041558441558442,{},0.0,7,False,True
164,164,91,"{'Shell_weight': 'belowMean', 'Sex': 'I', 'Height': 'belowMean', 'Diameter': 'belowMean', 'Length': 'belowMean', 'Shucked_weight': 'aboveMean', 'Viscera_weight': 'belowMean'}",True,,7.0,{},0.0,7,False,True
165,165,92,"{'Shell_weight': 'belowMean', 'Sex': 'I', 'Height': 'belowMean', 'Diameter': 'belowMean', 'Length': 'aboveMean', 'Shucked_weight': 'belowMean', 'Viscera_weight': 'belowMean'}",True,,8.4,{},0.0,7,False,True
166,166,94,"{'Shell_weight': 'belowMean', 'Sex': 'I', 'Height': 'belowMean', 'Diameter': 'aboveMean', 'Shucked_weight': 'belowMean', 'Length': 'aboveMean', 'Viscera_weight': 'belowMean'}",True,,9.181818181818182,{},0.0,7,False,True
167,167,95,"{'Shell_weight': 'belowMean', 'Sex': 'I', 'Height': 'belowMean', 'Diameter': 'aboveMean', 'Shucked_weight': 'belowMean', 'Length': 'belowMean', 'Viscera_weight': 'belowMean'}",True,,8.75,{},0.0,7,False,True
168,168,97,"{'Shell_weight': 'belowMean', 'Sex': 'I', 'Height': 'belowMean', 'Diameter': 'aboveMean', 'Shucked_weight': 'aboveMean', 'Viscera_weight': 'belowMean', 'Whole_weight': 'belowMean'}",True,,9.75,{},0.0,7,False,True
169,169,97,"{'Shell_weight': 'belowMean', 'Sex': 'I', 'Height': 'belowMean', 'Diameter': 'aboveMean', 'Shucked_weight': 'aboveMean', 'Viscera_weight': 'belowMean', 'Whole_weight': 'aboveMean'}",True,,10.0,{},0.0,7,False,True
170,170,98,"{'Shell_weight': 'belowMean', 'Sex': 'I', 'Height': 'aboveMean', 'Diameter': 'aboveMean', 'Shucked_weight': 'belowMean', 'Length': 'belowMean', 'Viscera_weight': 'belowMean'}",True,,9.0,{},0.0,7,False,True
171,171,99,"{'Shell_weight': 'belowMean', 'Sex': 'I', 'Height': 'aboveMean', 'Diameter': 'aboveMean', 'Shucked_weight': 'belowMean', 'Length': 'aboveMean', 'Viscera_weight': 'aboveMean'}",True,,9.5,{},0.0,7,False,True
172,172,99,"{'Shell_weight': 'belowMean', 'Sex': 'I', 'Height': 'aboveMean', 'Diameter': 'aboveMean', 'Shucked_weight': 'belowMean', 'Length': 'aboveMean', 'Viscera_weight': 'belowMean'}",True,,9.416666666666666,{},0.0,7,False,True
173,173,100,"{'Shell_weight': 'belowMean', 'Sex': 'I', 'Height': 'aboveMean', 'Diameter': 'aboveMean', 'Shucked_weight': 'aboveMean', 'Whole_weight': 'belowMean', 'Viscera_weight': 'aboveMean'}",True,,8.5,{},0.0,7,False,True
174,174,100,"{'Shell_weight': 'belowMean', 'Sex': 'I', 'Height': 'aboveMean', 'Diameter': 'aboveMean', 'Shucked_weight': 'aboveMean', 'Whole_weight': 'belowMean', 'Viscera_weight': 'belowMean'}",True,,8.75,{},0.0,7,False,True
175,175,101,"{'Shell_weight': 'belowMean', 'Sex': 'I', 'Height': 'aboveMean', 'Diameter': 'aboveMean', 'Shucked_weight': 'aboveMean', 'Whole_weight': 'aboveMean', 'Viscera_weight': 'aboveMean'}",True,,9.0,{},0.0,7,False,True
176,176,101,"{'Shell_weight': 'belowMean', 'Sex': 'I', 'Height': 'aboveMean', 'Diameter': 'aboveMean', 'Shucked_weight': 'aboveMean', 'Whole_weight': 'aboveMean', 'Viscera_weight': 'belowMean'}",True,,9.5,{},0.0,7,False,True
177,177,102,"{'Shell_weight': 'belowMean', 'Sex': 'I', 'Height': 'aboveMean', 'Diameter': 'belowMean', 'Shucked_weight': 'belowMean', 'Length': 'belowMean', 'Viscera_weight': 'belowMean'}",True,,10.192307692307692,{},0.0,7,False,True
178,178,104,"{'Shell_weight': 'belowMean', 'Sex': 'F', 'Height': 'aboveMean', 'Shucked_weight': 'belowMean', 'Viscera_weight': 'belowMean', 'Diameter': 'belowMean', 'Length': 'belowMean'}",True,,12.72,{},0.0,7,False,True
179,179,105,"{'Shell_weight': 'belowMean', 'Sex': 'F', 'Height': 'aboveMean', 'Shucked_weight': 'belowMean', 'Viscera_weight': 'belowMean', 'Diameter': 'aboveMean', 'Length': 'belowMean'}",True,,10.666666666666666,{},0.0,7,False,True
180,180,105,"{'Shell_weight': 'belowMean', 'Sex': 'F', 'Height': 'aboveMean', 'Shucked_weight': 'belowMean', 'Viscera_weight': 'belowMean', 'Diameter': 'aboveMean', 'Length': 'aboveMean'}",True,,13.0,{},0.0,7,False,True
181,181,106,"{'Shell_weight': 'belowMean', 'Sex': 'F', 'Height': 'aboveMean', 'Shucked_weight': 'belowMean', 'Viscera_weight': 'aboveMean', 'Length': 'aboveMean', 'Diameter': 'aboveMean'}",True,,10.5,{},0.0,7,False,True
182,182,107,"{'Shell_weight': 'belowMean', 'Sex': 'F', 'Height': 'aboveMean', 'Shucked_weight': 'belowMean', 'Viscera_weight': 'aboveMean', 'Length': 'belowMean', 'Diameter': 'aboveMean'}",True,,13.0,{},0.0,7,False,True
183,183,107,"{'Shell_weight': 'belowMean', 'Sex': 'F', 'Height': 'aboveMean', 'Shucked_weight': 'belowMean', 'Viscera_weight': 'aboveMean', 'Length': 'belowMean', 'Diameter': 'belowMean'}",True,,10.5,{},0.0,7,False,True
184,184,108,"{'Shell_weight': 'belowMean', 'Sex': 'F', 'Height': 'aboveMean', 'Shucked_weight': 'aboveMean', 'Length': 'aboveMean', 'Viscera_weight': 'aboveMean', 'Diameter': 'aboveMean'}",True,,8.363636363636363,{},0.0,7,False,True
185,185,108,"{'Shell_weight': 'belowMean', 'Sex': 'F', 'Height': 'aboveMean', 'Shucked_weight': 'aboveMean', 'Length': 'aboveMean', 'Viscera_weight': 'aboveMean', 'Diameter': 'belowMean'}",True,,8.0,{},0.0,7,False,True
186,186,109,"{'Shell_weight': 'belowMean', 'Sex': 'F', 'Height': 'aboveMean', 'Shucked_weight': 'aboveMean', 'Length': 'aboveMean', 'Viscera_weight': 'belowMean', 'Diameter': 'aboveMean'}",True,,9.0,{},0.0,7,False,True
187,187,110,"{'Shell_weight': 'belowMean', 'Sex': 'F', 'Height': 'belowMean', 'Shucked_weight': 'belowMean', 'Viscera_weight': 'belowMean', 'Diameter': 'aboveMean', 'Whole_weight': 'belowMean'}",True,,11.166666666666666,{},0.0,7,False,True
188,188,110,"{'Shell_weight': 'belowMean', 'Sex': 'F', 'Height': 'belowMean', 'Shucked_weight': 'belowMean', 'Viscera_weight': 'belowMean', 'Diameter': 'aboveMean', 'Whole_weight': 'aboveMean'}",True,,13.0,{},0.0,7,False,True
189,189,111,"{'Shell_weight': 'belowMean', 'Sex': 'F', 'Height': 'belowMean', 'Shucked_weight': 'belowMean', 'Viscera_weight': 'belowMean', 'Diameter': 'belowMean', 'Length': 'belowMean'}",True,,9.64367816091954,{},0.0,7,False,True
190,190,111,"{'Shell_weight': 'belowMean', 'Sex': 'F', 'Height': 'belowMean', 'Shucked_weight': 'belowMean', 'Viscera_weight': 'belowMean', 'Diameter': 'belowMean', 'Length': 'aboveMean'}",True,,9.25,{},0.0,7,False,True
191,191,112,"{'Shell_weight': 'belowMean', 'Sex': 'F', 'Height': 'belowMean', 'Shucked_weight': 'belowMean', 'Viscera_weight': 'aboveMean', 'Diameter': 'aboveMean', 'Whole_weight': 'belowMean'}",True,,8.75,{},0.0,7,False,True
192,192,112,"{'Shell_weight': 'belowMean', 'Sex': 'F', 'Height': 'belowMean', 'Shucked_weight': 'belowMean', 'Viscera_weight': 'aboveMean', 'Diameter': 'aboveMean', 'Whole_weight': 'aboveMean'}",True,,6.0,{},0.0,7,False,True
193,193,115,"{'Shell_weight': 'belowMean', 'Sex': 'F', 'Height': 'belowMean', 'Shucked_weight': 'aboveMean', 'Whole_weight': 'belowMean', 'Length': 'aboveMean', 'Viscera_weight': 'belowMean'}",True,,8.666666666666666,{},0.0,7,False,True
194,194,115,"{'Shell_weight': 'belowMean', 'Sex': 'F', 'Height': 'belowMean', 'Shucked_weight': 'aboveMean', 'Whole_weight': 'belowMean', 'Length': 'aboveMean', 'Viscera_weight': 'aboveMean'}",True,,8.0,{},0.0,7,False,True
195,195,116,"{'Shell_weight': 'belowMean', 'Sex': 'F', 'Height': 'belowMean', 'Shucked_weight': 'aboveMean', 'Whole_weight': 'aboveMean', 'Diameter': 'aboveMean', 'Viscera_weight': 'aboveMean'}",True,,12.0,{},0.0,7,False,True
196,196,116,"{'Shell_weight': 'belowMean', 'Sex': 'F', 'Height': 'belowMean', 'Shucked_weight': 'aboveMean', 'Whole_weight': 'aboveMean', 'Diameter': 'aboveMean', 'Viscera_weight': 'belowMean'}",True,,10.0,{},0.0,7,False,True
197,197,118,"{'Shell_weight': 'belowMean', 'Sex': 'M', 'Height': 'belowMean', 'Diameter': 'belowMean', 'Viscera_weight': 'belowMean', 'Length': 'belowMean', 'Shucked_weight': 'belowMean'}",True,,8.585185185185185,{},0.0,7,False,True
198,198,118,"{'Shell_weight': 'belowMean', 'Sex': 'M', 'Height': 'belowMean', 'Diameter': 'belowMean', 'Viscera_weight': 'belowMean', 'Length': 'belowMean', 'Shucked_weight': 'aboveMean'}",True,,8.5,{},0.0,7,False,True
199,199,119,"{'Shell_weight': 'belowMean', 'Sex': 'M', 'Height': 'belowMean', 'Diameter': 'belowMean', 'Viscera_weight': 'belowMean', 'Length': 'aboveMean', 'Shucked_weight': 'belowMean'}",True,,9.0,{},0.0,7,False,True
200,200,120,"{'Shell_weight': 'belowMean', 'Sex': 'M', 'Height': 'belowMean', 'Diameter': 'aboveMean', 'Whole_weight': 'belowMean', 'Length': 'aboveMean', 'Viscera_weight': 'aboveMean'}",True,,9.8,{},0.0,7,False,True
201,201,120,"{'Shell_weight': 'belowMean', 'Sex': 'M', 'Height': 'belowMean', 'Diameter': 'aboveMean', 'Whole_weight': 'belowMean', 'Length': 'aboveMean', 'Viscera_weight': 'belowMean'}",True,,9.444444444444445,{},0.0,7,False,True
202,202,121,"{'Shell_weight': 'belowMean', 'Sex': 'M', 'Height': 'belowMean', 'Diameter': 'aboveMean', 'Whole_weight': 'belowMean', 'Length': 'belowMean', 'Shucked_weight': 'belowMean'}",True,,10.0,{},0.0,7,False,True
203,203,122,"{'Shell_weight': 'belowMean', 'Sex': 'M', 'Height': 'belowMean', 'Diameter': 'aboveMean', 'Whole_weight': 'aboveMean', 'Viscera_weight': 'aboveMean', 'Length': 'aboveMean'}",True,,10.25,{},0.0,7,False,True
204,204,123,"{'Shell_weight': 'belowMean', 'Sex': 'M', 'Height': 'belowMean', 'Diameter': 'aboveMean', 'Whole_weight': 'aboveMean', 'Viscera_weight': 'belowMean', 'Length': 'aboveMean'}",True,,12.5,{},0.0,7,False,True
205,205,124,"{'Shell_weight': 'belowMean', 'Sex': 'M', 'Height': 'aboveMean', 'Length': 'aboveMean', 'Diameter': 'aboveMean', 'Shucked_weight': 'belowMean', 'Whole_weight': 'belowMean'}",True,,9.0,{},0.0,7,False,True
206,206,124,"{'Shell_weight': 'belowMean', 'Sex': 'M', 'Height': 'aboveMean', 'Length': 'aboveMean', 'Diameter': 'aboveMean', 'Shucked_weight': 'belowMean', 'Whole_weight': 'aboveMean'}",True,,11.0,{},0.0,7,False,True
207,207,125,"{'Shell_weight': 'belowMean', 'Sex': 'M', 'Height': 'aboveMean', 'Length': 'aboveMean', 'Diameter': 'aboveMean', 'Shucked_weight': 'aboveMean', 'Whole_weight': 'aboveMean'}",True,,8.421052631578947,{},0.0,7,False,True
208,208,125,"{'Shell_weight': 'belowMean', 'Sex': 'M', 'Height': 'aboveMean', 'Length': 'aboveMean', 'Diameter': 'aboveMean', 'Shucked_weight': 'aboveMean', 'Whole_weight': 'belowMean'}",True,,9.0,{},0.0,7,False,True
209,209,126,"{'Shell_weight': 'belowMean', 'Sex': 'M', 'Height': 'aboveMean', 'Length': 'belowMean', 'Shucked_weight': 'belowMean', 'Diameter': 'belowMean', 'Viscera_weight': 'aboveMean'}",True,,10.666666666666666,{},0.0,7,False,True
210,210,126,"{'Shell_weight': 'belowMean', 'Sex': 'M', 'Height': 'aboveMean', 'Length': 'belowMean', 'Shucked_weight': 'belowMean', 'Diameter': 'belowMean', 'Viscera_weight': 'belowMean'}",True,,11.5,{},0.0,7,False,True
211,211,127,"{'Shell_weight': 'belowMean', 'Sex': 'M', 'Height': 'aboveMean', 'Length': 'belowMean', 'Shucked_weight': 'belowMean', 'Diameter': 'aboveMean', 'Viscera_weight': 'belowMean'}",True,,12.0,{},0.0,7,False,True
212,212,127,"{'Shell_weight': 'belowMean', 'Sex': 'M', 'Height': 'aboveMean', 'Length': 'belowMean', 'Shucked_weight': 'belowMean', 'Diameter': 'aboveMean', 'Viscera_weight': 'aboveMean'}",True,,12.0,{},0.0,7,False,True
213,213,128,"{'Shell_weight': 'aboveMean', 'Shucked_weight': 'aboveMean', 'Viscera_weight': 'aboveMean', 'Sex': 'I', 'Height': 'aboveMean', 'Diameter': 'aboveMean', 'Length': 'aboveMean'}",True,,12.407407407407407,{},0.0,7,False,True
214,214,129,"{'Shell_weight': 'aboveMean', 'Shucked_weight': 'aboveMean', 'Viscera_weight': 'aboveMean', 'Sex': 'I', 'Height': 'belowMean', 'Diameter': 'aboveMean', 'Length': 'aboveMean'}",True,,9.5,{},0.0,7,False,True
215,215,130,"{'Shell_weight': 'aboveMean', 'Shucked_weight': 'aboveMean', 'Viscera_weight': 'aboveMean', 'Sex': 'F', 'Height': 'aboveMean', 'Diameter': 'aboveMean', 'Length': 'aboveMean'}",True,,11.673015873015872,{},0.0,7,False,True
216,216,130,"{'Shell_weight': 'aboveMean', 'Shucked_weight': 'aboveMean', 'Viscera_weight': 'aboveMean', 'Sex': 'F', 'Height': 'aboveMean', 'Diameter': 'aboveMean', 'Length': 'belowMean'}",True,,11.0,{},0.0,7,False,True
217,217,132,"{'Shell_weight': 'aboveMean', 'Shucked_weight': 'aboveMean', 'Viscera_weight': 'aboveMean', 'Sex': 'F', 'Height': 'belowMean', 'Diameter': 'aboveMean', 'Length': 'aboveMean'}",True,,9.5,{},0.0,7,False,True
218,218,133,"{'Shell_weight': 'aboveMean', 'Shucked_weight': 'aboveMean', 'Viscera_weight': 'aboveMean', 'Sex': 'M', 'Height': 'aboveMean', 'Length': 'aboveMean', 'Diameter': 'aboveMean'}",True,,11.56993006993007,{},0.0,7,False,True
219,219,133,"{'Shell_weight': 'aboveMean', 'Shucked_weight': 'aboveMean', 'Viscera_weight': 'aboveMean', 'Sex': 'M', 'Height': 'aboveMean', 'Length': 'aboveMean', 'Diameter': 'belowMean'}",True,,12.0,{},0.0,7,False,True
220,220,135,"{'Shell_weight': 'aboveMean', 'Shucked_weight': 'aboveMean', 'Viscera_weight': 'aboveMean', 'Sex': 'M', 'Height': 'belowMean', 'Length': 'aboveMean', 'Diameter': 'aboveMean'}",True,,12.285714285714286,{},0.0,7,False,True
221,221,137,"{'Shell_weight': 'aboveMean', 'Shucked_weight': 'aboveMean', 'Viscera_weight': 'belowMean', 'Sex': 'M', 'Diameter': 'aboveMean', 'Height': 'aboveMean', 'Length': 'aboveMean'}",True,,11.454545454545455,{},0.0,7,False,True
222,222,138,"{'Shell_weight': 'aboveMean', 'Shucked_weight': 'aboveMean', 'Viscera_weight': 'belowMean', 'Sex': 'I', 'Height': 'aboveMean', 'Whole_weight': 'aboveMean', 'Diameter': 'aboveMean'}",True,,9.571428571428571,{},0.0,7,False,True
223,223,138,"{'Shell_weight': 'aboveMean', 'Shucked_weight': 'aboveMean', 'Viscera_weight': 'belowMean', 'Sex': 'I', 'Height': 'aboveMean', 'Whole_weight': 'aboveMean', 'Diameter': 'belowMean'}",True,,10.0,{},0.0,7,False,True
224,224,139,"{'Shell_weight': 'aboveMean', 'Shucked_weight': 'aboveMean', 'Viscera_weight': 'belowMean', 'Sex': 'I', 'Height': 'aboveMean', 'Whole_weight': 'belowMean', 'Diameter': 'aboveMean'}",True,,10.333333333333334,{},0.0,7,False,True
225,225,140,"{'Shell_weight': 'aboveMean', 'Shucked_weight': 'aboveMean', 'Viscera_weight': 'belowMean', 'Sex': 'I', 'Height': 'belowMean', 'Diameter': 'aboveMean', 'Length': 'aboveMean'}",True,,9.0,{},0.0,7,False,True
226,226,141,"{'Shell_weight': 'aboveMean', 'Shucked_weight': 'aboveMean', 'Viscera_weight': 'belowMean', 'Sex': 'F', 'Height': 'aboveMean', 'Diameter': 'aboveMean', 'Length': 'aboveMean'}",True,,10.0,{},0.0,7,False,True
227,227,142,"{'Shell_weight': 'aboveMean', 'Shucked_weight': 'aboveMean', 'Viscera_weight': 'belowMean', 'Sex': 'F', 'Height': 'belowMean', 'Diameter': 'aboveMean', 'Length': 'aboveMean'}",True,,11.4,{},0.0,7,False,True
228,228,143,"{'Shell_weight': 'aboveMean', 'Shucked_weight': 'belowMean', 'Sex': 'M', 'Diameter': 'aboveMean', 'Length': 'aboveMean', 'Height': 'aboveMean', 'Viscera_weight': 'belowMean'}",True,,13.214285714285714,{},0.0,7,False,True
229,229,143,"{'Shell_weight': 'aboveMean', 'Shucked_weight': 'belowMean', 'Sex': 'M', 'Diameter': 'aboveMean', 'Length': 'aboveMean', 'Height': 'aboveMean', 'Viscera_weight': 'aboveMean'}",True,,12.5,{},0.0,7,False,True
230,230,144,"{'Shell_weight': 'aboveMean', 'Shucked_weight': 'belowMean', 'Sex': 'M', 'Diameter': 'aboveMean', 'Length': 'aboveMean', 'Height': 'belowMean', 'Viscera_weight': 'belowMean'}",True,,12.4,{},0.0,7,False,True
231,231,144,"{'Shell_weight': 'aboveMean', 'Shucked_weight': 'belowMean', 'Sex': 'M', 'Diameter': 'aboveMean', 'Length': 'aboveMean', 'Height': 'belowMean', 'Viscera_weight': 'aboveMean'}",True,,20.0,{},0.0,7,False,True
232,232,145,"{'Shell_weight': 'aboveMean', 'Shucked_weight': 'belowMean', 'Sex': 'M', 'Diameter': 'aboveMean', 'Length': 'belowMean', 'Whole_weight': 'belowMean', 'Viscera_weight': 'belowMean'}",True,,12.25,{},0.0,7,False,True
233,233,145,"{'Shell_weight': 'aboveMean', 'Shucked_weight': 'belowMean', 'Sex': 'M', 'Diameter': 'aboveMean', 'Length': 'belowMean', 'Whole_weight': 'belowMean', 'Viscera_weight': 'aboveMean'}",True,,13.0,{},0.0,7,False,True
234,234,146,"{'Shell_weight': 'aboveMean', 'Shucked_weight': 'belowMean', 'Sex': 'M', 'Diameter': 'aboveMean', 'Length': 'belowMean', 'Whole_weight': 'aboveMean', 'Viscera_weight': 'aboveMean'}",True,,10.0,{},0.0,7,False,True
235,235,146,"{'Shell_weight': 'aboveMean', 'Shucked_weight': 'belowMean', 'Sex': 'M', 'Diameter': 'aboveMean', 'Length': 'belowMean', 'Whole_weight': 'aboveMean', 'Viscera_weight': 'belowMean'}",True,,8.0,{},0.0,7,False,True
236,236,147,"{'Shell_weight': 'aboveMean', 'Shucked_weight': 'belowMean', 'Sex': 'M', 'Diameter': 'belowMean', 'Viscera_weight': 'belowMean', 'Height': 'aboveMean', 'Whole_weight': 'aboveMean'}",True,,14.5,{},0.0,7,False,True
237,237,147,"{'Shell_weight': 'aboveMean', 'Shucked_weight': 'belowMean', 'Sex': 'M', 'Diameter': 'belowMean', 'Viscera_weight': 'belowMean', 'Height': 'aboveMean', 'Whole_weight': 'belowMean'}",True,,15.0,{},0.0,7,False,True
238,238,148,"{'Shell_weight': 'aboveMean', 'Shucked_weight': 'belowMean', 'Sex': 'M', 'Diameter': 'belowMean', 'Viscera_weight': 'belowMean', 'Height': 'belowMean', 'Length': 'belowMean'}",True,,14.5,{},0.0,7,False,True
239,239,149,"{'Shell_weight': 'aboveMean', 'Shucked_weight': 'belowMean', 'Sex': 'F', 'Height': 'aboveMean', 'Whole_weight': 'aboveMean', 'Viscera_weight': 'aboveMean', 'Diameter': 'aboveMean'}",True,,12.9,{},0.0,7,False,True
240,240,150,"{'Shell_weight': 'aboveMean', 'Shucked_weight': 'belowMean', 'Sex': 'F', 'Height': 'aboveMean', 'Whole_weight': 'aboveMean', 'Viscera_weight': 'belowMean', 'Diameter': 'aboveMean'}",True,,14.666666666666666,{},0.0,7,False,True
241,241,151,"{'Shell_weight': 'aboveMean', 'Shucked_weight': 'belowMean', 'Sex': 'F', 'Height': 'aboveMean', 'Whole_weight': 'belowMean', 'Length': 'belowMean', 'Viscera_weight': 'belowMean'}",True,,12.375,{},0.0,7,False,True
242,242,151,"{'Shell_weight': 'aboveMean', 'Shucked_weight': 'belowMean', 'Sex': 'F', 'Height': 'aboveMean', 'Whole_weight': 'belowMean', 'Length': 'belowMean', 'Viscera_weight': 'aboveMean'}",True,,23.0,{},0.0,7,False,True
243,243,152,"{'Shell_weight': 'aboveMean', 'Shucked_weight': 'belowMean', 'Sex': 'F', 'Height': 'aboveMean', 'Whole_weight': 'belowMean', 'Length': 'aboveMean', 'Diameter': 'aboveMean'}",True,,11.0,{},0.0,7,False,True
244,244,152,"{'Shell_weight': 'aboveMean', 'Shucked_weight': 'belowMean', 'Sex': 'F', 'Height': 'aboveMean', 'Whole_weight': 'belowMean', 'Length': 'aboveMean', 'Diameter': 'belowMean'}",True,,7.0,{},0.0,7,False,True
245,245,153,"{'Shell_weight': 'aboveMean', 'Shucked_weight': 'belowMean', 'Sex': 'F', 'Height': 'belowMean', 'Viscera_weight': 'belowMean', 'Length': 'belowMean', 'Diameter': 'belowMean'}",True,,13.0,{},0.0,7,False,True
246,246,153,"{'Shell_weight': 'aboveMean', 'Shucked_weight': 'belowMean', 'Sex': 'F', 'Height': 'belowMean', 'Viscera_weight': 'belowMean', 'Length': 'belowMean', 'Diameter': 'aboveMean'}",True,,11.0,{},0.0,7,False,True
247,247,154,"{'Shell_weight': 'aboveMean', 'Shucked_weight': 'belowMean', 'Sex': 'F', 'Height': 'belowMean', 'Viscera_weight': 'belowMean', 'Length': 'aboveMean', 'Whole_weight': 'aboveMean'}",True,,18.5,{},0.0,7,False,True
248,248,154,"{'Shell_weight': 'aboveMean', 'Shucked_weight': 'belowMean', 'Sex': 'F', 'Height': 'belowMean', 'Viscera_weight': 'belowMean', 'Length': 'aboveMean', 'Whole_weight': 'belowMean'}",True,,15.6,{},0.0,7,False,True
249,249,157,"{'Shell_weight': 'aboveMean', 'Shucked_weight': 'belowMean', 'Sex': 'I', 'Length': 'aboveMean', 'Height': 'aboveMean', 'Whole_weight': 'aboveMean', 'Diameter': 'aboveMean'}",True,,12.333333333333334,{},0.0,7,False,True
250,250,158,"{'Shell_weight': 'aboveMean', 'Shucked_weight': 'belowMean', 'Sex': 'I', 'Length': 'aboveMean', 'Height': 'aboveMean', 'Whole_weight': 'belowMean', 'Viscera_weight': 'aboveMean'}",True,,10.0,{},0.0,7,False,True
251,251,158,"{'Shell_weight': 'aboveMean', 'Shucked_weight': 'belowMean', 'Sex': 'I', 'Length': 'aboveMean', 'Height': 'aboveMean', 'Whole_weight': 'belowMean', 'Viscera_weight': 'belowMean'}",True,,9.8,{},0.0,7,False,True
252,252,159,"{'Shell_weight': 'aboveMean', 'Shucked_weight': 'belowMean', 'Sex': 'I', 'Length': 'aboveMean', 'Height': 'belowMean', 'Viscera_weight': 'aboveMean', 'Whole_weight': 'belowMean'}",True,,9.0,{},0.0,7,False,True
253,253,159,"{'Shell_weight': 'aboveMean', 'Shucked_weight': 'belowMean', 'Sex': 'I', 'Length': 'aboveMean', 'Height': 'belowMean', 'Viscera_weight': 'aboveMean', 'Whole_weight': 'aboveMean'}",True,,8.0,{},0.0,7,False,True
