,Unnamed: 0,nodeID,parentNode,dataSetFilters,evaluated,nodeFeature,nodePrediction,childrenNodes,gainOrMSE,treeLevel,pruned,isLeaf
0,0,0,-1,{},True,Shell_weight,9.926989826451226,"{'aboveMean': 1, 'belowMean': 2}",7.221189830446722,0,False,False
1,1,1,0,{'Shell_weight': 'aboveMean'},True,Shucked_weight,11.612546125461254,"{'aboveMean': 3, 'belowMean': 4}",8.949120576508129,1,False,False
2,2,2,0,{'Shell_weight': 'belowMean'},True,Sex,8.32983682983683,"{'M': 5, 'I': 6, 'F': 7}",4.428999757947127,1,False,False
3,3,3,1,"{'Shell_weight': 'aboveMean', 'Shucked_weight': 'aboveMean'}",True,Height,11.402349486049928,"{'aboveMean': 8, 'belowMean': 9}",8.194020324389268,2,False,False
4,4,4,1,"{'Shell_weight': 'aboveMean', 'Shucked_weight': 'belowMean'}",True,Sex,12.696969696969695,"{'M': 10, 'F': 11, 'I': 12}",11.616965881919768,2,False,False
5,5,5,2,"{'Shell_weight': 'belowMean', 'Sex': 'M'}",True,Height,9.105263157894736,"{'aboveMean': 13, 'belowMean': 14}",4.632330827067669,2,False,False
6,6,6,2,"{'Shell_weight': 'belowMean', 'Sex': 'I'}",True,Height,7.5,"{'belowMean': 15, 'aboveMean': 16}",3.617543160407014,2,False,False
7,7,7,2,"{'Shell_weight': 'belowMean', 'Sex': 'F'}",True,Shucked_weight,9.83783783783784,"{'belowMean': 17, 'aboveMean': 18}",4.521856639247944,2,False,False
8,8,8,3,"{'Shell_weight': 'aboveMean', 'Shucked_weight': 'aboveMean', 'Height': 'aboveMean'}",True,Sex,11.454545454545457,"{'M': 19, 'F': 20, 'I': 21}",8.344359531671996,3,False,False
9,9,9,3,"{'Shell_weight': 'aboveMean', 'Shucked_weight': 'aboveMean', 'Height': 'belowMean'}",True,Diameter,10.34375,"{'aboveMean': 22, 'belowMean': 23}",4.373958333333333,3,False,False
10,10,10,4,"{'Shell_weight': 'aboveMean', 'Shucked_weight': 'belowMean', 'Sex': 'M'}",True,Viscera_weight,12.703703703703704,"{'belowMean': 24, 'aboveMean': 25}",8.282578875171467,3,False,False
11,11,11,4,"{'Shell_weight': 'aboveMean', 'Shucked_weight': 'belowMean', 'Sex': 'F'}",True,Whole_weight,13.50909090909091,"{'belowMean': 26, 'aboveMean': 27}",16.676848484848485,3,False,False
12,12,12,4,"{'Shell_weight': 'aboveMean', 'Shucked_weight': 'belowMean', 'Sex': 'I'}",True,Height,10.73913043478261,"{'aboveMean': 28, 'belowMean': 29}",5.004262574595055,3,False,False
13,13,13,5,"{'Shell_weight': 'belowMean', 'Sex': 'M', 'Height': 'aboveMean'}",True,Shucked_weight,9.8,"{'aboveMean': 30, 'belowMean': 31}",4.307013574660633,3,False,False
14,14,14,5,"{'Shell_weight': 'belowMean', 'Sex': 'M', 'Height': 'belowMean'}",True,Diameter,8.857142857142858,"{'belowMean': 32, 'aboveMean': 33}",4.246026139173437,3,False,False
15,15,15,6,"{'Shell_weight': 'belowMean', 'Sex': 'I', 'Height': 'belowMean'}",True,Diameter,7.242424242424242,"{'belowMean': 34, 'aboveMean': 35}",3.336157562244519,3,False,False
16,16,16,6,"{'Shell_weight': 'belowMean', 'Sex': 'I', 'Height': 'aboveMean'}",True,Length,9.58490566037736,"{'aboveMean': 36, 'belowMean': 37}",4.653584905660377,3,False,False
17,17,17,7,"{'Shell_weight': 'belowMean', 'Sex': 'F', 'Shucked_weight': 'belowMean'}",True,Height,10.04,"{'aboveMean': 38, 'belowMean': 39}",4.740309139784947,3,False,False
18,18,18,7,"{'Shell_weight': 'belowMean', 'Sex': 'F', 'Shucked_weight': 'aboveMean'}",True,Whole_weight,8.73913043478261,"{'aboveMean': 40, 'belowMean': 41}",1.3752860411899313,3,False,False
19,19,19,8,"{'Shell_weight': 'aboveMean', 'Shucked_weight': 'aboveMean', 'Height': 'aboveMean', 'Sex': 'M'}",True,Length,11.605263157894736,"{'aboveMean': 42, 'belowMean': 43}",8.925060996863019,4,False,False
20,20,20,8,"{'Shell_weight': 'aboveMean', 'Shucked_weight': 'aboveMean', 'Height': 'aboveMean', 'Sex': 'F'}",True,Whole_weight,11.282467532467532,"{'aboveMean': 44, 'belowMean': 45}",7.120626930073184,4,False,False
21,21,21,8,"{'Shell_weight': 'aboveMean', 'Shucked_weight': 'aboveMean', 'Height': 'aboveMean', 'Sex': 'I'}",True,Viscera_weight,11.64864864864865,"{'aboveMean': 46, 'belowMean': 47}",11.578249678249678,4,False,False
22,22,22,9,"{'Shell_weight': 'aboveMean', 'Shucked_weight': 'aboveMean', 'Height': 'belowMean', 'Diameter': 'aboveMean'}",True,Sex,10.466666666666669,"{'M': 48, 'F': 49, 'I': 50}",4.286039886039887,4,False,False
23,23,23,9,"{'Shell_weight': 'aboveMean', 'Shucked_weight': 'aboveMean', 'Height': 'belowMean', 'Diameter': 'belowMean'}",True,Viscera_weight,8.5,"{'aboveMean': 51, 'belowMean': 52}",0.0,4,False,False
24,24,24,10,"{'Shell_weight': 'aboveMean', 'Shucked_weight': 'belowMean', 'Sex': 'M', 'Viscera_weight': 'belowMean'}",True,Whole_weight,13.37037037037037,"{'aboveMean': 53, 'belowMean': 54}",8.567283950617284,4,False,False
25,25,25,10,"{'Shell_weight': 'aboveMean', 'Shucked_weight': 'belowMean', 'Sex': 'M', 'Viscera_weight': 'aboveMean'}",True,Whole_weight,12.037037037037036,"{'aboveMean': 55, 'belowMean': 56}",7.4319865319865315,4,False,False
26,26,26,11,"{'Shell_weight': 'aboveMean', 'Shucked_weight': 'belowMean', 'Sex': 'F', 'Whole_weight': 'belowMean'}",True,Viscera_weight,12.84,"{'aboveMean': 57, 'belowMean': 58}",17.92,4,False,False
27,27,27,11,"{'Shell_weight': 'aboveMean', 'Shucked_weight': 'belowMean', 'Sex': 'F', 'Whole_weight': 'aboveMean'}",True,Viscera_weight,14.066666666666666,"{'aboveMean': 59, 'belowMean': 60}",13.893055555555556,4,False,False
28,28,28,12,"{'Shell_weight': 'aboveMean', 'Shucked_weight': 'belowMean', 'Sex': 'I', 'Height': 'aboveMean'}",True,Viscera_weight,11.117647058823527,"{'aboveMean': 61, 'belowMean': 62}",6.110294117647059,4,False,False
29,29,29,12,"{'Shell_weight': 'aboveMean', 'Shucked_weight': 'belowMean', 'Sex': 'I', 'Height': 'belowMean'}",True,Viscera_weight,9.666666666666666,"{'belowMean': 63, 'aboveMean': 64}",0.5416666666666666,4,False,False
30,30,30,13,"{'Shell_weight': 'belowMean', 'Sex': 'M', 'Height': 'aboveMean', 'Shucked_weight': 'aboveMean'}",True,Whole_weight,8.807692307692308,"{'aboveMean': 65, 'belowMean': 66}",0.8444055944055944,4,False,False
31,31,31,13,"{'Shell_weight': 'belowMean', 'Sex': 'M', 'Height': 'aboveMean', 'Shucked_weight': 'belowMean'}",True,Length,10.558823529411764,"{'aboveMean': 67, 'belowMean': 68}",6.129831932773109,4,False,False
32,32,32,14,"{'Shell_weight': 'belowMean', 'Sex': 'M', 'Height': 'belowMean', 'Diameter': 'belowMean'}",True,Length,8.684563758389261,"{'aboveMean': 69, 'belowMean': 70}",4.149078966157361,4,False,False
33,33,33,14,"{'Shell_weight': 'belowMean', 'Sex': 'M', 'Height': 'belowMean', 'Diameter': 'aboveMean'}",True,Viscera_weight,10.210526315789474,"{'aboveMean': 71, 'belowMean': 72}",4.411695906432748,4,False,False
34,34,34,15,"{'Shell_weight': 'belowMean', 'Sex': 'I', 'Height': 'belowMean', 'Diameter': 'belowMean'}",True,Length,7.173913043478261,"{'belowMean': 73, 'aboveMean': 74}",3.3328625667344087,4,False,False
35,35,35,15,"{'Shell_weight': 'belowMean', 'Sex': 'I', 'Height': 'belowMean', 'Diameter': 'aboveMean'}",True,Shucked_weight,9.133333333333333,"{'belowMean': 75, 'aboveMean': 76}",1.5285714285714285,4,False,False
36,36,36,16,"{'Shell_weight': 'belowMean', 'Sex': 'I', 'Height': 'aboveMean', 'Length': 'aboveMean'}",True,Shucked_weight,9.12,"{'belowMean': 77, 'aboveMean': 78}",0.8702941176470589,4,False,False
37,37,37,16,"{'Shell_weight': 'belowMean', 'Sex': 'I', 'Height': 'aboveMean', 'Length': 'belowMean'}",True,Diameter,10.0,"{'belowMean': 79, 'aboveMean': 80}",7.875238095238095,4,False,False
38,38,38,17,"{'Shell_weight': 'belowMean', 'Sex': 'F', 'Shucked_weight': 'belowMean', 'Height': 'aboveMean'}",True,Diameter,11.03125,"{'belowMean': 81, 'aboveMean': 82}",4.557352941176471,4,False,False
39,39,39,17,"{'Shell_weight': 'belowMean', 'Sex': 'F', 'Shucked_weight': 'belowMean', 'Height': 'belowMean'}",True,Diameter,9.698924731182796,"{'belowMean': 83, 'aboveMean': 84}",4.601075268817205,4,False,False
40,40,40,18,"{'Shell_weight': 'belowMean', 'Sex': 'F', 'Shucked_weight': 'aboveMean', 'Whole_weight': 'aboveMean'}",True,Height,8.578947368421053,"{'belowMean': 85, 'aboveMean': 86}",1.1017543859649124,4,False,False
41,41,41,18,"{'Shell_weight': 'belowMean', 'Sex': 'F', 'Shucked_weight': 'aboveMean', 'Whole_weight': 'belowMean'}",True,Diameter,9.5,"{'aboveMean': 87, 'belowMean': 88}",1.25,4,False,False
42,42,42,19,"{'Shell_weight': 'aboveMean', 'Shucked_weight': 'aboveMean', 'Height': 'aboveMean', 'Sex': 'M', 'Length': 'aboveMean'}",True,Viscera_weight,11.625827814569536,"{'aboveMean': 89, 'belowMean': 90}",8.946867572743844,5,False,False
43,43,43,19,"{'Shell_weight': 'aboveMean', 'Shucked_weight': 'aboveMean', 'Height': 'aboveMean', 'Sex': 'M', 'Length': 'belowMean'}",True,Diameter,8.5,{'belowMean': 91},0.25,5,False,False
44,44,44,20,"{'Shell_weight': 'aboveMean', 'Shucked_weight': 'aboveMean', 'Height': 'aboveMean', 'Sex': 'F', 'Whole_weight': 'aboveMean'}",True,Diameter,11.26058631921824,"{'aboveMean': 92, 'belowMean': 93}",7.127120989546742,5,False,False
45,45,45,20,"{'Shell_weight': 'aboveMean', 'Shucked_weight': 'aboveMean', 'Height': 'aboveMean', 'Sex': 'F', 'Whole_weight': 'belowMean'}",True,,18.0,{},0.0,5,False,True
46,46,46,21,"{'Shell_weight': 'aboveMean', 'Shucked_weight': 'aboveMean', 'Height': 'aboveMean', 'Sex': 'I', 'Viscera_weight': 'aboveMean'}",True,Diameter,11.966666666666669,"{'belowMean': 94, 'aboveMean': 95}",13.089655172413792,5,False,False
47,47,47,21,"{'Shell_weight': 'aboveMean', 'Shucked_weight': 'aboveMean', 'Height': 'aboveMean', 'Sex': 'I', 'Viscera_weight': 'belowMean'}",True,Whole_weight,10.285714285714286,"{'aboveMean': 96, 'belowMean': 97}",1.9523809523809528,5,False,False
48,48,48,22,"{'Shell_weight': 'aboveMean', 'Shucked_weight': 'aboveMean', 'Height': 'belowMean', 'Diameter': 'aboveMean', 'Sex': 'M'}",True,Viscera_weight,11.153846153846152,"{'aboveMean': 98, 'belowMean': 99}",7.897435897435898,5,False,False
49,49,49,22,"{'Shell_weight': 'aboveMean', 'Shucked_weight': 'aboveMean', 'Height': 'belowMean', 'Diameter': 'aboveMean', 'Sex': 'F'}",True,Viscera_weight,9.88888888888889,"{'aboveMean': 100, 'belowMean': 101}",1.870370370370371,5,False,False
50,50,50,22,"{'Shell_weight': 'aboveMean', 'Shucked_weight': 'aboveMean', 'Height': 'belowMean', 'Diameter': 'aboveMean', 'Sex': 'I'}",True,Whole_weight,10.0,"{'aboveMean': 102, 'belowMean': 103}",0.9333333333333332,5,False,False
51,51,51,23,"{'Shell_weight': 'aboveMean', 'Shucked_weight': 'aboveMean', 'Height': 'belowMean', 'Diameter': 'belowMean', 'Viscera_weight': 'aboveMean'}",True,,8.0,{},0.0,5,False,True
52,52,52,23,"{'Shell_weight': 'aboveMean', 'Shucked_weight': 'aboveMean', 'Height': 'belowMean', 'Diameter': 'belowMean', 'Viscera_weight': 'belowMean'}",True,,9.0,{},0.0,5,False,True
53,53,53,24,"{'Shell_weight': 'aboveMean', 'Shucked_weight': 'belowMean', 'Sex': 'M', 'Viscera_weight': 'belowMean', 'Whole_weight': 'aboveMean'}",True,Height,14.083333333333334,"{'belowMean': 104, 'aboveMean': 105}",9.555555555555555,5,False,False
54,54,54,24,"{'Shell_weight': 'aboveMean', 'Shucked_weight': 'belowMean', 'Sex': 'M', 'Viscera_weight': 'belowMean', 'Whole_weight': 'belowMean'}",True,Length,12.8,"{'belowMean': 106, 'aboveMean': 107}",7.393939393939394,5,False,False
55,55,55,25,"{'Shell_weight': 'aboveMean', 'Shucked_weight': 'belowMean', 'Sex': 'M', 'Viscera_weight': 'aboveMean', 'Whole_weight': 'aboveMean'}",True,Height,12.227272727272728,"{'aboveMean': 108, 'belowMean': 109}",8.26096256684492,5,False,False
56,56,56,25,"{'Shell_weight': 'aboveMean', 'Shucked_weight': 'belowMean', 'Sex': 'M', 'Viscera_weight': 'aboveMean', 'Whole_weight': 'belowMean'}",True,Diameter,11.2,"{'aboveMean': 110, 'belowMean': 111}",2.55,5,False,False
57,57,57,26,"{'Shell_weight': 'aboveMean', 'Shucked_weight': 'belowMean', 'Sex': 'F', 'Whole_weight': 'belowMean', 'Viscera_weight': 'aboveMean'}",True,Diameter,14.6,"{'aboveMean': 112, 'belowMean': 113}",16.0,5,False,False
58,58,58,26,"{'Shell_weight': 'aboveMean', 'Shucked_weight': 'belowMean', 'Sex': 'F', 'Whole_weight': 'belowMean', 'Viscera_weight': 'belowMean'}",True,Height,12.4,"{'aboveMean': 114, 'belowMean': 115}",14.325274725274728,5,False,False
59,59,59,27,"{'Shell_weight': 'aboveMean', 'Shucked_weight': 'belowMean', 'Sex': 'F', 'Whole_weight': 'aboveMean', 'Viscera_weight': 'aboveMean'}",True,Height,13.541666666666666,"{'belowMean': 116, 'aboveMean': 117}",13.436507936507937,5,False,False
60,60,60,27,"{'Shell_weight': 'aboveMean', 'Shucked_weight': 'belowMean', 'Sex': 'F', 'Whole_weight': 'aboveMean', 'Viscera_weight': 'belowMean'}",True,Diameter,16.166666666666668,{'aboveMean': 118},13.138888888888888,5,False,False
61,61,61,28,"{'Shell_weight': 'aboveMean', 'Shucked_weight': 'belowMean', 'Sex': 'I', 'Height': 'aboveMean', 'Viscera_weight': 'aboveMean'}",True,Length,11.625,"{'belowMean': 119, 'aboveMean': 120}",8.25,5,False,False
62,62,62,28,"{'Shell_weight': 'aboveMean', 'Shucked_weight': 'belowMean', 'Sex': 'I', 'Height': 'aboveMean', 'Viscera_weight': 'belowMean'}",True,Length,10.666666666666666,"{'aboveMean': 121, 'belowMean': 122}",0.9861111111111112,5,False,False
63,63,63,29,"{'Shell_weight': 'aboveMean', 'Shucked_weight': 'belowMean', 'Sex': 'I', 'Height': 'belowMean', 'Viscera_weight': 'belowMean'}",True,Whole_weight,10.25,"{'belowMean': 123, 'aboveMean': 124}",0.5,5,False,False
64,64,64,29,"{'Shell_weight': 'aboveMean', 'Shucked_weight': 'belowMean', 'Sex': 'I', 'Height': 'belowMean', 'Viscera_weight': 'aboveMean'}",True,Whole_weight,8.5,"{'aboveMean': 125, 'belowMean': 126}",0.0,5,False,False
65,65,65,30,"{'Shell_weight': 'belowMean', 'Sex': 'M', 'Height': 'aboveMean', 'Shucked_weight': 'aboveMean', 'Whole_weight': 'aboveMean'}",True,Length,9.045454545454543,"{'aboveMean': 127, 'belowMean': 128}",0.9227272727272728,5,True,True
66,66,66,30,"{'Shell_weight': 'belowMean', 'Sex': 'M', 'Height': 'aboveMean', 'Shucked_weight': 'aboveMean', 'Whole_weight': 'belowMean'}",True,Length,7.5,"{'aboveMean': 129, 'belowMean': 130}",0.1666666666666666,5,False,False
67,67,67,31,"{'Shell_weight': 'belowMean', 'Sex': 'M', 'Height': 'aboveMean', 'Shucked_weight': 'belowMean', 'Length': 'aboveMean'}",True,Viscera_weight,9.642857142857142,"{'belowMean': 131, 'aboveMean': 132}",4.726190476190476,5,False,False
68,68,68,31,"{'Shell_weight': 'belowMean', 'Sex': 'M', 'Height': 'aboveMean', 'Shucked_weight': 'belowMean', 'Length': 'belowMean'}",True,Diameter,11.2,{'belowMean': 133},6.959999999999999,5,False,False
69,69,69,32,"{'Shell_weight': 'belowMean', 'Sex': 'M', 'Height': 'belowMean', 'Diameter': 'belowMean', 'Length': 'aboveMean'}",True,Viscera_weight,8.0,"{'aboveMean': 134, 'belowMean': 135}",1.1666666666666667,5,False,False
70,70,70,32,"{'Shell_weight': 'belowMean', 'Sex': 'M', 'Height': 'belowMean', 'Diameter': 'belowMean', 'Length': 'belowMean'}",True,Viscera_weight,8.72340425531915,"{'belowMean': 136, 'aboveMean': 137}",4.304888004490025,5,False,False
71,71,71,33,"{'Shell_weight': 'belowMean', 'Sex': 'M', 'Height': 'belowMean', 'Diameter': 'aboveMean', 'Viscera_weight': 'aboveMean'}",True,Whole_weight,9.555555555555555,"{'belowMean': 138, 'aboveMean': 139}",1.727777777777778,5,False,False
72,72,72,33,"{'Shell_weight': 'belowMean', 'Sex': 'M', 'Height': 'belowMean', 'Diameter': 'aboveMean', 'Viscera_weight': 'belowMean'}",True,Shucked_weight,10.8,"{'belowMean': 140, 'aboveMean': 141}",5.822222222222223,5,False,False
73,73,73,34,"{'Shell_weight': 'belowMean', 'Sex': 'I', 'Height': 'belowMean', 'Diameter': 'belowMean', 'Length': 'belowMean'}",True,Shucked_weight,7.134663341645886,"{'belowMean': 142, 'aboveMean': 143}",3.426783917399484,5,False,False
74,74,74,34,"{'Shell_weight': 'belowMean', 'Sex': 'I', 'Height': 'belowMean', 'Diameter': 'belowMean', 'Length': 'aboveMean'}",True,Viscera_weight,8.384615384615385,"{'belowMean': 144, 'aboveMean': 145}",0.2243589743589743,5,False,False
75,75,75,35,"{'Shell_weight': 'belowMean', 'Sex': 'I', 'Height': 'belowMean', 'Diameter': 'aboveMean', 'Shucked_weight': 'belowMean'}",True,Length,8.928571428571429,"{'belowMean': 146, 'aboveMean': 147}",1.2261904761904765,5,False,False
76,76,76,35,"{'Shell_weight': 'belowMean', 'Sex': 'I', 'Height': 'belowMean', 'Diameter': 'aboveMean', 'Shucked_weight': 'aboveMean'}",True,,12.0,{},0.0,5,False,True
77,77,77,36,"{'Shell_weight': 'belowMean', 'Sex': 'I', 'Height': 'aboveMean', 'Length': 'aboveMean', 'Shucked_weight': 'belowMean'}",True,Viscera_weight,9.352941176470589,"{'belowMean': 148, 'aboveMean': 149}",0.8764705882352941,5,False,False
78,78,78,36,"{'Shell_weight': 'belowMean', 'Sex': 'I', 'Height': 'aboveMean', 'Length': 'aboveMean', 'Shucked_weight': 'aboveMean'}",True,Viscera_weight,8.625,"{'aboveMean': 150, 'belowMean': 151}",0.34375,5,False,False
79,79,79,37,"{'Shell_weight': 'belowMean', 'Sex': 'I', 'Height': 'aboveMean', 'Length': 'belowMean', 'Diameter': 'belowMean'}",True,Shucked_weight,10.08,"{'belowMean': 152, 'aboveMean': 153}",8.792380952380952,5,False,False
80,80,80,37,"{'Shell_weight': 'belowMean', 'Sex': 'I', 'Height': 'aboveMean', 'Length': 'belowMean', 'Diameter': 'aboveMean'}",True,Shucked_weight,9.333333333333334,{'belowMean': 154},0.2222222222222222,5,False,False
81,81,81,38,"{'Shell_weight': 'belowMean', 'Sex': 'F', 'Shucked_weight': 'belowMean', 'Height': 'aboveMean', 'Diameter': 'belowMean'}",True,Viscera_weight,11.6,"{'aboveMean': 155, 'belowMean': 156}",3.651282051282051,5,False,False
82,82,82,38,"{'Shell_weight': 'belowMean', 'Sex': 'F', 'Shucked_weight': 'belowMean', 'Height': 'aboveMean', 'Diameter': 'aboveMean'}",True,Viscera_weight,10.529411764705882,"{'aboveMean': 157, 'belowMean': 158}",5.201797385620915,5,False,False
83,83,83,39,"{'Shell_weight': 'belowMean', 'Sex': 'F', 'Shucked_weight': 'belowMean', 'Height': 'belowMean', 'Diameter': 'belowMean'}",True,Length,9.6,"{'belowMean': 159, 'aboveMean': 160}",4.531781943546649,5,False,False
84,84,84,39,"{'Shell_weight': 'belowMean', 'Sex': 'F', 'Shucked_weight': 'belowMean', 'Height': 'belowMean', 'Diameter': 'aboveMean'}",True,Length,10.75,"{'aboveMean': 161, 'belowMean': 162}",3.875,5,False,False
85,85,85,40,"{'Shell_weight': 'belowMean', 'Sex': 'F', 'Shucked_weight': 'aboveMean', 'Whole_weight': 'aboveMean', 'Height': 'belowMean'}",True,,8.0,{},0.0,5,False,True
86,86,86,40,"{'Shell_weight': 'belowMean', 'Sex': 'F', 'Shucked_weight': 'aboveMean', 'Whole_weight': 'aboveMean', 'Height': 'aboveMean'}",True,Length,8.733333333333333,"{'aboveMean': 163, 'belowMean': 164}",1.3571428571428572,5,False,False
87,87,87,41,"{'Shell_weight': 'belowMean', 'Sex': 'F', 'Shucked_weight': 'aboveMean', 'Whole_weight': 'belowMean', 'Diameter': 'aboveMean'}",True,Height,10.5,"{'aboveMean': 165, 'belowMean': 166}",0.0,5,False,False
88,88,88,41,"{'Shell_weight': 'belowMean', 'Sex': 'F', 'Shucked_weight': 'aboveMean', 'Whole_weight': 'belowMean', 'Diameter': 'belowMean'}",True,Height,8.5,"{'aboveMean': 167, 'belowMean': 168}",0.0,5,False,False
89,89,89,42,"{'Shell_weight': 'aboveMean', 'Shucked_weight': 'aboveMean', 'Height': 'aboveMean', 'Sex': 'M', 'Length': 'aboveMean', 'Viscera_weight': 'aboveMean'}",True,Diameter,11.668989547038327,"{'aboveMean': 169, 'belowMean': 170}",8.962240968274344,6,False,False
90,90,90,42,"{'Shell_weight': 'aboveMean', 'Shucked_weight': 'aboveMean', 'Height': 'aboveMean', 'Sex': 'M', 'Length': 'aboveMean', 'Viscera_weight': 'belowMean'}",True,Diameter,10.8,{'aboveMean': 171},8.56,6,False,False
91,91,91,43,"{'Shell_weight': 'aboveMean', 'Shucked_weight': 'aboveMean', 'Height': 'aboveMean', 'Sex': 'M', 'Length': 'belowMean', 'Diameter': 'belowMean'}",True,Viscera_weight,8.5,{'aboveMean': 172},0.25,6,False,False
92,92,92,44,"{'Shell_weight': 'aboveMean', 'Shucked_weight': 'aboveMean', 'Height': 'aboveMean', 'Sex': 'F', 'Whole_weight': 'aboveMean', 'Diameter': 'aboveMean'}",True,Length,11.267973856209151,"{'aboveMean': 173, 'belowMean': 174}",7.1391747017839045,6,False,False
93,93,93,44,"{'Shell_weight': 'aboveMean', 'Shucked_weight': 'aboveMean', 'Height': 'aboveMean', 'Sex': 'F', 'Whole_weight': 'aboveMean', 'Diameter': 'belowMean'}",True,,9.0,{},0.0,6,False,True
94,94,94,46,"{'Shell_weight': 'aboveMean', 'Shucked_weight': 'aboveMean', 'Height': 'aboveMean', 'Sex': 'I', 'Viscera_weight': 'aboveMean', 'Diameter': 'belowMean'}",True,,8.0,{},0.0,6,False,True
95,95,95,46,"{'Shell_weight': 'aboveMean', 'Shucked_weight': 'aboveMean', 'Height': 'aboveMean', 'Sex': 'I', 'Viscera_weight': 'aboveMean', 'Diameter': 'aboveMean'}",True,Length,12.10344827586207,{'aboveMean': 175},13.5410225921522,6,False,False
96,96,96,47,"{'Shell_weight': 'aboveMean', 'Shucked_weight': 'aboveMean', 'Height': 'aboveMean', 'Sex': 'I', 'Viscera_weight': 'belowMean', 'Whole_weight': 'aboveMean'}",True,Diameter,9.5,{'aboveMean': 176},0.75,6,False,False
97,97,97,47,"{'Shell_weight': 'aboveMean', 'Shucked_weight': 'aboveMean', 'Height': 'aboveMean', 'Sex': 'I', 'Viscera_weight': 'belowMean', 'Whole_weight': 'belowMean'}",True,Diameter,11.333333333333334,{'aboveMean': 177},3.555555555555556,6,False,False
98,98,98,48,"{'Shell_weight': 'aboveMean', 'Shucked_weight': 'aboveMean', 'Height': 'belowMean', 'Diameter': 'aboveMean', 'Sex': 'M', 'Viscera_weight': 'aboveMean'}",True,Length,11.0,{'aboveMean': 178},8.4,6,False,False
99,99,99,48,"{'Shell_weight': 'aboveMean', 'Shucked_weight': 'aboveMean', 'Height': 'belowMean', 'Diameter': 'aboveMean', 'Sex': 'M', 'Viscera_weight': 'belowMean'}",True,Length,11.666666666666666,{'aboveMean': 179},6.222222222222221,6,False,False
100,100,100,49,"{'Shell_weight': 'aboveMean', 'Shucked_weight': 'aboveMean', 'Height': 'belowMean', 'Diameter': 'aboveMean', 'Sex': 'F', 'Viscera_weight': 'aboveMean'}",True,Length,9.833333333333334,{'aboveMean': 180},1.4722222222222223,6,False,False
101,101,101,49,"{'Shell_weight': 'aboveMean', 'Shucked_weight': 'aboveMean', 'Height': 'belowMean', 'Diameter': 'aboveMean', 'Sex': 'F', 'Viscera_weight': 'belowMean'}",True,Length,10.0,{'aboveMean': 181},2.6666666666666665,6,False,False
102,102,102,50,"{'Shell_weight': 'aboveMean', 'Shucked_weight': 'aboveMean', 'Height': 'belowMean', 'Diameter': 'aboveMean', 'Sex': 'I', 'Whole_weight': 'aboveMean'}",True,Viscera_weight,10.2,"{'belowMean': 182, 'aboveMean': 183}",0.1333333333333333,6,False,False
103,103,103,50,"{'Shell_weight': 'aboveMean', 'Shucked_weight': 'aboveMean', 'Height': 'belowMean', 'Diameter': 'aboveMean', 'Sex': 'I', 'Whole_weight': 'belowMean'}",True,Length,9.666666666666666,{'aboveMean': 184},1.5555555555555556,6,False,False
104,104,104,53,"{'Shell_weight': 'aboveMean', 'Shucked_weight': 'belowMean', 'Sex': 'M', 'Viscera_weight': 'belowMean', 'Whole_weight': 'aboveMean', 'Height': 'belowMean'}",True,Diameter,13.333333333333334,{'aboveMean': 185},1.5555555555555556,6,False,False
105,105,105,53,"{'Shell_weight': 'aboveMean', 'Shucked_weight': 'belowMean', 'Sex': 'M', 'Viscera_weight': 'belowMean', 'Whole_weight': 'aboveMean', 'Height': 'aboveMean'}",True,Diameter,14.333333333333334,"{'aboveMean': 186, 'belowMean': 187}",12.208333333333334,6,False,False
106,106,106,54,"{'Shell_weight': 'aboveMean', 'Shucked_weight': 'belowMean', 'Sex': 'M', 'Viscera_weight': 'belowMean', 'Whole_weight': 'belowMean', 'Length': 'belowMean'}",True,Diameter,12.0,"{'aboveMean': 188, 'belowMean': 189}",0.1666666666666666,6,False,False
107,107,107,54,"{'Shell_weight': 'aboveMean', 'Shucked_weight': 'belowMean', 'Sex': 'M', 'Viscera_weight': 'belowMean', 'Whole_weight': 'belowMean', 'Length': 'aboveMean'}",True,Diameter,13.090909090909092,"{'aboveMean': 190, 'belowMean': 191}",9.45959595959596,6,False,False
108,108,108,55,"{'Shell_weight': 'aboveMean', 'Shucked_weight': 'belowMean', 'Sex': 'M', 'Viscera_weight': 'aboveMean', 'Whole_weight': 'aboveMean', 'Height': 'aboveMean'}",True,Diameter,12.058823529411764,"{'aboveMean': 192, 'belowMean': 193}",6.525490196078431,6,False,False
109,109,109,55,"{'Shell_weight': 'aboveMean', 'Shucked_weight': 'belowMean', 'Sex': 'M', 'Viscera_weight': 'aboveMean', 'Whole_weight': 'aboveMean', 'Height': 'belowMean'}",True,Diameter,12.8,"{'aboveMean': 194, 'belowMean': 195}",13.35,6,False,False
110,110,110,56,"{'Shell_weight': 'aboveMean', 'Shucked_weight': 'belowMean', 'Sex': 'M', 'Viscera_weight': 'aboveMean', 'Whole_weight': 'belowMean', 'Diameter': 'aboveMean'}",True,Height,10.75,{'aboveMean': 196},3.1875,6,False,False
111,111,111,56,"{'Shell_weight': 'aboveMean', 'Shucked_weight': 'belowMean', 'Sex': 'M', 'Viscera_weight': 'aboveMean', 'Whole_weight': 'belowMean', 'Diameter': 'belowMean'}",True,,13.0,{},0.0,6,False,True
112,112,112,57,"{'Shell_weight': 'aboveMean', 'Shucked_weight': 'belowMean', 'Sex': 'F', 'Whole_weight': 'belowMean', 'Viscera_weight': 'aboveMean', 'Diameter': 'aboveMean'}",True,Length,11.0,"{'belowMean': 197, 'aboveMean': 198}",0.0,6,False,False
113,113,113,57,"{'Shell_weight': 'aboveMean', 'Shucked_weight': 'belowMean', 'Sex': 'F', 'Whole_weight': 'belowMean', 'Viscera_weight': 'aboveMean', 'Diameter': 'belowMean'}",True,Height,17.0,{'aboveMean': 199},24.0,6,False,False
114,114,114,58,"{'Shell_weight': 'aboveMean', 'Shucked_weight': 'belowMean', 'Sex': 'F', 'Whole_weight': 'belowMean', 'Viscera_weight': 'belowMean', 'Height': 'aboveMean'}",True,Diameter,11.384615384615383,"{'aboveMean': 200, 'belowMean': 201}",12.484615384615385,6,False,False
115,115,115,58,"{'Shell_weight': 'aboveMean', 'Shucked_weight': 'belowMean', 'Sex': 'F', 'Whole_weight': 'belowMean', 'Viscera_weight': 'belowMean', 'Height': 'belowMean'}",True,Length,14.285714285714286,"{'belowMean': 202, 'aboveMean': 203}",16.107142857142858,6,False,False
116,116,116,59,"{'Shell_weight': 'aboveMean', 'Shucked_weight': 'belowMean', 'Sex': 'F', 'Whole_weight': 'aboveMean', 'Viscera_weight': 'aboveMean', 'Height': 'belowMean'}",True,Diameter,15.666666666666666,{'aboveMean': 204},3.555555555555556,6,False,False
117,117,117,59,"{'Shell_weight': 'aboveMean', 'Shucked_weight': 'belowMean', 'Sex': 'F', 'Whole_weight': 'aboveMean', 'Viscera_weight': 'aboveMean', 'Height': 'aboveMean'}",True,Diameter,13.238095238095235,{'aboveMean': 205},14.84807256235828,6,False,False
118,118,118,60,"{'Shell_weight': 'aboveMean', 'Shucked_weight': 'belowMean', 'Sex': 'F', 'Whole_weight': 'aboveMean', 'Viscera_weight': 'belowMean', 'Diameter': 'aboveMean'}",True,Height,16.166666666666668,{'aboveMean': 206},13.138888888888888,6,False,False
119,119,119,61,"{'Shell_weight': 'aboveMean', 'Shucked_weight': 'belowMean', 'Sex': 'I', 'Height': 'aboveMean', 'Viscera_weight': 'aboveMean', 'Length': 'belowMean'}",True,,9.0,{},0.0,6,False,True
120,120,120,61,"{'Shell_weight': 'aboveMean', 'Shucked_weight': 'belowMean', 'Sex': 'I', 'Height': 'aboveMean', 'Viscera_weight': 'aboveMean', 'Length': 'aboveMean'}",True,Whole_weight,12.0,"{'belowMean': 207, 'aboveMean': 208}",8.095238095238095,6,False,False
121,121,121,62,"{'Shell_weight': 'aboveMean', 'Shucked_weight': 'belowMean', 'Sex': 'I', 'Height': 'aboveMean', 'Viscera_weight': 'belowMean', 'Length': 'aboveMean'}",True,Whole_weight,10.125,"{'belowMean': 209, 'aboveMean': 210}",0.9791666666666669,6,False,False
122,122,122,62,"{'Shell_weight': 'aboveMean', 'Shucked_weight': 'belowMean', 'Sex': 'I', 'Height': 'aboveMean', 'Viscera_weight': 'belowMean', 'Length': 'belowMean'}",True,,15.0,{},0.0,6,False,True
123,123,123,63,"{'Shell_weight': 'aboveMean', 'Shucked_weight': 'belowMean', 'Sex': 'I', 'Height': 'belowMean', 'Viscera_weight': 'belowMean', 'Whole_weight': 'belowMean'}",True,Diameter,10.0,{'aboveMean': 211},0.6666666666666666,6,False,False
124,124,124,63,"{'Shell_weight': 'aboveMean', 'Shucked_weight': 'belowMean', 'Sex': 'I', 'Height': 'belowMean', 'Viscera_weight': 'belowMean', 'Whole_weight': 'aboveMean'}",True,,11.0,{},0.0,6,False,True
125,125,125,64,"{'Shell_weight': 'aboveMean', 'Shucked_weight': 'belowMean', 'Sex': 'I', 'Height': 'belowMean', 'Viscera_weight': 'aboveMean', 'Whole_weight': 'aboveMean'}",True,,8.0,{},0.0,6,False,True
126,126,126,64,"{'Shell_weight': 'aboveMean', 'Shucked_weight': 'belowMean', 'Sex': 'I', 'Height': 'belowMean', 'Viscera_weight': 'aboveMean', 'Whole_weight': 'belowMean'}",True,,9.0,{},0.0,6,False,True
127,127,127,65,"{'Shell_weight': 'belowMean', 'Sex': 'M', 'Height': 'aboveMean', 'Shucked_weight': 'aboveMean', 'Whole_weight': 'aboveMean', 'Length': 'aboveMean'}",True,Viscera_weight,9.1,"{'aboveMean': 212, 'belowMean': 213}",0.9866666666666668,6,True,True
128,128,128,65,"{'Shell_weight': 'belowMean', 'Sex': 'M', 'Height': 'aboveMean', 'Shucked_weight': 'aboveMean', 'Whole_weight': 'aboveMean', 'Length': 'belowMean'}",True,Diameter,8.5,"{'aboveMean': 214, 'belowMean': 215}",0.0,6,False,False
129,129,129,66,"{'Shell_weight': 'belowMean', 'Sex': 'M', 'Height': 'aboveMean', 'Shucked_weight': 'aboveMean', 'Whole_weight': 'belowMean', 'Length': 'aboveMean'}",True,Diameter,7.333333333333333,"{'aboveMean': 216, 'belowMean': 217}",0.1666666666666666,6,False,False
130,130,130,66,"{'Shell_weight': 'belowMean', 'Sex': 'M', 'Height': 'aboveMean', 'Shucked_weight': 'aboveMean', 'Whole_weight': 'belowMean', 'Length': 'belowMean'}",True,,8.0,{},0.0,6,False,True
131,131,131,67,"{'Shell_weight': 'belowMean', 'Sex': 'M', 'Height': 'aboveMean', 'Shucked_weight': 'belowMean', 'Length': 'aboveMean', 'Viscera_weight': 'belowMean'}",True,Diameter,9.833333333333334,"{'belowMean': 218, 'aboveMean': 219}",5.333333333333333,6,False,False
132,132,132,67,"{'Shell_weight': 'belowMean', 'Sex': 'M', 'Height': 'aboveMean', 'Shucked_weight': 'belowMean', 'Length': 'aboveMean', 'Viscera_weight': 'aboveMean'}",True,Diameter,8.5,{'aboveMean': 220},0.25,6,False,False
133,133,133,68,"{'Shell_weight': 'belowMean', 'Sex': 'M', 'Height': 'aboveMean', 'Shucked_weight': 'belowMean', 'Length': 'belowMean', 'Diameter': 'belowMean'}",True,Viscera_weight,11.2,{'belowMean': 221},6.959999999999999,6,False,False
134,134,134,69,"{'Shell_weight': 'belowMean', 'Sex': 'M', 'Height': 'belowMean', 'Diameter': 'belowMean', 'Length': 'aboveMean', 'Viscera_weight': 'aboveMean'}",True,Shucked_weight,8.5,"{'belowMean': 222, 'aboveMean': 223}",0.0,6,False,False
135,135,135,69,"{'Shell_weight': 'belowMean', 'Sex': 'M', 'Height': 'belowMean', 'Diameter': 'belowMean', 'Length': 'aboveMean', 'Viscera_weight': 'belowMean'}",True,Shucked_weight,7.833333333333333,"{'belowMean': 224, 'aboveMean': 225}",0.5333333333333333,6,False,False
136,136,136,70,"{'Shell_weight': 'belowMean', 'Sex': 'M', 'Height': 'belowMean', 'Diameter': 'belowMean', 'Length': 'belowMean', 'Viscera_weight': 'belowMean'}",True,Shucked_weight,8.712230215827338,"{'belowMean': 226, 'aboveMean': 227}",4.35582628787481,6,False,False
137,137,137,70,"{'Shell_weight': 'belowMean', 'Sex': 'M', 'Height': 'belowMean', 'Diameter': 'belowMean', 'Length': 'belowMean', 'Viscera_weight': 'aboveMean'}",True,Shucked_weight,9.5,{'belowMean': 228},0.25,6,False,False
138,138,138,71,"{'Shell_weight': 'belowMean', 'Sex': 'M', 'Height': 'belowMean', 'Diameter': 'aboveMean', 'Viscera_weight': 'aboveMean', 'Whole_weight': 'belowMean'}",True,Shucked_weight,8.75,"{'belowMean': 229, 'aboveMean': 230}",0.1666666666666666,6,False,False
139,139,139,71,"{'Shell_weight': 'belowMean', 'Sex': 'M', 'Height': 'belowMean', 'Diameter': 'aboveMean', 'Viscera_weight': 'aboveMean', 'Whole_weight': 'aboveMean'}",True,Length,10.2,{'aboveMean': 231},2.16,6,False,False
140,140,140,72,"{'Shell_weight': 'belowMean', 'Sex': 'M', 'Height': 'belowMean', 'Diameter': 'aboveMean', 'Viscera_weight': 'belowMean', 'Shucked_weight': 'belowMean'}",True,Length,10.555555555555555,"{'aboveMean': 232, 'belowMean': 233}",6.462962962962963,6,False,False
141,141,141,72,"{'Shell_weight': 'belowMean', 'Sex': 'M', 'Height': 'belowMean', 'Diameter': 'aboveMean', 'Viscera_weight': 'belowMean', 'Shucked_weight': 'aboveMean'}",True,,13.0,{},0.0,6,False,True
142,142,142,73,"{'Shell_weight': 'belowMean', 'Sex': 'I', 'Height': 'belowMean', 'Diameter': 'belowMean', 'Length': 'belowMean', 'Shucked_weight': 'belowMean'}",True,Viscera_weight,7.140350877192983,{'belowMean': 234},3.438948247812514,6,False,False
143,143,143,73,"{'Shell_weight': 'belowMean', 'Sex': 'I', 'Height': 'belowMean', 'Diameter': 'belowMean', 'Length': 'belowMean', 'Shucked_weight': 'aboveMean'}",True,Viscera_weight,6.0,{'belowMean': 235},1.0,6,False,False
144,144,144,74,"{'Shell_weight': 'belowMean', 'Sex': 'I', 'Height': 'belowMean', 'Diameter': 'belowMean', 'Length': 'aboveMean', 'Viscera_weight': 'belowMean'}",True,Shucked_weight,8.416666666666666,"{'belowMean': 236, 'aboveMean': 237}",0.2121212121212121,6,False,False
145,145,145,74,"{'Shell_weight': 'belowMean', 'Sex': 'I', 'Height': 'belowMean', 'Diameter': 'belowMean', 'Length': 'aboveMean', 'Viscera_weight': 'aboveMean'}",True,,8.0,{},0.0,6,False,True
146,146,146,75,"{'Shell_weight': 'belowMean', 'Sex': 'I', 'Height': 'belowMean', 'Diameter': 'aboveMean', 'Shucked_weight': 'belowMean', 'Length': 'belowMean'}",True,Viscera_weight,10.5,{'belowMean': 238},6.25,6,False,False
147,147,147,75,"{'Shell_weight': 'belowMean', 'Sex': 'I', 'Height': 'belowMean', 'Diameter': 'aboveMean', 'Shucked_weight': 'belowMean', 'Length': 'aboveMean'}",True,Viscera_weight,8.666666666666666,"{'belowMean': 239, 'aboveMean': 240}",0.3787878787878788,6,False,False
148,148,148,77,"{'Shell_weight': 'belowMean', 'Sex': 'I', 'Height': 'aboveMean', 'Length': 'aboveMean', 'Shucked_weight': 'belowMean', 'Viscera_weight': 'belowMean'}",True,Diameter,9.2,"{'belowMean': 241, 'aboveMean': 242}",0.888888888888889,6,False,False
149,149,149,77,"{'Shell_weight': 'belowMean', 'Sex': 'I', 'Height': 'aboveMean', 'Length': 'aboveMean', 'Shucked_weight': 'belowMean', 'Viscera_weight': 'aboveMean'}",True,Diameter,10.5,"{'belowMean': 243, 'aboveMean': 244}",0.0,6,False,False
150,150,150,78,"{'Shell_weight': 'belowMean', 'Sex': 'I', 'Height': 'aboveMean', 'Length': 'aboveMean', 'Shucked_weight': 'aboveMean', 'Viscera_weight': 'aboveMean'}",True,Whole_weight,9.0,"{'belowMean': 245, 'aboveMean': 246}",0.25,6,False,False
151,151,151,78,"{'Shell_weight': 'belowMean', 'Sex': 'I', 'Height': 'aboveMean', 'Length': 'aboveMean', 'Shucked_weight': 'aboveMean', 'Viscera_weight': 'belowMean'}",True,Whole_weight,8.25,"{'belowMean': 247, 'aboveMean': 248}",0.0,6,False,False
152,152,152,79,"{'Shell_weight': 'belowMean', 'Sex': 'I', 'Height': 'aboveMean', 'Length': 'belowMean', 'Diameter': 'belowMean', 'Shucked_weight': 'belowMean'}",True,Viscera_weight,10.095238095238097,{'belowMean': 249},9.324263038548752,6,False,False
153,153,153,79,"{'Shell_weight': 'belowMean', 'Sex': 'I', 'Height': 'aboveMean', 'Length': 'belowMean', 'Diameter': 'belowMean', 'Shucked_weight': 'aboveMean'}",True,Viscera_weight,10.0,{'belowMean': 250},6.0,6,False,False
154,154,154,80,"{'Shell_weight': 'belowMean', 'Sex': 'I', 'Height': 'aboveMean', 'Length': 'belowMean', 'Diameter': 'aboveMean', 'Shucked_weight': 'belowMean'}",True,Viscera_weight,9.333333333333334,{'belowMean': 251},0.2222222222222222,6,False,False
155,155,155,81,"{'Shell_weight': 'belowMean', 'Sex': 'F', 'Shucked_weight': 'belowMean', 'Height': 'aboveMean', 'Diameter': 'belowMean', 'Viscera_weight': 'aboveMean'}",True,Length,11.0,{'belowMean': 252},1.0,6,False,False
156,156,156,81,"{'Shell_weight': 'belowMean', 'Sex': 'F', 'Shucked_weight': 'belowMean', 'Height': 'aboveMean', 'Diameter': 'belowMean', 'Viscera_weight': 'belowMean'}",True,Length,11.692307692307692,"{'belowMean': 253, 'aboveMean': 254}",4.041958041958042,6,False,False
157,157,157,82,"{'Shell_weight': 'belowMean', 'Sex': 'F', 'Shucked_weight': 'belowMean', 'Height': 'aboveMean', 'Diameter': 'aboveMean', 'Viscera_weight': 'aboveMean'}",True,Whole_weight,10.875,"{'belowMean': 255, 'aboveMean': 256}",8.71875,6,False,False
158,158,158,82,"{'Shell_weight': 'belowMean', 'Sex': 'F', 'Shucked_weight': 'belowMean', 'Height': 'aboveMean', 'Diameter': 'aboveMean', 'Viscera_weight': 'belowMean'}",True,Length,10.22222222222222,"{'aboveMean': 257, 'belowMean': 258}",1.648148148148148,6,False,False
159,159,159,83,"{'Shell_weight': 'belowMean', 'Sex': 'F', 'Shucked_weight': 'belowMean', 'Height': 'belowMean', 'Diameter': 'belowMean', 'Length': 'belowMean'}",True,Viscera_weight,9.512820512820513,{'belowMean': 259},4.454963839579224,6,False,False
160,160,160,83,"{'Shell_weight': 'belowMean', 'Sex': 'F', 'Shucked_weight': 'belowMean', 'Height': 'belowMean', 'Diameter': 'belowMean', 'Length': 'aboveMean'}",True,Viscera_weight,10.571428571428571,{'belowMean': 260},5.387755102040816,6,False,False
161,161,161,84,"{'Shell_weight': 'belowMean', 'Sex': 'F', 'Shucked_weight': 'belowMean', 'Height': 'belowMean', 'Diameter': 'aboveMean', 'Length': 'aboveMean'}",True,Viscera_weight,10.0,{'belowMean': 261},2.5,6,False,False
162,162,162,84,"{'Shell_weight': 'belowMean', 'Sex': 'F', 'Shucked_weight': 'belowMean', 'Height': 'belowMean', 'Diameter': 'aboveMean', 'Length': 'belowMean'}",True,Viscera_weight,11.5,{'belowMean': 262},5.25,6,False,False
163,163,163,86,"{'Shell_weight': 'belowMean', 'Sex': 'F', 'Shucked_weight': 'aboveMean', 'Whole_weight': 'aboveMean', 'Height': 'aboveMean', 'Length': 'aboveMean'}",True,Viscera_weight,8.785714285714286,"{'aboveMean': 263, 'belowMean': 264}",1.4404761904761902,6,False,False
164,164,164,86,"{'Shell_weight': 'belowMean', 'Sex': 'F', 'Shucked_weight': 'aboveMean', 'Whole_weight': 'aboveMean', 'Height': 'aboveMean', 'Length': 'belowMean'}",True,,8.0,{},0.0,6,False,True
165,165,165,87,"{'Shell_weight': 'belowMean', 'Sex': 'F', 'Shucked_weight': 'aboveMean', 'Whole_weight': 'belowMean', 'Diameter': 'aboveMean', 'Height': 'aboveMean'}",True,,12.0,{},0.0,6,False,True
166,166,166,87,"{'Shell_weight': 'belowMean', 'Sex': 'F', 'Shucked_weight': 'aboveMean', 'Whole_weight': 'belowMean', 'Diameter': 'aboveMean', 'Height': 'belowMean'}",True,,9.0,{},0.0,6,False,True
167,167,167,88,"{'Shell_weight': 'belowMean', 'Sex': 'F', 'Shucked_weight': 'aboveMean', 'Whole_weight': 'belowMean', 'Diameter': 'belowMean', 'Height': 'aboveMean'}",True,,9.0,{},0.0,6,False,True
168,168,168,88,"{'Shell_weight': 'belowMean', 'Sex': 'F', 'Shucked_weight': 'aboveMean', 'Whole_weight': 'belowMean', 'Diameter': 'belowMean', 'Height': 'belowMean'}",True,,8.0,{},0.0,6,False,True
169,169,169,89,"{'Shell_weight': 'aboveMean', 'Shucked_weight': 'aboveMean', 'Height': 'aboveMean', 'Sex': 'M', 'Length': 'aboveMean', 'Viscera_weight': 'aboveMean', 'Diameter': 'aboveMean'}",True,,11.663157894736845,{},0.0,7,False,True
170,170,170,89,"{'Shell_weight': 'aboveMean', 'Shucked_weight': 'aboveMean', 'Height': 'aboveMean', 'Sex': 'M', 'Length': 'aboveMean', 'Viscera_weight': 'aboveMean', 'Diameter': 'belowMean'}",True,,12.5,{},0.0,7,False,True
171,171,171,90,"{'Shell_weight': 'aboveMean', 'Shucked_weight': 'aboveMean', 'Height': 'aboveMean', 'Sex': 'M', 'Length': 'aboveMean', 'Viscera_weight': 'belowMean', 'Diameter': 'aboveMean'}",True,,10.8,{},0.0,7,False,True
172,172,172,91,"{'Shell_weight': 'aboveMean', 'Shucked_weight': 'aboveMean', 'Height': 'aboveMean', 'Sex': 'M', 'Length': 'belowMean', 'Diameter': 'belowMean', 'Viscera_weight': 'aboveMean'}",True,,8.5,{},0.0,7,False,True
173,173,173,92,"{'Shell_weight': 'aboveMean', 'Shucked_weight': 'aboveMean', 'Height': 'aboveMean', 'Sex': 'F', 'Whole_weight': 'aboveMean', 'Diameter': 'aboveMean', 'Length': 'aboveMean'}",True,,11.257425742574258,{},0.0,7,False,True
174,174,174,92,"{'Shell_weight': 'aboveMean', 'Shucked_weight': 'aboveMean', 'Height': 'aboveMean', 'Sex': 'F', 'Whole_weight': 'aboveMean', 'Diameter': 'aboveMean', 'Length': 'belowMean'}",True,,12.333333333333334,{},0.0,7,False,True
175,175,175,95,"{'Shell_weight': 'aboveMean', 'Shucked_weight': 'aboveMean', 'Height': 'aboveMean', 'Sex': 'I', 'Viscera_weight': 'aboveMean', 'Diameter': 'aboveMean', 'Length': 'aboveMean'}",True,,12.10344827586207,{},0.0,7,False,True
176,176,176,96,"{'Shell_weight': 'aboveMean', 'Shucked_weight': 'aboveMean', 'Height': 'aboveMean', 'Sex': 'I', 'Viscera_weight': 'belowMean', 'Whole_weight': 'aboveMean', 'Diameter': 'aboveMean'}",True,,9.5,{},0.0,7,False,True
177,177,177,97,"{'Shell_weight': 'aboveMean', 'Shucked_weight': 'aboveMean', 'Height': 'aboveMean', 'Sex': 'I', 'Viscera_weight': 'belowMean', 'Whole_weight': 'belowMean', 'Diameter': 'aboveMean'}",True,,11.333333333333334,{},0.0,7,False,True
178,178,178,98,"{'Shell_weight': 'aboveMean', 'Shucked_weight': 'aboveMean', 'Height': 'belowMean', 'Diameter': 'aboveMean', 'Sex': 'M', 'Viscera_weight': 'aboveMean', 'Length': 'aboveMean'}",True,,11.0,{},0.0,7,False,True
179,179,179,99,"{'Shell_weight': 'aboveMean', 'Shucked_weight': 'aboveMean', 'Height': 'belowMean', 'Diameter': 'aboveMean', 'Sex': 'M', 'Viscera_weight': 'belowMean', 'Length': 'aboveMean'}",True,,11.666666666666666,{},0.0,7,False,True
180,180,180,100,"{'Shell_weight': 'aboveMean', 'Shucked_weight': 'aboveMean', 'Height': 'belowMean', 'Diameter': 'aboveMean', 'Sex': 'F', 'Viscera_weight': 'aboveMean', 'Length': 'aboveMean'}",True,,9.833333333333334,{},0.0,7,False,True
181,181,181,101,"{'Shell_weight': 'aboveMean', 'Shucked_weight': 'aboveMean', 'Height': 'belowMean', 'Diameter': 'aboveMean', 'Sex': 'F', 'Viscera_weight': 'belowMean', 'Length': 'aboveMean'}",True,,10.0,{},0.0,7,False,True
182,182,182,102,"{'Shell_weight': 'aboveMean', 'Shucked_weight': 'aboveMean', 'Height': 'belowMean', 'Diameter': 'aboveMean', 'Sex': 'I', 'Whole_weight': 'aboveMean', 'Viscera_weight': 'belowMean'}",True,,11.0,{},0.0,7,False,True
183,183,183,102,"{'Shell_weight': 'aboveMean', 'Shucked_weight': 'aboveMean', 'Height': 'belowMean', 'Diameter': 'aboveMean', 'Sex': 'I', 'Whole_weight': 'aboveMean', 'Viscera_weight': 'aboveMean'}",True,,9.666666666666666,{},0.0,7,False,True
184,184,184,103,"{'Shell_weight': 'aboveMean', 'Shucked_weight': 'aboveMean', 'Height': 'belowMean', 'Diameter': 'aboveMean', 'Sex': 'I', 'Whole_weight': 'belowMean', 'Length': 'aboveMean'}",True,,9.666666666666666,{},0.0,7,False,True
185,185,185,104,"{'Shell_weight': 'aboveMean', 'Shucked_weight': 'belowMean', 'Sex': 'M', 'Viscera_weight': 'belowMean', 'Whole_weight': 'aboveMean', 'Height': 'belowMean', 'Diameter': 'aboveMean'}",True,,13.333333333333334,{},0.0,7,False,True
186,186,186,105,"{'Shell_weight': 'aboveMean', 'Shucked_weight': 'belowMean', 'Sex': 'M', 'Viscera_weight': 'belowMean', 'Whole_weight': 'aboveMean', 'Height': 'aboveMean', 'Diameter': 'aboveMean'}",True,,14.375,{},0.0,7,False,True
187,187,187,105,"{'Shell_weight': 'aboveMean', 'Shucked_weight': 'belowMean', 'Sex': 'M', 'Viscera_weight': 'belowMean', 'Whole_weight': 'aboveMean', 'Height': 'aboveMean', 'Diameter': 'belowMean'}",True,,14.0,{},0.0,7,False,True
188,188,188,106,"{'Shell_weight': 'aboveMean', 'Shucked_weight': 'belowMean', 'Sex': 'M', 'Viscera_weight': 'belowMean', 'Whole_weight': 'belowMean', 'Length': 'belowMean', 'Diameter': 'aboveMean'}",True,,11.0,{},0.0,7,False,True
189,189,189,106,"{'Shell_weight': 'aboveMean', 'Shucked_weight': 'belowMean', 'Sex': 'M', 'Viscera_weight': 'belowMean', 'Whole_weight': 'belowMean', 'Length': 'belowMean', 'Diameter': 'belowMean'}",True,,12.333333333333334,{},0.0,7,False,True
190,190,190,107,"{'Shell_weight': 'aboveMean', 'Shucked_weight': 'belowMean', 'Sex': 'M', 'Viscera_weight': 'belowMean', 'Whole_weight': 'belowMean', 'Length': 'aboveMean', 'Diameter': 'aboveMean'}",True,,12.77777777777778,{},0.0,7,False,True
191,191,191,107,"{'Shell_weight': 'aboveMean', 'Shucked_weight': 'belowMean', 'Sex': 'M', 'Viscera_weight': 'belowMean', 'Whole_weight': 'belowMean', 'Length': 'aboveMean', 'Diameter': 'belowMean'}",True,,14.5,{},0.0,7,False,True
192,192,192,108,"{'Shell_weight': 'aboveMean', 'Shucked_weight': 'belowMean', 'Sex': 'M', 'Viscera_weight': 'aboveMean', 'Whole_weight': 'aboveMean', 'Height': 'aboveMean', 'Diameter': 'aboveMean'}",True,,12.066666666666666,{},0.0,7,False,True
193,193,193,108,"{'Shell_weight': 'aboveMean', 'Shucked_weight': 'belowMean', 'Sex': 'M', 'Viscera_weight': 'aboveMean', 'Whole_weight': 'aboveMean', 'Height': 'aboveMean', 'Diameter': 'belowMean'}",True,,12.0,{},0.0,7,False,True
194,194,194,109,"{'Shell_weight': 'aboveMean', 'Shucked_weight': 'belowMean', 'Sex': 'M', 'Viscera_weight': 'aboveMean', 'Whole_weight': 'aboveMean', 'Height': 'belowMean', 'Diameter': 'aboveMean'}",True,,13.25,{},0.0,7,False,True
195,195,195,109,"{'Shell_weight': 'aboveMean', 'Shucked_weight': 'belowMean', 'Sex': 'M', 'Viscera_weight': 'aboveMean', 'Whole_weight': 'aboveMean', 'Height': 'belowMean', 'Diameter': 'belowMean'}",True,,11.0,{},0.0,7,False,True
196,196,196,110,"{'Shell_weight': 'aboveMean', 'Shucked_weight': 'belowMean', 'Sex': 'M', 'Viscera_weight': 'aboveMean', 'Whole_weight': 'belowMean', 'Diameter': 'aboveMean', 'Height': 'aboveMean'}",True,,10.75,{},0.0,7,False,True
197,197,197,112,"{'Shell_weight': 'aboveMean', 'Shucked_weight': 'belowMean', 'Sex': 'F', 'Whole_weight': 'belowMean', 'Viscera_weight': 'aboveMean', 'Diameter': 'aboveMean', 'Length': 'belowMean'}",True,,13.0,{},0.0,7,False,True
198,198,198,112,"{'Shell_weight': 'aboveMean', 'Shucked_weight': 'belowMean', 'Sex': 'F', 'Whole_weight': 'belowMean', 'Viscera_weight': 'aboveMean', 'Diameter': 'aboveMean', 'Length': 'aboveMean'}",True,,9.0,{},0.0,7,False,True
199,199,199,113,"{'Shell_weight': 'aboveMean', 'Shucked_weight': 'belowMean', 'Sex': 'F', 'Whole_weight': 'belowMean', 'Viscera_weight': 'aboveMean', 'Diameter': 'belowMean', 'Height': 'aboveMean'}",True,,17.0,{},0.0,7,False,True
200,200,200,114,"{'Shell_weight': 'aboveMean', 'Shucked_weight': 'belowMean', 'Sex': 'F', 'Whole_weight': 'belowMean', 'Viscera_weight': 'belowMean', 'Height': 'aboveMean', 'Diameter': 'aboveMean'}",True,,11.75,{},0.0,7,False,True
201,201,201,114,"{'Shell_weight': 'aboveMean', 'Shucked_weight': 'belowMean', 'Sex': 'F', 'Whole_weight': 'belowMean', 'Viscera_weight': 'belowMean', 'Height': 'aboveMean', 'Diameter': 'belowMean'}",True,,10.8,{},0.0,7,False,True
202,202,202,115,"{'Shell_weight': 'aboveMean', 'Shucked_weight': 'belowMean', 'Sex': 'F', 'Whole_weight': 'belowMean', 'Viscera_weight': 'belowMean', 'Height': 'belowMean', 'Length': 'belowMean'}",True,,13.0,{},0.0,7,False,True
203,203,203,115,"{'Shell_weight': 'aboveMean', 'Shucked_weight': 'belowMean', 'Sex': 'F', 'Whole_weight': 'belowMean', 'Viscera_weight': 'belowMean', 'Height': 'belowMean', 'Length': 'aboveMean'}",True,,15.25,{},0.0,7,False,True
204,204,204,116,"{'Shell_weight': 'aboveMean', 'Shucked_weight': 'belowMean', 'Sex': 'F', 'Whole_weight': 'aboveMean', 'Viscera_weight': 'aboveMean', 'Height': 'belowMean', 'Diameter': 'aboveMean'}",True,,15.666666666666666,{},0.0,7,False,True
205,205,205,117,"{'Shell_weight': 'aboveMean', 'Shucked_weight': 'belowMean', 'Sex': 'F', 'Whole_weight': 'aboveMean', 'Viscera_weight': 'aboveMean', 'Height': 'aboveMean', 'Diameter': 'aboveMean'}",True,,13.238095238095235,{},0.0,7,False,True
206,206,206,118,"{'Shell_weight': 'aboveMean', 'Shucked_weight': 'belowMean', 'Sex': 'F', 'Whole_weight': 'aboveMean', 'Viscera_weight': 'belowMean', 'Diameter': 'aboveMean', 'Height': 'aboveMean'}",True,,16.166666666666668,{},0.0,7,False,True
207,207,207,120,"{'Shell_weight': 'aboveMean', 'Shucked_weight': 'belowMean', 'Sex': 'I', 'Height': 'aboveMean', 'Viscera_weight': 'aboveMean', 'Length': 'aboveMean', 'Whole_weight': 'belowMean'}",True,,10.666666666666666,{},0.0,7,False,True
208,208,208,120,"{'Shell_weight': 'aboveMean', 'Shucked_weight': 'belowMean', 'Sex': 'I', 'Height': 'aboveMean', 'Viscera_weight': 'aboveMean', 'Length': 'aboveMean', 'Whole_weight': 'aboveMean'}",True,,13.0,{},0.0,7,False,True
209,209,209,121,"{'Shell_weight': 'aboveMean', 'Shucked_weight': 'belowMean', 'Sex': 'I', 'Height': 'aboveMean', 'Viscera_weight': 'belowMean', 'Length': 'aboveMean', 'Whole_weight': 'belowMean'}",True,,10.333333333333334,{},0.0,7,False,True
210,210,210,121,"{'Shell_weight': 'aboveMean', 'Shucked_weight': 'belowMean', 'Sex': 'I', 'Height': 'aboveMean', 'Viscera_weight': 'belowMean', 'Length': 'aboveMean', 'Whole_weight': 'aboveMean'}",True,,9.5,{},0.0,7,False,True
211,211,211,123,"{'Shell_weight': 'aboveMean', 'Shucked_weight': 'belowMean', 'Sex': 'I', 'Height': 'belowMean', 'Viscera_weight': 'belowMean', 'Whole_weight': 'belowMean', 'Diameter': 'aboveMean'}",True,,10.0,{},0.0,7,False,True
212,212,212,127,"{'Shell_weight': 'belowMean', 'Sex': 'M', 'Height': 'aboveMean', 'Shucked_weight': 'aboveMean', 'Whole_weight': 'aboveMean', 'Length': 'aboveMean', 'Viscera_weight': 'aboveMean'}",True,,9.066666666666666,{},0.0,7,False,True
213,213,213,127,"{'Shell_weight': 'belowMean', 'Sex': 'M', 'Height': 'aboveMean', 'Shucked_weight': 'aboveMean', 'Whole_weight': 'aboveMean', 'Length': 'aboveMean', 'Viscera_weight': 'belowMean'}",True,,9.2,{},0.0,7,False,True
214,214,214,128,"{'Shell_weight': 'belowMean', 'Sex': 'M', 'Height': 'aboveMean', 'Shucked_weight': 'aboveMean', 'Whole_weight': 'aboveMean', 'Length': 'belowMean', 'Diameter': 'aboveMean'}",True,,8.0,{},0.0,7,False,True
215,215,215,128,"{'Shell_weight': 'belowMean', 'Sex': 'M', 'Height': 'aboveMean', 'Shucked_weight': 'aboveMean', 'Whole_weight': 'aboveMean', 'Length': 'belowMean', 'Diameter': 'belowMean'}",True,,9.0,{},0.0,7,False,True
216,216,216,129,"{'Shell_weight': 'belowMean', 'Sex': 'M', 'Height': 'aboveMean', 'Shucked_weight': 'aboveMean', 'Whole_weight': 'belowMean', 'Length': 'aboveMean', 'Diameter': 'aboveMean'}",True,,7.0,{},0.0,7,False,True
217,217,217,129,"{'Shell_weight': 'belowMean', 'Sex': 'M', 'Height': 'aboveMean', 'Shucked_weight': 'aboveMean', 'Whole_weight': 'belowMean', 'Length': 'aboveMean', 'Diameter': 'belowMean'}",True,,7.5,{},0.0,7,False,True
218,218,218,131,"{'Shell_weight': 'belowMean', 'Sex': 'M', 'Height': 'aboveMean', 'Shucked_weight': 'belowMean', 'Length': 'aboveMean', 'Viscera_weight': 'belowMean', 'Diameter': 'belowMean'}",True,,9.0,{},0.0,7,False,True
219,219,219,131,"{'Shell_weight': 'belowMean', 'Sex': 'M', 'Height': 'aboveMean', 'Shucked_weight': 'belowMean', 'Length': 'aboveMean', 'Viscera_weight': 'belowMean', 'Diameter': 'aboveMean'}",True,,10.0,{},0.0,7,False,True
220,220,220,132,"{'Shell_weight': 'belowMean', 'Sex': 'M', 'Height': 'aboveMean', 'Shucked_weight': 'belowMean', 'Length': 'aboveMean', 'Viscera_weight': 'aboveMean', 'Diameter': 'aboveMean'}",True,,8.5,{},0.0,7,False,True
221,221,221,133,"{'Shell_weight': 'belowMean', 'Sex': 'M', 'Height': 'aboveMean', 'Shucked_weight': 'belowMean', 'Length': 'belowMean', 'Diameter': 'belowMean', 'Viscera_weight': 'belowMean'}",True,,11.2,{},0.0,7,False,True
222,222,222,134,"{'Shell_weight': 'belowMean', 'Sex': 'M', 'Height': 'belowMean', 'Diameter': 'belowMean', 'Length': 'aboveMean', 'Viscera_weight': 'aboveMean', 'Shucked_weight': 'belowMean'}",True,,10.0,{},0.0,7,False,True
223,223,223,134,"{'Shell_weight': 'belowMean', 'Sex': 'M', 'Height': 'belowMean', 'Diameter': 'belowMean', 'Length': 'aboveMean', 'Viscera_weight': 'aboveMean', 'Shucked_weight': 'aboveMean'}",True,,7.0,{},0.0,7,False,True
224,224,224,135,"{'Shell_weight': 'belowMean', 'Sex': 'M', 'Height': 'belowMean', 'Diameter': 'belowMean', 'Length': 'aboveMean', 'Viscera_weight': 'belowMean', 'Shucked_weight': 'belowMean'}",True,,7.6,{},0.0,7,False,True
225,225,225,135,"{'Shell_weight': 'belowMean', 'Sex': 'M', 'Height': 'belowMean', 'Diameter': 'belowMean', 'Length': 'aboveMean', 'Viscera_weight': 'belowMean', 'Shucked_weight': 'aboveMean'}",True,,9.0,{},0.0,7,False,True
226,226,226,136,"{'Shell_weight': 'belowMean', 'Sex': 'M', 'Height': 'belowMean', 'Diameter': 'belowMean', 'Length': 'belowMean', 'Viscera_weight': 'belowMean', 'Shucked_weight': 'belowMean'}",True,,8.722627737226277,{},0.0,7,False,True
227,227,227,136,"{'Shell_weight': 'belowMean', 'Sex': 'M', 'Height': 'belowMean', 'Diameter': 'belowMean', 'Length': 'belowMean', 'Viscera_weight': 'belowMean', 'Shucked_weight': 'aboveMean'}",True,,8.0,{},0.0,7,False,True
228,228,228,137,"{'Shell_weight': 'belowMean', 'Sex': 'M', 'Height': 'belowMean', 'Diameter': 'belowMean', 'Length': 'belowMean', 'Viscera_weight': 'aboveMean', 'Shucked_weight': 'belowMean'}",True,,9.5,{},0.0,7,False,True
229,229,229,138,"{'Shell_weight': 'belowMean', 'Sex': 'M', 'Height': 'belowMean', 'Diameter': 'aboveMean', 'Viscera_weight': 'aboveMean', 'Whole_weight': 'belowMean', 'Shucked_weight': 'belowMean'}",True,,9.333333333333334,{},0.0,7,False,True
230,230,230,138,"{'Shell_weight': 'belowMean', 'Sex': 'M', 'Height': 'belowMean', 'Diameter': 'aboveMean', 'Viscera_weight': 'aboveMean', 'Whole_weight': 'belowMean', 'Shucked_weight': 'aboveMean'}",True,,7.0,{},0.0,7,False,True
231,231,231,139,"{'Shell_weight': 'belowMean', 'Sex': 'M', 'Height': 'belowMean', 'Diameter': 'aboveMean', 'Viscera_weight': 'aboveMean', 'Whole_weight': 'aboveMean', 'Length': 'aboveMean'}",True,,10.2,{},0.0,7,False,True
232,232,232,140,"{'Shell_weight': 'belowMean', 'Sex': 'M', 'Height': 'belowMean', 'Diameter': 'aboveMean', 'Viscera_weight': 'belowMean', 'Shucked_weight': 'belowMean', 'Length': 'aboveMean'}",True,,10.5,{},0.0,7,False,True
233,233,233,140,"{'Shell_weight': 'belowMean', 'Sex': 'M', 'Height': 'belowMean', 'Diameter': 'aboveMean', 'Viscera_weight': 'belowMean', 'Shucked_weight': 'belowMean', 'Length': 'belowMean'}",True,,10.666666666666666,{},0.0,7,False,True
234,234,234,142,"{'Shell_weight': 'belowMean', 'Sex': 'I', 'Height': 'belowMean', 'Diameter': 'belowMean', 'Length': 'belowMean', 'Shucked_weight': 'belowMean', 'Viscera_weight': 'belowMean'}",True,,7.140350877192983,{},0.0,7,False,True
235,235,235,143,"{'Shell_weight': 'belowMean', 'Sex': 'I', 'Height': 'belowMean', 'Diameter': 'belowMean', 'Length': 'belowMean', 'Shucked_weight': 'aboveMean', 'Viscera_weight': 'belowMean'}",True,,6.0,{},0.0,7,False,True
236,236,236,144,"{'Shell_weight': 'belowMean', 'Sex': 'I', 'Height': 'belowMean', 'Diameter': 'belowMean', 'Length': 'aboveMean', 'Viscera_weight': 'belowMean', 'Shucked_weight': 'belowMean'}",True,,8.363636363636363,{},0.0,7,False,True
237,237,237,144,"{'Shell_weight': 'belowMean', 'Sex': 'I', 'Height': 'belowMean', 'Diameter': 'belowMean', 'Length': 'aboveMean', 'Viscera_weight': 'belowMean', 'Shucked_weight': 'aboveMean'}",True,,9.0,{},0.0,7,False,True
238,238,238,146,"{'Shell_weight': 'belowMean', 'Sex': 'I', 'Height': 'belowMean', 'Diameter': 'aboveMean', 'Shucked_weight': 'belowMean', 'Length': 'belowMean', 'Viscera_weight': 'belowMean'}",True,,10.5,{},0.0,7,False,True
239,239,239,147,"{'Shell_weight': 'belowMean', 'Sex': 'I', 'Height': 'belowMean', 'Diameter': 'aboveMean', 'Shucked_weight': 'belowMean', 'Length': 'aboveMean', 'Viscera_weight': 'belowMean'}",True,,8.636363636363637,{},0.0,7,False,True
240,240,240,147,"{'Shell_weight': 'belowMean', 'Sex': 'I', 'Height': 'belowMean', 'Diameter': 'aboveMean', 'Shucked_weight': 'belowMean', 'Length': 'aboveMean', 'Viscera_weight': 'aboveMean'}",True,,9.0,{},0.0,7,False,True
241,241,241,148,"{'Shell_weight': 'belowMean', 'Sex': 'I', 'Height': 'aboveMean', 'Length': 'aboveMean', 'Shucked_weight': 'belowMean', 'Viscera_weight': 'belowMean', 'Diameter': 'belowMean'}",True,,8.666666666666666,{},0.0,7,False,True
242,242,242,148,"{'Shell_weight': 'belowMean', 'Sex': 'I', 'Height': 'aboveMean', 'Length': 'aboveMean', 'Shucked_weight': 'belowMean', 'Viscera_weight': 'belowMean', 'Diameter': 'aboveMean'}",True,,9.333333333333334,{},0.0,7,False,True
243,243,243,149,"{'Shell_weight': 'belowMean', 'Sex': 'I', 'Height': 'aboveMean', 'Length': 'aboveMean', 'Shucked_weight': 'belowMean', 'Viscera_weight': 'aboveMean', 'Diameter': 'belowMean'}",True,,11.0,{},0.0,7,False,True
244,244,244,149,"{'Shell_weight': 'belowMean', 'Sex': 'I', 'Height': 'aboveMean', 'Length': 'aboveMean', 'Shucked_weight': 'belowMean', 'Viscera_weight': 'aboveMean', 'Diameter': 'aboveMean'}",True,,10.0,{},0.0,7,False,True
245,245,245,150,"{'Shell_weight': 'belowMean', 'Sex': 'I', 'Height': 'aboveMean', 'Length': 'aboveMean', 'Shucked_weight': 'aboveMean', 'Viscera_weight': 'aboveMean', 'Whole_weight': 'belowMean'}",True,,9.5,{},0.0,7,False,True
246,246,246,150,"{'Shell_weight': 'belowMean', 'Sex': 'I', 'Height': 'aboveMean', 'Length': 'aboveMean', 'Shucked_weight': 'aboveMean', 'Viscera_weight': 'aboveMean', 'Whole_weight': 'aboveMean'}",True,,8.5,{},0.0,7,False,True
247,247,247,151,"{'Shell_weight': 'belowMean', 'Sex': 'I', 'Height': 'aboveMean', 'Length': 'aboveMean', 'Shucked_weight': 'aboveMean', 'Viscera_weight': 'belowMean', 'Whole_weight': 'belowMean'}",True,,8.0,{},0.0,7,False,True
248,248,248,151,"{'Shell_weight': 'belowMean', 'Sex': 'I', 'Height': 'aboveMean', 'Length': 'aboveMean', 'Shucked_weight': 'aboveMean', 'Viscera_weight': 'belowMean', 'Whole_weight': 'aboveMean'}",True,,9.0,{},0.0,7,False,True
249,249,249,152,"{'Shell_weight': 'belowMean', 'Sex': 'I', 'Height': 'aboveMean', 'Length': 'belowMean', 'Diameter': 'belowMean', 'Shucked_weight': 'belowMean', 'Viscera_weight': 'belowMean'}",True,,10.095238095238097,{},0.0,7,False,True
250,250,250,153,"{'Shell_weight': 'belowMean', 'Sex': 'I', 'Height': 'aboveMean', 'Length': 'belowMean', 'Diameter': 'belowMean', 'Shucked_weight': 'aboveMean', 'Viscera_weight': 'belowMean'}",True,,10.0,{},0.0,7,False,True
251,251,251,154,"{'Shell_weight': 'belowMean', 'Sex': 'I', 'Height': 'aboveMean', 'Length': 'belowMean', 'Diameter': 'aboveMean', 'Shucked_weight': 'belowMean', 'Viscera_weight': 'belowMean'}",True,,9.333333333333334,{},0.0,7,False,True
252,252,252,155,"{'Shell_weight': 'belowMean', 'Sex': 'F', 'Shucked_weight': 'belowMean', 'Height': 'aboveMean', 'Diameter': 'belowMean', 'Viscera_weight': 'aboveMean', 'Length': 'belowMean'}",True,,11.0,{},0.0,7,False,True
253,253,253,156,"{'Shell_weight': 'belowMean', 'Sex': 'F', 'Shucked_weight': 'belowMean', 'Height': 'aboveMean', 'Diameter': 'belowMean', 'Viscera_weight': 'belowMean', 'Length': 'belowMean'}",True,,11.636363636363637,{},0.0,7,False,True
254,254,254,156,"{'Shell_weight': 'belowMean', 'Sex': 'F', 'Shucked_weight': 'belowMean', 'Height': 'aboveMean', 'Diameter': 'belowMean', 'Viscera_weight': 'belowMean', 'Length': 'aboveMean'}",True,,12.0,{},0.0,7,False,True
255,255,255,157,"{'Shell_weight': 'belowMean', 'Sex': 'F', 'Shucked_weight': 'belowMean', 'Height': 'aboveMean', 'Diameter': 'aboveMean', 'Viscera_weight': 'aboveMean', 'Whole_weight': 'belowMean'}",True,,11.25,{},0.0,7,False,True
256,256,256,157,"{'Shell_weight': 'belowMean', 'Sex': 'F', 'Shucked_weight': 'belowMean', 'Height': 'aboveMean', 'Diameter': 'aboveMean', 'Viscera_weight': 'aboveMean', 'Whole_weight': 'aboveMean'}",True,,10.5,{},0.0,7,False,True
257,257,257,158,"{'Shell_weight': 'belowMean', 'Sex': 'F', 'Shucked_weight': 'belowMean', 'Height': 'aboveMean', 'Diameter': 'aboveMean', 'Viscera_weight': 'belowMean', 'Length': 'aboveMean'}",True,,9.833333333333334,{},0.0,7,False,True
258,258,258,158,"{'Shell_weight': 'belowMean', 'Sex': 'F', 'Shucked_weight': 'belowMean', 'Height': 'aboveMean', 'Diameter': 'aboveMean', 'Viscera_weight': 'belowMean', 'Length': 'belowMean'}",True,,11.0,{},0.0,7,False,True
259,259,259,159,"{'Shell_weight': 'belowMean', 'Sex': 'F', 'Shucked_weight': 'belowMean', 'Height': 'belowMean', 'Diameter': 'belowMean', 'Length': 'belowMean', 'Viscera_weight': 'belowMean'}",True,,9.512820512820513,{},0.0,7,False,True
260,260,260,160,"{'Shell_weight': 'belowMean', 'Sex': 'F', 'Shucked_weight': 'belowMean', 'Height': 'belowMean', 'Diameter': 'belowMean', 'Length': 'aboveMean', 'Viscera_weight': 'belowMean'}",True,,10.571428571428571,{},0.0,7,False,True
261,261,261,161,"{'Shell_weight': 'belowMean', 'Sex': 'F', 'Shucked_weight': 'belowMean', 'Height': 'belowMean', 'Diameter': 'aboveMean', 'Length': 'aboveMean', 'Viscera_weight': 'belowMean'}",True,,10.0,{},0.0,7,False,True
262,262,262,162,"{'Shell_weight': 'belowMean', 'Sex': 'F', 'Shucked_weight': 'belowMean', 'Height': 'belowMean', 'Diameter': 'aboveMean', 'Length': 'belowMean', 'Viscera_weight': 'belowMean'}",True,,11.5,{},0.0,7,False,True
263,263,263,163,"{'Shell_weight': 'belowMean', 'Sex': 'F', 'Shucked_weight': 'aboveMean', 'Whole_weight': 'aboveMean', 'Height': 'aboveMean', 'Length': 'aboveMean', 'Viscera_weight': 'aboveMean'}",True,,8.833333333333334,{},0.0,7,False,True
264,264,264,163,"{'Shell_weight': 'belowMean', 'Sex': 'F', 'Shucked_weight': 'aboveMean', 'Whole_weight': 'aboveMean', 'Height': 'aboveMean', 'Length': 'aboveMean', 'Viscera_weight': 'belowMean'}",True,,8.5,{},0.0,7,False,True
