,nodeID,parentNode,dataSetFilters,evaluated,nodeFeature,nodePrediction,childrenNodes,gainOrMSE,treeLevel,pruned,isLeaf
0,0,-1,{},True,Uniformity_of_cell_size,2,"{'belowMean': 1, 'aboveMean': 2}",0.6398842977745425,0,False,False
1,1,0,{'Uniformity_of_cell_size': 'belowMean'},True,Bland_chromatin,2,"{'belowMean': 3, 'aboveMean': 4}",0.5216287136452232,1,False,False
2,2,0,{'Uniformity_of_cell_size': 'aboveMean'},True,Bland_chromatin,4,"{'aboveMean': 5, 'belowMean': 6}",0.017672650025312372,1,False,False
3,3,1,"{'Uniformity_of_cell_size': 'belowMean', 'Bland_chromatin': 'belowMean'}",True,Uniformity_of_cell_shape,2,"{'belowMean': 7, 'aboveMean': 8}",0.33582919563086283,2,False,False
4,4,1,"{'Uniformity_of_cell_size': 'belowMean', 'Bland_chromatin': 'aboveMean'}",True,Clump_thickness,4,"{'belowMean': 9, 'aboveMean': 10}",0.14932342441503568,2,False,False
5,5,2,"{'Uniformity_of_cell_size': 'aboveMean', 'Bland_chromatin': 'aboveMean'}",True,Marginal_adhesion,4,"{'aboveMean': 11, 'belowMean': 12}",0.01800539046752582,2,False,False
6,6,2,"{'Uniformity_of_cell_size': 'aboveMean', 'Bland_chromatin': 'belowMean'}",True,,4,{},0.0,2,False,True
7,7,3,"{'Uniformity_of_cell_size': 'belowMean', 'Bland_chromatin': 'belowMean', 'Uniformity_of_cell_shape': 'belowMean'}",True,Mitoses,2,"{'belowMean': 13, 'aboveMean': 14}",0.1116948146231673,3,False,False
8,8,3,"{'Uniformity_of_cell_size': 'belowMean', 'Bland_chromatin': 'belowMean', 'Uniformity_of_cell_shape': 'aboveMean'}",True,Normal_nucleoli,2,"{'belowMean': 15, 'aboveMean': 16}",0.9999928278229766,3,False,False
9,9,4,"{'Uniformity_of_cell_size': 'belowMean', 'Bland_chromatin': 'aboveMean', 'Clump_thickness': 'belowMean'}",True,Bare_nuclei,2,"{'belowMean': 17, 'aboveMean': 18}",0.9999895342157153,3,False,False
10,10,4,"{'Uniformity_of_cell_size': 'belowMean', 'Bland_chromatin': 'aboveMean', 'Clump_thickness': 'aboveMean'}",True,Uniformity_of_cell_shape,4,"{'aboveMean': 19, 'belowMean': 20}",0.10802932079593364,3,False,False
11,11,5,"{'Uniformity_of_cell_size': 'aboveMean', 'Bland_chromatin': 'aboveMean', 'Marginal_adhesion': 'aboveMean'}",True,Uniformity_of_cell_shape,4,"{'aboveMean': 21, 'belowMean': 22}",0.015739869881225013,3,False,False
12,12,5,"{'Uniformity_of_cell_size': 'aboveMean', 'Bland_chromatin': 'aboveMean', 'Marginal_adhesion': 'belowMean'}",True,,4,{},0.0,3,False,True
13,13,7,"{'Uniformity_of_cell_size': 'belowMean', 'Bland_chromatin': 'belowMean', 'Uniformity_of_cell_shape': 'belowMean', 'Mitoses': 'belowMean'}",True,,2,{},0.0,4,False,True
14,14,7,"{'Uniformity_of_cell_size': 'belowMean', 'Bland_chromatin': 'belowMean', 'Uniformity_of_cell_shape': 'belowMean', 'Mitoses': 'aboveMean'}",True,Bare_nuclei,2,"{'belowMean': 23, 'aboveMean': 24}",0.9999897510677291,4,False,False
15,15,8,"{'Uniformity_of_cell_size': 'belowMean', 'Bland_chromatin': 'belowMean', 'Uniformity_of_cell_shape': 'aboveMean', 'Normal_nucleoli': 'belowMean'}",True,,2,{},0.0,4,False,True
16,16,8,"{'Uniformity_of_cell_size': 'belowMean', 'Bland_chromatin': 'belowMean', 'Uniformity_of_cell_shape': 'aboveMean', 'Normal_nucleoli': 'aboveMean'}",True,,4,{},0.0,4,False,True
17,17,9,"{'Uniformity_of_cell_size': 'belowMean', 'Bland_chromatin': 'aboveMean', 'Clump_thickness': 'belowMean', 'Bare_nuclei': 'belowMean'}",True,,2,{},0.0,4,False,True
18,18,9,"{'Uniformity_of_cell_size': 'belowMean', 'Bland_chromatin': 'aboveMean', 'Clump_thickness': 'belowMean', 'Bare_nuclei': 'aboveMean'}",True,,4,{},0.0,4,False,True
19,19,10,"{'Uniformity_of_cell_size': 'belowMean', 'Bland_chromatin': 'aboveMean', 'Clump_thickness': 'aboveMean', 'Uniformity_of_cell_shape': 'aboveMean'}",True,Marginal_adhesion,4,"{'aboveMean': 25, 'belowMean': 26}",0.17606087180673313,4,False,False
20,20,10,"{'Uniformity_of_cell_size': 'belowMean', 'Bland_chromatin': 'aboveMean', 'Clump_thickness': 'aboveMean', 'Uniformity_of_cell_shape': 'belowMean'}",True,,4,{},0.0,4,False,True
21,21,11,"{'Uniformity_of_cell_size': 'aboveMean', 'Bland_chromatin': 'aboveMean', 'Marginal_adhesion': 'aboveMean', 'Uniformity_of_cell_shape': 'aboveMean'}",True,Bare_nuclei,4,"{'aboveMean': 27, 'belowMean': 28}",0.006653856981234871,4,False,False
22,22,11,"{'Uniformity_of_cell_size': 'aboveMean', 'Bland_chromatin': 'aboveMean', 'Marginal_adhesion': 'aboveMean', 'Uniformity_of_cell_shape': 'belowMean'}",True,,4,{},0.0,4,False,True
23,23,14,"{'Uniformity_of_cell_size': 'belowMean', 'Bland_chromatin': 'belowMean', 'Uniformity_of_cell_shape': 'belowMean', 'Mitoses': 'aboveMean', 'Bare_nuclei': 'belowMean'}",True,,2,{},0.0,5,False,True
24,24,14,"{'Uniformity_of_cell_size': 'belowMean', 'Bland_chromatin': 'belowMean', 'Uniformity_of_cell_shape': 'belowMean', 'Mitoses': 'aboveMean', 'Bare_nuclei': 'aboveMean'}",True,,4,{},0.0,5,False,True
25,25,19,"{'Uniformity_of_cell_size': 'belowMean', 'Bland_chromatin': 'aboveMean', 'Clump_thickness': 'aboveMean', 'Uniformity_of_cell_shape': 'aboveMean', 'Marginal_adhesion': 'aboveMean'}",True,Bare_nuclei,4,"{'aboveMean': 29, 'belowMean': 30}",0.2740103071367113,5,False,False
26,26,19,"{'Uniformity_of_cell_size': 'belowMean', 'Bland_chromatin': 'aboveMean', 'Clump_thickness': 'aboveMean', 'Uniformity_of_cell_shape': 'aboveMean', 'Marginal_adhesion': 'belowMean'}",True,,4,{},0.0,5,False,True
27,27,21,"{'Uniformity_of_cell_size': 'aboveMean', 'Bland_chromatin': 'aboveMean', 'Marginal_adhesion': 'aboveMean', 'Uniformity_of_cell_shape': 'aboveMean', 'Bare_nuclei': 'aboveMean'}",True,Single_epithelial_cell_size,4,"{'aboveMean': 31, 'belowMean': 32}",0.024507337192800568,5,False,False
28,28,21,"{'Uniformity_of_cell_size': 'aboveMean', 'Bland_chromatin': 'aboveMean', 'Marginal_adhesion': 'aboveMean', 'Uniformity_of_cell_shape': 'aboveMean', 'Bare_nuclei': 'belowMean'}",True,Single_epithelial_cell_size,4,"{'belowMean': 33, 'aboveMean': 34}",0.9999905365287287,5,False,False
29,29,25,"{'Uniformity_of_cell_size': 'belowMean', 'Bland_chromatin': 'aboveMean', 'Clump_thickness': 'aboveMean', 'Uniformity_of_cell_shape': 'aboveMean', 'Marginal_adhesion': 'aboveMean', 'Bare_nuclei': 'aboveMean'}",True,Mitoses,2,"{'belowMean': 35, 'aboveMean': 36}",0.9999800684314307,6,False,False
30,30,25,"{'Uniformity_of_cell_size': 'belowMean', 'Bland_chromatin': 'aboveMean', 'Clump_thickness': 'aboveMean', 'Uniformity_of_cell_shape': 'aboveMean', 'Marginal_adhesion': 'aboveMean', 'Bare_nuclei': 'belowMean'}",True,,4,{},0.0,6,False,True
31,31,27,"{'Uniformity_of_cell_size': 'aboveMean', 'Bland_chromatin': 'aboveMean', 'Marginal_adhesion': 'aboveMean', 'Uniformity_of_cell_shape': 'aboveMean', 'Bare_nuclei': 'aboveMean', 'Single_epithelial_cell_size': 'aboveMean'}",True,Normal_nucleoli,4,"{'aboveMean': 37, 'belowMean': 38}",0.015599961183190375,6,False,False
32,32,27,"{'Uniformity_of_cell_size': 'aboveMean', 'Bland_chromatin': 'aboveMean', 'Marginal_adhesion': 'aboveMean', 'Uniformity_of_cell_shape': 'aboveMean', 'Bare_nuclei': 'aboveMean', 'Single_epithelial_cell_size': 'belowMean'}",True,,4,{},0.0,6,False,True
33,33,28,"{'Uniformity_of_cell_size': 'aboveMean', 'Bland_chromatin': 'aboveMean', 'Marginal_adhesion': 'aboveMean', 'Uniformity_of_cell_shape': 'aboveMean', 'Bare_nuclei': 'belowMean', 'Single_epithelial_cell_size': 'belowMean'}",True,,2,{},0.0,6,False,True
34,34,28,"{'Uniformity_of_cell_size': 'aboveMean', 'Bland_chromatin': 'aboveMean', 'Marginal_adhesion': 'aboveMean', 'Uniformity_of_cell_shape': 'aboveMean', 'Bare_nuclei': 'belowMean', 'Single_epithelial_cell_size': 'aboveMean'}",True,,4,{},0.0,6,False,True
35,35,29,"{'Uniformity_of_cell_size': 'belowMean', 'Bland_chromatin': 'aboveMean', 'Clump_thickness': 'aboveMean', 'Uniformity_of_cell_shape': 'aboveMean', 'Marginal_adhesion': 'aboveMean', 'Bare_nuclei': 'aboveMean', 'Mitoses': 'belowMean'}",True,,2,{},0.0,7,False,True
36,36,29,"{'Uniformity_of_cell_size': 'belowMean', 'Bland_chromatin': 'aboveMean', 'Clump_thickness': 'aboveMean', 'Uniformity_of_cell_shape': 'aboveMean', 'Marginal_adhesion': 'aboveMean', 'Bare_nuclei': 'aboveMean', 'Mitoses': 'aboveMean'}",True,,4,{},0.0,7,False,True
37,37,31,"{'Uniformity_of_cell_size': 'aboveMean', 'Bland_chromatin': 'aboveMean', 'Marginal_adhesion': 'aboveMean', 'Uniformity_of_cell_shape': 'aboveMean', 'Bare_nuclei': 'aboveMean', 'Single_epithelial_cell_size': 'aboveMean', 'Normal_nucleoli': 'aboveMean'}",True,Clump_thickness,4,"{'aboveMean': 39, 'belowMean': 40}",0.015923567061692453,7,False,False
38,38,31,"{'Uniformity_of_cell_size': 'aboveMean', 'Bland_chromatin': 'aboveMean', 'Marginal_adhesion': 'aboveMean', 'Uniformity_of_cell_shape': 'aboveMean', 'Bare_nuclei': 'aboveMean', 'Single_epithelial_cell_size': 'aboveMean', 'Normal_nucleoli': 'belowMean'}",True,Mitoses,4,"{'belowMean': 41, 'aboveMean': 42}",0.08806054009919471,7,False,False
39,39,37,"{'Uniformity_of_cell_size': 'aboveMean', 'Bland_chromatin': 'aboveMean', 'Marginal_adhesion': 'aboveMean', 'Uniformity_of_cell_shape': 'aboveMean', 'Bare_nuclei': 'aboveMean', 'Single_epithelial_cell_size': 'aboveMean', 'Normal_nucleoli': 'aboveMean', 'Clump_thickness': 'aboveMean'}",True,,4,{},0.0,8,False,True
40,40,37,"{'Uniformity_of_cell_size': 'aboveMean', 'Bland_chromatin': 'aboveMean', 'Marginal_adhesion': 'aboveMean', 'Uniformity_of_cell_shape': 'aboveMean', 'Bare_nuclei': 'aboveMean', 'Single_epithelial_cell_size': 'aboveMean', 'Normal_nucleoli': 'aboveMean', 'Clump_thickness': 'belowMean'}",True,,4,{},0.0,8,False,True
41,41,38,"{'Uniformity_of_cell_size': 'aboveMean', 'Bland_chromatin': 'aboveMean', 'Marginal_adhesion': 'aboveMean', 'Uniformity_of_cell_shape': 'aboveMean', 'Bare_nuclei': 'aboveMean', 'Single_epithelial_cell_size': 'aboveMean', 'Normal_nucleoli': 'belowMean', 'Mitoses': 'belowMean'}",True,,4,{},0.0,8,False,True
42,42,38,"{'Uniformity_of_cell_size': 'aboveMean', 'Bland_chromatin': 'aboveMean', 'Marginal_adhesion': 'aboveMean', 'Uniformity_of_cell_shape': 'aboveMean', 'Bare_nuclei': 'aboveMean', 'Single_epithelial_cell_size': 'aboveMean', 'Normal_nucleoli': 'belowMean', 'Mitoses': 'aboveMean'}",True,,4,{},0.0,8,False,True
