,nodeID,parentNode,dataSetFilters,evaluated,nodeFeature,nodePrediction,childrenNodes,gainOrMSE,treeLevel,pruned,isLeaf
0,0,-1,{},True,Uniformity_of_cell_size,2,"{'belowMean': 1, 'aboveMean': 2}",0.6387578566661078,0,False,False
1,1,0,{'Uniformity_of_cell_size': 'belowMean'},True,Normal_nucleoli,2,"{'belowMean': 3, 'aboveMean': 4}",0.3449252772142268,1,True,True
2,2,0,{'Uniformity_of_cell_size': 'aboveMean'},True,Bland_chromatin,4,"{'belowMean': 5, 'aboveMean': 6}",0.1269444993968943,1,False,False
3,3,1,"{'Uniformity_of_cell_size': 'belowMean', 'Normal_nucleoli': 'belowMean'}",True,Bland_chromatin,2,"{'belowMean': 7, 'aboveMean': 8}",0.2113163650529034,2,False,False
4,4,1,"{'Uniformity_of_cell_size': 'belowMean', 'Normal_nucleoli': 'aboveMean'}",True,Clump_thickness,4,"{'belowMean': 9, 'aboveMean': 10}",0.3046994578362973,2,True,True
5,5,2,"{'Uniformity_of_cell_size': 'aboveMean', 'Bland_chromatin': 'belowMean'}",True,Mitoses,4,"{'belowMean': 11, 'aboveMean': 12}",0.1817230098253994,2,False,False
6,6,2,"{'Uniformity_of_cell_size': 'aboveMean', 'Bland_chromatin': 'aboveMean'}",True,,4,{},0.0,2,False,True
7,7,3,"{'Uniformity_of_cell_size': 'belowMean', 'Normal_nucleoli': 'belowMean', 'Bland_chromatin': 'belowMean'}",True,Mitoses,2,"{'belowMean': 13, 'aboveMean': 14}",0.2712805673905369,3,False,False
8,8,3,"{'Uniformity_of_cell_size': 'belowMean', 'Normal_nucleoli': 'belowMean', 'Bland_chromatin': 'aboveMean'}",True,Single_epithelial_cell_size,2,"{'belowMean': 15, 'aboveMean': 16}",0.4459226768614346,3,False,False
9,9,4,"{'Uniformity_of_cell_size': 'belowMean', 'Normal_nucleoli': 'aboveMean', 'Clump_thickness': 'belowMean'}",True,Bare_nuclei,2,"{'belowMean': 17, 'aboveMean': 18}",0.9999936505518427,3,False,False
10,10,4,"{'Uniformity_of_cell_size': 'belowMean', 'Normal_nucleoli': 'aboveMean', 'Clump_thickness': 'aboveMean'}",True,Mitoses,4,"{'belowMean': 19, 'aboveMean': 20}",0.1249769366780685,3,True,True
11,11,5,"{'Uniformity_of_cell_size': 'aboveMean', 'Bland_chromatin': 'belowMean', 'Mitoses': 'belowMean'}",True,Clump_thickness,4,"{'aboveMean': 21, 'belowMean': 22}",0.1389104446510121,3,False,False
12,12,5,"{'Uniformity_of_cell_size': 'aboveMean', 'Bland_chromatin': 'belowMean', 'Mitoses': 'aboveMean'}",True,,4,{},0.0,3,False,True
13,13,7,"{'Uniformity_of_cell_size': 'belowMean', 'Normal_nucleoli': 'belowMean', 'Bland_chromatin': 'belowMean', 'Mitoses': 'belowMean'}",True,,2,{},0.0,4,False,True
14,14,7,"{'Uniformity_of_cell_size': 'belowMean', 'Normal_nucleoli': 'belowMean', 'Bland_chromatin': 'belowMean', 'Mitoses': 'aboveMean'}",True,Clump_thickness,2,"{'belowMean': 23, 'aboveMean': 24}",0.9999922205285868,4,False,False
15,15,8,"{'Uniformity_of_cell_size': 'belowMean', 'Normal_nucleoli': 'belowMean', 'Bland_chromatin': 'aboveMean', 'Single_epithelial_cell_size': 'belowMean'}",True,Uniformity_of_cell_shape,2,"{'belowMean': 25, 'aboveMean': 26}",0.9999872275307352,4,False,False
16,16,8,"{'Uniformity_of_cell_size': 'belowMean', 'Normal_nucleoli': 'belowMean', 'Bland_chromatin': 'aboveMean', 'Single_epithelial_cell_size': 'aboveMean'}",True,,4,{},0.0,4,False,True
17,17,9,"{'Uniformity_of_cell_size': 'belowMean', 'Normal_nucleoli': 'aboveMean', 'Clump_thickness': 'belowMean', 'Bare_nuclei': 'belowMean'}",True,,2,{},0.0,4,False,True
18,18,9,"{'Uniformity_of_cell_size': 'belowMean', 'Normal_nucleoli': 'aboveMean', 'Clump_thickness': 'belowMean', 'Bare_nuclei': 'aboveMean'}",True,,4,{},0.0,4,False,True
19,19,10,"{'Uniformity_of_cell_size': 'belowMean', 'Normal_nucleoli': 'aboveMean', 'Clump_thickness': 'aboveMean', 'Mitoses': 'belowMean'}",True,Single_epithelial_cell_size,4,"{'belowMean': 27, 'aboveMean': 28}",0.0909198781515807,4,False,False
20,20,10,"{'Uniformity_of_cell_size': 'belowMean', 'Normal_nucleoli': 'aboveMean', 'Clump_thickness': 'aboveMean', 'Mitoses': 'aboveMean'}",True,,4,{},0.0,4,False,True
21,21,11,"{'Uniformity_of_cell_size': 'aboveMean', 'Bland_chromatin': 'belowMean', 'Mitoses': 'belowMean', 'Clump_thickness': 'aboveMean'}",True,Single_epithelial_cell_size,4,"{'aboveMean': 29, 'belowMean': 30}",0.1699097385864338,4,False,False
22,22,11,"{'Uniformity_of_cell_size': 'aboveMean', 'Bland_chromatin': 'belowMean', 'Mitoses': 'belowMean', 'Clump_thickness': 'belowMean'}",True,,4,{},0.0,4,False,True
23,23,14,"{'Uniformity_of_cell_size': 'belowMean', 'Normal_nucleoli': 'belowMean', 'Bland_chromatin': 'belowMean', 'Mitoses': 'aboveMean', 'Clump_thickness': 'belowMean'}",True,,2,{},0.0,5,False,True
24,24,14,"{'Uniformity_of_cell_size': 'belowMean', 'Normal_nucleoli': 'belowMean', 'Bland_chromatin': 'belowMean', 'Mitoses': 'aboveMean', 'Clump_thickness': 'aboveMean'}",True,,4,{},0.0,5,False,True
25,25,15,"{'Uniformity_of_cell_size': 'belowMean', 'Normal_nucleoli': 'belowMean', 'Bland_chromatin': 'aboveMean', 'Single_epithelial_cell_size': 'belowMean', 'Uniformity_of_cell_shape': 'belowMean'}",True,,2,{},0.0,5,False,True
26,26,15,"{'Uniformity_of_cell_size': 'belowMean', 'Normal_nucleoli': 'belowMean', 'Bland_chromatin': 'aboveMean', 'Single_epithelial_cell_size': 'belowMean', 'Uniformity_of_cell_shape': 'aboveMean'}",True,,4,{},0.0,5,False,True
27,27,19,"{'Uniformity_of_cell_size': 'belowMean', 'Normal_nucleoli': 'aboveMean', 'Clump_thickness': 'aboveMean', 'Mitoses': 'belowMean', 'Single_epithelial_cell_size': 'belowMean'}",True,Marginal_adhesion,4,"{'belowMean': 31, 'aboveMean': 32}",0.3448621035939505,5,False,False
28,28,19,"{'Uniformity_of_cell_size': 'belowMean', 'Normal_nucleoli': 'aboveMean', 'Clump_thickness': 'aboveMean', 'Mitoses': 'belowMean', 'Single_epithelial_cell_size': 'aboveMean'}",True,Marginal_adhesion,2,"{'aboveMean': 33, 'belowMean': 34}",0.9999800684314308,5,False,False
29,29,21,"{'Uniformity_of_cell_size': 'aboveMean', 'Bland_chromatin': 'belowMean', 'Mitoses': 'belowMean', 'Clump_thickness': 'aboveMean', 'Single_epithelial_cell_size': 'aboveMean'}",True,Marginal_adhesion,4,"{'aboveMean': 35, 'belowMean': 36}",0.0205477355074767,5,False,False
30,30,21,"{'Uniformity_of_cell_size': 'aboveMean', 'Bland_chromatin': 'belowMean', 'Mitoses': 'belowMean', 'Clump_thickness': 'aboveMean', 'Single_epithelial_cell_size': 'belowMean'}",True,,4,{},0.0,5,False,True
31,31,27,"{'Uniformity_of_cell_size': 'belowMean', 'Normal_nucleoli': 'aboveMean', 'Clump_thickness': 'aboveMean', 'Mitoses': 'belowMean', 'Single_epithelial_cell_size': 'belowMean', 'Marginal_adhesion': 'belowMean'}",True,Bare_nuclei,2,"{'belowMean': 37, 'aboveMean': 38}",0.9999800684314308,6,False,False
32,32,27,"{'Uniformity_of_cell_size': 'belowMean', 'Normal_nucleoli': 'aboveMean', 'Clump_thickness': 'aboveMean', 'Mitoses': 'belowMean', 'Single_epithelial_cell_size': 'belowMean', 'Marginal_adhesion': 'aboveMean'}",True,,4,{},0.0,6,False,True
33,33,28,"{'Uniformity_of_cell_size': 'belowMean', 'Normal_nucleoli': 'aboveMean', 'Clump_thickness': 'aboveMean', 'Mitoses': 'belowMean', 'Single_epithelial_cell_size': 'aboveMean', 'Marginal_adhesion': 'aboveMean'}",True,,2,{},0.0,6,False,True
34,34,28,"{'Uniformity_of_cell_size': 'belowMean', 'Normal_nucleoli': 'aboveMean', 'Clump_thickness': 'aboveMean', 'Mitoses': 'belowMean', 'Single_epithelial_cell_size': 'aboveMean', 'Marginal_adhesion': 'belowMean'}",True,,4,{},0.0,6,False,True
35,35,29,"{'Uniformity_of_cell_size': 'aboveMean', 'Bland_chromatin': 'belowMean', 'Mitoses': 'belowMean', 'Clump_thickness': 'aboveMean', 'Single_epithelial_cell_size': 'aboveMean', 'Marginal_adhesion': 'aboveMean'}",True,Bare_nuclei,4,"{'aboveMean': 39, 'belowMean': 40}",0.2740103071367113,6,False,False
36,36,29,"{'Uniformity_of_cell_size': 'aboveMean', 'Bland_chromatin': 'belowMean', 'Mitoses': 'belowMean', 'Clump_thickness': 'aboveMean', 'Single_epithelial_cell_size': 'aboveMean', 'Marginal_adhesion': 'belowMean'}",True,Bare_nuclei,2,"{'aboveMean': 41, 'belowMean': 42}",0.3836824045693475,6,False,False
37,37,31,"{'Uniformity_of_cell_size': 'belowMean', 'Normal_nucleoli': 'aboveMean', 'Clump_thickness': 'aboveMean', 'Mitoses': 'belowMean', 'Single_epithelial_cell_size': 'belowMean', 'Marginal_adhesion': 'belowMean', 'Bare_nuclei': 'belowMean'}",True,,2,{},0.0,7,False,True
38,38,31,"{'Uniformity_of_cell_size': 'belowMean', 'Normal_nucleoli': 'aboveMean', 'Clump_thickness': 'aboveMean', 'Mitoses': 'belowMean', 'Single_epithelial_cell_size': 'belowMean', 'Marginal_adhesion': 'belowMean', 'Bare_nuclei': 'aboveMean'}",True,,4,{},0.0,7,False,True
39,39,35,"{'Uniformity_of_cell_size': 'aboveMean', 'Bland_chromatin': 'belowMean', 'Mitoses': 'belowMean', 'Clump_thickness': 'aboveMean', 'Single_epithelial_cell_size': 'aboveMean', 'Marginal_adhesion': 'aboveMean', 'Bare_nuclei': 'aboveMean'}",True,Normal_nucleoli,2,"{'belowMean': 43, 'aboveMean': 44}",0.9999800684314308,7,False,False
40,40,35,"{'Uniformity_of_cell_size': 'aboveMean', 'Bland_chromatin': 'belowMean', 'Mitoses': 'belowMean', 'Clump_thickness': 'aboveMean', 'Single_epithelial_cell_size': 'aboveMean', 'Marginal_adhesion': 'aboveMean', 'Bare_nuclei': 'belowMean'}",True,,4,{},0.0,7,False,True
41,41,36,"{'Uniformity_of_cell_size': 'aboveMean', 'Bland_chromatin': 'belowMean', 'Mitoses': 'belowMean', 'Clump_thickness': 'aboveMean', 'Single_epithelial_cell_size': 'aboveMean', 'Marginal_adhesion': 'belowMean', 'Bare_nuclei': 'aboveMean'}",True,Normal_nucleoli,4,{'aboveMean': 45},,7,False,False
42,42,36,"{'Uniformity_of_cell_size': 'aboveMean', 'Bland_chromatin': 'belowMean', 'Mitoses': 'belowMean', 'Clump_thickness': 'aboveMean', 'Single_epithelial_cell_size': 'aboveMean', 'Marginal_adhesion': 'belowMean', 'Bare_nuclei': 'belowMean'}",True,,2,{},0.0,7,False,True
43,43,39,"{'Uniformity_of_cell_size': 'aboveMean', 'Bland_chromatin': 'belowMean', 'Mitoses': 'belowMean', 'Clump_thickness': 'aboveMean', 'Single_epithelial_cell_size': 'aboveMean', 'Marginal_adhesion': 'aboveMean', 'Bare_nuclei': 'aboveMean', 'Normal_nucleoli': 'belowMean'}",True,,2,{},0.0,8,False,True
44,44,39,"{'Uniformity_of_cell_size': 'aboveMean', 'Bland_chromatin': 'belowMean', 'Mitoses': 'belowMean', 'Clump_thickness': 'aboveMean', 'Single_epithelial_cell_size': 'aboveMean', 'Marginal_adhesion': 'aboveMean', 'Bare_nuclei': 'aboveMean', 'Normal_nucleoli': 'aboveMean'}",True,,4,{},0.0,8,False,True
45,45,41,"{'Uniformity_of_cell_size': 'aboveMean', 'Bland_chromatin': 'belowMean', 'Mitoses': 'belowMean', 'Clump_thickness': 'aboveMean', 'Single_epithelial_cell_size': 'aboveMean', 'Marginal_adhesion': 'belowMean', 'Bare_nuclei': 'aboveMean', 'Normal_nucleoli': 'aboveMean'}",True,,4,{},0.0,8,False,True
