,nodeID,parentNode,dataSetFilters,evaluated,nodeFeature,nodePrediction,childrenNodes,gainOrMSE,treeLevel,pruned,isLeaf
0,0,-1,{},True,Shell_weight,9.92160383004189,"{'belowMean': 1, 'aboveMean': 2}",7.713432423386103,0,False,False
1,1,0,{'Shell_weight': 'belowMean'},True,Sex,8.429398148148149,"{'M': 3, 'I': 4, 'F': 5}",5.306764821412515,1,False,False
2,2,0,{'Shell_weight': 'aboveMean'},True,Shucked_weight,11.519206939281288,"{'belowMean': 6, 'aboveMean': 7}",8.857913124506116,1,False,False
3,3,1,"{'Shell_weight': 'belowMean', 'Sex': 'M'}",True,Height,9.246861924686192,"{'belowMean': 8, 'aboveMean': 9}",5.675411343164994,2,False,False
4,4,1,"{'Shell_weight': 'belowMean', 'Sex': 'I'}",True,Height,7.456709956709957,"{'belowMean': 10, 'aboveMean': 11}",3.9827739539969755,2,False,False
5,5,1,"{'Shell_weight': 'belowMean', 'Sex': 'F'}",True,Length,9.987730061349692,"{'aboveMean': 12, 'belowMean': 13}",6.215497241841522,2,False,False
6,6,2,"{'Shell_weight': 'aboveMean', 'Shucked_weight': 'belowMean'}",True,Sex,12.5546875,"{'F': 14, 'M': 15, 'I': 16}",11.028462551163024,2,False,False
7,7,2,"{'Shell_weight': 'aboveMean', 'Shucked_weight': 'aboveMean'}",True,Length,11.324005891016201,"{'aboveMean': 17, 'belowMean': 18}",8.181046161703552,2,False,False
8,8,3,"{'Shell_weight': 'belowMean', 'Sex': 'M', 'Height': 'belowMean'}",True,Diameter,8.983870967741936,"{'belowMean': 19, 'aboveMean': 20}",4.832138590203106,3,False,False
9,9,3,"{'Shell_weight': 'belowMean', 'Sex': 'M', 'Height': 'aboveMean'}",True,Length,10.169811320754716,"{'belowMean': 21, 'aboveMean': 22}",6.661353285621341,3,False,False
10,10,4,"{'Shell_weight': 'belowMean', 'Sex': 'I', 'Height': 'belowMean'}",True,Length,7.206235011990407,"{'belowMean': 23, 'aboveMean': 24}",3.7980173126456096,3,False,False
11,11,4,"{'Shell_weight': 'belowMean', 'Sex': 'I', 'Height': 'aboveMean'}",True,Viscera_weight,9.777777777777779,"{'belowMean': 25, 'aboveMean': 26}",4.310555555555555,3,False,False
12,12,5,"{'Shell_weight': 'belowMean', 'Sex': 'F', 'Length': 'aboveMean'}",True,Diameter,9.176470588235293,"{'belowMean': 27, 'aboveMean': 28}",2.2035389765662363,3,False,False
13,13,5,"{'Shell_weight': 'belowMean', 'Sex': 'F', 'Length': 'belowMean'}",True,Height,10.357142857142858,"{'belowMean': 29, 'aboveMean': 30}",7.674514439049323,3,False,False
14,14,6,"{'Shell_weight': 'aboveMean', 'Shucked_weight': 'belowMean', 'Sex': 'F'}",True,Whole_weight,13.433962264150944,"{'belowMean': 31, 'aboveMean': 32}",15.220125786163521,3,False,False
15,15,6,"{'Shell_weight': 'aboveMean', 'Shucked_weight': 'belowMean', 'Sex': 'M'}",True,Whole_weight,12.518518518518519,"{'aboveMean': 33, 'belowMean': 34}",7.6875,3,False,False
16,16,6,"{'Shell_weight': 'aboveMean', 'Shucked_weight': 'belowMean', 'Sex': 'I'}",True,Whole_weight,10.428571428571429,"{'aboveMean': 35, 'belowMean': 36}",5.441991341991342,3,False,False
17,17,7,"{'Shell_weight': 'aboveMean', 'Shucked_weight': 'aboveMean', 'Length': 'aboveMean'}",True,Viscera_weight,11.355754857997011,"{'aboveMean': 37, 'belowMean': 38}",8.219999649716303,3,False,False
18,18,7,"{'Shell_weight': 'aboveMean', 'Shucked_weight': 'aboveMean', 'Length': 'belowMean'}",True,Sex,9.2,"{'M': 39, 'F': 40, 'I': 41}",1.4214285714285715,3,False,False
19,19,8,"{'Shell_weight': 'belowMean', 'Sex': 'M', 'Height': 'belowMean', 'Diameter': 'belowMean'}",True,Viscera_weight,8.87037037037037,"{'belowMean': 42, 'aboveMean': 43}",4.92303216167335,4,False,False
20,20,8,"{'Shell_weight': 'belowMean', 'Sex': 'M', 'Height': 'belowMean', 'Diameter': 'aboveMean'}",True,Shucked_weight,9.75,"{'belowMean': 44, 'aboveMean': 45}",3.9791666666666665,4,False,False
21,21,9,"{'Shell_weight': 'belowMean', 'Sex': 'M', 'Height': 'aboveMean', 'Length': 'belowMean'}",True,Whole_weight,11.344827586206897,"{'aboveMean': 46, 'belowMean': 47}",10.801724137931034,4,False,False
22,22,9,"{'Shell_weight': 'belowMean', 'Sex': 'M', 'Height': 'aboveMean', 'Length': 'aboveMean'}",True,Shucked_weight,8.75,"{'aboveMean': 48, 'belowMean': 49}",1.2407407407407407,4,False,False
23,23,10,"{'Shell_weight': 'belowMean', 'Sex': 'I', 'Height': 'belowMean', 'Length': 'belowMean'}",True,Diameter,7.107692307692307,"{'belowMean': 50, 'aboveMean': 51}",3.907745312396475,4,False,False
24,24,10,"{'Shell_weight': 'belowMean', 'Sex': 'I', 'Height': 'belowMean', 'Length': 'aboveMean'}",True,Shucked_weight,8.62962962962963,"{'belowMean': 52, 'aboveMean': 53}",0.913131313131313,4,False,False
25,25,11,"{'Shell_weight': 'belowMean', 'Sex': 'I', 'Height': 'aboveMean', 'Viscera_weight': 'belowMean'}",True,Shucked_weight,9.675,"{'belowMean': 54, 'aboveMean': 55}",4.37671568627451,4,False,False
26,26,11,"{'Shell_weight': 'belowMean', 'Sex': 'I', 'Height': 'aboveMean', 'Viscera_weight': 'aboveMean'}",True,Shucked_weight,10.6,"{'aboveMean': 56, 'belowMean': 57}",2.1333333333333337,4,False,False
27,27,12,"{'Shell_weight': 'belowMean', 'Sex': 'F', 'Length': 'aboveMean', 'Diameter': 'belowMean'}",True,Height,10.2,"{'aboveMean': 58, 'belowMean': 59}",2.438095238095238,4,False,False
28,28,12,"{'Shell_weight': 'belowMean', 'Sex': 'F', 'Length': 'aboveMean', 'Diameter': 'aboveMean'}",True,Viscera_weight,8.926829268292684,"{'belowMean': 60, 'aboveMean': 61}",1.7862369337979094,4,False,False
29,29,13,"{'Shell_weight': 'belowMean', 'Sex': 'F', 'Length': 'belowMean', 'Height': 'belowMean'}",True,Diameter,10.081395348837209,"{'belowMean': 62, 'aboveMean': 63}",8.075581395348838,4,False,False
30,30,13,"{'Shell_weight': 'belowMean', 'Sex': 'F', 'Length': 'belowMean', 'Height': 'aboveMean'}",True,Viscera_weight,11.26923076923077,"{'belowMean': 64, 'aboveMean': 65}",4.808974358974359,4,False,False
31,31,14,"{'Shell_weight': 'aboveMean', 'Shucked_weight': 'belowMean', 'Sex': 'F', 'Whole_weight': 'belowMean'}",True,Viscera_weight,12.88888888888889,"{'belowMean': 66, 'aboveMean': 67}",13.816339869281046,4,False,False
32,32,14,"{'Shell_weight': 'aboveMean', 'Shucked_weight': 'belowMean', 'Sex': 'F', 'Whole_weight': 'aboveMean'}",True,Viscera_weight,14.0,"{'belowMean': 68, 'aboveMean': 69}",15.093117408906881,4,False,False
33,33,15,"{'Shell_weight': 'aboveMean', 'Shucked_weight': 'belowMean', 'Sex': 'M', 'Whole_weight': 'aboveMean'}",True,Height,13.166666666666666,"{'aboveMean': 70, 'belowMean': 71}",5.977777777777778,4,False,False
34,34,15,"{'Shell_weight': 'aboveMean', 'Shucked_weight': 'belowMean', 'Sex': 'M', 'Whole_weight': 'belowMean'}",True,Diameter,11.708333333333334,"{'aboveMean': 72, 'belowMean': 73}",8.819327731092438,4,False,False
35,35,16,"{'Shell_weight': 'aboveMean', 'Shucked_weight': 'belowMean', 'Sex': 'I', 'Whole_weight': 'aboveMean'}",True,Height,11.7,"{'aboveMean': 74, 'belowMean': 75}",6.4,4,False,False
36,36,16,"{'Shell_weight': 'aboveMean', 'Shucked_weight': 'belowMean', 'Sex': 'I', 'Whole_weight': 'belowMean'}",True,Length,9.272727272727273,"{'aboveMean': 76, 'belowMean': 77}",3.111111111111111,4,False,False
37,37,17,"{'Shell_weight': 'aboveMean', 'Shucked_weight': 'aboveMean', 'Length': 'aboveMean', 'Viscera_weight': 'aboveMean'}",True,Sex,11.402208201892744,"{'M': 78, 'F': 79, 'I': 80}",8.215983995228436,4,False,False
38,38,17,"{'Shell_weight': 'aboveMean', 'Shucked_weight': 'aboveMean', 'Length': 'aboveMean', 'Viscera_weight': 'belowMean'}",True,Sex,10.514285714285714,"{'M': 81, 'F': 82, 'I': 83}",7.283333333333334,4,False,False
39,39,18,"{'Shell_weight': 'aboveMean', 'Shucked_weight': 'aboveMean', 'Length': 'belowMean', 'Sex': 'M'}",True,Viscera_weight,8.428571428571429,"{'aboveMean': 84, 'belowMean': 85}",0.19047619047619047,4,False,False
40,40,18,"{'Shell_weight': 'aboveMean', 'Shucked_weight': 'aboveMean', 'Length': 'belowMean', 'Sex': 'F'}",True,Diameter,11.5,"{'aboveMean': 86, 'belowMean': 87}",0.0,4,False,False
41,41,18,"{'Shell_weight': 'aboveMean', 'Shucked_weight': 'aboveMean', 'Length': 'belowMean', 'Sex': 'I'}",True,,10.0,{},0.0,4,False,True
42,42,19,"{'Shell_weight': 'belowMean', 'Sex': 'M', 'Height': 'belowMean', 'Diameter': 'belowMean', 'Viscera_weight': 'belowMean'}",True,Shucked_weight,8.847133757961783,"{'belowMean': 88, 'aboveMean': 89}",5.0690229382623535,5,False,False
43,43,19,"{'Shell_weight': 'belowMean', 'Sex': 'M', 'Height': 'belowMean', 'Diameter': 'belowMean', 'Viscera_weight': 'aboveMean'}",True,Shucked_weight,9.6,"{'belowMean': 90, 'aboveMean': 91}",0.15,5,False,False
44,44,20,"{'Shell_weight': 'belowMean', 'Sex': 'M', 'Height': 'belowMean', 'Diameter': 'aboveMean', 'Shucked_weight': 'belowMean'}",True,Viscera_weight,10.0,"{'belowMean': 92, 'aboveMean': 93}",5.714285714285714,5,False,False
45,45,20,"{'Shell_weight': 'belowMean', 'Sex': 'M', 'Height': 'belowMean', 'Diameter': 'aboveMean', 'Shucked_weight': 'aboveMean'}",True,Viscera_weight,9.25,"{'belowMean': 94, 'aboveMean': 95}",0.3333333333333333,5,False,False
46,46,21,"{'Shell_weight': 'belowMean', 'Sex': 'M', 'Height': 'aboveMean', 'Length': 'belowMean', 'Whole_weight': 'aboveMean'}",True,,14.0,{},0.0,5,False,True
47,47,21,"{'Shell_weight': 'belowMean', 'Sex': 'M', 'Height': 'aboveMean', 'Length': 'belowMean', 'Whole_weight': 'belowMean'}",True,Shucked_weight,11.25,"{'belowMean': 96, 'aboveMean': 97}",10.518518518518519,5,False,False
48,48,22,"{'Shell_weight': 'belowMean', 'Sex': 'M', 'Height': 'aboveMean', 'Length': 'aboveMean', 'Shucked_weight': 'aboveMean'}",True,Whole_weight,8.555555555555555,"{'aboveMean': 98, 'belowMean': 99}",0.9503968253968255,5,False,False
49,49,22,"{'Shell_weight': 'belowMean', 'Sex': 'M', 'Height': 'aboveMean', 'Length': 'aboveMean', 'Shucked_weight': 'belowMean'}",True,Diameter,9.333333333333334,"{'aboveMean': 100, 'belowMean': 101}",1.5333333333333332,5,False,False
50,50,23,"{'Shell_weight': 'belowMean', 'Sex': 'I', 'Height': 'belowMean', 'Length': 'belowMean', 'Diameter': 'belowMean'}",True,Shucked_weight,7.082687338501292,"{'belowMean': 102, 'aboveMean': 103}",3.9091233311800173,5,False,False
51,51,23,"{'Shell_weight': 'belowMean', 'Sex': 'I', 'Height': 'belowMean', 'Length': 'belowMean', 'Diameter': 'aboveMean'}",True,Shucked_weight,10.333333333333334,{'belowMean': 104},3.555555555555556,5,False,False
52,52,24,"{'Shell_weight': 'belowMean', 'Sex': 'I', 'Height': 'belowMean', 'Length': 'aboveMean', 'Shucked_weight': 'belowMean'}",True,Diameter,8.454545454545455,"{'belowMean': 105, 'aboveMean': 106}",0.6013986013986015,5,False,False
53,53,24,"{'Shell_weight': 'belowMean', 'Sex': 'I', 'Height': 'belowMean', 'Length': 'aboveMean', 'Shucked_weight': 'aboveMean'}",True,Whole_weight,9.4,"{'belowMean': 107, 'aboveMean': 108}",2.2,5,False,False
54,54,25,"{'Shell_weight': 'belowMean', 'Sex': 'I', 'Height': 'aboveMean', 'Viscera_weight': 'belowMean', 'Shucked_weight': 'belowMean'}",True,Length,9.588235294117647,"{'belowMean': 109, 'aboveMean': 110}",4.190787426081544,5,False,False
55,55,25,"{'Shell_weight': 'belowMean', 'Sex': 'I', 'Height': 'aboveMean', 'Viscera_weight': 'belowMean', 'Shucked_weight': 'aboveMean'}",True,Diameter,10.166666666666666,"{'aboveMean': 111, 'belowMean': 112}",4.791666666666667,5,False,False
56,56,26,"{'Shell_weight': 'belowMean', 'Sex': 'I', 'Height': 'aboveMean', 'Viscera_weight': 'aboveMean', 'Shucked_weight': 'aboveMean'}",True,Diameter,9.666666666666666,{'aboveMean': 113},0.888888888888889,5,False,False
57,57,26,"{'Shell_weight': 'belowMean', 'Sex': 'I', 'Height': 'aboveMean', 'Viscera_weight': 'aboveMean', 'Shucked_weight': 'belowMean'}",True,Diameter,12.0,{'aboveMean': 114},4.0,5,False,False
58,58,27,"{'Shell_weight': 'belowMean', 'Sex': 'F', 'Length': 'aboveMean', 'Diameter': 'belowMean', 'Height': 'aboveMean'}",True,Shucked_weight,11.666666666666666,"{'belowMean': 115, 'aboveMean': 116}",0.16666666666666666,5,False,False
59,59,27,"{'Shell_weight': 'belowMean', 'Sex': 'F', 'Length': 'aboveMean', 'Diameter': 'belowMean', 'Height': 'belowMean'}",True,Shucked_weight,9.571428571428571,"{'belowMean': 117, 'aboveMean': 118}",0.4761904761904762,5,False,False
60,60,28,"{'Shell_weight': 'belowMean', 'Sex': 'F', 'Length': 'aboveMean', 'Diameter': 'aboveMean', 'Viscera_weight': 'belowMean'}",True,Shucked_weight,9.285714285714286,"{'belowMean': 119, 'aboveMean': 120}",1.6870748299319729,5,False,False
61,61,28,"{'Shell_weight': 'belowMean', 'Sex': 'F', 'Length': 'aboveMean', 'Diameter': 'aboveMean', 'Viscera_weight': 'aboveMean'}",True,Shucked_weight,8.55,"{'belowMean': 121, 'aboveMean': 122}",1.5466666666666666,5,False,False
62,62,29,"{'Shell_weight': 'belowMean', 'Sex': 'F', 'Length': 'belowMean', 'Height': 'belowMean', 'Diameter': 'belowMean'}",True,Viscera_weight,10.0,"{'belowMean': 123, 'aboveMean': 124}",8.11672473867596,5,False,False
63,63,29,"{'Shell_weight': 'belowMean', 'Sex': 'F', 'Length': 'belowMean', 'Height': 'belowMean', 'Diameter': 'aboveMean'}",True,Viscera_weight,13.5,"{'aboveMean': 125, 'belowMean': 126}",0.0,5,False,False
64,64,30,"{'Shell_weight': 'belowMean', 'Sex': 'F', 'Length': 'belowMean', 'Height': 'aboveMean', 'Viscera_weight': 'belowMean'}",True,Whole_weight,11.7,"{'belowMean': 127, 'aboveMean': 128}",5.2368421052631575,5,False,False
65,65,30,"{'Shell_weight': 'belowMean', 'Sex': 'F', 'Length': 'belowMean', 'Height': 'aboveMean', 'Viscera_weight': 'aboveMean'}",True,Whole_weight,9.833333333333334,"{'belowMean': 129, 'aboveMean': 130}",0.7999999999999999,5,False,False
66,66,31,"{'Shell_weight': 'aboveMean', 'Shucked_weight': 'belowMean', 'Sex': 'F', 'Whole_weight': 'belowMean', 'Viscera_weight': 'belowMean'}",True,Diameter,12.058823529411764,"{'aboveMean': 131, 'belowMean': 132}",8.665158371040725,5,False,False
67,67,31,"{'Shell_weight': 'aboveMean', 'Shucked_weight': 'belowMean', 'Sex': 'F', 'Whole_weight': 'belowMean', 'Viscera_weight': 'aboveMean'}",True,Diameter,14.3,"{'aboveMean': 133, 'belowMean': 134}",20.638095238095236,5,False,False
68,68,32,"{'Shell_weight': 'aboveMean', 'Shucked_weight': 'belowMean', 'Sex': 'F', 'Whole_weight': 'aboveMean', 'Viscera_weight': 'belowMean'}",True,Height,15.0,"{'aboveMean': 135, 'belowMean': 136}",13.904761904761903,5,False,False
69,69,32,"{'Shell_weight': 'aboveMean', 'Shucked_weight': 'belowMean', 'Sex': 'F', 'Whole_weight': 'aboveMean', 'Viscera_weight': 'aboveMean'}",True,Height,13.631578947368421,"{'aboveMean': 137, 'belowMean': 138}",14.50877192982456,5,False,False
70,70,33,"{'Shell_weight': 'aboveMean', 'Shucked_weight': 'belowMean', 'Sex': 'M', 'Whole_weight': 'aboveMean', 'Height': 'aboveMean'}",True,Length,13.583333333333334,"{'aboveMean': 139, 'belowMean': 140}",6.741666666666667,5,False,False
71,71,33,"{'Shell_weight': 'aboveMean', 'Shucked_weight': 'belowMean', 'Sex': 'M', 'Whole_weight': 'aboveMean', 'Height': 'belowMean'}",True,Diameter,11.5,"{'aboveMean': 141, 'belowMean': 142}",1.8,5,False,False
72,72,34,"{'Shell_weight': 'aboveMean', 'Shucked_weight': 'belowMean', 'Sex': 'M', 'Whole_weight': 'belowMean', 'Diameter': 'aboveMean'}",True,Height,11.470588235294118,"{'belowMean': 143, 'aboveMean': 144}",6.91289592760181,5,False,False
73,73,34,"{'Shell_weight': 'aboveMean', 'Shucked_weight': 'belowMean', 'Sex': 'M', 'Whole_weight': 'belowMean', 'Diameter': 'belowMean'}",True,Viscera_weight,12.285714285714286,"{'belowMean': 145, 'aboveMean': 146}",11.833333333333334,5,False,False
74,74,35,"{'Shell_weight': 'aboveMean', 'Shucked_weight': 'belowMean', 'Sex': 'I', 'Whole_weight': 'aboveMean', 'Height': 'aboveMean'}",True,Diameter,12.25,"{'aboveMean': 147, 'belowMean': 148}",5.928571428571429,5,False,False
75,75,35,"{'Shell_weight': 'aboveMean', 'Shucked_weight': 'belowMean', 'Sex': 'I', 'Whole_weight': 'aboveMean', 'Height': 'belowMean'}",True,Diameter,9.5,{'aboveMean': 149},2.25,5,False,False
76,76,36,"{'Shell_weight': 'aboveMean', 'Shucked_weight': 'belowMean', 'Sex': 'I', 'Whole_weight': 'belowMean', 'Length': 'aboveMean'}",True,Diameter,9.555555555555555,"{'belowMean': 150, 'aboveMean': 151}",0.4444444444444444,5,False,False
77,77,36,"{'Shell_weight': 'aboveMean', 'Shucked_weight': 'belowMean', 'Sex': 'I', 'Whole_weight': 'belowMean', 'Length': 'belowMean'}",True,Diameter,8.0,"{'aboveMean': 152, 'belowMean': 153}",0.0,5,False,False
78,78,37,"{'Shell_weight': 'aboveMean', 'Shucked_weight': 'aboveMean', 'Length': 'aboveMean', 'Viscera_weight': 'aboveMean', 'Sex': 'M'}",True,Height,11.421052631578947,"{'aboveMean': 154, 'belowMean': 155}",8.365153761648319,5,False,False
79,79,37,"{'Shell_weight': 'aboveMean', 'Shucked_weight': 'aboveMean', 'Length': 'aboveMean', 'Viscera_weight': 'aboveMean', 'Sex': 'F'}",True,Height,11.302083333333334,"{'aboveMean': 156, 'belowMean': 157}",7.7279389880952385,5,False,False
80,80,37,"{'Shell_weight': 'aboveMean', 'Shucked_weight': 'aboveMean', 'Length': 'aboveMean', 'Viscera_weight': 'aboveMean', 'Sex': 'I'}",True,Diameter,12.391304347826088,{'aboveMean': 158},11.542533081285443,5,False,False
81,81,38,"{'Shell_weight': 'aboveMean', 'Shucked_weight': 'aboveMean', 'Length': 'aboveMean', 'Viscera_weight': 'belowMean', 'Sex': 'M'}",True,Height,11.0,"{'aboveMean': 159, 'belowMean': 160}",11.101190476190476,5,False,False
82,82,38,"{'Shell_weight': 'aboveMean', 'Shucked_weight': 'aboveMean', 'Length': 'aboveMean', 'Viscera_weight': 'belowMean', 'Sex': 'F'}",True,Height,10.583333333333334,"{'aboveMean': 161, 'belowMean': 162}",7.545454545454546,5,False,False
83,83,38,"{'Shell_weight': 'aboveMean', 'Shucked_weight': 'aboveMean', 'Length': 'aboveMean', 'Viscera_weight': 'belowMean', 'Sex': 'I'}",True,Whole_weight,9.666666666666666,"{'belowMean': 163, 'aboveMean': 164}",0.8333333333333334,5,False,False
84,84,39,"{'Shell_weight': 'aboveMean', 'Shucked_weight': 'aboveMean', 'Length': 'belowMean', 'Sex': 'M', 'Viscera_weight': 'aboveMean'}",True,Diameter,8.333333333333334,"{'belowMean': 165, 'aboveMean': 166}",0.19999999999999998,5,False,False
85,85,39,"{'Shell_weight': 'aboveMean', 'Shucked_weight': 'aboveMean', 'Length': 'belowMean', 'Sex': 'M', 'Viscera_weight': 'belowMean'}",True,,9.0,{},0.0,5,False,True
86,86,40,"{'Shell_weight': 'aboveMean', 'Shucked_weight': 'aboveMean', 'Length': 'belowMean', 'Sex': 'F', 'Diameter': 'aboveMean'}",True,,14.0,{},0.0,5,False,True
87,87,40,"{'Shell_weight': 'aboveMean', 'Shucked_weight': 'aboveMean', 'Length': 'belowMean', 'Sex': 'F', 'Diameter': 'belowMean'}",True,,9.0,{},0.0,5,False,True
88,88,42,"{'Shell_weight': 'belowMean', 'Sex': 'M', 'Height': 'belowMean', 'Diameter': 'belowMean', 'Viscera_weight': 'belowMean', 'Shucked_weight': 'belowMean'}",True,Length,8.856209150326798,"{'belowMean': 167, 'aboveMean': 168}",5.176448946024326,6,False,False
89,89,42,"{'Shell_weight': 'belowMean', 'Sex': 'M', 'Height': 'belowMean', 'Diameter': 'belowMean', 'Viscera_weight': 'belowMean', 'Shucked_weight': 'aboveMean'}",True,Length,8.5,"{'belowMean': 169, 'aboveMean': 170}",0.6666666666666667,6,False,False
90,90,43,"{'Shell_weight': 'belowMean', 'Sex': 'M', 'Height': 'belowMean', 'Diameter': 'belowMean', 'Viscera_weight': 'aboveMean', 'Shucked_weight': 'belowMean'}",True,Length,9.75,"{'belowMean': 171, 'aboveMean': 172}",0.16666666666666666,6,False,False
91,91,43,"{'Shell_weight': 'belowMean', 'Sex': 'M', 'Height': 'belowMean', 'Diameter': 'belowMean', 'Viscera_weight': 'aboveMean', 'Shucked_weight': 'aboveMean'}",True,,9.0,{},0.0,6,False,True
92,92,44,"{'Shell_weight': 'belowMean', 'Sex': 'M', 'Height': 'belowMean', 'Diameter': 'aboveMean', 'Shucked_weight': 'belowMean', 'Viscera_weight': 'belowMean'}",True,Length,10.071428571428571,"{'aboveMean': 173, 'belowMean': 174}",6.4935064935064934,6,False,False
93,93,44,"{'Shell_weight': 'belowMean', 'Sex': 'M', 'Height': 'belowMean', 'Diameter': 'aboveMean', 'Shucked_weight': 'belowMean', 'Viscera_weight': 'aboveMean'}",True,Length,9.5,{'aboveMean': 175},0.25,6,False,False
94,94,45,"{'Shell_weight': 'belowMean', 'Sex': 'M', 'Height': 'belowMean', 'Diameter': 'aboveMean', 'Shucked_weight': 'aboveMean', 'Viscera_weight': 'belowMean'}",True,Length,9.0,{'aboveMean': 176},0.4,6,False,False
95,95,45,"{'Shell_weight': 'belowMean', 'Sex': 'M', 'Height': 'belowMean', 'Diameter': 'aboveMean', 'Shucked_weight': 'aboveMean', 'Viscera_weight': 'aboveMean'}",True,Length,9.666666666666666,{'aboveMean': 177},0.2222222222222222,6,False,False
96,96,47,"{'Shell_weight': 'belowMean', 'Sex': 'M', 'Height': 'aboveMean', 'Length': 'belowMean', 'Whole_weight': 'belowMean', 'Shucked_weight': 'belowMean'}",True,Diameter,11.407407407407407,"{'belowMean': 178, 'aboveMean': 179}",10.764895330112722,6,False,False
97,97,47,"{'Shell_weight': 'belowMean', 'Sex': 'M', 'Height': 'aboveMean', 'Length': 'belowMean', 'Whole_weight': 'belowMean', 'Shucked_weight': 'aboveMean'}",True,,7.0,{},0.0,6,False,True
98,98,48,"{'Shell_weight': 'belowMean', 'Sex': 'M', 'Height': 'aboveMean', 'Length': 'aboveMean', 'Shucked_weight': 'aboveMean', 'Whole_weight': 'aboveMean'}",True,Viscera_weight,8.785714285714286,"{'aboveMean': 180, 'belowMean': 181}",0.9392857142857143,6,False,False
99,99,48,"{'Shell_weight': 'belowMean', 'Sex': 'M', 'Height': 'aboveMean', 'Length': 'aboveMean', 'Shucked_weight': 'aboveMean', 'Whole_weight': 'belowMean'}",True,Diameter,7.75,"{'aboveMean': 182, 'belowMean': 183}",0.625,6,False,False
100,100,49,"{'Shell_weight': 'belowMean', 'Sex': 'M', 'Height': 'aboveMean', 'Length': 'aboveMean', 'Shucked_weight': 'belowMean', 'Diameter': 'aboveMean'}",True,Viscera_weight,9.4,{'belowMean': 184},1.8399999999999999,6,False,False
101,101,49,"{'Shell_weight': 'belowMean', 'Sex': 'M', 'Height': 'aboveMean', 'Length': 'aboveMean', 'Shucked_weight': 'belowMean', 'Diameter': 'belowMean'}",True,,9.0,{},0.0,6,False,True
102,102,50,"{'Shell_weight': 'belowMean', 'Sex': 'I', 'Height': 'belowMean', 'Length': 'belowMean', 'Diameter': 'belowMean', 'Shucked_weight': 'belowMean'}",True,Viscera_weight,7.0859375,{'belowMean': 185},3.9275105794270835,6,False,False
103,103,50,"{'Shell_weight': 'belowMean', 'Sex': 'I', 'Height': 'belowMean', 'Length': 'belowMean', 'Diameter': 'belowMean', 'Shucked_weight': 'aboveMean'}",True,Viscera_weight,6.666666666666667,{'belowMean': 186},1.5555555555555554,6,False,False
104,104,51,"{'Shell_weight': 'belowMean', 'Sex': 'I', 'Height': 'belowMean', 'Length': 'belowMean', 'Diameter': 'aboveMean', 'Shucked_weight': 'belowMean'}",True,Viscera_weight,10.333333333333334,{'belowMean': 187},3.555555555555556,6,False,False
105,105,52,"{'Shell_weight': 'belowMean', 'Sex': 'I', 'Height': 'belowMean', 'Length': 'aboveMean', 'Shucked_weight': 'belowMean', 'Diameter': 'belowMean'}",True,Viscera_weight,8.538461538461538,{'belowMean': 188},0.2485207100591716,6,False,False
106,106,52,"{'Shell_weight': 'belowMean', 'Sex': 'I', 'Height': 'belowMean', 'Length': 'aboveMean', 'Shucked_weight': 'belowMean', 'Diameter': 'aboveMean'}",True,Viscera_weight,8.333333333333334,"{'belowMean': 189, 'aboveMean': 190}",1.0972222222222223,6,False,False
107,107,53,"{'Shell_weight': 'belowMean', 'Sex': 'I', 'Height': 'belowMean', 'Length': 'aboveMean', 'Shucked_weight': 'aboveMean', 'Whole_weight': 'belowMean'}",True,Diameter,9.5,{'aboveMean': 191},2.75,6,False,False
108,108,53,"{'Shell_weight': 'belowMean', 'Sex': 'I', 'Height': 'belowMean', 'Length': 'aboveMean', 'Shucked_weight': 'aboveMean', 'Whole_weight': 'aboveMean'}",True,,9.0,{},0.0,6,False,True
109,109,54,"{'Shell_weight': 'belowMean', 'Sex': 'I', 'Height': 'aboveMean', 'Viscera_weight': 'belowMean', 'Shucked_weight': 'belowMean', 'Length': 'belowMean'}",True,Diameter,9.703703703703704,"{'belowMean': 192, 'aboveMean': 193}",4.872727272727273,6,False,False
110,110,54,"{'Shell_weight': 'belowMean', 'Sex': 'I', 'Height': 'aboveMean', 'Viscera_weight': 'belowMean', 'Shucked_weight': 'belowMean', 'Length': 'aboveMean'}",True,Diameter,9.142857142857142,"{'aboveMean': 194, 'belowMean': 195}",1.3857142857142857,6,False,False
111,111,55,"{'Shell_weight': 'belowMean', 'Sex': 'I', 'Height': 'aboveMean', 'Viscera_weight': 'belowMean', 'Shucked_weight': 'aboveMean', 'Diameter': 'aboveMean'}",True,,11.0,{},0.0,6,False,True
112,112,55,"{'Shell_weight': 'belowMean', 'Sex': 'I', 'Height': 'aboveMean', 'Viscera_weight': 'belowMean', 'Shucked_weight': 'aboveMean', 'Diameter': 'belowMean'}",True,Length,9.75,{'belowMean': 196},7.1875,6,False,False
113,113,56,"{'Shell_weight': 'belowMean', 'Sex': 'I', 'Height': 'aboveMean', 'Viscera_weight': 'aboveMean', 'Shucked_weight': 'aboveMean', 'Diameter': 'aboveMean'}",True,Length,9.666666666666666,{'aboveMean': 197},0.888888888888889,6,False,False
114,114,57,"{'Shell_weight': 'belowMean', 'Sex': 'I', 'Height': 'aboveMean', 'Viscera_weight': 'aboveMean', 'Shucked_weight': 'belowMean', 'Diameter': 'aboveMean'}",True,Length,12.0,{'aboveMean': 198},4.0,6,False,False
115,115,58,"{'Shell_weight': 'belowMean', 'Sex': 'F', 'Length': 'aboveMean', 'Diameter': 'belowMean', 'Height': 'aboveMean', 'Shucked_weight': 'belowMean'}",True,Viscera_weight,13.5,"{'belowMean': 199, 'aboveMean': 200}",0.0,6,False,False
116,116,58,"{'Shell_weight': 'belowMean', 'Sex': 'F', 'Length': 'aboveMean', 'Diameter': 'belowMean', 'Height': 'aboveMean', 'Shucked_weight': 'aboveMean'}",True,,8.0,{},0.0,6,False,True
117,117,59,"{'Shell_weight': 'belowMean', 'Sex': 'F', 'Length': 'aboveMean', 'Diameter': 'belowMean', 'Height': 'belowMean', 'Shucked_weight': 'belowMean'}",True,Viscera_weight,9.666666666666666,{'belowMean': 201},0.5555555555555556,6,False,False
118,118,59,"{'Shell_weight': 'belowMean', 'Sex': 'F', 'Length': 'aboveMean', 'Diameter': 'belowMean', 'Height': 'belowMean', 'Shucked_weight': 'aboveMean'}",True,,9.0,{},0.0,6,False,True
119,119,60,"{'Shell_weight': 'belowMean', 'Sex': 'F', 'Length': 'aboveMean', 'Diameter': 'aboveMean', 'Viscera_weight': 'belowMean', 'Shucked_weight': 'belowMean'}",True,Height,9.428571428571429,"{'belowMean': 202, 'aboveMean': 203}",1.7959183673469388,6,False,False
120,120,60,"{'Shell_weight': 'belowMean', 'Sex': 'F', 'Length': 'aboveMean', 'Diameter': 'aboveMean', 'Viscera_weight': 'belowMean', 'Shucked_weight': 'aboveMean'}",True,Whole_weight,9.0,"{'aboveMean': 204, 'belowMean': 205}",1.0952380952380953,6,False,False
121,121,61,"{'Shell_weight': 'belowMean', 'Sex': 'F', 'Length': 'aboveMean', 'Diameter': 'aboveMean', 'Viscera_weight': 'aboveMean', 'Shucked_weight': 'belowMean'}",True,Whole_weight,7.6,"{'belowMean': 206, 'aboveMean': 207}",0.2333333333333333,6,False,False
122,122,61,"{'Shell_weight': 'belowMean', 'Sex': 'F', 'Length': 'aboveMean', 'Diameter': 'aboveMean', 'Viscera_weight': 'aboveMean', 'Shucked_weight': 'aboveMean'}",True,Whole_weight,8.866666666666667,"{'aboveMean': 208, 'belowMean': 209}",1.527777777777778,6,False,False
123,123,62,"{'Shell_weight': 'belowMean', 'Sex': 'F', 'Length': 'belowMean', 'Height': 'belowMean', 'Diameter': 'belowMean', 'Viscera_weight': 'belowMean'}",True,Shucked_weight,9.951219512195122,"{'belowMean': 210, 'aboveMean': 211}",8.084010840108402,6,False,False
124,124,62,"{'Shell_weight': 'belowMean', 'Sex': 'F', 'Length': 'belowMean', 'Height': 'belowMean', 'Diameter': 'belowMean', 'Viscera_weight': 'aboveMean'}",True,Shucked_weight,12.0,{'belowMean': 212},9.0,6,False,False
125,125,63,"{'Shell_weight': 'belowMean', 'Sex': 'F', 'Length': 'belowMean', 'Height': 'belowMean', 'Diameter': 'aboveMean', 'Viscera_weight': 'aboveMean'}",True,,12.0,{},0.0,6,False,True
126,126,63,"{'Shell_weight': 'belowMean', 'Sex': 'F', 'Length': 'belowMean', 'Height': 'belowMean', 'Diameter': 'aboveMean', 'Viscera_weight': 'belowMean'}",True,,15.0,{},0.0,6,False,True
127,127,64,"{'Shell_weight': 'belowMean', 'Sex': 'F', 'Length': 'belowMean', 'Height': 'aboveMean', 'Viscera_weight': 'belowMean', 'Whole_weight': 'belowMean'}",True,Diameter,11.526315789473685,"{'belowMean': 213, 'aboveMean': 214}",5.497076023391813,6,False,False
128,128,64,"{'Shell_weight': 'belowMean', 'Sex': 'F', 'Length': 'belowMean', 'Height': 'aboveMean', 'Viscera_weight': 'belowMean', 'Whole_weight': 'aboveMean'}",True,,15.0,{},0.0,6,False,True
129,129,65,"{'Shell_weight': 'belowMean', 'Sex': 'F', 'Length': 'belowMean', 'Height': 'aboveMean', 'Viscera_weight': 'aboveMean', 'Whole_weight': 'belowMean'}",True,Diameter,10.2,"{'belowMean': 215, 'aboveMean': 216}",0.95,6,False,False
130,130,65,"{'Shell_weight': 'belowMean', 'Sex': 'F', 'Length': 'belowMean', 'Height': 'aboveMean', 'Viscera_weight': 'aboveMean', 'Whole_weight': 'aboveMean'}",True,,8.0,{},0.0,6,False,True
131,131,66,"{'Shell_weight': 'aboveMean', 'Shucked_weight': 'belowMean', 'Sex': 'F', 'Whole_weight': 'belowMean', 'Viscera_weight': 'belowMean', 'Diameter': 'aboveMean'}",True,Length,12.23076923076923,"{'aboveMean': 217, 'belowMean': 218}",8.70979020979021,6,False,False
132,132,66,"{'Shell_weight': 'aboveMean', 'Shucked_weight': 'belowMean', 'Sex': 'F', 'Whole_weight': 'belowMean', 'Viscera_weight': 'belowMean', 'Diameter': 'belowMean'}",True,Length,11.5,"{'aboveMean': 219, 'belowMean': 220}",0.0,6,False,False
133,133,67,"{'Shell_weight': 'aboveMean', 'Shucked_weight': 'belowMean', 'Sex': 'F', 'Whole_weight': 'belowMean', 'Viscera_weight': 'aboveMean', 'Diameter': 'aboveMean'}",True,Height,13.428571428571429,"{'aboveMean': 221, 'belowMean': 222}",16.964285714285715,6,False,False
134,134,67,"{'Shell_weight': 'aboveMean', 'Shucked_weight': 'belowMean', 'Sex': 'F', 'Whole_weight': 'belowMean', 'Viscera_weight': 'aboveMean', 'Diameter': 'belowMean'}",True,Height,16.333333333333332,"{'aboveMean': 223, 'belowMean': 224}",24.0,6,False,False
135,135,68,"{'Shell_weight': 'aboveMean', 'Shucked_weight': 'belowMean', 'Sex': 'F', 'Whole_weight': 'aboveMean', 'Viscera_weight': 'belowMean', 'Height': 'aboveMean'}",True,Diameter,15.333333333333334,{'aboveMean': 225},16.22222222222222,6,False,False
136,136,68,"{'Shell_weight': 'aboveMean', 'Shucked_weight': 'belowMean', 'Sex': 'F', 'Whole_weight': 'aboveMean', 'Viscera_weight': 'belowMean', 'Height': 'belowMean'}",True,,13.0,{},0.0,6,False,True
137,137,69,"{'Shell_weight': 'aboveMean', 'Shucked_weight': 'belowMean', 'Sex': 'F', 'Whole_weight': 'aboveMean', 'Viscera_weight': 'aboveMean', 'Height': 'aboveMean'}",True,Diameter,13.25,{'aboveMean': 226},16.5625,6,False,False
138,138,69,"{'Shell_weight': 'aboveMean', 'Shucked_weight': 'belowMean', 'Sex': 'F', 'Whole_weight': 'aboveMean', 'Viscera_weight': 'aboveMean', 'Height': 'belowMean'}",True,Diameter,15.666666666666666,{'aboveMean': 227},3.555555555555556,6,False,False
139,139,70,"{'Shell_weight': 'aboveMean', 'Shucked_weight': 'belowMean', 'Sex': 'M', 'Whole_weight': 'aboveMean', 'Height': 'aboveMean', 'Length': 'aboveMean'}",True,Viscera_weight,13.4,"{'aboveMean': 228, 'belowMean': 229}",6.985714285714286,6,False,False
140,140,70,"{'Shell_weight': 'aboveMean', 'Shucked_weight': 'belowMean', 'Sex': 'M', 'Whole_weight': 'aboveMean', 'Height': 'aboveMean', 'Length': 'belowMean'}",True,Diameter,14.5,"{'belowMean': 230, 'aboveMean': 231}",0.6666666666666667,6,False,False
141,141,71,"{'Shell_weight': 'aboveMean', 'Shucked_weight': 'belowMean', 'Sex': 'M', 'Whole_weight': 'aboveMean', 'Height': 'belowMean', 'Diameter': 'aboveMean'}",True,Viscera_weight,11.2,"{'belowMean': 232, 'aboveMean': 233}",1.35,6,False,False
142,142,71,"{'Shell_weight': 'aboveMean', 'Shucked_weight': 'belowMean', 'Sex': 'M', 'Whole_weight': 'aboveMean', 'Height': 'belowMean', 'Diameter': 'belowMean'}",True,,13.0,{},0.0,6,False,True
143,143,72,"{'Shell_weight': 'aboveMean', 'Shucked_weight': 'belowMean', 'Sex': 'M', 'Whole_weight': 'belowMean', 'Diameter': 'aboveMean', 'Height': 'belowMean'}",True,Length,10.75,"{'aboveMean': 234, 'belowMean': 235}",3.166666666666667,6,False,False
144,144,72,"{'Shell_weight': 'aboveMean', 'Shucked_weight': 'belowMean', 'Sex': 'M', 'Whole_weight': 'belowMean', 'Diameter': 'aboveMean', 'Height': 'aboveMean'}",True,Length,11.692307692307692,"{'aboveMean': 236, 'belowMean': 237}",7.800699300699301,6,False,False
145,145,73,"{'Shell_weight': 'aboveMean', 'Shucked_weight': 'belowMean', 'Sex': 'M', 'Whole_weight': 'belowMean', 'Diameter': 'belowMean', 'Viscera_weight': 'belowMean'}",True,Height,11.833333333333334,"{'aboveMean': 238, 'belowMean': 239}",13.533333333333333,6,False,False
146,146,73,"{'Shell_weight': 'aboveMean', 'Shucked_weight': 'belowMean', 'Sex': 'M', 'Whole_weight': 'belowMean', 'Diameter': 'belowMean', 'Viscera_weight': 'aboveMean'}",True,,15.0,{},0.0,6,False,True
147,147,74,"{'Shell_weight': 'aboveMean', 'Shucked_weight': 'belowMean', 'Sex': 'I', 'Whole_weight': 'aboveMean', 'Height': 'aboveMean', 'Diameter': 'aboveMean'}",True,Viscera_weight,12.714285714285714,"{'aboveMean': 240, 'belowMean': 241}",6.095238095238096,6,False,False
148,148,74,"{'Shell_weight': 'aboveMean', 'Shucked_weight': 'belowMean', 'Sex': 'I', 'Whole_weight': 'aboveMean', 'Height': 'aboveMean', 'Diameter': 'belowMean'}",True,,9.0,{},0.0,6,False,True
149,149,75,"{'Shell_weight': 'aboveMean', 'Shucked_weight': 'belowMean', 'Sex': 'I', 'Whole_weight': 'aboveMean', 'Height': 'belowMean', 'Diameter': 'aboveMean'}",True,Length,9.5,{'aboveMean': 242},2.25,6,False,False
150,150,76,"{'Shell_weight': 'aboveMean', 'Shucked_weight': 'belowMean', 'Sex': 'I', 'Whole_weight': 'belowMean', 'Length': 'aboveMean', 'Diameter': 'belowMean'}",True,,14.0,{},0.0,6,False,True
151,151,76,"{'Shell_weight': 'aboveMean', 'Shucked_weight': 'belowMean', 'Sex': 'I', 'Whole_weight': 'belowMean', 'Length': 'aboveMean', 'Diameter': 'aboveMean'}",True,Height,9.0,"{'belowMean': 243, 'aboveMean': 244}",0.43333333333333335,6,False,False
152,152,77,"{'Shell_weight': 'aboveMean', 'Shucked_weight': 'belowMean', 'Sex': 'I', 'Whole_weight': 'belowMean', 'Length': 'belowMean', 'Diameter': 'aboveMean'}",True,,10.0,{},0.0,6,False,True
153,153,77,"{'Shell_weight': 'aboveMean', 'Shucked_weight': 'belowMean', 'Sex': 'I', 'Whole_weight': 'belowMean', 'Length': 'belowMean', 'Diameter': 'belowMean'}",True,,6.0,{},0.0,6,False,True
154,154,78,"{'Shell_weight': 'aboveMean', 'Shucked_weight': 'aboveMean', 'Length': 'aboveMean', 'Viscera_weight': 'aboveMean', 'Sex': 'M', 'Height': 'aboveMean'}",True,Diameter,11.45483870967742,"{'aboveMean': 245, 'belowMean': 246}",8.467171027284508,6,False,False
155,155,78,"{'Shell_weight': 'aboveMean', 'Shucked_weight': 'aboveMean', 'Length': 'aboveMean', 'Viscera_weight': 'aboveMean', 'Sex': 'M', 'Height': 'belowMean'}",True,Diameter,10.615384615384615,{'aboveMean': 247},5.928994082840237,6,False,False
156,156,79,"{'Shell_weight': 'aboveMean', 'Shucked_weight': 'aboveMean', 'Length': 'aboveMean', 'Viscera_weight': 'aboveMean', 'Sex': 'F', 'Height': 'aboveMean'}",True,Diameter,11.32857142857143,{'aboveMean': 248},7.892040816326531,6,False,False
157,157,79,"{'Shell_weight': 'aboveMean', 'Shucked_weight': 'aboveMean', 'Length': 'aboveMean', 'Viscera_weight': 'aboveMean', 'Sex': 'F', 'Height': 'belowMean'}",True,Diameter,10.375,{'aboveMean': 249},1.984375,6,False,False
158,158,80,"{'Shell_weight': 'aboveMean', 'Shucked_weight': 'aboveMean', 'Length': 'aboveMean', 'Viscera_weight': 'aboveMean', 'Sex': 'I', 'Diameter': 'aboveMean'}",True,Height,12.391304347826088,{'aboveMean': 250},11.542533081285443,6,False,False
159,159,81,"{'Shell_weight': 'aboveMean', 'Shucked_weight': 'aboveMean', 'Length': 'aboveMean', 'Viscera_weight': 'belowMean', 'Sex': 'M', 'Height': 'aboveMean'}",True,Diameter,10.916666666666666,{'aboveMean': 251},10.909722222222221,6,False,False
160,160,81,"{'Shell_weight': 'aboveMean', 'Shucked_weight': 'aboveMean', 'Length': 'aboveMean', 'Viscera_weight': 'belowMean', 'Sex': 'M', 'Height': 'belowMean'}",True,Diameter,11.5,{'aboveMean': 252},12.25,6,False,False
161,161,82,"{'Shell_weight': 'aboveMean', 'Shucked_weight': 'aboveMean', 'Length': 'aboveMean', 'Viscera_weight': 'belowMean', 'Sex': 'F', 'Height': 'aboveMean'}",True,Diameter,10.636363636363637,{'aboveMean': 253},8.231404958677686,6,False,False
162,162,82,"{'Shell_weight': 'aboveMean', 'Shucked_weight': 'aboveMean', 'Length': 'aboveMean', 'Viscera_weight': 'belowMean', 'Sex': 'F', 'Height': 'belowMean'}",True,,10.0,{},0.0,6,False,True
163,163,83,"{'Shell_weight': 'aboveMean', 'Shucked_weight': 'aboveMean', 'Length': 'aboveMean', 'Viscera_weight': 'belowMean', 'Sex': 'I', 'Whole_weight': 'belowMean'}",True,Height,9.333333333333334,"{'belowMean': 254, 'aboveMean': 255}",0.6666666666666666,6,False,False
164,164,83,"{'Shell_weight': 'aboveMean', 'Shucked_weight': 'aboveMean', 'Length': 'aboveMean', 'Viscera_weight': 'belowMean', 'Sex': 'I', 'Whole_weight': 'aboveMean'}",True,Height,9.833333333333334,"{'belowMean': 256, 'aboveMean': 257}",0.5333333333333333,6,False,False
165,165,84,"{'Shell_weight': 'aboveMean', 'Shucked_weight': 'aboveMean', 'Length': 'belowMean', 'Sex': 'M', 'Viscera_weight': 'aboveMean', 'Diameter': 'belowMean'}",True,Height,8.4,"{'aboveMean': 258, 'belowMean': 259}",0.2,6,False,False
166,166,84,"{'Shell_weight': 'aboveMean', 'Shucked_weight': 'aboveMean', 'Length': 'belowMean', 'Sex': 'M', 'Viscera_weight': 'aboveMean', 'Diameter': 'aboveMean'}",True,,8.0,{},0.0,6,False,True
167,167,88,"{'Shell_weight': 'belowMean', 'Sex': 'M', 'Height': 'belowMean', 'Diameter': 'belowMean', 'Viscera_weight': 'belowMean', 'Shucked_weight': 'belowMean', 'Length': 'belowMean'}",True,,8.847682119205299,{},0.0,7,False,True
168,168,88,"{'Shell_weight': 'belowMean', 'Sex': 'M', 'Height': 'belowMean', 'Diameter': 'belowMean', 'Viscera_weight': 'belowMean', 'Shucked_weight': 'belowMean', 'Length': 'aboveMean'}",True,,9.5,{},0.0,7,False,True
169,169,89,"{'Shell_weight': 'belowMean', 'Sex': 'M', 'Height': 'belowMean', 'Diameter': 'belowMean', 'Viscera_weight': 'belowMean', 'Shucked_weight': 'aboveMean', 'Length': 'belowMean'}",True,,8.666666666666666,{},0.0,7,False,True
170,170,89,"{'Shell_weight': 'belowMean', 'Sex': 'M', 'Height': 'belowMean', 'Diameter': 'belowMean', 'Viscera_weight': 'belowMean', 'Shucked_weight': 'aboveMean', 'Length': 'aboveMean'}",True,,8.0,{},0.0,7,False,True
171,171,90,"{'Shell_weight': 'belowMean', 'Sex': 'M', 'Height': 'belowMean', 'Diameter': 'belowMean', 'Viscera_weight': 'aboveMean', 'Shucked_weight': 'belowMean', 'Length': 'belowMean'}",True,,9.666666666666666,{},0.0,7,False,True
172,172,90,"{'Shell_weight': 'belowMean', 'Sex': 'M', 'Height': 'belowMean', 'Diameter': 'belowMean', 'Viscera_weight': 'aboveMean', 'Shucked_weight': 'belowMean', 'Length': 'aboveMean'}",True,,10.0,{},0.0,7,False,True
173,173,92,"{'Shell_weight': 'belowMean', 'Sex': 'M', 'Height': 'belowMean', 'Diameter': 'aboveMean', 'Shucked_weight': 'belowMean', 'Viscera_weight': 'belowMean', 'Length': 'aboveMean'}",True,,10.090909090909092,{},0.0,7,False,True
174,174,92,"{'Shell_weight': 'belowMean', 'Sex': 'M', 'Height': 'belowMean', 'Diameter': 'aboveMean', 'Shucked_weight': 'belowMean', 'Viscera_weight': 'belowMean', 'Length': 'belowMean'}",True,,10.0,{},0.0,7,False,True
175,175,93,"{'Shell_weight': 'belowMean', 'Sex': 'M', 'Height': 'belowMean', 'Diameter': 'aboveMean', 'Shucked_weight': 'belowMean', 'Viscera_weight': 'aboveMean', 'Length': 'aboveMean'}",True,,9.5,{},0.0,7,False,True
176,176,94,"{'Shell_weight': 'belowMean', 'Sex': 'M', 'Height': 'belowMean', 'Diameter': 'aboveMean', 'Shucked_weight': 'aboveMean', 'Viscera_weight': 'belowMean', 'Length': 'aboveMean'}",True,,9.0,{},0.0,7,False,True
177,177,95,"{'Shell_weight': 'belowMean', 'Sex': 'M', 'Height': 'belowMean', 'Diameter': 'aboveMean', 'Shucked_weight': 'aboveMean', 'Viscera_weight': 'aboveMean', 'Length': 'aboveMean'}",True,,9.666666666666666,{},0.0,7,False,True
178,178,96,"{'Shell_weight': 'belowMean', 'Sex': 'M', 'Height': 'aboveMean', 'Length': 'belowMean', 'Whole_weight': 'belowMean', 'Shucked_weight': 'belowMean', 'Diameter': 'belowMean'}",True,,11.565217391304348,{},0.0,7,False,True
179,179,96,"{'Shell_weight': 'belowMean', 'Sex': 'M', 'Height': 'aboveMean', 'Length': 'belowMean', 'Whole_weight': 'belowMean', 'Shucked_weight': 'belowMean', 'Diameter': 'aboveMean'}",True,,10.5,{},0.0,7,False,True
180,180,98,"{'Shell_weight': 'belowMean', 'Sex': 'M', 'Height': 'aboveMean', 'Length': 'aboveMean', 'Shucked_weight': 'aboveMean', 'Whole_weight': 'aboveMean', 'Viscera_weight': 'aboveMean'}",True,,8.6,{},0.0,7,False,True
181,181,98,"{'Shell_weight': 'belowMean', 'Sex': 'M', 'Height': 'aboveMean', 'Length': 'aboveMean', 'Shucked_weight': 'aboveMean', 'Whole_weight': 'aboveMean', 'Viscera_weight': 'belowMean'}",True,,9.25,{},0.0,7,False,True
182,182,99,"{'Shell_weight': 'belowMean', 'Sex': 'M', 'Height': 'aboveMean', 'Length': 'aboveMean', 'Shucked_weight': 'aboveMean', 'Whole_weight': 'belowMean', 'Diameter': 'aboveMean'}",True,,8.0,{},0.0,7,False,True
183,183,99,"{'Shell_weight': 'belowMean', 'Sex': 'M', 'Height': 'aboveMean', 'Length': 'aboveMean', 'Shucked_weight': 'aboveMean', 'Whole_weight': 'belowMean', 'Diameter': 'belowMean'}",True,,7.5,{},0.0,7,False,True
184,184,100,"{'Shell_weight': 'belowMean', 'Sex': 'M', 'Height': 'aboveMean', 'Length': 'aboveMean', 'Shucked_weight': 'belowMean', 'Diameter': 'aboveMean', 'Viscera_weight': 'belowMean'}",True,,9.4,{},0.0,7,False,True
185,185,102,"{'Shell_weight': 'belowMean', 'Sex': 'I', 'Height': 'belowMean', 'Length': 'belowMean', 'Diameter': 'belowMean', 'Shucked_weight': 'belowMean', 'Viscera_weight': 'belowMean'}",True,,7.0859375,{},0.0,7,False,True
186,186,103,"{'Shell_weight': 'belowMean', 'Sex': 'I', 'Height': 'belowMean', 'Length': 'belowMean', 'Diameter': 'belowMean', 'Shucked_weight': 'aboveMean', 'Viscera_weight': 'belowMean'}",True,,6.666666666666667,{},0.0,7,False,True
187,187,104,"{'Shell_weight': 'belowMean', 'Sex': 'I', 'Height': 'belowMean', 'Length': 'belowMean', 'Diameter': 'aboveMean', 'Shucked_weight': 'belowMean', 'Viscera_weight': 'belowMean'}",True,,10.333333333333334,{},0.0,7,False,True
188,188,105,"{'Shell_weight': 'belowMean', 'Sex': 'I', 'Height': 'belowMean', 'Length': 'aboveMean', 'Shucked_weight': 'belowMean', 'Diameter': 'belowMean', 'Viscera_weight': 'belowMean'}",True,,8.538461538461538,{},0.0,7,False,True
189,189,106,"{'Shell_weight': 'belowMean', 'Sex': 'I', 'Height': 'belowMean', 'Length': 'aboveMean', 'Shucked_weight': 'belowMean', 'Diameter': 'aboveMean', 'Viscera_weight': 'belowMean'}",True,,8.375,{},0.0,7,False,True
190,190,106,"{'Shell_weight': 'belowMean', 'Sex': 'I', 'Height': 'belowMean', 'Length': 'aboveMean', 'Shucked_weight': 'belowMean', 'Diameter': 'aboveMean', 'Viscera_weight': 'aboveMean'}",True,,8.0,{},0.0,7,False,True
191,191,107,"{'Shell_weight': 'belowMean', 'Sex': 'I', 'Height': 'belowMean', 'Length': 'aboveMean', 'Shucked_weight': 'aboveMean', 'Whole_weight': 'belowMean', 'Diameter': 'aboveMean'}",True,,9.5,{},0.0,7,False,True
192,192,109,"{'Shell_weight': 'belowMean', 'Sex': 'I', 'Height': 'aboveMean', 'Viscera_weight': 'belowMean', 'Shucked_weight': 'belowMean', 'Length': 'belowMean', 'Diameter': 'belowMean'}",True,,9.727272727272727,{},0.0,7,False,True
193,193,109,"{'Shell_weight': 'belowMean', 'Sex': 'I', 'Height': 'aboveMean', 'Viscera_weight': 'belowMean', 'Shucked_weight': 'belowMean', 'Length': 'belowMean', 'Diameter': 'aboveMean'}",True,,9.6,{},0.0,7,False,True
194,194,110,"{'Shell_weight': 'belowMean', 'Sex': 'I', 'Height': 'aboveMean', 'Viscera_weight': 'belowMean', 'Shucked_weight': 'belowMean', 'Length': 'aboveMean', 'Diameter': 'aboveMean'}",True,,9.4,{},0.0,7,False,True
195,195,110,"{'Shell_weight': 'belowMean', 'Sex': 'I', 'Height': 'aboveMean', 'Viscera_weight': 'belowMean', 'Shucked_weight': 'belowMean', 'Length': 'aboveMean', 'Diameter': 'belowMean'}",True,,8.5,{},0.0,7,False,True
196,196,112,"{'Shell_weight': 'belowMean', 'Sex': 'I', 'Height': 'aboveMean', 'Viscera_weight': 'belowMean', 'Shucked_weight': 'aboveMean', 'Diameter': 'belowMean', 'Length': 'belowMean'}",True,,9.75,{},0.0,7,False,True
197,197,113,"{'Shell_weight': 'belowMean', 'Sex': 'I', 'Height': 'aboveMean', 'Viscera_weight': 'aboveMean', 'Shucked_weight': 'aboveMean', 'Diameter': 'aboveMean', 'Length': 'aboveMean'}",True,,9.666666666666666,{},0.0,7,False,True
198,198,114,"{'Shell_weight': 'belowMean', 'Sex': 'I', 'Height': 'aboveMean', 'Viscera_weight': 'aboveMean', 'Shucked_weight': 'belowMean', 'Diameter': 'aboveMean', 'Length': 'aboveMean'}",True,,12.0,{},0.0,7,False,True
199,199,115,"{'Shell_weight': 'belowMean', 'Sex': 'F', 'Length': 'aboveMean', 'Diameter': 'belowMean', 'Height': 'aboveMean', 'Shucked_weight': 'belowMean', 'Viscera_weight': 'belowMean'}",True,,14.0,{},0.0,7,False,True
200,200,115,"{'Shell_weight': 'belowMean', 'Sex': 'F', 'Length': 'aboveMean', 'Diameter': 'belowMean', 'Height': 'aboveMean', 'Shucked_weight': 'belowMean', 'Viscera_weight': 'aboveMean'}",True,,13.0,{},0.0,7,False,True
201,201,117,"{'Shell_weight': 'belowMean', 'Sex': 'F', 'Length': 'aboveMean', 'Diameter': 'belowMean', 'Height': 'belowMean', 'Shucked_weight': 'belowMean', 'Viscera_weight': 'belowMean'}",True,,9.666666666666666,{},0.0,7,False,True
202,202,119,"{'Shell_weight': 'belowMean', 'Sex': 'F', 'Length': 'aboveMean', 'Diameter': 'aboveMean', 'Viscera_weight': 'belowMean', 'Shucked_weight': 'belowMean', 'Height': 'belowMean'}",True,,9.285714285714286,{},0.0,7,False,True
203,203,119,"{'Shell_weight': 'belowMean', 'Sex': 'F', 'Length': 'aboveMean', 'Diameter': 'aboveMean', 'Viscera_weight': 'belowMean', 'Shucked_weight': 'belowMean', 'Height': 'aboveMean'}",True,,9.571428571428571,{},0.0,7,False,True
204,204,120,"{'Shell_weight': 'belowMean', 'Sex': 'F', 'Length': 'aboveMean', 'Diameter': 'aboveMean', 'Viscera_weight': 'belowMean', 'Shucked_weight': 'aboveMean', 'Whole_weight': 'aboveMean'}",True,,9.5,{},0.0,7,False,True
205,205,120,"{'Shell_weight': 'belowMean', 'Sex': 'F', 'Length': 'aboveMean', 'Diameter': 'aboveMean', 'Viscera_weight': 'belowMean', 'Shucked_weight': 'aboveMean', 'Whole_weight': 'belowMean'}",True,,8.333333333333334,{},0.0,7,False,True
206,206,121,"{'Shell_weight': 'belowMean', 'Sex': 'F', 'Length': 'aboveMean', 'Diameter': 'aboveMean', 'Viscera_weight': 'aboveMean', 'Shucked_weight': 'belowMean', 'Whole_weight': 'belowMean'}",True,,8.333333333333334,{},0.0,7,False,True
207,207,121,"{'Shell_weight': 'belowMean', 'Sex': 'F', 'Length': 'aboveMean', 'Diameter': 'aboveMean', 'Viscera_weight': 'aboveMean', 'Shucked_weight': 'belowMean', 'Whole_weight': 'aboveMean'}",True,,6.5,{},0.0,7,False,True
208,208,122,"{'Shell_weight': 'belowMean', 'Sex': 'F', 'Length': 'aboveMean', 'Diameter': 'aboveMean', 'Viscera_weight': 'aboveMean', 'Shucked_weight': 'aboveMean', 'Whole_weight': 'aboveMean'}",True,,9.083333333333334,{},0.0,7,False,True
209,209,122,"{'Shell_weight': 'belowMean', 'Sex': 'F', 'Length': 'aboveMean', 'Diameter': 'aboveMean', 'Viscera_weight': 'aboveMean', 'Shucked_weight': 'aboveMean', 'Whole_weight': 'belowMean'}",True,,8.0,{},0.0,7,False,True
210,210,123,"{'Shell_weight': 'belowMean', 'Sex': 'F', 'Length': 'belowMean', 'Height': 'belowMean', 'Diameter': 'belowMean', 'Viscera_weight': 'belowMean', 'Shucked_weight': 'belowMean'}",True,,9.962962962962964,{},0.0,7,False,True
211,211,123,"{'Shell_weight': 'belowMean', 'Sex': 'F', 'Length': 'belowMean', 'Height': 'belowMean', 'Diameter': 'belowMean', 'Viscera_weight': 'belowMean', 'Shucked_weight': 'aboveMean'}",True,,9.0,{},0.0,7,False,True
212,212,124,"{'Shell_weight': 'belowMean', 'Sex': 'F', 'Length': 'belowMean', 'Height': 'belowMean', 'Diameter': 'belowMean', 'Viscera_weight': 'aboveMean', 'Shucked_weight': 'belowMean'}",True,,12.0,{},0.0,7,False,True
213,213,127,"{'Shell_weight': 'belowMean', 'Sex': 'F', 'Length': 'belowMean', 'Height': 'aboveMean', 'Viscera_weight': 'belowMean', 'Whole_weight': 'belowMean', 'Diameter': 'belowMean'}",True,,11.555555555555555,{},0.0,7,False,True
214,214,127,"{'Shell_weight': 'belowMean', 'Sex': 'F', 'Length': 'belowMean', 'Height': 'aboveMean', 'Viscera_weight': 'belowMean', 'Whole_weight': 'belowMean', 'Diameter': 'aboveMean'}",True,,11.0,{},0.0,7,False,True
215,215,129,"{'Shell_weight': 'belowMean', 'Sex': 'F', 'Length': 'belowMean', 'Height': 'aboveMean', 'Viscera_weight': 'aboveMean', 'Whole_weight': 'belowMean', 'Diameter': 'belowMean'}",True,,10.25,{},0.0,7,False,True
216,216,129,"{'Shell_weight': 'belowMean', 'Sex': 'F', 'Length': 'belowMean', 'Height': 'aboveMean', 'Viscera_weight': 'aboveMean', 'Whole_weight': 'belowMean', 'Diameter': 'aboveMean'}",True,,10.0,{},0.0,7,False,True
217,217,131,"{'Shell_weight': 'aboveMean', 'Shucked_weight': 'belowMean', 'Sex': 'F', 'Whole_weight': 'belowMean', 'Viscera_weight': 'belowMean', 'Diameter': 'aboveMean', 'Length': 'aboveMean'}",True,,12.545454545454545,{},0.0,7,False,True
218,218,131,"{'Shell_weight': 'aboveMean', 'Shucked_weight': 'belowMean', 'Sex': 'F', 'Whole_weight': 'belowMean', 'Viscera_weight': 'belowMean', 'Diameter': 'aboveMean', 'Length': 'belowMean'}",True,,10.5,{},0.0,7,False,True
219,219,132,"{'Shell_weight': 'aboveMean', 'Shucked_weight': 'belowMean', 'Sex': 'F', 'Whole_weight': 'belowMean', 'Viscera_weight': 'belowMean', 'Diameter': 'belowMean', 'Length': 'aboveMean'}",True,,7.0,{},0.0,7,False,True
220,220,132,"{'Shell_weight': 'aboveMean', 'Shucked_weight': 'belowMean', 'Sex': 'F', 'Whole_weight': 'belowMean', 'Viscera_weight': 'belowMean', 'Diameter': 'belowMean', 'Length': 'belowMean'}",True,,13.0,{},0.0,7,False,True
221,221,133,"{'Shell_weight': 'aboveMean', 'Shucked_weight': 'belowMean', 'Sex': 'F', 'Whole_weight': 'belowMean', 'Viscera_weight': 'aboveMean', 'Diameter': 'aboveMean', 'Height': 'aboveMean'}",True,,12.25,{},0.0,7,False,True
222,222,133,"{'Shell_weight': 'aboveMean', 'Shucked_weight': 'belowMean', 'Sex': 'F', 'Whole_weight': 'belowMean', 'Viscera_weight': 'aboveMean', 'Diameter': 'aboveMean', 'Height': 'belowMean'}",True,,15.0,{},0.0,7,False,True
223,223,134,"{'Shell_weight': 'aboveMean', 'Shucked_weight': 'belowMean', 'Sex': 'F', 'Whole_weight': 'belowMean', 'Viscera_weight': 'aboveMean', 'Diameter': 'belowMean', 'Height': 'aboveMean'}",True,,17.0,{},0.0,7,False,True
224,224,134,"{'Shell_weight': 'aboveMean', 'Shucked_weight': 'belowMean', 'Sex': 'F', 'Whole_weight': 'belowMean', 'Viscera_weight': 'aboveMean', 'Diameter': 'belowMean', 'Height': 'belowMean'}",True,,15.0,{},0.0,7,False,True
225,225,135,"{'Shell_weight': 'aboveMean', 'Shucked_weight': 'belowMean', 'Sex': 'F', 'Whole_weight': 'aboveMean', 'Viscera_weight': 'belowMean', 'Height': 'aboveMean', 'Diameter': 'aboveMean'}",True,,15.333333333333334,{},0.0,7,False,True
226,226,137,"{'Shell_weight': 'aboveMean', 'Shucked_weight': 'belowMean', 'Sex': 'F', 'Whole_weight': 'aboveMean', 'Viscera_weight': 'aboveMean', 'Height': 'aboveMean', 'Diameter': 'aboveMean'}",True,,13.25,{},0.0,7,False,True
227,227,138,"{'Shell_weight': 'aboveMean', 'Shucked_weight': 'belowMean', 'Sex': 'F', 'Whole_weight': 'aboveMean', 'Viscera_weight': 'aboveMean', 'Height': 'belowMean', 'Diameter': 'aboveMean'}",True,,15.666666666666666,{},0.0,7,False,True
228,228,139,"{'Shell_weight': 'aboveMean', 'Shucked_weight': 'belowMean', 'Sex': 'M', 'Whole_weight': 'aboveMean', 'Height': 'aboveMean', 'Length': 'aboveMean', 'Viscera_weight': 'aboveMean'}",True,,13.142857142857142,{},0.0,7,False,True
229,229,139,"{'Shell_weight': 'aboveMean', 'Shucked_weight': 'belowMean', 'Sex': 'M', 'Whole_weight': 'aboveMean', 'Height': 'aboveMean', 'Length': 'aboveMean', 'Viscera_weight': 'belowMean'}",True,,14.0,{},0.0,7,False,True
230,230,140,"{'Shell_weight': 'aboveMean', 'Shucked_weight': 'belowMean', 'Sex': 'M', 'Whole_weight': 'aboveMean', 'Height': 'aboveMean', 'Length': 'belowMean', 'Diameter': 'belowMean'}",True,,13.333333333333334,{},0.0,7,False,True
231,231,140,"{'Shell_weight': 'aboveMean', 'Shucked_weight': 'belowMean', 'Sex': 'M', 'Whole_weight': 'aboveMean', 'Height': 'aboveMean', 'Length': 'belowMean', 'Diameter': 'aboveMean'}",True,,18.0,{},0.0,7,False,True
232,232,141,"{'Shell_weight': 'aboveMean', 'Shucked_weight': 'belowMean', 'Sex': 'M', 'Whole_weight': 'aboveMean', 'Height': 'belowMean', 'Diameter': 'aboveMean', 'Viscera_weight': 'belowMean'}",True,,13.0,{},0.0,7,False,True
233,233,141,"{'Shell_weight': 'aboveMean', 'Shucked_weight': 'belowMean', 'Sex': 'M', 'Whole_weight': 'aboveMean', 'Height': 'belowMean', 'Diameter': 'aboveMean', 'Viscera_weight': 'aboveMean'}",True,,10.75,{},0.0,7,False,True
234,234,143,"{'Shell_weight': 'aboveMean', 'Shucked_weight': 'belowMean', 'Sex': 'M', 'Whole_weight': 'belowMean', 'Diameter': 'aboveMean', 'Height': 'belowMean', 'Length': 'aboveMean'}",True,,10.666666666666666,{},0.0,7,False,True
235,235,143,"{'Shell_weight': 'aboveMean', 'Shucked_weight': 'belowMean', 'Sex': 'M', 'Whole_weight': 'belowMean', 'Diameter': 'aboveMean', 'Height': 'belowMean', 'Length': 'belowMean'}",True,,11.0,{},0.0,7,False,True
236,236,144,"{'Shell_weight': 'aboveMean', 'Shucked_weight': 'belowMean', 'Sex': 'M', 'Whole_weight': 'belowMean', 'Diameter': 'aboveMean', 'Height': 'aboveMean', 'Length': 'aboveMean'}",True,,11.909090909090908,{},0.0,7,False,True
237,237,144,"{'Shell_weight': 'aboveMean', 'Shucked_weight': 'belowMean', 'Sex': 'M', 'Whole_weight': 'belowMean', 'Diameter': 'aboveMean', 'Height': 'aboveMean', 'Length': 'belowMean'}",True,,10.5,{},0.0,7,False,True
238,238,145,"{'Shell_weight': 'aboveMean', 'Shucked_weight': 'belowMean', 'Sex': 'M', 'Whole_weight': 'belowMean', 'Diameter': 'belowMean', 'Viscera_weight': 'belowMean', 'Height': 'aboveMean'}",True,,11.6,{},0.0,7,False,True
239,239,145,"{'Shell_weight': 'aboveMean', 'Shucked_weight': 'belowMean', 'Sex': 'M', 'Whole_weight': 'belowMean', 'Diameter': 'belowMean', 'Viscera_weight': 'belowMean', 'Height': 'belowMean'}",True,,13.0,{},0.0,7,False,True
240,240,147,"{'Shell_weight': 'aboveMean', 'Shucked_weight': 'belowMean', 'Sex': 'I', 'Whole_weight': 'aboveMean', 'Height': 'aboveMean', 'Diameter': 'aboveMean', 'Viscera_weight': 'aboveMean'}",True,,13.666666666666666,{},0.0,7,False,True
241,241,147,"{'Shell_weight': 'aboveMean', 'Shucked_weight': 'belowMean', 'Sex': 'I', 'Whole_weight': 'aboveMean', 'Height': 'aboveMean', 'Diameter': 'aboveMean', 'Viscera_weight': 'belowMean'}",True,,12.0,{},0.0,7,False,True
242,242,149,"{'Shell_weight': 'aboveMean', 'Shucked_weight': 'belowMean', 'Sex': 'I', 'Whole_weight': 'aboveMean', 'Height': 'belowMean', 'Diameter': 'aboveMean', 'Length': 'aboveMean'}",True,,9.5,{},0.0,7,False,True
243,243,151,"{'Shell_weight': 'aboveMean', 'Shucked_weight': 'belowMean', 'Sex': 'I', 'Whole_weight': 'belowMean', 'Length': 'aboveMean', 'Diameter': 'aboveMean', 'Height': 'belowMean'}",True,,9.333333333333334,{},0.0,7,False,True
244,244,151,"{'Shell_weight': 'aboveMean', 'Shucked_weight': 'belowMean', 'Sex': 'I', 'Whole_weight': 'belowMean', 'Length': 'aboveMean', 'Diameter': 'aboveMean', 'Height': 'aboveMean'}",True,,8.8,{},0.0,7,False,True
245,245,154,"{'Shell_weight': 'aboveMean', 'Shucked_weight': 'aboveMean', 'Length': 'aboveMean', 'Viscera_weight': 'aboveMean', 'Sex': 'M', 'Height': 'aboveMean', 'Diameter': 'aboveMean'}",True,,11.456026058631922,{},0.0,7,False,True
246,246,154,"{'Shell_weight': 'aboveMean', 'Shucked_weight': 'aboveMean', 'Length': 'aboveMean', 'Viscera_weight': 'aboveMean', 'Sex': 'M', 'Height': 'aboveMean', 'Diameter': 'belowMean'}",True,,11.333333333333334,{},0.0,7,False,True
247,247,155,"{'Shell_weight': 'aboveMean', 'Shucked_weight': 'aboveMean', 'Length': 'aboveMean', 'Viscera_weight': 'aboveMean', 'Sex': 'M', 'Height': 'belowMean', 'Diameter': 'aboveMean'}",True,,10.615384615384615,{},0.0,7,False,True
248,248,156,"{'Shell_weight': 'aboveMean', 'Shucked_weight': 'aboveMean', 'Length': 'aboveMean', 'Viscera_weight': 'aboveMean', 'Sex': 'F', 'Height': 'aboveMean', 'Diameter': 'aboveMean'}",True,,11.32857142857143,{},0.0,7,False,True
249,249,157,"{'Shell_weight': 'aboveMean', 'Shucked_weight': 'aboveMean', 'Length': 'aboveMean', 'Viscera_weight': 'aboveMean', 'Sex': 'F', 'Height': 'belowMean', 'Diameter': 'aboveMean'}",True,,10.375,{},0.0,7,False,True
250,250,158,"{'Shell_weight': 'aboveMean', 'Shucked_weight': 'aboveMean', 'Length': 'aboveMean', 'Viscera_weight': 'aboveMean', 'Sex': 'I', 'Diameter': 'aboveMean', 'Height': 'aboveMean'}",True,,12.391304347826088,{},0.0,7,False,True
251,251,159,"{'Shell_weight': 'aboveMean', 'Shucked_weight': 'aboveMean', 'Length': 'aboveMean', 'Viscera_weight': 'belowMean', 'Sex': 'M', 'Height': 'aboveMean', 'Diameter': 'aboveMean'}",True,,10.916666666666666,{},0.0,7,False,True
252,252,160,"{'Shell_weight': 'aboveMean', 'Shucked_weight': 'aboveMean', 'Length': 'aboveMean', 'Viscera_weight': 'belowMean', 'Sex': 'M', 'Height': 'belowMean', 'Diameter': 'aboveMean'}",True,,11.5,{},0.0,7,False,True
253,253,161,"{'Shell_weight': 'aboveMean', 'Shucked_weight': 'aboveMean', 'Length': 'aboveMean', 'Viscera_weight': 'belowMean', 'Sex': 'F', 'Height': 'aboveMean', 'Diameter': 'aboveMean'}",True,,10.636363636363637,{},0.0,7,False,True
254,254,163,"{'Shell_weight': 'aboveMean', 'Shucked_weight': 'aboveMean', 'Length': 'aboveMean', 'Viscera_weight': 'belowMean', 'Sex': 'I', 'Whole_weight': 'belowMean', 'Height': 'belowMean'}",True,,9.0,{},0.0,7,False,True
255,255,163,"{'Shell_weight': 'aboveMean', 'Shucked_weight': 'aboveMean', 'Length': 'aboveMean', 'Viscera_weight': 'belowMean', 'Sex': 'I', 'Whole_weight': 'belowMean', 'Height': 'aboveMean'}",True,,10.0,{},0.0,7,False,True
256,256,164,"{'Shell_weight': 'aboveMean', 'Shucked_weight': 'aboveMean', 'Length': 'aboveMean', 'Viscera_weight': 'belowMean', 'Sex': 'I', 'Whole_weight': 'aboveMean', 'Height': 'belowMean'}",True,,11.0,{},0.0,7,False,True
257,257,164,"{'Shell_weight': 'aboveMean', 'Shucked_weight': 'aboveMean', 'Length': 'aboveMean', 'Viscera_weight': 'belowMean', 'Sex': 'I', 'Whole_weight': 'aboveMean', 'Height': 'aboveMean'}",True,,9.6,{},0.0,7,False,True
258,258,165,"{'Shell_weight': 'aboveMean', 'Shucked_weight': 'aboveMean', 'Length': 'belowMean', 'Sex': 'M', 'Viscera_weight': 'aboveMean', 'Diameter': 'belowMean', 'Height': 'aboveMean'}",True,,8.5,{},0.0,7,False,True
259,259,165,"{'Shell_weight': 'aboveMean', 'Shucked_weight': 'aboveMean', 'Length': 'belowMean', 'Sex': 'M', 'Viscera_weight': 'aboveMean', 'Diameter': 'belowMean', 'Height': 'belowMean'}",True,,8.0,{},0.0,7,False,True
