,nodeID,parentNode,dataSetFilters,evaluated,nodeFeature,nodePrediction,childrenNodes,gainOrMSE,treeLevel,pruned,isLeaf
0,0,-1,{},True,Shell_weight,9.93476959904249,"{'belowMean': 1, 'aboveMean': 2}",7.448223780826032,0,False,False
1,1,0,{'Shell_weight': 'belowMean'},True,Sex,8.335287221570926,"{'I': 3, 'M': 4, 'F': 5}",5.005993979009368,1,False,False
2,2,0,{'Shell_weight': 'aboveMean'},True,Shucked_weight,11.602689486552569,"{'aboveMean': 6, 'belowMean': 7}",8.499419850712687,1,True,True
3,3,1,"{'Shell_weight': 'belowMean', 'Sex': 'I'}",True,Height,7.409871244635193,"{'belowMean': 8, 'aboveMean': 9}",3.923991644425326,2,False,False
4,4,1,"{'Shell_weight': 'belowMean', 'Sex': 'M'}",True,Viscera_weight,9.049773755656108,"{'belowMean': 10, 'aboveMean': 11}",5.678376379565366,2,False,False
5,5,1,"{'Shell_weight': 'belowMean', 'Sex': 'F'}",True,Shucked_weight,9.981927710843374,"{'belowMean': 12, 'aboveMean': 13}",5.771580439404678,2,False,False
6,6,2,"{'Shell_weight': 'aboveMean', 'Shucked_weight': 'aboveMean'}",True,Height,11.35139092240117,"{'aboveMean': 14, 'belowMean': 15}",7.99118344019791,2,True,True
7,7,2,"{'Shell_weight': 'aboveMean', 'Shucked_weight': 'belowMean'}",True,Sex,12.874074074074072,"{'M': 16, 'I': 17, 'F': 18}",9.397877025206215,2,True,True
8,8,3,"{'Shell_weight': 'belowMean', 'Sex': 'I', 'Height': 'belowMean'}",True,Length,7.257403189066059,"{'belowMean': 19, 'aboveMean': 20}",3.56009631052286,3,False,False
9,9,3,"{'Shell_weight': 'belowMean', 'Sex': 'I', 'Height': 'aboveMean'}",True,Viscera_weight,9.88888888888889,"{'belowMean': 21, 'aboveMean': 22}",6.502356902356902,3,False,False
10,10,4,"{'Shell_weight': 'belowMean', 'Sex': 'M', 'Viscera_weight': 'belowMean'}",True,Height,8.962765957446809,"{'belowMean': 23, 'aboveMean': 24}",5.873108026293028,3,False,False
11,11,4,"{'Shell_weight': 'belowMean', 'Sex': 'M', 'Viscera_weight': 'aboveMean'}",True,Length,9.545454545454543,"{'belowMean': 25, 'aboveMean': 26}",3.0254545454545454,3,False,False
12,12,5,"{'Shell_weight': 'belowMean', 'Sex': 'F', 'Shucked_weight': 'belowMean'}",True,Height,10.220588235294118,"{'belowMean': 27, 'aboveMean': 28}",6.291305956344803,3,False,False
13,13,5,"{'Shell_weight': 'belowMean', 'Sex': 'F', 'Shucked_weight': 'aboveMean'}",True,Height,8.9,"{'belowMean': 29, 'aboveMean': 30}",1.2888888888888888,3,False,False
14,14,6,"{'Shell_weight': 'aboveMean', 'Shucked_weight': 'aboveMean', 'Height': 'aboveMean'}",True,Diameter,11.4528,"{'aboveMean': 31, 'belowMean': 32}",8.284480073971336,3,True,True
15,15,6,"{'Shell_weight': 'aboveMean', 'Shucked_weight': 'aboveMean', 'Height': 'belowMean'}",True,Sex,10.258620689655173,"{'M': 33, 'F': 34, 'I': 35}",4.281276467029643,3,False,False
16,16,7,"{'Shell_weight': 'aboveMean', 'Shucked_weight': 'belowMean', 'Sex': 'M'}",True,Whole_weight,13.476190476190476,"{'belowMean': 36, 'aboveMean': 37}",8.87000768049155,3,True,True
17,17,7,"{'Shell_weight': 'aboveMean', 'Shucked_weight': 'belowMean', 'Sex': 'I'}",True,Height,10.565217391304348,"{'aboveMean': 38, 'belowMean': 39}",3.876923076923077,3,False,False
18,18,7,"{'Shell_weight': 'aboveMean', 'Shucked_weight': 'belowMean', 'Sex': 'F'}",True,Diameter,13.183673469387756,"{'aboveMean': 40, 'belowMean': 41}",11.16530612244898,3,True,True
19,19,8,"{'Shell_weight': 'belowMean', 'Sex': 'I', 'Height': 'belowMean', 'Length': 'belowMean'}",True,Diameter,7.128395061728395,"{'belowMean': 42, 'aboveMean': 43}",3.7337571402248018,4,False,False
20,20,8,"{'Shell_weight': 'belowMean', 'Sex': 'I', 'Height': 'belowMean', 'Length': 'aboveMean'}",True,Diameter,8.794117647058824,"{'aboveMean': 44, 'belowMean': 45}",1.165329768270945,4,False,False
21,21,9,"{'Shell_weight': 'belowMean', 'Sex': 'I', 'Height': 'aboveMean', 'Viscera_weight': 'belowMean'}",True,Length,9.727272727272728,"{'belowMean': 46, 'aboveMean': 47}",4.730303030303031,4,False,False
22,22,9,"{'Shell_weight': 'belowMean', 'Sex': 'I', 'Height': 'aboveMean', 'Viscera_weight': 'aboveMean'}",True,Shucked_weight,10.6,"{'aboveMean': 48, 'belowMean': 49}",13.433333333333332,4,False,False
23,23,10,"{'Shell_weight': 'belowMean', 'Sex': 'M', 'Viscera_weight': 'belowMean', 'Height': 'belowMean'}",True,Diameter,8.871951219512194,"{'belowMean': 50, 'aboveMean': 51}",5.741976649218548,4,False,False
24,24,10,"{'Shell_weight': 'belowMean', 'Sex': 'M', 'Viscera_weight': 'belowMean', 'Height': 'aboveMean'}",True,Shucked_weight,9.583333333333334,"{'belowMean': 52, 'aboveMean': 53}",6.203703703703703,4,False,False
25,25,11,"{'Shell_weight': 'belowMean', 'Sex': 'M', 'Viscera_weight': 'aboveMean', 'Length': 'belowMean'}",True,Diameter,11.5,"{'belowMean': 54, 'aboveMean': 55}",9.416666666666666,4,False,False
26,26,11,"{'Shell_weight': 'belowMean', 'Sex': 'M', 'Viscera_weight': 'aboveMean', 'Length': 'aboveMean'}",True,Height,8.92,"{'belowMean': 56, 'aboveMean': 57}",0.9244155844155844,4,False,False
27,27,12,"{'Shell_weight': 'belowMean', 'Sex': 'F', 'Shucked_weight': 'belowMean', 'Height': 'belowMean'}",True,Whole_weight,9.867924528301886,"{'belowMean': 58, 'aboveMean': 59}",5.606109613656784,4,True,True
28,28,12,"{'Shell_weight': 'belowMean', 'Sex': 'F', 'Shucked_weight': 'belowMean', 'Height': 'aboveMean'}",True,Whole_weight,11.466666666666669,"{'belowMean': 60, 'aboveMean': 61}",7.725,4,True,True
29,29,13,"{'Shell_weight': 'belowMean', 'Sex': 'F', 'Shucked_weight': 'aboveMean', 'Height': 'belowMean'}",True,Diameter,8.533333333333333,"{'aboveMean': 62, 'belowMean': 63}",0.7487179487179488,4,False,False
30,30,13,"{'Shell_weight': 'belowMean', 'Sex': 'F', 'Shucked_weight': 'aboveMean', 'Height': 'aboveMean'}",True,Whole_weight,9.266666666666667,"{'aboveMean': 64, 'belowMean': 65}",1.5615384615384615,4,False,False
31,31,14,"{'Shell_weight': 'aboveMean', 'Shucked_weight': 'aboveMean', 'Height': 'aboveMean', 'Diameter': 'aboveMean'}",True,Sex,11.47411003236246,"{'F': 66, 'I': 67, 'M': 68}",8.299696391977694,4,True,True
32,32,14,"{'Shell_weight': 'aboveMean', 'Shucked_weight': 'aboveMean', 'Height': 'aboveMean', 'Diameter': 'belowMean'}",True,Length,9.571428571428571,"{'belowMean': 69, 'aboveMean': 70}",5.05952380952381,4,False,False
33,33,15,"{'Shell_weight': 'aboveMean', 'Shucked_weight': 'aboveMean', 'Height': 'belowMean', 'Sex': 'M'}",True,Viscera_weight,10.566666666666666,"{'aboveMean': 71, 'belowMean': 72}",6.276543209876544,4,False,False
34,34,15,"{'Shell_weight': 'aboveMean', 'Shucked_weight': 'aboveMean', 'Height': 'belowMean', 'Sex': 'F'}",True,Whole_weight,10.052631578947368,"{'aboveMean': 73, 'belowMean': 74}",2.409356725146199,4,False,False
35,35,15,"{'Shell_weight': 'aboveMean', 'Shucked_weight': 'aboveMean', 'Height': 'belowMean', 'Sex': 'I'}",True,Whole_weight,9.666666666666666,"{'belowMean': 75, 'aboveMean': 76}",0.7619047619047619,4,False,False
36,36,16,"{'Shell_weight': 'aboveMean', 'Shucked_weight': 'belowMean', 'Sex': 'M', 'Whole_weight': 'belowMean'}",True,Viscera_weight,12.741935483870968,"{'belowMean': 77, 'aboveMean': 78}",7.893333333333333,4,False,False
37,37,16,"{'Shell_weight': 'aboveMean', 'Shucked_weight': 'belowMean', 'Sex': 'M', 'Whole_weight': 'aboveMean'}",True,Diameter,14.1875,"{'aboveMean': 79, 'belowMean': 80}",9.370535714285715,4,True,True
38,38,17,"{'Shell_weight': 'aboveMean', 'Shucked_weight': 'belowMean', 'Sex': 'I', 'Height': 'aboveMean'}",True,Diameter,11.307692307692308,"{'aboveMean': 81, 'belowMean': 82}",5.461538461538462,4,True,True
39,39,17,"{'Shell_weight': 'aboveMean', 'Shucked_weight': 'belowMean', 'Sex': 'I', 'Height': 'belowMean'}",True,Whole_weight,9.6,"{'belowMean': 83, 'aboveMean': 84}",1.15,4,False,False
40,40,18,"{'Shell_weight': 'aboveMean', 'Shucked_weight': 'belowMean', 'Sex': 'F', 'Diameter': 'aboveMean'}",True,Height,12.85,"{'aboveMean': 85, 'belowMean': 86}",8.56484375,4,False,False
41,41,18,"{'Shell_weight': 'aboveMean', 'Shucked_weight': 'belowMean', 'Sex': 'F', 'Diameter': 'belowMean'}",True,Whole_weight,14.666666666666666,"{'belowMean': 87, 'aboveMean': 88}",20.166666666666668,4,True,True
42,42,19,"{'Shell_weight': 'belowMean', 'Sex': 'I', 'Height': 'belowMean', 'Length': 'belowMean', 'Diameter': 'belowMean'}",True,Shucked_weight,7.116915422885572,"{'belowMean': 89, 'aboveMean': 90}",3.7576902455142833,5,True,True
43,43,19,"{'Shell_weight': 'belowMean', 'Sex': 'I', 'Height': 'belowMean', 'Length': 'belowMean', 'Diameter': 'aboveMean'}",True,Shucked_weight,8.666666666666666,{'belowMean': 91},0.2222222222222222,5,False,False
44,44,20,"{'Shell_weight': 'belowMean', 'Sex': 'I', 'Height': 'belowMean', 'Length': 'aboveMean', 'Diameter': 'aboveMean'}",True,Shucked_weight,9.045454545454543,"{'aboveMean': 92, 'belowMean': 93}",1.4983957219251336,5,False,False
45,45,20,"{'Shell_weight': 'belowMean', 'Sex': 'I', 'Height': 'belowMean', 'Length': 'aboveMean', 'Diameter': 'belowMean'}",True,Shucked_weight,8.333333333333334,{'belowMean': 94},0.3888888888888889,5,False,False
46,46,21,"{'Shell_weight': 'belowMean', 'Sex': 'I', 'Height': 'aboveMean', 'Viscera_weight': 'belowMean', 'Length': 'belowMean'}",True,Shucked_weight,9.833333333333334,"{'aboveMean': 95, 'belowMean': 96}",7.033333333333334,5,True,True
47,47,21,"{'Shell_weight': 'belowMean', 'Sex': 'I', 'Height': 'aboveMean', 'Viscera_weight': 'belowMean', 'Length': 'aboveMean'}",True,Shucked_weight,9.6,"{'belowMean': 97, 'aboveMean': 98}",1.48,5,False,False
48,48,22,"{'Shell_weight': 'belowMean', 'Sex': 'I', 'Height': 'aboveMean', 'Viscera_weight': 'aboveMean', 'Shucked_weight': 'aboveMean'}",True,Diameter,11.333333333333334,{'aboveMean': 99},22.222222222222214,5,False,False
49,49,22,"{'Shell_weight': 'belowMean', 'Sex': 'I', 'Height': 'aboveMean', 'Viscera_weight': 'aboveMean', 'Shucked_weight': 'belowMean'}",True,Diameter,9.5,"{'belowMean': 100, 'aboveMean': 101}",0.0,5,False,False
50,50,23,"{'Shell_weight': 'belowMean', 'Sex': 'M', 'Viscera_weight': 'belowMean', 'Height': 'belowMean', 'Diameter': 'belowMean'}",True,Length,8.801369863013699,"{'belowMean': 102, 'aboveMean': 103}",6.03016960208741,5,False,False
51,51,23,"{'Shell_weight': 'belowMean', 'Sex': 'M', 'Viscera_weight': 'belowMean', 'Height': 'belowMean', 'Diameter': 'aboveMean'}",True,Length,9.444444444444445,"{'aboveMean': 104, 'belowMean': 105}",3.059259259259259,5,False,False
52,52,24,"{'Shell_weight': 'belowMean', 'Sex': 'M', 'Viscera_weight': 'belowMean', 'Height': 'aboveMean', 'Shucked_weight': 'belowMean'}",True,Diameter,10.0,"{'belowMean': 106, 'aboveMean': 107}",9.310606060606062,5,False,False
53,53,24,"{'Shell_weight': 'belowMean', 'Sex': 'M', 'Viscera_weight': 'belowMean', 'Height': 'aboveMean', 'Shucked_weight': 'aboveMean'}",True,Whole_weight,8.88888888888889,"{'aboveMean': 108, 'belowMean': 109}",0.9444444444444444,5,False,False
54,54,25,"{'Shell_weight': 'belowMean', 'Sex': 'M', 'Viscera_weight': 'aboveMean', 'Length': 'belowMean', 'Diameter': 'belowMean'}",True,Height,11.333333333333334,"{'belowMean': 110, 'aboveMean': 111}",5.8,5,False,False
55,55,25,"{'Shell_weight': 'belowMean', 'Sex': 'M', 'Viscera_weight': 'aboveMean', 'Length': 'belowMean', 'Diameter': 'aboveMean'}",True,Height,12.0,"{'aboveMean': 112, 'belowMean': 113}",0.0,5,True,True
56,56,26,"{'Shell_weight': 'belowMean', 'Sex': 'M', 'Viscera_weight': 'aboveMean', 'Length': 'aboveMean', 'Height': 'belowMean'}",True,Whole_weight,9.071428571428571,"{'belowMean': 114, 'aboveMean': 115}",0.8005952380952381,5,False,False
57,57,26,"{'Shell_weight': 'belowMean', 'Sex': 'M', 'Viscera_weight': 'aboveMean', 'Length': 'aboveMean', 'Height': 'aboveMean'}",True,Diameter,8.727272727272727,{'aboveMean': 116},0.9256198347107438,5,False,False
58,58,27,"{'Shell_weight': 'belowMean', 'Sex': 'F', 'Shucked_weight': 'belowMean', 'Height': 'belowMean', 'Whole_weight': 'belowMean'}",True,Diameter,9.83809523809524,"{'belowMean': 117, 'aboveMean': 118}",5.639298245614035,5,False,False
59,59,27,"{'Shell_weight': 'belowMean', 'Sex': 'F', 'Shucked_weight': 'belowMean', 'Height': 'belowMean', 'Whole_weight': 'aboveMean'}",True,,13.0,{},0.0,5,False,True
60,60,28,"{'Shell_weight': 'belowMean', 'Sex': 'F', 'Shucked_weight': 'belowMean', 'Height': 'aboveMean', 'Whole_weight': 'belowMean'}",True,Diameter,11.25,"{'belowMean': 119, 'aboveMean': 120}",7.801863354037267,5,False,False
61,61,28,"{'Shell_weight': 'belowMean', 'Sex': 'F', 'Shucked_weight': 'belowMean', 'Height': 'aboveMean', 'Whole_weight': 'aboveMean'}",True,Diameter,14.5,"{'belowMean': 121, 'aboveMean': 122}",0.0,5,True,True
62,62,29,"{'Shell_weight': 'belowMean', 'Sex': 'F', 'Shucked_weight': 'aboveMean', 'Height': 'belowMean', 'Diameter': 'aboveMean'}",True,Whole_weight,8.461538461538462,"{'aboveMean': 123, 'belowMean': 124}",0.8211538461538462,5,False,False
63,63,29,"{'Shell_weight': 'belowMean', 'Sex': 'F', 'Shucked_weight': 'aboveMean', 'Height': 'belowMean', 'Diameter': 'belowMean'}",True,,9.0,{},0.0,5,False,True
64,64,30,"{'Shell_weight': 'belowMean', 'Sex': 'F', 'Shucked_weight': 'aboveMean', 'Height': 'aboveMean', 'Whole_weight': 'aboveMean'}",True,Viscera_weight,9.076923076923077,"{'belowMean': 125, 'aboveMean': 126}",1.4519230769230769,5,False,False
65,65,30,"{'Shell_weight': 'belowMean', 'Sex': 'F', 'Shucked_weight': 'aboveMean', 'Height': 'aboveMean', 'Whole_weight': 'belowMean'}",True,Diameter,10.5,{'aboveMean': 127},2.25,5,False,False
66,66,31,"{'Shell_weight': 'aboveMean', 'Shucked_weight': 'aboveMean', 'Height': 'aboveMean', 'Diameter': 'aboveMean', 'Sex': 'F'}",True,Length,11.577854671280276,"{'aboveMean': 128, 'belowMean': 129}",8.598314505142085,5,True,True
67,67,31,"{'Shell_weight': 'aboveMean', 'Shucked_weight': 'aboveMean', 'Height': 'aboveMean', 'Diameter': 'aboveMean', 'Sex': 'I'}",True,Viscera_weight,11.125,"{'belowMean': 130, 'aboveMean': 131}",7.8325,5,False,False
68,68,31,"{'Shell_weight': 'aboveMean', 'Shucked_weight': 'aboveMean', 'Height': 'aboveMean', 'Diameter': 'aboveMean', 'Sex': 'M'}",True,Length,11.418685121107266,"{'aboveMean': 132, 'belowMean': 133}",7.932417820069205,5,True,True
69,69,32,"{'Shell_weight': 'aboveMean', 'Shucked_weight': 'aboveMean', 'Height': 'aboveMean', 'Diameter': 'belowMean', 'Length': 'belowMean'}",True,Sex,8.666666666666666,"{'M': 134, 'F': 135}",0.1666666666666666,5,False,False
70,70,32,"{'Shell_weight': 'aboveMean', 'Shucked_weight': 'aboveMean', 'Height': 'aboveMean', 'Diameter': 'belowMean', 'Length': 'aboveMean'}",True,Sex,10.25,"{'M': 136, 'F': 137}",8.666666666666666,5,False,False
71,71,33,"{'Shell_weight': 'aboveMean', 'Shucked_weight': 'aboveMean', 'Height': 'belowMean', 'Sex': 'M', 'Viscera_weight': 'aboveMean'}",True,Diameter,10.703703703703704,{'aboveMean': 138},6.801097393689986,5,False,False
72,72,33,"{'Shell_weight': 'aboveMean', 'Shucked_weight': 'aboveMean', 'Height': 'belowMean', 'Sex': 'M', 'Viscera_weight': 'belowMean'}",True,Diameter,9.333333333333334,{'aboveMean': 139},1.5555555555555556,5,False,False
73,73,34,"{'Shell_weight': 'aboveMean', 'Shucked_weight': 'aboveMean', 'Height': 'belowMean', 'Sex': 'F', 'Whole_weight': 'aboveMean'}",True,Viscera_weight,10.11111111111111,"{'aboveMean': 140, 'belowMean': 141}",2.5,5,True,True
74,74,34,"{'Shell_weight': 'aboveMean', 'Shucked_weight': 'aboveMean', 'Height': 'belowMean', 'Sex': 'F', 'Whole_weight': 'belowMean'}",True,,9.0,{},0.0,5,False,True
75,75,35,"{'Shell_weight': 'aboveMean', 'Shucked_weight': 'aboveMean', 'Height': 'belowMean', 'Sex': 'I', 'Whole_weight': 'belowMean'}",True,Diameter,9.0,{'aboveMean': 142},1.0,5,False,False
76,76,35,"{'Shell_weight': 'aboveMean', 'Shucked_weight': 'aboveMean', 'Height': 'belowMean', 'Sex': 'I', 'Whole_weight': 'aboveMean'}",True,Viscera_weight,9.857142857142858,"{'belowMean': 143, 'aboveMean': 144}",0.6857142857142858,5,False,False
77,77,36,"{'Shell_weight': 'aboveMean', 'Shucked_weight': 'belowMean', 'Sex': 'M', 'Whole_weight': 'belowMean', 'Viscera_weight': 'belowMean'}",True,Length,12.84,"{'aboveMean': 145, 'belowMean': 146}",9.067692307692308,5,False,False
78,78,36,"{'Shell_weight': 'aboveMean', 'Shucked_weight': 'belowMean', 'Sex': 'M', 'Whole_weight': 'belowMean', 'Viscera_weight': 'aboveMean'}",True,Diameter,12.333333333333334,"{'belowMean': 147, 'aboveMean': 148}",2.466666666666667,5,False,False
79,79,37,"{'Shell_weight': 'aboveMean', 'Shucked_weight': 'belowMean', 'Sex': 'M', 'Whole_weight': 'aboveMean', 'Diameter': 'aboveMean'}",True,Height,14.428571428571429,"{'aboveMean': 149, 'belowMean': 150}",9.829813664596273,5,True,True
80,80,37,"{'Shell_weight': 'aboveMean', 'Shucked_weight': 'belowMean', 'Sex': 'M', 'Whole_weight': 'aboveMean', 'Diameter': 'belowMean'}",True,Viscera_weight,12.5,"{'belowMean': 151, 'aboveMean': 152}",1.1666666666666667,5,True,True
81,81,38,"{'Shell_weight': 'aboveMean', 'Shucked_weight': 'belowMean', 'Sex': 'I', 'Height': 'aboveMean', 'Diameter': 'aboveMean'}",True,Length,11.5,"{'aboveMean': 153, 'belowMean': 154}",4.803030303030303,5,False,False
82,82,38,"{'Shell_weight': 'aboveMean', 'Shucked_weight': 'belowMean', 'Sex': 'I', 'Height': 'aboveMean', 'Diameter': 'belowMean'}",True,,9.0,{},0.0,5,False,True
83,83,39,"{'Shell_weight': 'aboveMean', 'Shucked_weight': 'belowMean', 'Sex': 'I', 'Height': 'belowMean', 'Whole_weight': 'belowMean'}",True,Diameter,9.75,"{'aboveMean': 155, 'belowMean': 156}",1.1785714285714284,5,True,True
84,84,39,"{'Shell_weight': 'aboveMean', 'Shucked_weight': 'belowMean', 'Sex': 'I', 'Height': 'belowMean', 'Whole_weight': 'aboveMean'}",True,Diameter,9.0,{'aboveMean': 157},1.0,5,True,True
85,85,40,"{'Shell_weight': 'aboveMean', 'Shucked_weight': 'belowMean', 'Sex': 'F', 'Diameter': 'aboveMean', 'Height': 'aboveMean'}",True,Whole_weight,12.59375,"{'belowMean': 158, 'aboveMean': 159}",7.994047619047619,5,False,False
86,86,40,"{'Shell_weight': 'aboveMean', 'Shucked_weight': 'belowMean', 'Sex': 'F', 'Diameter': 'aboveMean', 'Height': 'belowMean'}",True,Length,13.875,"{'aboveMean': 160, 'belowMean': 161}",9.233333333333334,5,False,False
87,87,41,"{'Shell_weight': 'aboveMean', 'Shucked_weight': 'belowMean', 'Sex': 'F', 'Diameter': 'belowMean', 'Whole_weight': 'belowMean'}",True,Length,14.25,"{'belowMean': 162, 'aboveMean': 163}",15.178571428571429,5,False,False
88,88,41,"{'Shell_weight': 'aboveMean', 'Shucked_weight': 'belowMean', 'Sex': 'F', 'Diameter': 'belowMean', 'Whole_weight': 'aboveMean'}",True,,18.0,{},0.0,5,False,True
89,89,42,"{'Shell_weight': 'belowMean', 'Sex': 'I', 'Height': 'belowMean', 'Length': 'belowMean', 'Diameter': 'belowMean', 'Shucked_weight': 'belowMean'}",True,Viscera_weight,7.112781954887218,{'belowMean': 164},3.784272711854825,6,True,True
90,90,42,"{'Shell_weight': 'belowMean', 'Sex': 'I', 'Height': 'belowMean', 'Length': 'belowMean', 'Diameter': 'belowMean', 'Shucked_weight': 'aboveMean'}",True,Viscera_weight,7.666666666666667,"{'aboveMean': 165, 'belowMean': 166}",0.1666666666666666,6,False,False
91,91,43,"{'Shell_weight': 'belowMean', 'Sex': 'I', 'Height': 'belowMean', 'Length': 'belowMean', 'Diameter': 'aboveMean', 'Shucked_weight': 'belowMean'}",True,Viscera_weight,8.666666666666666,{'belowMean': 167},0.2222222222222222,6,False,False
92,92,44,"{'Shell_weight': 'belowMean', 'Sex': 'I', 'Height': 'belowMean', 'Length': 'aboveMean', 'Diameter': 'aboveMean', 'Shucked_weight': 'aboveMean'}",True,Viscera_weight,9.6,"{'aboveMean': 168, 'belowMean': 169}",1.75,6,False,False
93,93,44,"{'Shell_weight': 'belowMean', 'Sex': 'I', 'Height': 'belowMean', 'Length': 'aboveMean', 'Diameter': 'aboveMean', 'Shucked_weight': 'belowMean'}",True,Viscera_weight,8.882352941176471,"{'belowMean': 170, 'aboveMean': 171}",1.347058823529412,6,False,False
94,94,45,"{'Shell_weight': 'belowMean', 'Sex': 'I', 'Height': 'belowMean', 'Length': 'aboveMean', 'Diameter': 'belowMean', 'Shucked_weight': 'belowMean'}",True,Viscera_weight,8.333333333333334,{'belowMean': 172},0.3888888888888889,6,False,False
95,95,46,"{'Shell_weight': 'belowMean', 'Sex': 'I', 'Height': 'aboveMean', 'Viscera_weight': 'belowMean', 'Length': 'belowMean', 'Shucked_weight': 'aboveMean'}",True,Diameter,11.0,{'belowMean': 173},9.0,6,True,True
96,96,46,"{'Shell_weight': 'belowMean', 'Sex': 'I', 'Height': 'aboveMean', 'Viscera_weight': 'belowMean', 'Length': 'belowMean', 'Shucked_weight': 'belowMean'}",True,Diameter,9.6,{'belowMean': 174},6.640000000000001,6,False,False
97,97,47,"{'Shell_weight': 'belowMean', 'Sex': 'I', 'Height': 'aboveMean', 'Viscera_weight': 'belowMean', 'Length': 'aboveMean', 'Shucked_weight': 'belowMean'}",True,Diameter,10.0,"{'aboveMean': 175, 'belowMean': 176}",0.9333333333333332,6,False,False
98,98,47,"{'Shell_weight': 'belowMean', 'Sex': 'I', 'Height': 'aboveMean', 'Viscera_weight': 'belowMean', 'Length': 'aboveMean', 'Shucked_weight': 'aboveMean'}",True,Whole_weight,9.2,"{'belowMean': 177, 'aboveMean': 178}",1.3,6,False,False
99,99,48,"{'Shell_weight': 'belowMean', 'Sex': 'I', 'Height': 'aboveMean', 'Viscera_weight': 'aboveMean', 'Shucked_weight': 'aboveMean', 'Diameter': 'aboveMean'}",True,Length,11.333333333333334,{'aboveMean': 179},22.222222222222214,6,False,False
100,100,49,"{'Shell_weight': 'belowMean', 'Sex': 'I', 'Height': 'aboveMean', 'Viscera_weight': 'aboveMean', 'Shucked_weight': 'belowMean', 'Diameter': 'belowMean'}",True,,10.0,{},0.0,6,False,True
101,101,49,"{'Shell_weight': 'belowMean', 'Sex': 'I', 'Height': 'aboveMean', 'Viscera_weight': 'aboveMean', 'Shucked_weight': 'belowMean', 'Diameter': 'aboveMean'}",True,,9.0,{},0.0,6,False,True
102,102,50,"{'Shell_weight': 'belowMean', 'Sex': 'M', 'Viscera_weight': 'belowMean', 'Height': 'belowMean', 'Diameter': 'belowMean', 'Length': 'belowMean'}",True,Shucked_weight,8.785714285714286,"{'belowMean': 180, 'aboveMean': 181}",6.195588235294117,6,False,False
103,103,50,"{'Shell_weight': 'belowMean', 'Sex': 'M', 'Viscera_weight': 'belowMean', 'Height': 'belowMean', 'Diameter': 'belowMean', 'Length': 'aboveMean'}",True,Shucked_weight,9.166666666666666,"{'belowMean': 182, 'aboveMean': 183}",2.1333333333333333,6,False,False
104,104,51,"{'Shell_weight': 'belowMean', 'Sex': 'M', 'Viscera_weight': 'belowMean', 'Height': 'belowMean', 'Diameter': 'aboveMean', 'Length': 'aboveMean'}",True,Shucked_weight,9.2,"{'belowMean': 184, 'aboveMean': 185}",2.55,6,False,False
105,105,51,"{'Shell_weight': 'belowMean', 'Sex': 'M', 'Viscera_weight': 'belowMean', 'Height': 'belowMean', 'Diameter': 'aboveMean', 'Length': 'belowMean'}",True,Shucked_weight,10.666666666666666,{'belowMean': 186},5.5555555555555545,6,False,False
106,106,52,"{'Shell_weight': 'belowMean', 'Sex': 'M', 'Viscera_weight': 'belowMean', 'Height': 'aboveMean', 'Shucked_weight': 'belowMean', 'Diameter': 'belowMean'}",True,Length,9.909090909090908,{'belowMean': 187},12.44628099173554,6,False,False
107,107,52,"{'Shell_weight': 'belowMean', 'Sex': 'M', 'Viscera_weight': 'belowMean', 'Height': 'aboveMean', 'Shucked_weight': 'belowMean', 'Diameter': 'aboveMean'}",True,Length,10.25,"{'aboveMean': 188, 'belowMean': 189}",0.5,6,False,False
108,108,53,"{'Shell_weight': 'belowMean', 'Sex': 'M', 'Viscera_weight': 'belowMean', 'Height': 'aboveMean', 'Shucked_weight': 'aboveMean', 'Whole_weight': 'aboveMean'}",True,Diameter,9.0,{'aboveMean': 190},0.5714285714285714,6,False,False
109,109,53,"{'Shell_weight': 'belowMean', 'Sex': 'M', 'Viscera_weight': 'belowMean', 'Height': 'aboveMean', 'Shucked_weight': 'aboveMean', 'Whole_weight': 'belowMean'}",True,Diameter,8.5,{'aboveMean': 191},2.25,6,False,False
110,110,54,"{'Shell_weight': 'belowMean', 'Sex': 'M', 'Viscera_weight': 'aboveMean', 'Length': 'belowMean', 'Diameter': 'belowMean', 'Height': 'belowMean'}",True,Shucked_weight,10.8,{'belowMean': 192},6.959999999999999,6,False,False
111,111,54,"{'Shell_weight': 'belowMean', 'Sex': 'M', 'Viscera_weight': 'aboveMean', 'Length': 'belowMean', 'Diameter': 'belowMean', 'Height': 'aboveMean'}",True,,14.0,{},0.0,6,False,True
112,112,55,"{'Shell_weight': 'belowMean', 'Sex': 'M', 'Viscera_weight': 'aboveMean', 'Length': 'belowMean', 'Diameter': 'aboveMean', 'Height': 'aboveMean'}",True,,8.0,{},0.0,6,False,True
113,113,55,"{'Shell_weight': 'belowMean', 'Sex': 'M', 'Viscera_weight': 'aboveMean', 'Length': 'belowMean', 'Diameter': 'aboveMean', 'Height': 'belowMean'}",True,,16.0,{},0.0,6,False,True
114,114,56,"{'Shell_weight': 'belowMean', 'Sex': 'M', 'Viscera_weight': 'aboveMean', 'Length': 'aboveMean', 'Height': 'belowMean', 'Whole_weight': 'belowMean'}",True,Shucked_weight,8.666666666666666,"{'belowMean': 193, 'aboveMean': 194}",0.6666666666666666,6,False,False
115,115,56,"{'Shell_weight': 'belowMean', 'Sex': 'M', 'Viscera_weight': 'aboveMean', 'Length': 'aboveMean', 'Height': 'belowMean', 'Whole_weight': 'aboveMean'}",True,Diameter,9.375,"{'aboveMean': 195, 'belowMean': 196}",0.7142857142857143,6,False,False
116,116,57,"{'Shell_weight': 'belowMean', 'Sex': 'M', 'Viscera_weight': 'aboveMean', 'Length': 'aboveMean', 'Height': 'aboveMean', 'Diameter': 'aboveMean'}",True,Shucked_weight,8.727272727272727,{'aboveMean': 197},0.9256198347107438,6,False,False
117,117,58,"{'Shell_weight': 'belowMean', 'Sex': 'F', 'Shucked_weight': 'belowMean', 'Height': 'belowMean', 'Whole_weight': 'belowMean', 'Diameter': 'belowMean'}",True,Viscera_weight,9.884210526315789,"{'belowMean': 198, 'aboveMean': 199}",5.943225083986563,6,True,True
118,118,58,"{'Shell_weight': 'belowMean', 'Sex': 'F', 'Shucked_weight': 'belowMean', 'Height': 'belowMean', 'Whole_weight': 'belowMean', 'Diameter': 'aboveMean'}",True,Viscera_weight,9.4,"{'aboveMean': 200, 'belowMean': 201}",0.9714285714285712,6,False,False
119,119,60,"{'Shell_weight': 'belowMean', 'Sex': 'F', 'Shucked_weight': 'belowMean', 'Height': 'aboveMean', 'Whole_weight': 'belowMean', 'Diameter': 'belowMean'}",True,Viscera_weight,11.565217391304348,"{'belowMean': 202, 'aboveMean': 203}",8.298550724637682,6,False,False
120,120,60,"{'Shell_weight': 'belowMean', 'Sex': 'F', 'Shucked_weight': 'belowMean', 'Height': 'aboveMean', 'Whole_weight': 'belowMean', 'Diameter': 'aboveMean'}",True,Viscera_weight,9.8,"{'aboveMean': 204, 'belowMean': 205}",4.15,6,False,False
121,121,61,"{'Shell_weight': 'belowMean', 'Sex': 'F', 'Shucked_weight': 'belowMean', 'Height': 'aboveMean', 'Whole_weight': 'aboveMean', 'Diameter': 'belowMean'}",True,,15.0,{},0.0,6,False,True
122,122,61,"{'Shell_weight': 'belowMean', 'Sex': 'F', 'Shucked_weight': 'belowMean', 'Height': 'aboveMean', 'Whole_weight': 'aboveMean', 'Diameter': 'aboveMean'}",True,,14.0,{},0.0,6,False,True
123,123,62,"{'Shell_weight': 'belowMean', 'Sex': 'F', 'Shucked_weight': 'aboveMean', 'Height': 'belowMean', 'Diameter': 'aboveMean', 'Whole_weight': 'aboveMean'}",True,Length,8.625,"{'aboveMean': 206, 'belowMean': 207}",0.9285714285714286,6,False,False
124,124,62,"{'Shell_weight': 'belowMean', 'Sex': 'F', 'Shucked_weight': 'aboveMean', 'Height': 'belowMean', 'Diameter': 'aboveMean', 'Whole_weight': 'belowMean'}",True,Viscera_weight,8.2,"{'belowMean': 208, 'aboveMean': 209}",0.55,6,False,False
125,125,64,"{'Shell_weight': 'belowMean', 'Sex': 'F', 'Shucked_weight': 'aboveMean', 'Height': 'aboveMean', 'Whole_weight': 'aboveMean', 'Viscera_weight': 'belowMean'}",True,Diameter,9.0,{'aboveMean': 210},1.6,6,False,False
126,126,64,"{'Shell_weight': 'belowMean', 'Sex': 'F', 'Shucked_weight': 'aboveMean', 'Height': 'aboveMean', 'Whole_weight': 'aboveMean', 'Viscera_weight': 'aboveMean'}",True,Diameter,9.125,{'aboveMean': 211},1.359375,6,False,False
127,127,65,"{'Shell_weight': 'belowMean', 'Sex': 'F', 'Shucked_weight': 'aboveMean', 'Height': 'aboveMean', 'Whole_weight': 'belowMean', 'Diameter': 'aboveMean'}",True,Length,10.5,{'aboveMean': 212},2.25,6,False,False
128,128,66,"{'Shell_weight': 'aboveMean', 'Shucked_weight': 'aboveMean', 'Height': 'aboveMean', 'Diameter': 'aboveMean', 'Sex': 'F', 'Length': 'aboveMean'}",True,Viscera_weight,11.554006968641117,"{'aboveMean': 213, 'belowMean': 214}",8.650191514073196,6,False,False
129,129,66,"{'Shell_weight': 'aboveMean', 'Shucked_weight': 'aboveMean', 'Height': 'aboveMean', 'Diameter': 'aboveMean', 'Sex': 'F', 'Length': 'belowMean'}",True,Viscera_weight,15.0,{'aboveMean': 215},1.0,6,True,True
130,130,67,"{'Shell_weight': 'aboveMean', 'Shucked_weight': 'aboveMean', 'Height': 'aboveMean', 'Diameter': 'aboveMean', 'Sex': 'I', 'Viscera_weight': 'belowMean'}",True,Whole_weight,10.3,"{'belowMean': 216, 'aboveMean': 217}",1.7523809523809526,6,False,False
131,131,67,"{'Shell_weight': 'aboveMean', 'Shucked_weight': 'aboveMean', 'Height': 'aboveMean', 'Diameter': 'aboveMean', 'Sex': 'I', 'Viscera_weight': 'aboveMean'}",True,Length,11.4,{'aboveMean': 218},9.706666666666669,6,False,False
132,132,68,"{'Shell_weight': 'aboveMean', 'Shucked_weight': 'aboveMean', 'Height': 'aboveMean', 'Diameter': 'aboveMean', 'Sex': 'M', 'Length': 'aboveMean'}",True,Viscera_weight,11.427083333333334,"{'aboveMean': 219, 'belowMean': 220}",7.9588853916866515,6,False,False
133,133,68,"{'Shell_weight': 'aboveMean', 'Shucked_weight': 'aboveMean', 'Height': 'aboveMean', 'Diameter': 'aboveMean', 'Sex': 'M', 'Length': 'belowMean'}",True,,9.0,{},0.0,6,False,True
134,134,69,"{'Shell_weight': 'aboveMean', 'Shucked_weight': 'aboveMean', 'Height': 'aboveMean', 'Diameter': 'belowMean', 'Length': 'belowMean', 'Sex': 'M'}",True,Viscera_weight,8.5,{'aboveMean': 221},0.25,6,False,False
135,135,69,"{'Shell_weight': 'aboveMean', 'Shucked_weight': 'aboveMean', 'Height': 'aboveMean', 'Diameter': 'belowMean', 'Length': 'belowMean', 'Sex': 'F'}",True,,9.0,{},0.0,6,False,True
136,136,70,"{'Shell_weight': 'aboveMean', 'Shucked_weight': 'aboveMean', 'Height': 'aboveMean', 'Diameter': 'belowMean', 'Length': 'aboveMean', 'Sex': 'M'}",True,Viscera_weight,10.333333333333334,{'aboveMean': 222},11.555555555555555,6,False,False
137,137,70,"{'Shell_weight': 'aboveMean', 'Shucked_weight': 'aboveMean', 'Height': 'aboveMean', 'Diameter': 'belowMean', 'Length': 'aboveMean', 'Sex': 'F'}",True,,10.0,{},0.0,6,False,True
138,138,71,"{'Shell_weight': 'aboveMean', 'Shucked_weight': 'aboveMean', 'Height': 'belowMean', 'Sex': 'M', 'Viscera_weight': 'aboveMean', 'Diameter': 'aboveMean'}",True,Length,10.703703703703704,{'aboveMean': 223},6.801097393689986,6,False,False
139,139,72,"{'Shell_weight': 'aboveMean', 'Shucked_weight': 'aboveMean', 'Height': 'belowMean', 'Sex': 'M', 'Viscera_weight': 'belowMean', 'Diameter': 'aboveMean'}",True,Length,9.333333333333334,{'aboveMean': 224},1.5555555555555556,6,False,False
140,140,73,"{'Shell_weight': 'aboveMean', 'Shucked_weight': 'aboveMean', 'Height': 'belowMean', 'Sex': 'F', 'Whole_weight': 'aboveMean', 'Viscera_weight': 'aboveMean'}",True,Diameter,10.0,{'aboveMean': 225},2.4285714285714284,6,False,False
141,141,73,"{'Shell_weight': 'aboveMean', 'Shucked_weight': 'aboveMean', 'Height': 'belowMean', 'Sex': 'F', 'Whole_weight': 'aboveMean', 'Viscera_weight': 'belowMean'}",True,Diameter,10.5,{'aboveMean': 226},2.75,6,True,True
142,142,75,"{'Shell_weight': 'aboveMean', 'Shucked_weight': 'aboveMean', 'Height': 'belowMean', 'Sex': 'I', 'Whole_weight': 'belowMean', 'Diameter': 'aboveMean'}",True,Length,9.0,{'aboveMean': 227},1.0,6,False,False
143,143,76,"{'Shell_weight': 'aboveMean', 'Shucked_weight': 'aboveMean', 'Height': 'belowMean', 'Sex': 'I', 'Whole_weight': 'aboveMean', 'Viscera_weight': 'belowMean'}",True,Diameter,9.8,{'aboveMean': 228},0.9600000000000002,6,False,False
144,144,76,"{'Shell_weight': 'aboveMean', 'Shucked_weight': 'aboveMean', 'Height': 'belowMean', 'Sex': 'I', 'Whole_weight': 'aboveMean', 'Viscera_weight': 'aboveMean'}",True,,10.0,{},0.0,6,False,True
145,145,77,"{'Shell_weight': 'aboveMean', 'Shucked_weight': 'belowMean', 'Sex': 'M', 'Whole_weight': 'belowMean', 'Viscera_weight': 'belowMean', 'Length': 'aboveMean'}",True,Diameter,13.153846153846152,"{'aboveMean': 229, 'belowMean': 230}",12.811188811188812,6,False,False
146,146,77,"{'Shell_weight': 'aboveMean', 'Shucked_weight': 'belowMean', 'Sex': 'M', 'Whole_weight': 'belowMean', 'Viscera_weight': 'belowMean', 'Length': 'belowMean'}",True,Diameter,12.5,"{'belowMean': 231, 'aboveMean': 232}",3.0666666666666664,6,True,True
147,147,78,"{'Shell_weight': 'aboveMean', 'Shucked_weight': 'belowMean', 'Sex': 'M', 'Whole_weight': 'belowMean', 'Viscera_weight': 'aboveMean', 'Diameter': 'belowMean'}",True,,13.0,{},0.0,6,False,True
148,148,78,"{'Shell_weight': 'aboveMean', 'Shucked_weight': 'belowMean', 'Sex': 'M', 'Whole_weight': 'belowMean', 'Viscera_weight': 'aboveMean', 'Diameter': 'aboveMean'}",True,Height,12.2,"{'belowMean': 233, 'aboveMean': 234}",2.8,6,False,False
149,149,79,"{'Shell_weight': 'aboveMean', 'Shucked_weight': 'belowMean', 'Sex': 'M', 'Whole_weight': 'aboveMean', 'Diameter': 'aboveMean', 'Height': 'aboveMean'}",True,Viscera_weight,14.26086956521739,"{'aboveMean': 235, 'belowMean': 236}",9.406832298136646,6,False,False
150,150,79,"{'Shell_weight': 'aboveMean', 'Shucked_weight': 'belowMean', 'Sex': 'M', 'Whole_weight': 'aboveMean', 'Diameter': 'aboveMean', 'Height': 'belowMean'}",True,Viscera_weight,15.2,"{'aboveMean': 237, 'belowMean': 238}",9.033333333333331,6,True,True
151,151,80,"{'Shell_weight': 'aboveMean', 'Shucked_weight': 'belowMean', 'Sex': 'M', 'Whole_weight': 'aboveMean', 'Diameter': 'belowMean', 'Viscera_weight': 'belowMean'}",True,,16.0,{},0.0,6,False,True
152,152,80,"{'Shell_weight': 'aboveMean', 'Shucked_weight': 'belowMean', 'Sex': 'M', 'Whole_weight': 'aboveMean', 'Diameter': 'belowMean', 'Viscera_weight': 'aboveMean'}",True,Length,11.333333333333334,"{'aboveMean': 239, 'belowMean': 240}",0.1666666666666666,6,False,False
153,153,81,"{'Shell_weight': 'aboveMean', 'Shucked_weight': 'belowMean', 'Sex': 'I', 'Height': 'aboveMean', 'Diameter': 'aboveMean', 'Length': 'aboveMean'}",True,Viscera_weight,11.181818181818182,"{'aboveMean': 241, 'belowMean': 242}",4.587662337662338,6,False,False
154,154,81,"{'Shell_weight': 'aboveMean', 'Shucked_weight': 'belowMean', 'Sex': 'I', 'Height': 'aboveMean', 'Diameter': 'aboveMean', 'Length': 'belowMean'}",True,,15.0,{},0.0,6,False,True
155,155,83,"{'Shell_weight': 'aboveMean', 'Shucked_weight': 'belowMean', 'Sex': 'I', 'Height': 'belowMean', 'Whole_weight': 'belowMean', 'Diameter': 'aboveMean'}",True,Viscera_weight,9.714285714285714,"{'belowMean': 243, 'aboveMean': 244}",1.3285714285714287,6,False,False
156,156,83,"{'Shell_weight': 'aboveMean', 'Shucked_weight': 'belowMean', 'Sex': 'I', 'Height': 'belowMean', 'Whole_weight': 'belowMean', 'Diameter': 'belowMean'}",True,,10.0,{},0.0,6,False,True
157,157,84,"{'Shell_weight': 'aboveMean', 'Shucked_weight': 'belowMean', 'Sex': 'I', 'Height': 'belowMean', 'Whole_weight': 'aboveMean', 'Diameter': 'aboveMean'}",True,Length,9.0,{'aboveMean': 245},1.0,6,True,True
158,158,85,"{'Shell_weight': 'aboveMean', 'Shucked_weight': 'belowMean', 'Sex': 'F', 'Diameter': 'aboveMean', 'Height': 'aboveMean', 'Whole_weight': 'belowMean'}",True,Viscera_weight,12.0,"{'belowMean': 246, 'aboveMean': 247}",10.015151515151516,6,False,False
159,159,85,"{'Shell_weight': 'aboveMean', 'Shucked_weight': 'belowMean', 'Sex': 'F', 'Diameter': 'aboveMean', 'Height': 'aboveMean', 'Whole_weight': 'aboveMean'}",True,Viscera_weight,12.904761904761903,"{'aboveMean': 248, 'belowMean': 249}",6.807142857142857,6,False,False
160,160,86,"{'Shell_weight': 'aboveMean', 'Shucked_weight': 'belowMean', 'Sex': 'F', 'Diameter': 'aboveMean', 'Height': 'belowMean', 'Length': 'aboveMean'}",True,Whole_weight,14.6,"{'aboveMean': 250, 'belowMean': 251}",13.833333333333334,6,False,False
161,161,86,"{'Shell_weight': 'aboveMean', 'Shucked_weight': 'belowMean', 'Sex': 'F', 'Diameter': 'aboveMean', 'Height': 'belowMean', 'Length': 'belowMean'}",True,Viscera_weight,12.666666666666666,"{'belowMean': 252, 'aboveMean': 253}",1.5,6,False,False
162,162,87,"{'Shell_weight': 'aboveMean', 'Shucked_weight': 'belowMean', 'Sex': 'F', 'Diameter': 'belowMean', 'Whole_weight': 'belowMean', 'Length': 'belowMean'}",True,Viscera_weight,15.285714285714286,"{'aboveMean': 254, 'belowMean': 255}",16.685714285714287,6,False,False
163,163,87,"{'Shell_weight': 'aboveMean', 'Shucked_weight': 'belowMean', 'Sex': 'F', 'Diameter': 'belowMean', 'Whole_weight': 'belowMean', 'Length': 'aboveMean'}",True,,7.0,{},0.0,6,False,True
164,164,89,"{'Shell_weight': 'belowMean', 'Sex': 'I', 'Height': 'belowMean', 'Length': 'belowMean', 'Diameter': 'belowMean', 'Shucked_weight': 'belowMean', 'Viscera_weight': 'belowMean'}",True,,7.112781954887218,{},0.0,7,False,True
165,165,90,"{'Shell_weight': 'belowMean', 'Sex': 'I', 'Height': 'belowMean', 'Length': 'belowMean', 'Diameter': 'belowMean', 'Shucked_weight': 'aboveMean', 'Viscera_weight': 'aboveMean'}",True,,8.0,{},0.0,7,False,True
166,166,90,"{'Shell_weight': 'belowMean', 'Sex': 'I', 'Height': 'belowMean', 'Length': 'belowMean', 'Diameter': 'belowMean', 'Shucked_weight': 'aboveMean', 'Viscera_weight': 'belowMean'}",True,,7.5,{},0.0,7,False,True
167,167,91,"{'Shell_weight': 'belowMean', 'Sex': 'I', 'Height': 'belowMean', 'Length': 'belowMean', 'Diameter': 'aboveMean', 'Shucked_weight': 'belowMean', 'Viscera_weight': 'belowMean'}",True,,8.666666666666666,{},0.0,7,False,True
168,168,92,"{'Shell_weight': 'belowMean', 'Sex': 'I', 'Height': 'belowMean', 'Length': 'aboveMean', 'Diameter': 'aboveMean', 'Shucked_weight': 'aboveMean', 'Viscera_weight': 'aboveMean'}",True,,9.0,{},0.0,7,False,True
169,169,92,"{'Shell_weight': 'belowMean', 'Sex': 'I', 'Height': 'belowMean', 'Length': 'aboveMean', 'Diameter': 'aboveMean', 'Shucked_weight': 'aboveMean', 'Viscera_weight': 'belowMean'}",True,,9.75,{},0.0,7,False,True
170,170,93,"{'Shell_weight': 'belowMean', 'Sex': 'I', 'Height': 'belowMean', 'Length': 'aboveMean', 'Diameter': 'aboveMean', 'Shucked_weight': 'belowMean', 'Viscera_weight': 'belowMean'}",True,,8.8,{},0.0,7,False,True
171,171,93,"{'Shell_weight': 'belowMean', 'Sex': 'I', 'Height': 'belowMean', 'Length': 'aboveMean', 'Diameter': 'aboveMean', 'Shucked_weight': 'belowMean', 'Viscera_weight': 'aboveMean'}",True,,9.5,{},0.0,7,False,True
172,172,94,"{'Shell_weight': 'belowMean', 'Sex': 'I', 'Height': 'belowMean', 'Length': 'aboveMean', 'Diameter': 'belowMean', 'Shucked_weight': 'belowMean', 'Viscera_weight': 'belowMean'}",True,,8.333333333333334,{},0.0,7,False,True
173,173,95,"{'Shell_weight': 'belowMean', 'Sex': 'I', 'Height': 'aboveMean', 'Viscera_weight': 'belowMean', 'Length': 'belowMean', 'Shucked_weight': 'aboveMean', 'Diameter': 'belowMean'}",True,,11.0,{},0.0,7,False,True
174,174,96,"{'Shell_weight': 'belowMean', 'Sex': 'I', 'Height': 'aboveMean', 'Viscera_weight': 'belowMean', 'Length': 'belowMean', 'Shucked_weight': 'belowMean', 'Diameter': 'belowMean'}",True,,9.6,{},0.0,7,False,True
175,175,97,"{'Shell_weight': 'belowMean', 'Sex': 'I', 'Height': 'aboveMean', 'Viscera_weight': 'belowMean', 'Length': 'aboveMean', 'Shucked_weight': 'belowMean', 'Diameter': 'aboveMean'}",True,,10.666666666666666,{},0.0,7,False,True
176,176,97,"{'Shell_weight': 'belowMean', 'Sex': 'I', 'Height': 'aboveMean', 'Viscera_weight': 'belowMean', 'Length': 'aboveMean', 'Shucked_weight': 'belowMean', 'Diameter': 'belowMean'}",True,,9.0,{},0.0,7,False,True
177,177,98,"{'Shell_weight': 'belowMean', 'Sex': 'I', 'Height': 'aboveMean', 'Viscera_weight': 'belowMean', 'Length': 'aboveMean', 'Shucked_weight': 'aboveMean', 'Whole_weight': 'belowMean'}",True,,9.0,{},0.0,7,False,True
178,178,98,"{'Shell_weight': 'belowMean', 'Sex': 'I', 'Height': 'aboveMean', 'Viscera_weight': 'belowMean', 'Length': 'aboveMean', 'Shucked_weight': 'aboveMean', 'Whole_weight': 'aboveMean'}",True,,9.5,{},0.0,7,False,True
179,179,99,"{'Shell_weight': 'belowMean', 'Sex': 'I', 'Height': 'aboveMean', 'Viscera_weight': 'aboveMean', 'Shucked_weight': 'aboveMean', 'Diameter': 'aboveMean', 'Length': 'aboveMean'}",True,,11.333333333333334,{},0.0,7,False,True
180,180,102,"{'Shell_weight': 'belowMean', 'Sex': 'M', 'Viscera_weight': 'belowMean', 'Height': 'belowMean', 'Diameter': 'belowMean', 'Length': 'belowMean', 'Shucked_weight': 'belowMean'}",True,,8.779411764705882,{},0.0,7,False,True
181,181,102,"{'Shell_weight': 'belowMean', 'Sex': 'M', 'Viscera_weight': 'belowMean', 'Height': 'belowMean', 'Diameter': 'belowMean', 'Length': 'belowMean', 'Shucked_weight': 'aboveMean'}",True,,9.0,{},0.0,7,False,True
182,182,103,"{'Shell_weight': 'belowMean', 'Sex': 'M', 'Viscera_weight': 'belowMean', 'Height': 'belowMean', 'Diameter': 'belowMean', 'Length': 'aboveMean', 'Shucked_weight': 'belowMean'}",True,,9.2,{},0.0,7,False,True
183,183,103,"{'Shell_weight': 'belowMean', 'Sex': 'M', 'Viscera_weight': 'belowMean', 'Height': 'belowMean', 'Diameter': 'belowMean', 'Length': 'aboveMean', 'Shucked_weight': 'aboveMean'}",True,,9.0,{},0.0,7,False,True
184,184,104,"{'Shell_weight': 'belowMean', 'Sex': 'M', 'Viscera_weight': 'belowMean', 'Height': 'belowMean', 'Diameter': 'aboveMean', 'Length': 'aboveMean', 'Shucked_weight': 'belowMean'}",True,,9.25,{},0.0,7,False,True
185,185,104,"{'Shell_weight': 'belowMean', 'Sex': 'M', 'Viscera_weight': 'belowMean', 'Height': 'belowMean', 'Diameter': 'aboveMean', 'Length': 'aboveMean', 'Shucked_weight': 'aboveMean'}",True,,9.0,{},0.0,7,False,True
186,186,105,"{'Shell_weight': 'belowMean', 'Sex': 'M', 'Viscera_weight': 'belowMean', 'Height': 'belowMean', 'Diameter': 'aboveMean', 'Length': 'belowMean', 'Shucked_weight': 'belowMean'}",True,,10.666666666666666,{},0.0,7,False,True
187,187,106,"{'Shell_weight': 'belowMean', 'Sex': 'M', 'Viscera_weight': 'belowMean', 'Height': 'aboveMean', 'Shucked_weight': 'belowMean', 'Diameter': 'belowMean', 'Length': 'belowMean'}",True,,9.909090909090908,{},0.0,7,False,True
188,188,107,"{'Shell_weight': 'belowMean', 'Sex': 'M', 'Viscera_weight': 'belowMean', 'Height': 'aboveMean', 'Shucked_weight': 'belowMean', 'Diameter': 'aboveMean', 'Length': 'aboveMean'}",True,,10.0,{},0.0,7,False,True
189,189,107,"{'Shell_weight': 'belowMean', 'Sex': 'M', 'Viscera_weight': 'belowMean', 'Height': 'aboveMean', 'Shucked_weight': 'belowMean', 'Diameter': 'aboveMean', 'Length': 'belowMean'}",True,,11.0,{},0.0,7,False,True
190,190,108,"{'Shell_weight': 'belowMean', 'Sex': 'M', 'Viscera_weight': 'belowMean', 'Height': 'aboveMean', 'Shucked_weight': 'aboveMean', 'Whole_weight': 'aboveMean', 'Diameter': 'aboveMean'}",True,,9.0,{},0.0,7,False,True
191,191,109,"{'Shell_weight': 'belowMean', 'Sex': 'M', 'Viscera_weight': 'belowMean', 'Height': 'aboveMean', 'Shucked_weight': 'aboveMean', 'Whole_weight': 'belowMean', 'Diameter': 'aboveMean'}",True,,8.5,{},0.0,7,False,True
192,192,110,"{'Shell_weight': 'belowMean', 'Sex': 'M', 'Viscera_weight': 'aboveMean', 'Length': 'belowMean', 'Diameter': 'belowMean', 'Height': 'belowMean', 'Shucked_weight': 'belowMean'}",True,,10.8,{},0.0,7,False,True
193,193,114,"{'Shell_weight': 'belowMean', 'Sex': 'M', 'Viscera_weight': 'aboveMean', 'Length': 'aboveMean', 'Height': 'belowMean', 'Whole_weight': 'belowMean', 'Shucked_weight': 'belowMean'}",True,,9.0,{},0.0,7,False,True
194,194,114,"{'Shell_weight': 'belowMean', 'Sex': 'M', 'Viscera_weight': 'aboveMean', 'Length': 'aboveMean', 'Height': 'belowMean', 'Whole_weight': 'belowMean', 'Shucked_weight': 'aboveMean'}",True,,8.0,{},0.0,7,False,True
195,195,115,"{'Shell_weight': 'belowMean', 'Sex': 'M', 'Viscera_weight': 'aboveMean', 'Length': 'aboveMean', 'Height': 'belowMean', 'Whole_weight': 'aboveMean', 'Diameter': 'aboveMean'}",True,,9.428571428571429,{},0.0,7,False,True
196,196,115,"{'Shell_weight': 'belowMean', 'Sex': 'M', 'Viscera_weight': 'aboveMean', 'Length': 'aboveMean', 'Height': 'belowMean', 'Whole_weight': 'aboveMean', 'Diameter': 'belowMean'}",True,,9.0,{},0.0,7,False,True
197,197,116,"{'Shell_weight': 'belowMean', 'Sex': 'M', 'Viscera_weight': 'aboveMean', 'Length': 'aboveMean', 'Height': 'aboveMean', 'Diameter': 'aboveMean', 'Shucked_weight': 'aboveMean'}",True,,8.727272727272727,{},0.0,7,False,True
198,198,117,"{'Shell_weight': 'belowMean', 'Sex': 'F', 'Shucked_weight': 'belowMean', 'Height': 'belowMean', 'Whole_weight': 'belowMean', 'Diameter': 'belowMean', 'Viscera_weight': 'belowMean'}",True,,9.840425531914894,{},0.0,7,False,True
199,199,117,"{'Shell_weight': 'belowMean', 'Sex': 'F', 'Shucked_weight': 'belowMean', 'Height': 'belowMean', 'Whole_weight': 'belowMean', 'Diameter': 'belowMean', 'Viscera_weight': 'aboveMean'}",True,,14.0,{},0.0,7,False,True
200,200,118,"{'Shell_weight': 'belowMean', 'Sex': 'F', 'Shucked_weight': 'belowMean', 'Height': 'belowMean', 'Whole_weight': 'belowMean', 'Diameter': 'aboveMean', 'Viscera_weight': 'aboveMean'}",True,,9.0,{},0.0,7,False,True
201,201,118,"{'Shell_weight': 'belowMean', 'Sex': 'F', 'Shucked_weight': 'belowMean', 'Height': 'belowMean', 'Whole_weight': 'belowMean', 'Diameter': 'aboveMean', 'Viscera_weight': 'belowMean'}",True,,9.571428571428571,{},0.0,7,False,True
202,202,119,"{'Shell_weight': 'belowMean', 'Sex': 'F', 'Shucked_weight': 'belowMean', 'Height': 'aboveMean', 'Whole_weight': 'belowMean', 'Diameter': 'belowMean', 'Viscera_weight': 'belowMean'}",True,,11.7,{},0.0,7,False,True
203,203,119,"{'Shell_weight': 'belowMean', 'Sex': 'F', 'Shucked_weight': 'belowMean', 'Height': 'aboveMean', 'Whole_weight': 'belowMean', 'Diameter': 'belowMean', 'Viscera_weight': 'aboveMean'}",True,,10.666666666666666,{},0.0,7,False,True
204,204,120,"{'Shell_weight': 'belowMean', 'Sex': 'F', 'Shucked_weight': 'belowMean', 'Height': 'aboveMean', 'Whole_weight': 'belowMean', 'Diameter': 'aboveMean', 'Viscera_weight': 'aboveMean'}",True,,8.0,{},0.0,7,False,True
205,205,120,"{'Shell_weight': 'belowMean', 'Sex': 'F', 'Shucked_weight': 'belowMean', 'Height': 'aboveMean', 'Whole_weight': 'belowMean', 'Diameter': 'aboveMean', 'Viscera_weight': 'belowMean'}",True,,10.25,{},0.0,7,False,True
206,206,123,"{'Shell_weight': 'belowMean', 'Sex': 'F', 'Shucked_weight': 'aboveMean', 'Height': 'belowMean', 'Diameter': 'aboveMean', 'Whole_weight': 'aboveMean', 'Length': 'aboveMean'}",True,,8.714285714285714,{},0.0,7,False,True
207,207,123,"{'Shell_weight': 'belowMean', 'Sex': 'F', 'Shucked_weight': 'aboveMean', 'Height': 'belowMean', 'Diameter': 'aboveMean', 'Whole_weight': 'aboveMean', 'Length': 'belowMean'}",True,,8.0,{},0.0,7,False,True
208,208,124,"{'Shell_weight': 'belowMean', 'Sex': 'F', 'Shucked_weight': 'aboveMean', 'Height': 'belowMean', 'Diameter': 'aboveMean', 'Whole_weight': 'belowMean', 'Viscera_weight': 'belowMean'}",True,,8.25,{},0.0,7,False,True
209,209,124,"{'Shell_weight': 'belowMean', 'Sex': 'F', 'Shucked_weight': 'aboveMean', 'Height': 'belowMean', 'Diameter': 'aboveMean', 'Whole_weight': 'belowMean', 'Viscera_weight': 'aboveMean'}",True,,8.0,{},0.0,7,False,True
210,210,125,"{'Shell_weight': 'belowMean', 'Sex': 'F', 'Shucked_weight': 'aboveMean', 'Height': 'aboveMean', 'Whole_weight': 'aboveMean', 'Viscera_weight': 'belowMean', 'Diameter': 'aboveMean'}",True,,9.0,{},0.0,7,False,True
211,211,126,"{'Shell_weight': 'belowMean', 'Sex': 'F', 'Shucked_weight': 'aboveMean', 'Height': 'aboveMean', 'Whole_weight': 'aboveMean', 'Viscera_weight': 'aboveMean', 'Diameter': 'aboveMean'}",True,,9.125,{},0.0,7,False,True
212,212,127,"{'Shell_weight': 'belowMean', 'Sex': 'F', 'Shucked_weight': 'aboveMean', 'Height': 'aboveMean', 'Whole_weight': 'belowMean', 'Diameter': 'aboveMean', 'Length': 'aboveMean'}",True,,10.5,{},0.0,7,False,True
213,213,128,"{'Shell_weight': 'aboveMean', 'Shucked_weight': 'aboveMean', 'Height': 'aboveMean', 'Diameter': 'aboveMean', 'Sex': 'F', 'Length': 'aboveMean', 'Viscera_weight': 'aboveMean'}",True,,11.54964539007092,{},0.0,7,False,True
214,214,128,"{'Shell_weight': 'aboveMean', 'Shucked_weight': 'aboveMean', 'Height': 'aboveMean', 'Diameter': 'aboveMean', 'Sex': 'F', 'Length': 'aboveMean', 'Viscera_weight': 'belowMean'}",True,,11.8,{},0.0,7,False,True
215,215,129,"{'Shell_weight': 'aboveMean', 'Shucked_weight': 'aboveMean', 'Height': 'aboveMean', 'Diameter': 'aboveMean', 'Sex': 'F', 'Length': 'belowMean', 'Viscera_weight': 'aboveMean'}",True,,15.0,{},0.0,7,False,True
216,216,130,"{'Shell_weight': 'aboveMean', 'Shucked_weight': 'aboveMean', 'Height': 'aboveMean', 'Diameter': 'aboveMean', 'Sex': 'I', 'Viscera_weight': 'belowMean', 'Whole_weight': 'belowMean'}",True,,11.333333333333334,{},0.0,7,False,True
217,217,130,"{'Shell_weight': 'aboveMean', 'Shucked_weight': 'aboveMean', 'Height': 'aboveMean', 'Diameter': 'aboveMean', 'Sex': 'I', 'Viscera_weight': 'belowMean', 'Whole_weight': 'aboveMean'}",True,,9.857142857142858,{},0.0,7,False,True
218,218,131,"{'Shell_weight': 'aboveMean', 'Shucked_weight': 'aboveMean', 'Height': 'aboveMean', 'Diameter': 'aboveMean', 'Sex': 'I', 'Viscera_weight': 'aboveMean', 'Length': 'aboveMean'}",True,,11.4,{},0.0,7,False,True
219,219,132,"{'Shell_weight': 'aboveMean', 'Shucked_weight': 'aboveMean', 'Height': 'aboveMean', 'Diameter': 'aboveMean', 'Sex': 'M', 'Length': 'aboveMean', 'Viscera_weight': 'aboveMean'}",True,,11.420863309352518,{},0.0,7,False,True
220,220,132,"{'Shell_weight': 'aboveMean', 'Shucked_weight': 'aboveMean', 'Height': 'aboveMean', 'Diameter': 'aboveMean', 'Sex': 'M', 'Length': 'aboveMean', 'Viscera_weight': 'belowMean'}",True,,11.6,{},0.0,7,False,True
221,221,134,"{'Shell_weight': 'aboveMean', 'Shucked_weight': 'aboveMean', 'Height': 'aboveMean', 'Diameter': 'belowMean', 'Length': 'belowMean', 'Sex': 'M', 'Viscera_weight': 'aboveMean'}",True,,8.5,{},0.0,7,False,True
222,222,136,"{'Shell_weight': 'aboveMean', 'Shucked_weight': 'aboveMean', 'Height': 'aboveMean', 'Diameter': 'belowMean', 'Length': 'aboveMean', 'Sex': 'M', 'Viscera_weight': 'aboveMean'}",True,,10.333333333333334,{},0.0,7,False,True
223,223,138,"{'Shell_weight': 'aboveMean', 'Shucked_weight': 'aboveMean', 'Height': 'belowMean', 'Sex': 'M', 'Viscera_weight': 'aboveMean', 'Diameter': 'aboveMean', 'Length': 'aboveMean'}",True,,10.703703703703704,{},0.0,7,False,True
224,224,139,"{'Shell_weight': 'aboveMean', 'Shucked_weight': 'aboveMean', 'Height': 'belowMean', 'Sex': 'M', 'Viscera_weight': 'belowMean', 'Diameter': 'aboveMean', 'Length': 'aboveMean'}",True,,9.333333333333334,{},0.0,7,False,True
225,225,140,"{'Shell_weight': 'aboveMean', 'Shucked_weight': 'aboveMean', 'Height': 'belowMean', 'Sex': 'F', 'Whole_weight': 'aboveMean', 'Viscera_weight': 'aboveMean', 'Diameter': 'aboveMean'}",True,,10.0,{},0.0,7,False,True
226,226,141,"{'Shell_weight': 'aboveMean', 'Shucked_weight': 'aboveMean', 'Height': 'belowMean', 'Sex': 'F', 'Whole_weight': 'aboveMean', 'Viscera_weight': 'belowMean', 'Diameter': 'aboveMean'}",True,,10.5,{},0.0,7,False,True
227,227,142,"{'Shell_weight': 'aboveMean', 'Shucked_weight': 'aboveMean', 'Height': 'belowMean', 'Sex': 'I', 'Whole_weight': 'belowMean', 'Diameter': 'aboveMean', 'Length': 'aboveMean'}",True,,9.0,{},0.0,7,False,True
228,228,143,"{'Shell_weight': 'aboveMean', 'Shucked_weight': 'aboveMean', 'Height': 'belowMean', 'Sex': 'I', 'Whole_weight': 'aboveMean', 'Viscera_weight': 'belowMean', 'Diameter': 'aboveMean'}",True,,9.8,{},0.0,7,False,True
229,229,145,"{'Shell_weight': 'aboveMean', 'Shucked_weight': 'belowMean', 'Sex': 'M', 'Whole_weight': 'belowMean', 'Viscera_weight': 'belowMean', 'Length': 'aboveMean', 'Diameter': 'aboveMean'}",True,,12.636363636363637,{},0.0,7,False,True
230,230,145,"{'Shell_weight': 'aboveMean', 'Shucked_weight': 'belowMean', 'Sex': 'M', 'Whole_weight': 'belowMean', 'Viscera_weight': 'belowMean', 'Length': 'aboveMean', 'Diameter': 'belowMean'}",True,,16.0,{},0.0,7,False,True
231,231,146,"{'Shell_weight': 'aboveMean', 'Shucked_weight': 'belowMean', 'Sex': 'M', 'Whole_weight': 'belowMean', 'Viscera_weight': 'belowMean', 'Length': 'belowMean', 'Diameter': 'belowMean'}",True,,11.8,{},0.0,7,False,True
232,232,146,"{'Shell_weight': 'aboveMean', 'Shucked_weight': 'belowMean', 'Sex': 'M', 'Whole_weight': 'belowMean', 'Viscera_weight': 'belowMean', 'Length': 'belowMean', 'Diameter': 'aboveMean'}",True,,13.0,{},0.0,7,False,True
233,233,148,"{'Shell_weight': 'aboveMean', 'Shucked_weight': 'belowMean', 'Sex': 'M', 'Whole_weight': 'belowMean', 'Viscera_weight': 'aboveMean', 'Diameter': 'aboveMean', 'Height': 'belowMean'}",True,,13.0,{},0.0,7,False,True
234,234,148,"{'Shell_weight': 'aboveMean', 'Shucked_weight': 'belowMean', 'Sex': 'M', 'Whole_weight': 'belowMean', 'Viscera_weight': 'aboveMean', 'Diameter': 'aboveMean', 'Height': 'aboveMean'}",True,,12.0,{},0.0,7,False,True
235,235,149,"{'Shell_weight': 'aboveMean', 'Shucked_weight': 'belowMean', 'Sex': 'M', 'Whole_weight': 'aboveMean', 'Diameter': 'aboveMean', 'Height': 'aboveMean', 'Viscera_weight': 'aboveMean'}",True,,13.785714285714286,{},0.0,7,False,True
236,236,149,"{'Shell_weight': 'aboveMean', 'Shucked_weight': 'belowMean', 'Sex': 'M', 'Whole_weight': 'aboveMean', 'Diameter': 'aboveMean', 'Height': 'aboveMean', 'Viscera_weight': 'belowMean'}",True,,15.0,{},0.0,7,False,True
237,237,150,"{'Shell_weight': 'aboveMean', 'Shucked_weight': 'belowMean', 'Sex': 'M', 'Whole_weight': 'aboveMean', 'Diameter': 'aboveMean', 'Height': 'belowMean', 'Viscera_weight': 'aboveMean'}",True,,16.5,{},0.0,7,False,True
238,238,150,"{'Shell_weight': 'aboveMean', 'Shucked_weight': 'belowMean', 'Sex': 'M', 'Whole_weight': 'aboveMean', 'Diameter': 'aboveMean', 'Height': 'belowMean', 'Viscera_weight': 'belowMean'}",True,,14.333333333333334,{},0.0,7,False,True
239,239,152,"{'Shell_weight': 'aboveMean', 'Shucked_weight': 'belowMean', 'Sex': 'M', 'Whole_weight': 'aboveMean', 'Diameter': 'belowMean', 'Viscera_weight': 'aboveMean', 'Length': 'aboveMean'}",True,,10.5,{},0.0,7,False,True
240,240,152,"{'Shell_weight': 'aboveMean', 'Shucked_weight': 'belowMean', 'Sex': 'M', 'Whole_weight': 'aboveMean', 'Diameter': 'belowMean', 'Viscera_weight': 'aboveMean', 'Length': 'belowMean'}",True,,13.0,{},0.0,7,False,True
241,241,153,"{'Shell_weight': 'aboveMean', 'Shucked_weight': 'belowMean', 'Sex': 'I', 'Height': 'aboveMean', 'Diameter': 'aboveMean', 'Length': 'aboveMean', 'Viscera_weight': 'aboveMean'}",True,,12.25,{},0.0,7,False,True
242,242,153,"{'Shell_weight': 'aboveMean', 'Shucked_weight': 'belowMean', 'Sex': 'I', 'Height': 'aboveMean', 'Diameter': 'aboveMean', 'Length': 'aboveMean', 'Viscera_weight': 'belowMean'}",True,,10.571428571428571,{},0.0,7,False,True
243,243,155,"{'Shell_weight': 'aboveMean', 'Shucked_weight': 'belowMean', 'Sex': 'I', 'Height': 'belowMean', 'Whole_weight': 'belowMean', 'Diameter': 'aboveMean', 'Viscera_weight': 'belowMean'}",True,,9.5,{},0.0,7,False,True
244,244,155,"{'Shell_weight': 'aboveMean', 'Shucked_weight': 'belowMean', 'Sex': 'I', 'Height': 'belowMean', 'Whole_weight': 'belowMean', 'Diameter': 'aboveMean', 'Viscera_weight': 'aboveMean'}",True,,9.8,{},0.0,7,False,True
245,245,157,"{'Shell_weight': 'aboveMean', 'Shucked_weight': 'belowMean', 'Sex': 'I', 'Height': 'belowMean', 'Whole_weight': 'aboveMean', 'Diameter': 'aboveMean', 'Length': 'aboveMean'}",True,,9.0,{},0.0,7,False,True
246,246,158,"{'Shell_weight': 'aboveMean', 'Shucked_weight': 'belowMean', 'Sex': 'F', 'Diameter': 'aboveMean', 'Height': 'aboveMean', 'Whole_weight': 'belowMean', 'Viscera_weight': 'belowMean'}",True,,12.25,{},0.0,7,False,True
247,247,158,"{'Shell_weight': 'aboveMean', 'Shucked_weight': 'belowMean', 'Sex': 'F', 'Diameter': 'aboveMean', 'Height': 'aboveMean', 'Whole_weight': 'belowMean', 'Viscera_weight': 'aboveMean'}",True,,11.333333333333334,{},0.0,7,False,True
248,248,159,"{'Shell_weight': 'aboveMean', 'Shucked_weight': 'belowMean', 'Sex': 'F', 'Diameter': 'aboveMean', 'Height': 'aboveMean', 'Whole_weight': 'aboveMean', 'Viscera_weight': 'aboveMean'}",True,,12.95,{},0.0,7,False,True
249,249,159,"{'Shell_weight': 'aboveMean', 'Shucked_weight': 'belowMean', 'Sex': 'F', 'Diameter': 'aboveMean', 'Height': 'aboveMean', 'Whole_weight': 'aboveMean', 'Viscera_weight': 'belowMean'}",True,,12.0,{},0.0,7,False,True
250,250,160,"{'Shell_weight': 'aboveMean', 'Shucked_weight': 'belowMean', 'Sex': 'F', 'Diameter': 'aboveMean', 'Height': 'belowMean', 'Length': 'aboveMean', 'Whole_weight': 'aboveMean'}",True,,14.666666666666666,{},0.0,7,False,True
251,251,160,"{'Shell_weight': 'aboveMean', 'Shucked_weight': 'belowMean', 'Sex': 'F', 'Diameter': 'aboveMean', 'Height': 'belowMean', 'Length': 'aboveMean', 'Whole_weight': 'belowMean'}",True,,14.5,{},0.0,7,False,True
252,252,161,"{'Shell_weight': 'aboveMean', 'Shucked_weight': 'belowMean', 'Sex': 'F', 'Diameter': 'aboveMean', 'Height': 'belowMean', 'Length': 'belowMean', 'Viscera_weight': 'belowMean'}",True,,12.5,{},0.0,7,False,True
253,253,161,"{'Shell_weight': 'aboveMean', 'Shucked_weight': 'belowMean', 'Sex': 'F', 'Diameter': 'aboveMean', 'Height': 'belowMean', 'Length': 'belowMean', 'Viscera_weight': 'aboveMean'}",True,,13.0,{},0.0,7,False,True
254,254,162,"{'Shell_weight': 'aboveMean', 'Shucked_weight': 'belowMean', 'Sex': 'F', 'Diameter': 'belowMean', 'Whole_weight': 'belowMean', 'Length': 'belowMean', 'Viscera_weight': 'aboveMean'}",True,,14.0,{},0.0,7,False,True
255,255,162,"{'Shell_weight': 'aboveMean', 'Shucked_weight': 'belowMean', 'Sex': 'F', 'Diameter': 'belowMean', 'Whole_weight': 'belowMean', 'Length': 'belowMean', 'Viscera_weight': 'belowMean'}",True,,15.8,{},0.0,7,False,True
