,nodeID,parentNode,dataSetFilters,evaluated,nodeFeature,nodePrediction,childrenNodes,gainOrMSE,treeLevel,pruned,isLeaf
0,0,-1,{},True,Shell_weight,9.913225613405146,"{'belowMean': 1, 'aboveMean': 2}",7.442377686627446,0,False,False
1,1,0,{'Shell_weight': 'belowMean'},True,Sex,8.316705336426914,"{'M': 3, 'I': 4, 'F': 5}",4.796689663308524,1,False,False
2,2,0,{'Shell_weight': 'aboveMean'},True,Shucked_weight,11.61433868974042,"{'belowMean': 6, 'aboveMean': 7}",8.692402150231826,1,False,False
3,3,1,"{'Shell_weight': 'belowMean', 'Sex': 'M'}",True,Height,9.141592920353983,"{'belowMean': 8, 'aboveMean': 9}",5.26968049187902,2,False,False
4,4,1,"{'Shell_weight': 'belowMean', 'Sex': 'I'}",True,Diameter,7.3452631578947365,"{'belowMean': 10, 'aboveMean': 11}",3.4947093023255817,2,False,False
5,5,1,"{'Shell_weight': 'belowMean', 'Sex': 'F'}",True,Height,10.024844720496894,"{'aboveMean': 12, 'belowMean': 13}",5.746586238177706,2,False,False
6,6,2,"{'Shell_weight': 'aboveMean', 'Shucked_weight': 'belowMean'}",True,Sex,12.78688524590164,"{'F': 14, 'M': 15, 'I': 16}",10.343747472822006,2,False,False
7,7,2,"{'Shell_weight': 'aboveMean', 'Shucked_weight': 'aboveMean'}",True,Height,11.406113537117903,"{'aboveMean': 17, 'belowMean': 18}",8.112907838087649,2,False,False
8,8,3,"{'Shell_weight': 'belowMean', 'Sex': 'M', 'Height': 'belowMean'}",True,Diameter,8.951807228915662,"{'aboveMean': 19, 'belowMean': 20}",5.3514292463973545,3,False,False
9,9,3,"{'Shell_weight': 'belowMean', 'Sex': 'M', 'Height': 'aboveMean'}",True,Length,9.666666666666666,"{'aboveMean': 21, 'belowMean': 22}",3.664553207267334,3,False,False
10,10,4,"{'Shell_weight': 'belowMean', 'Sex': 'I', 'Diameter': 'belowMean'}",True,Height,7.104166666666667,"{'belowMean': 23, 'aboveMean': 24}",3.3073839237788514,3,False,False
11,11,4,"{'Shell_weight': 'belowMean', 'Sex': 'I', 'Diameter': 'aboveMean'}",True,Height,9.767441860465116,"{'aboveMean': 25, 'belowMean': 26}",3.5407235142118867,3,False,False
12,12,5,"{'Shell_weight': 'belowMean', 'Sex': 'F', 'Height': 'aboveMean'}",True,Shucked_weight,10.88679245283019,"{'belowMean': 27, 'aboveMean': 28}",5.6403620601733815,3,False,False
13,13,5,"{'Shell_weight': 'belowMean', 'Sex': 'F', 'Height': 'belowMean'}",True,Whole_weight,9.601851851851851,"{'belowMean': 29, 'aboveMean': 30}",5.166666666666667,3,False,False
14,14,6,"{'Shell_weight': 'aboveMean', 'Shucked_weight': 'belowMean', 'Sex': 'F'}",True,Length,12.69767441860465,"{'aboveMean': 31, 'belowMean': 32}",10.04233166134671,3,False,False
15,15,6,"{'Shell_weight': 'aboveMean', 'Shucked_weight': 'belowMean', 'Sex': 'M'}",True,Length,13.727272727272727,"{'aboveMean': 33, 'belowMean': 34}",10.619834710743802,3,False,False
16,16,6,"{'Shell_weight': 'aboveMean', 'Shucked_weight': 'belowMean', 'Sex': 'I'}",True,Whole_weight,10.791666666666666,"{'belowMean': 35, 'aboveMean': 36}",6.142982456140351,3,False,False
17,17,7,"{'Shell_weight': 'aboveMean', 'Shucked_weight': 'aboveMean', 'Height': 'aboveMean'}",True,Length,11.458521870286576,"{'aboveMean': 37, 'belowMean': 38}",8.258499898149992,3,False,False
18,18,7,"{'Shell_weight': 'aboveMean', 'Shucked_weight': 'aboveMean', 'Height': 'belowMean'}",True,Length,9.958333333333334,"{'aboveMean': 39, 'belowMean': 40}",1.5181159420289856,3,False,False
19,19,8,"{'Shell_weight': 'belowMean', 'Sex': 'M', 'Height': 'belowMean', 'Diameter': 'aboveMean'}",True,Shucked_weight,9.933333333333334,"{'aboveMean': 41, 'belowMean': 42}",3.5731060606060603,4,False,False
20,20,8,"{'Shell_weight': 'belowMean', 'Sex': 'M', 'Height': 'belowMean', 'Diameter': 'belowMean'}",True,Shucked_weight,8.735294117647058,"{'belowMean': 43, 'aboveMean': 44}",5.577063383492932,4,False,False
21,21,9,"{'Shell_weight': 'belowMean', 'Sex': 'M', 'Height': 'aboveMean', 'Length': 'aboveMean'}",True,Diameter,8.806451612903226,"{'aboveMean': 45, 'belowMean': 46}",1.5311827956989248,4,False,False
22,22,9,"{'Shell_weight': 'belowMean', 'Sex': 'M', 'Height': 'aboveMean', 'Length': 'belowMean'}",True,Viscera_weight,10.586206896551724,"{'belowMean': 47, 'aboveMean': 48}",5.307346326836582,4,False,False
23,23,10,"{'Shell_weight': 'belowMean', 'Sex': 'I', 'Diameter': 'belowMean', 'Height': 'belowMean'}",True,Length,7.019323671497585,"{'belowMean': 49, 'aboveMean': 50}",3.1385959248098727,4,False,False
24,24,10,"{'Shell_weight': 'belowMean', 'Sex': 'I', 'Diameter': 'belowMean', 'Height': 'aboveMean'}",True,Shucked_weight,9.055555555555555,"{'belowMean': 51, 'aboveMean': 52}",5.69281045751634,4,False,False
25,25,11,"{'Shell_weight': 'belowMean', 'Sex': 'I', 'Diameter': 'aboveMean', 'Height': 'aboveMean'}",True,Whole_weight,10.12,"{'belowMean': 53, 'aboveMean': 54}",4.752,4,False,False
26,26,11,"{'Shell_weight': 'belowMean', 'Sex': 'I', 'Diameter': 'aboveMean', 'Height': 'belowMean'}",True,Length,9.277777777777779,"{'aboveMean': 55, 'belowMean': 56}",1.0520833333333333,4,False,False
27,27,12,"{'Shell_weight': 'belowMean', 'Sex': 'F', 'Height': 'aboveMean', 'Shucked_weight': 'belowMean'}",True,Whole_weight,11.54054054054054,"{'belowMean': 57, 'aboveMean': 58}",7.3175675675675675,4,False,False
28,28,12,"{'Shell_weight': 'belowMean', 'Sex': 'F', 'Height': 'aboveMean', 'Shucked_weight': 'aboveMean'}",True,Length,9.375,"{'aboveMean': 59, 'belowMean': 60}",1.2321428571428572,4,False,False
29,29,13,"{'Shell_weight': 'belowMean', 'Sex': 'F', 'Height': 'belowMean', 'Whole_weight': 'belowMean'}",True,Shucked_weight,9.666666666666666,"{'belowMean': 61, 'aboveMean': 62}",5.208666666666667,4,False,False
30,30,13,"{'Shell_weight': 'belowMean', 'Sex': 'F', 'Height': 'belowMean', 'Whole_weight': 'aboveMean'}",True,Shucked_weight,7.333333333333333,"{'aboveMean': 63, 'belowMean': 64}",0.0,4,False,False
31,31,14,"{'Shell_weight': 'aboveMean', 'Shucked_weight': 'belowMean', 'Sex': 'F', 'Length': 'aboveMean'}",True,Whole_weight,12.147058823529411,"{'aboveMean': 65, 'belowMean': 66}",8.481127450980393,4,False,False
32,32,14,"{'Shell_weight': 'aboveMean', 'Shucked_weight': 'belowMean', 'Sex': 'F', 'Length': 'belowMean'}",True,Whole_weight,14.777777777777779,"{'belowMean': 67, 'aboveMean': 68}",9.944444444444445,4,False,False
33,33,15,"{'Shell_weight': 'aboveMean', 'Shucked_weight': 'belowMean', 'Sex': 'M', 'Length': 'aboveMean'}",True,Whole_weight,13.318181818181818,"{'belowMean': 69, 'aboveMean': 70}",9.619075369075368,4,False,False
34,34,15,"{'Shell_weight': 'aboveMean', 'Shucked_weight': 'belowMean', 'Sex': 'M', 'Length': 'belowMean'}",True,Height,15.363636363636363,"{'aboveMean': 71, 'belowMean': 72}",10.681818181818182,4,False,False
35,35,16,"{'Shell_weight': 'aboveMean', 'Shucked_weight': 'belowMean', 'Sex': 'I', 'Whole_weight': 'belowMean'}",True,Length,10.421052631578947,"{'aboveMean': 73, 'belowMean': 74}",3.9578947368421056,4,False,False
36,36,16,"{'Shell_weight': 'aboveMean', 'Shucked_weight': 'belowMean', 'Sex': 'I', 'Whole_weight': 'aboveMean'}",True,Height,12.2,"{'aboveMean': 75, 'belowMean': 76}",12.2,4,False,False
37,37,17,"{'Shell_weight': 'aboveMean', 'Shucked_weight': 'aboveMean', 'Height': 'aboveMean', 'Length': 'aboveMean'}",True,Whole_weight,11.476479514415782,"{'aboveMean': 77, 'belowMean': 78}",8.286104994016556,4,False,False
38,38,17,"{'Shell_weight': 'aboveMean', 'Shucked_weight': 'aboveMean', 'Height': 'aboveMean', 'Length': 'belowMean'}",True,Diameter,8.5,"{'belowMean': 79, 'aboveMean': 80}",0.0,4,False,False
39,39,18,"{'Shell_weight': 'aboveMean', 'Shucked_weight': 'aboveMean', 'Height': 'belowMean', 'Length': 'aboveMean'}",True,Sex,9.73913043478261,"{'F': 81, 'I': 82, 'M': 83}",1.5044607566346697,4,False,False
40,40,18,"{'Shell_weight': 'aboveMean', 'Shucked_weight': 'aboveMean', 'Height': 'belowMean', 'Length': 'belowMean'}",True,,15.0,{},0.0,4,False,True
41,41,19,"{'Shell_weight': 'belowMean', 'Sex': 'M', 'Height': 'belowMean', 'Diameter': 'aboveMean', 'Shucked_weight': 'aboveMean'}",True,Viscera_weight,8.625,"{'belowMean': 84, 'aboveMean': 85}",0.84375,5,False,False
42,42,19,"{'Shell_weight': 'belowMean', 'Sex': 'M', 'Height': 'belowMean', 'Diameter': 'aboveMean', 'Shucked_weight': 'belowMean'}",True,Viscera_weight,10.409090909090908,"{'aboveMean': 86, 'belowMean': 87}",4.113636363636363,5,False,False
43,43,20,"{'Shell_weight': 'belowMean', 'Sex': 'M', 'Height': 'belowMean', 'Diameter': 'belowMean', 'Shucked_weight': 'belowMean'}",True,Viscera_weight,8.775193798449612,"{'belowMean': 88, 'aboveMean': 89}",5.829764980927772,5,False,False
44,44,20,"{'Shell_weight': 'belowMean', 'Sex': 'M', 'Height': 'belowMean', 'Diameter': 'belowMean', 'Shucked_weight': 'aboveMean'}",True,Whole_weight,8.0,"{'belowMean': 90, 'aboveMean': 91}",0.40476190476190477,5,False,False
45,45,21,"{'Shell_weight': 'belowMean', 'Sex': 'M', 'Height': 'aboveMean', 'Length': 'aboveMean', 'Diameter': 'aboveMean'}",True,Whole_weight,8.866666666666667,"{'belowMean': 92, 'aboveMean': 93}",1.5619047619047621,5,False,False
46,46,21,"{'Shell_weight': 'belowMean', 'Sex': 'M', 'Height': 'aboveMean', 'Length': 'aboveMean', 'Diameter': 'belowMean'}",True,,7.0,{},0.0,5,False,True
47,47,22,"{'Shell_weight': 'belowMean', 'Sex': 'M', 'Height': 'aboveMean', 'Length': 'belowMean', 'Viscera_weight': 'belowMean'}",True,Diameter,10.217391304347826,"{'belowMean': 94, 'aboveMean': 95}",4.215217391304348,5,False,False
48,48,22,"{'Shell_weight': 'belowMean', 'Sex': 'M', 'Height': 'aboveMean', 'Length': 'belowMean', 'Viscera_weight': 'aboveMean'}",True,Shucked_weight,12.0,"{'belowMean': 96, 'aboveMean': 97}",4.866666666666666,5,False,False
49,49,23,"{'Shell_weight': 'belowMean', 'Sex': 'I', 'Diameter': 'belowMean', 'Height': 'belowMean', 'Length': 'belowMean'}",True,Shucked_weight,6.982673267326732,"{'belowMean': 98, 'aboveMean': 99}",3.188962366385893,5,False,False
50,50,23,"{'Shell_weight': 'belowMean', 'Sex': 'I', 'Diameter': 'belowMean', 'Height': 'belowMean', 'Length': 'aboveMean'}",True,Shucked_weight,8.5,"{'aboveMean': 100, 'belowMean': 101}",1.0222222222222221,5,False,False
51,51,24,"{'Shell_weight': 'belowMean', 'Sex': 'I', 'Diameter': 'belowMean', 'Height': 'aboveMean', 'Shucked_weight': 'belowMean'}",True,Length,9.176470588235293,{'belowMean': 102},6.0276816608996535,5,False,False
52,52,24,"{'Shell_weight': 'belowMean', 'Sex': 'I', 'Diameter': 'belowMean', 'Height': 'aboveMean', 'Shucked_weight': 'aboveMean'}",True,,7.0,{},0.0,5,False,True
53,53,25,"{'Shell_weight': 'belowMean', 'Sex': 'I', 'Diameter': 'aboveMean', 'Height': 'aboveMean', 'Whole_weight': 'belowMean'}",True,Viscera_weight,10.4,"{'belowMean': 103, 'aboveMean': 104}",5.811764705882353,5,False,False
54,54,25,"{'Shell_weight': 'belowMean', 'Sex': 'I', 'Diameter': 'aboveMean', 'Height': 'aboveMean', 'Whole_weight': 'aboveMean'}",True,Viscera_weight,9.0,"{'belowMean': 105, 'aboveMean': 106}",0.15,5,False,False
55,55,26,"{'Shell_weight': 'belowMean', 'Sex': 'I', 'Diameter': 'aboveMean', 'Height': 'belowMean', 'Length': 'aboveMean'}",True,Whole_weight,9.0625,"{'belowMean': 107, 'aboveMean': 108}",0.625,5,False,False
56,56,26,"{'Shell_weight': 'belowMean', 'Sex': 'I', 'Diameter': 'aboveMean', 'Height': 'belowMean', 'Length': 'belowMean'}",True,Shucked_weight,11.0,{'belowMean': 109},4.0,5,False,False
57,57,27,"{'Shell_weight': 'belowMean', 'Sex': 'F', 'Height': 'aboveMean', 'Shucked_weight': 'belowMean', 'Whole_weight': 'belowMean'}",True,Diameter,11.583333333333334,"{'belowMean': 110, 'aboveMean': 111}",7.4227053140096615,5,False,False
58,58,27,"{'Shell_weight': 'belowMean', 'Sex': 'F', 'Height': 'aboveMean', 'Shucked_weight': 'belowMean', 'Whole_weight': 'aboveMean'}",True,,10.0,{},0.0,5,False,True
59,59,28,"{'Shell_weight': 'belowMean', 'Sex': 'F', 'Height': 'aboveMean', 'Shucked_weight': 'aboveMean', 'Length': 'aboveMean'}",True,Viscera_weight,9.142857142857142,"{'aboveMean': 112, 'belowMean': 113}",1.1178571428571429,5,False,False
60,60,28,"{'Shell_weight': 'belowMean', 'Sex': 'F', 'Height': 'aboveMean', 'Shucked_weight': 'aboveMean', 'Length': 'belowMean'}",True,Diameter,11.0,"{'belowMean': 114, 'aboveMean': 115}",0.0,5,False,False
61,61,29,"{'Shell_weight': 'belowMean', 'Sex': 'F', 'Height': 'belowMean', 'Whole_weight': 'belowMean', 'Shucked_weight': 'belowMean'}",True,Viscera_weight,9.73,"{'belowMean': 116, 'aboveMean': 117}",5.310315789473684,5,False,False
62,62,29,"{'Shell_weight': 'belowMean', 'Sex': 'F', 'Height': 'belowMean', 'Whole_weight': 'belowMean', 'Shucked_weight': 'aboveMean'}",True,Viscera_weight,8.4,"{'belowMean': 118, 'aboveMean': 119}",0.13333333333333333,5,False,False
63,63,30,"{'Shell_weight': 'belowMean', 'Sex': 'F', 'Height': 'belowMean', 'Whole_weight': 'aboveMean', 'Shucked_weight': 'aboveMean'}",True,,8.0,{},0.0,5,False,True
64,64,30,"{'Shell_weight': 'belowMean', 'Sex': 'F', 'Height': 'belowMean', 'Whole_weight': 'aboveMean', 'Shucked_weight': 'belowMean'}",True,,6.0,{},0.0,5,False,True
65,65,31,"{'Shell_weight': 'aboveMean', 'Shucked_weight': 'belowMean', 'Sex': 'F', 'Length': 'aboveMean', 'Whole_weight': 'aboveMean'}",True,Height,12.791666666666666,"{'aboveMean': 120, 'belowMean': 121}",9.706349206349207,5,False,False
66,66,31,"{'Shell_weight': 'aboveMean', 'Shucked_weight': 'belowMean', 'Sex': 'F', 'Length': 'aboveMean', 'Whole_weight': 'belowMean'}",True,Height,10.6,"{'belowMean': 122, 'aboveMean': 123}",2.2,5,False,False
67,67,32,"{'Shell_weight': 'aboveMean', 'Shucked_weight': 'belowMean', 'Sex': 'F', 'Length': 'belowMean', 'Whole_weight': 'belowMean'}",True,Diameter,14.25,"{'belowMean': 124, 'aboveMean': 125}",9.683333333333334,5,False,False
68,68,32,"{'Shell_weight': 'aboveMean', 'Shucked_weight': 'belowMean', 'Sex': 'F', 'Length': 'belowMean', 'Whole_weight': 'aboveMean'}",True,,19.0,{},0.0,5,False,True
69,69,33,"{'Shell_weight': 'aboveMean', 'Shucked_weight': 'belowMean', 'Sex': 'M', 'Length': 'aboveMean', 'Whole_weight': 'belowMean'}",True,Diameter,12.38888888888889,"{'aboveMean': 126, 'belowMean': 127}",7.470588235294118,5,False,False
70,70,33,"{'Shell_weight': 'aboveMean', 'Shucked_weight': 'belowMean', 'Sex': 'M', 'Length': 'aboveMean', 'Whole_weight': 'aboveMean'}",True,Diameter,13.961538461538462,"{'aboveMean': 128, 'belowMean': 129}",10.206153846153846,5,False,False
71,71,34,"{'Shell_weight': 'aboveMean', 'Shucked_weight': 'belowMean', 'Sex': 'M', 'Length': 'belowMean', 'Height': 'aboveMean'}",True,Whole_weight,16.5,"{'aboveMean': 130, 'belowMean': 131}",11.555555555555555,5,False,False
72,72,34,"{'Shell_weight': 'aboveMean', 'Shucked_weight': 'belowMean', 'Sex': 'M', 'Length': 'belowMean', 'Height': 'belowMean'}",True,Diameter,14.0,"{'aboveMean': 132, 'belowMean': 133}",1.6,5,False,False
73,73,35,"{'Shell_weight': 'aboveMean', 'Shucked_weight': 'belowMean', 'Sex': 'I', 'Whole_weight': 'belowMean', 'Length': 'aboveMean'}",True,Height,10.0,"{'belowMean': 134, 'aboveMean': 135}",2.2035714285714283,5,False,False
74,74,35,"{'Shell_weight': 'aboveMean', 'Shucked_weight': 'belowMean', 'Sex': 'I', 'Whole_weight': 'belowMean', 'Length': 'belowMean'}",True,Height,11.6,"{'aboveMean': 136, 'belowMean': 137}",7.6,5,False,False
75,75,36,"{'Shell_weight': 'aboveMean', 'Shucked_weight': 'belowMean', 'Sex': 'I', 'Whole_weight': 'aboveMean', 'Height': 'aboveMean'}",True,Viscera_weight,12.5,"{'aboveMean': 138, 'belowMean': 139}",15.166666666666668,5,False,False
76,76,36,"{'Shell_weight': 'aboveMean', 'Shucked_weight': 'belowMean', 'Sex': 'I', 'Whole_weight': 'aboveMean', 'Height': 'belowMean'}",True,,11.0,{},0.0,5,False,True
77,77,37,"{'Shell_weight': 'aboveMean', 'Shucked_weight': 'aboveMean', 'Height': 'aboveMean', 'Length': 'aboveMean', 'Whole_weight': 'aboveMean'}",True,Sex,11.486280487804878,"{'F': 140, 'I': 141, 'M': 142}",8.314701456831552,5,False,False
78,78,37,"{'Shell_weight': 'aboveMean', 'Shucked_weight': 'aboveMean', 'Height': 'aboveMean', 'Length': 'aboveMean', 'Whole_weight': 'belowMean'}",True,Sex,9.333333333333334,"{'F': 143, 'I': 144}",0.0,5,False,False
79,79,38,"{'Shell_weight': 'aboveMean', 'Shucked_weight': 'aboveMean', 'Height': 'aboveMean', 'Length': 'belowMean', 'Diameter': 'belowMean'}",True,,9.0,{},0.0,5,False,True
80,80,38,"{'Shell_weight': 'aboveMean', 'Shucked_weight': 'aboveMean', 'Height': 'aboveMean', 'Length': 'belowMean', 'Diameter': 'aboveMean'}",True,,8.0,{},0.0,5,False,True
81,81,39,"{'Shell_weight': 'aboveMean', 'Shucked_weight': 'aboveMean', 'Height': 'belowMean', 'Length': 'aboveMean', 'Sex': 'F'}",True,Viscera_weight,9.636363636363637,"{'belowMean': 145, 'aboveMean': 146}",1.288961038961039,5,False,False
82,82,39,"{'Shell_weight': 'aboveMean', 'Shucked_weight': 'aboveMean', 'Height': 'belowMean', 'Length': 'aboveMean', 'Sex': 'I'}",True,Viscera_weight,9.4,"{'aboveMean': 147, 'belowMean': 148}",0.2,5,False,False
83,83,39,"{'Shell_weight': 'aboveMean', 'Shucked_weight': 'aboveMean', 'Height': 'belowMean', 'Length': 'aboveMean', 'Sex': 'M'}",True,Viscera_weight,10.142857142857142,"{'aboveMean': 149, 'belowMean': 150}",2.4047619047619047,5,False,False
84,84,41,"{'Shell_weight': 'belowMean', 'Sex': 'M', 'Height': 'belowMean', 'Diameter': 'aboveMean', 'Shucked_weight': 'aboveMean', 'Viscera_weight': 'belowMean'}",True,Whole_weight,9.25,"{'aboveMean': 151, 'belowMean': 152}",0.625,6,False,False
85,85,41,"{'Shell_weight': 'belowMean', 'Sex': 'M', 'Height': 'belowMean', 'Diameter': 'aboveMean', 'Shucked_weight': 'aboveMean', 'Viscera_weight': 'aboveMean'}",True,Whole_weight,8.0,"{'aboveMean': 153, 'belowMean': 154}",0.0,6,False,False
86,86,42,"{'Shell_weight': 'belowMean', 'Sex': 'M', 'Height': 'belowMean', 'Diameter': 'aboveMean', 'Shucked_weight': 'belowMean', 'Viscera_weight': 'aboveMean'}",True,Whole_weight,9.5,"{'belowMean': 155, 'aboveMean': 156}",2.8666666666666667,6,False,False
87,87,42,"{'Shell_weight': 'belowMean', 'Sex': 'M', 'Height': 'belowMean', 'Diameter': 'aboveMean', 'Shucked_weight': 'belowMean', 'Viscera_weight': 'belowMean'}",True,Length,10.75,"{'aboveMean': 157, 'belowMean': 158}",4.368589743589744,6,False,False
88,88,43,"{'Shell_weight': 'belowMean', 'Sex': 'M', 'Height': 'belowMean', 'Diameter': 'belowMean', 'Shucked_weight': 'belowMean', 'Viscera_weight': 'belowMean'}",True,Length,8.753968253968255,{'belowMean': 159},5.963277903754094,6,False,False
89,89,43,"{'Shell_weight': 'belowMean', 'Sex': 'M', 'Height': 'belowMean', 'Diameter': 'belowMean', 'Shucked_weight': 'belowMean', 'Viscera_weight': 'aboveMean'}",True,Length,9.666666666666666,{'belowMean': 160},0.2222222222222222,6,False,False
90,90,44,"{'Shell_weight': 'belowMean', 'Sex': 'M', 'Height': 'belowMean', 'Diameter': 'belowMean', 'Shucked_weight': 'aboveMean', 'Whole_weight': 'belowMean'}",True,Length,7.833333333333333,"{'aboveMean': 161, 'belowMean': 162}",0.4166666666666667,6,False,False
91,91,44,"{'Shell_weight': 'belowMean', 'Sex': 'M', 'Height': 'belowMean', 'Diameter': 'belowMean', 'Shucked_weight': 'aboveMean', 'Whole_weight': 'aboveMean'}",True,,9.0,{},0.0,6,False,True
92,92,45,"{'Shell_weight': 'belowMean', 'Sex': 'M', 'Height': 'aboveMean', 'Length': 'aboveMean', 'Diameter': 'aboveMean', 'Whole_weight': 'belowMean'}",True,Viscera_weight,8.714285714285714,"{'belowMean': 163, 'aboveMean': 164}",2.0219780219780223,6,False,False
93,93,45,"{'Shell_weight': 'belowMean', 'Sex': 'M', 'Height': 'aboveMean', 'Length': 'aboveMean', 'Diameter': 'aboveMean', 'Whole_weight': 'aboveMean'}",True,Shucked_weight,9.0,"{'aboveMean': 165, 'belowMean': 166}",0.8583333333333334,6,False,False
94,94,47,"{'Shell_weight': 'belowMean', 'Sex': 'M', 'Height': 'aboveMean', 'Length': 'belowMean', 'Viscera_weight': 'belowMean', 'Diameter': 'belowMean'}",True,Shucked_weight,10.55,"{'belowMean': 167, 'aboveMean': 168}",4.731578947368421,6,False,False
95,95,47,"{'Shell_weight': 'belowMean', 'Sex': 'M', 'Height': 'aboveMean', 'Length': 'belowMean', 'Viscera_weight': 'belowMean', 'Diameter': 'aboveMean'}",True,Shucked_weight,8.0,"{'aboveMean': 169, 'belowMean': 170}",0.16666666666666666,6,False,False
96,96,48,"{'Shell_weight': 'belowMean', 'Sex': 'M', 'Height': 'aboveMean', 'Length': 'belowMean', 'Viscera_weight': 'aboveMean', 'Shucked_weight': 'belowMean'}",True,Diameter,12.6,"{'belowMean': 171, 'aboveMean': 172}",5.35,6,False,False
97,97,48,"{'Shell_weight': 'belowMean', 'Sex': 'M', 'Height': 'aboveMean', 'Length': 'belowMean', 'Viscera_weight': 'aboveMean', 'Shucked_weight': 'aboveMean'}",True,,9.0,{},0.0,6,False,True
98,98,49,"{'Shell_weight': 'belowMean', 'Sex': 'I', 'Diameter': 'belowMean', 'Height': 'belowMean', 'Length': 'belowMean', 'Shucked_weight': 'belowMean'}",True,Viscera_weight,6.980099502487562,{'belowMean': 173},3.2035840697012454,6,False,False
99,99,49,"{'Shell_weight': 'belowMean', 'Sex': 'I', 'Diameter': 'belowMean', 'Height': 'belowMean', 'Length': 'belowMean', 'Shucked_weight': 'aboveMean'}",True,Viscera_weight,7.5,{'belowMean': 174},0.25,6,False,False
100,100,50,"{'Shell_weight': 'belowMean', 'Sex': 'I', 'Diameter': 'belowMean', 'Height': 'belowMean', 'Length': 'aboveMean', 'Shucked_weight': 'aboveMean'}",True,,8.0,{},0.0,6,False,True
101,101,50,"{'Shell_weight': 'belowMean', 'Sex': 'I', 'Diameter': 'belowMean', 'Height': 'belowMean', 'Length': 'aboveMean', 'Shucked_weight': 'belowMean'}",True,Viscera_weight,8.555555555555555,{'belowMean': 175},1.1358024691358024,6,False,False
102,102,51,"{'Shell_weight': 'belowMean', 'Sex': 'I', 'Diameter': 'belowMean', 'Height': 'aboveMean', 'Shucked_weight': 'belowMean', 'Length': 'belowMean'}",True,Viscera_weight,9.176470588235293,{'belowMean': 176},6.0276816608996535,6,False,False
103,103,53,"{'Shell_weight': 'belowMean', 'Sex': 'I', 'Diameter': 'aboveMean', 'Height': 'aboveMean', 'Whole_weight': 'belowMean', 'Viscera_weight': 'belowMean'}",True,Shucked_weight,10.470588235294118,"{'belowMean': 177, 'aboveMean': 178}",6.823529411764706,6,False,False
104,104,53,"{'Shell_weight': 'belowMean', 'Sex': 'I', 'Diameter': 'aboveMean', 'Height': 'aboveMean', 'Whole_weight': 'belowMean', 'Viscera_weight': 'aboveMean'}",True,,10.0,{},0.0,6,False,True
105,105,54,"{'Shell_weight': 'belowMean', 'Sex': 'I', 'Diameter': 'aboveMean', 'Height': 'aboveMean', 'Whole_weight': 'aboveMean', 'Viscera_weight': 'belowMean'}",True,Length,9.25,{'aboveMean': 179},0.1875,6,False,False
106,106,54,"{'Shell_weight': 'belowMean', 'Sex': 'I', 'Diameter': 'aboveMean', 'Height': 'aboveMean', 'Whole_weight': 'aboveMean', 'Viscera_weight': 'aboveMean'}",True,,8.0,{},0.0,6,False,True
107,107,55,"{'Shell_weight': 'belowMean', 'Sex': 'I', 'Diameter': 'aboveMean', 'Height': 'belowMean', 'Length': 'aboveMean', 'Whole_weight': 'belowMean'}",True,Shucked_weight,9.0,"{'belowMean': 180, 'aboveMean': 181}",0.6666666666666666,6,False,False
108,108,55,"{'Shell_weight': 'belowMean', 'Sex': 'I', 'Diameter': 'aboveMean', 'Height': 'belowMean', 'Length': 'aboveMean', 'Whole_weight': 'aboveMean'}",True,,10.0,{},0.0,6,False,True
109,109,56,"{'Shell_weight': 'belowMean', 'Sex': 'I', 'Diameter': 'aboveMean', 'Height': 'belowMean', 'Length': 'belowMean', 'Shucked_weight': 'belowMean'}",True,Viscera_weight,11.0,{'belowMean': 182},4.0,6,False,False
110,110,57,"{'Shell_weight': 'belowMean', 'Sex': 'F', 'Height': 'aboveMean', 'Shucked_weight': 'belowMean', 'Whole_weight': 'belowMean', 'Diameter': 'belowMean'}",True,Length,11.347826086956522,"{'belowMean': 183, 'aboveMean': 184}",4.053830227743271,6,False,False
111,111,57,"{'Shell_weight': 'belowMean', 'Sex': 'F', 'Height': 'aboveMean', 'Shucked_weight': 'belowMean', 'Whole_weight': 'belowMean', 'Diameter': 'aboveMean'}",True,Length,12.0,"{'aboveMean': 185, 'belowMean': 186}",13.049145299145298,6,False,False
112,112,59,"{'Shell_weight': 'belowMean', 'Sex': 'F', 'Height': 'aboveMean', 'Shucked_weight': 'aboveMean', 'Length': 'aboveMean', 'Viscera_weight': 'aboveMean'}",True,Whole_weight,8.9,"{'aboveMean': 187, 'belowMean': 188}",1.288888888888889,6,False,False
113,113,59,"{'Shell_weight': 'belowMean', 'Sex': 'F', 'Height': 'aboveMean', 'Shucked_weight': 'aboveMean', 'Length': 'aboveMean', 'Viscera_weight': 'belowMean'}",True,Whole_weight,9.75,"{'aboveMean': 189, 'belowMean': 190}",0.125,6,False,False
114,114,60,"{'Shell_weight': 'belowMean', 'Sex': 'F', 'Height': 'aboveMean', 'Shucked_weight': 'aboveMean', 'Length': 'belowMean', 'Diameter': 'belowMean'}",True,,10.0,{},0.0,6,False,True
115,115,60,"{'Shell_weight': 'belowMean', 'Sex': 'F', 'Height': 'aboveMean', 'Shucked_weight': 'aboveMean', 'Length': 'belowMean', 'Diameter': 'aboveMean'}",True,,12.0,{},0.0,6,False,True
116,116,61,"{'Shell_weight': 'belowMean', 'Sex': 'F', 'Height': 'belowMean', 'Whole_weight': 'belowMean', 'Shucked_weight': 'belowMean', 'Viscera_weight': 'belowMean'}",True,Length,9.642105263157895,"{'belowMean': 191, 'aboveMean': 192}",5.068284347231716,6,False,False
117,117,61,"{'Shell_weight': 'belowMean', 'Sex': 'F', 'Height': 'belowMean', 'Whole_weight': 'belowMean', 'Shucked_weight': 'belowMean', 'Viscera_weight': 'aboveMean'}",True,Diameter,11.4,"{'aboveMean': 193, 'belowMean': 194}",7.433333333333333,6,False,False
118,118,62,"{'Shell_weight': 'belowMean', 'Sex': 'F', 'Height': 'belowMean', 'Whole_weight': 'belowMean', 'Shucked_weight': 'aboveMean', 'Viscera_weight': 'belowMean'}",True,Diameter,8.666666666666666,{'aboveMean': 195},0.2222222222222222,6,False,False
119,119,62,"{'Shell_weight': 'belowMean', 'Sex': 'F', 'Height': 'belowMean', 'Whole_weight': 'belowMean', 'Shucked_weight': 'aboveMean', 'Viscera_weight': 'aboveMean'}",True,,8.0,{},0.0,6,False,True
120,120,65,"{'Shell_weight': 'aboveMean', 'Shucked_weight': 'belowMean', 'Sex': 'F', 'Length': 'aboveMean', 'Whole_weight': 'aboveMean', 'Height': 'aboveMean'}",True,Viscera_weight,12.714285714285714,"{'belowMean': 196, 'aboveMean': 197}",9.535119047619048,6,False,False
121,121,65,"{'Shell_weight': 'aboveMean', 'Shucked_weight': 'belowMean', 'Sex': 'F', 'Length': 'aboveMean', 'Whole_weight': 'aboveMean', 'Height': 'belowMean'}",True,Diameter,13.333333333333334,{'aboveMean': 198},10.888888888888888,6,False,False
122,122,66,"{'Shell_weight': 'aboveMean', 'Shucked_weight': 'belowMean', 'Sex': 'F', 'Length': 'aboveMean', 'Whole_weight': 'belowMean', 'Height': 'belowMean'}",True,,16.0,{},0.0,6,False,True
123,123,66,"{'Shell_weight': 'aboveMean', 'Shucked_weight': 'belowMean', 'Sex': 'F', 'Length': 'aboveMean', 'Whole_weight': 'belowMean', 'Height': 'aboveMean'}",True,Diameter,10.0,"{'aboveMean': 199, 'belowMean': 200}",1.3194444444444444,6,False,False
124,124,67,"{'Shell_weight': 'aboveMean', 'Shucked_weight': 'belowMean', 'Sex': 'F', 'Length': 'belowMean', 'Whole_weight': 'belowMean', 'Diameter': 'belowMean'}",True,Height,15.2,"{'aboveMean': 201, 'belowMean': 202}",14.15,6,False,False
125,125,67,"{'Shell_weight': 'aboveMean', 'Shucked_weight': 'belowMean', 'Sex': 'F', 'Length': 'belowMean', 'Whole_weight': 'belowMean', 'Diameter': 'aboveMean'}",True,Height,12.666666666666666,"{'aboveMean': 203, 'belowMean': 204}",0.16666666666666666,6,False,False
126,126,69,"{'Shell_weight': 'aboveMean', 'Shucked_weight': 'belowMean', 'Sex': 'M', 'Length': 'aboveMean', 'Whole_weight': 'belowMean', 'Diameter': 'aboveMean'}",True,Viscera_weight,12.176470588235293,"{'belowMean': 205, 'aboveMean': 206}",7.725490196078432,6,False,False
127,127,69,"{'Shell_weight': 'aboveMean', 'Shucked_weight': 'belowMean', 'Sex': 'M', 'Length': 'aboveMean', 'Whole_weight': 'belowMean', 'Diameter': 'belowMean'}",True,,16.0,{},0.0,6,False,True
128,128,70,"{'Shell_weight': 'aboveMean', 'Shucked_weight': 'belowMean', 'Sex': 'M', 'Length': 'aboveMean', 'Whole_weight': 'aboveMean', 'Diameter': 'aboveMean'}",True,Viscera_weight,13.84,"{'aboveMean': 207, 'belowMean': 208}",10.405333333333333,6,False,False
129,129,70,"{'Shell_weight': 'aboveMean', 'Shucked_weight': 'belowMean', 'Sex': 'M', 'Length': 'aboveMean', 'Whole_weight': 'aboveMean', 'Diameter': 'belowMean'}",True,,17.0,{},0.0,6,False,True
130,130,71,"{'Shell_weight': 'aboveMean', 'Shucked_weight': 'belowMean', 'Sex': 'M', 'Length': 'belowMean', 'Height': 'aboveMean', 'Whole_weight': 'aboveMean'}",True,Diameter,14.666666666666666,"{'aboveMean': 209, 'belowMean': 210}",0.6666666666666666,6,False,False
131,131,71,"{'Shell_weight': 'aboveMean', 'Shucked_weight': 'belowMean', 'Sex': 'M', 'Length': 'belowMean', 'Height': 'aboveMean', 'Whole_weight': 'belowMean'}",True,Diameter,18.333333333333332,"{'belowMean': 211, 'aboveMean': 212}",2.6666666666666665,6,False,False
132,132,72,"{'Shell_weight': 'aboveMean', 'Shucked_weight': 'belowMean', 'Sex': 'M', 'Length': 'belowMean', 'Height': 'belowMean', 'Diameter': 'aboveMean'}",True,,18.0,{},0.0,6,False,True
133,133,72,"{'Shell_weight': 'aboveMean', 'Shucked_weight': 'belowMean', 'Sex': 'M', 'Length': 'belowMean', 'Height': 'belowMean', 'Diameter': 'belowMean'}",True,Viscera_weight,13.0,"{'belowMean': 213, 'aboveMean': 214}",2.0,6,False,False
134,134,73,"{'Shell_weight': 'aboveMean', 'Shucked_weight': 'belowMean', 'Sex': 'I', 'Whole_weight': 'belowMean', 'Length': 'aboveMean', 'Height': 'belowMean'}",True,Viscera_weight,10.75,"{'aboveMean': 215, 'belowMean': 216}",0.625,6,False,False
135,135,73,"{'Shell_weight': 'aboveMean', 'Shucked_weight': 'belowMean', 'Sex': 'I', 'Whole_weight': 'belowMean', 'Length': 'aboveMean', 'Height': 'aboveMean'}",True,Viscera_weight,9.7,"{'belowMean': 217, 'aboveMean': 218}",2.0875,6,False,False
136,136,74,"{'Shell_weight': 'aboveMean', 'Shucked_weight': 'belowMean', 'Sex': 'I', 'Whole_weight': 'belowMean', 'Length': 'belowMean', 'Height': 'aboveMean'}",True,Diameter,12.0,"{'belowMean': 219, 'aboveMean': 220}",6.5,6,False,False
137,137,74,"{'Shell_weight': 'aboveMean', 'Shucked_weight': 'belowMean', 'Sex': 'I', 'Whole_weight': 'belowMean', 'Length': 'belowMean', 'Height': 'belowMean'}",True,,10.0,{},0.0,6,False,True
138,138,75,"{'Shell_weight': 'aboveMean', 'Shucked_weight': 'belowMean', 'Sex': 'I', 'Whole_weight': 'aboveMean', 'Height': 'aboveMean', 'Viscera_weight': 'aboveMean'}",True,Diameter,12.333333333333334,{'aboveMean': 221},20.222222222222225,6,False,False
139,139,75,"{'Shell_weight': 'aboveMean', 'Shucked_weight': 'belowMean', 'Sex': 'I', 'Whole_weight': 'aboveMean', 'Height': 'aboveMean', 'Viscera_weight': 'belowMean'}",True,,13.0,{},0.0,6,False,True
140,140,77,"{'Shell_weight': 'aboveMean', 'Shucked_weight': 'aboveMean', 'Height': 'aboveMean', 'Length': 'aboveMean', 'Whole_weight': 'aboveMean', 'Sex': 'F'}",True,Diameter,11.505119453924914,"{'aboveMean': 222, 'belowMean': 223}",9.579114035396362,6,False,False
141,141,77,"{'Shell_weight': 'aboveMean', 'Shucked_weight': 'aboveMean', 'Height': 'aboveMean', 'Length': 'aboveMean', 'Whole_weight': 'aboveMean', 'Sex': 'I'}",True,Viscera_weight,11.833333333333334,"{'belowMean': 224, 'aboveMean': 225}",9.569444444444445,6,False,False
142,142,77,"{'Shell_weight': 'aboveMean', 'Shucked_weight': 'aboveMean', 'Height': 'aboveMean', 'Length': 'aboveMean', 'Whole_weight': 'aboveMean', 'Sex': 'M'}",True,Diameter,11.431192660550458,"{'aboveMean': 226, 'belowMean': 227}",6.915677004183787,6,False,False
143,143,78,"{'Shell_weight': 'aboveMean', 'Shucked_weight': 'aboveMean', 'Height': 'aboveMean', 'Length': 'aboveMean', 'Whole_weight': 'belowMean', 'Sex': 'F'}",True,,9.0,{},0.0,6,False,True
144,144,78,"{'Shell_weight': 'aboveMean', 'Shucked_weight': 'aboveMean', 'Height': 'aboveMean', 'Length': 'aboveMean', 'Whole_weight': 'belowMean', 'Sex': 'I'}",True,,10.0,{},0.0,6,False,True
145,145,81,"{'Shell_weight': 'aboveMean', 'Shucked_weight': 'aboveMean', 'Height': 'belowMean', 'Length': 'aboveMean', 'Sex': 'F', 'Viscera_weight': 'belowMean'}",True,Diameter,10.25,{'aboveMean': 228},2.1875,6,False,False
146,146,81,"{'Shell_weight': 'aboveMean', 'Shucked_weight': 'aboveMean', 'Height': 'belowMean', 'Length': 'aboveMean', 'Sex': 'F', 'Viscera_weight': 'aboveMean'}",True,Diameter,9.285714285714286,{'aboveMean': 229},0.7755102040816327,6,False,False
147,147,82,"{'Shell_weight': 'aboveMean', 'Shucked_weight': 'aboveMean', 'Height': 'belowMean', 'Length': 'aboveMean', 'Sex': 'I', 'Viscera_weight': 'aboveMean'}",True,Diameter,9.5,{'aboveMean': 230},0.25,6,False,False
148,148,82,"{'Shell_weight': 'aboveMean', 'Shucked_weight': 'aboveMean', 'Height': 'belowMean', 'Length': 'aboveMean', 'Sex': 'I', 'Viscera_weight': 'belowMean'}",True,,9.0,{},0.0,6,False,True
149,149,83,"{'Shell_weight': 'aboveMean', 'Shucked_weight': 'aboveMean', 'Height': 'belowMean', 'Length': 'aboveMean', 'Sex': 'M', 'Viscera_weight': 'aboveMean'}",True,Diameter,10.166666666666666,{'aboveMean': 231},2.8055555555555554,6,False,False
150,150,83,"{'Shell_weight': 'aboveMean', 'Shucked_weight': 'aboveMean', 'Height': 'belowMean', 'Length': 'aboveMean', 'Sex': 'M', 'Viscera_weight': 'belowMean'}",True,,10.0,{},0.0,6,False,True
151,151,84,"{'Shell_weight': 'belowMean', 'Sex': 'M', 'Height': 'belowMean', 'Diameter': 'aboveMean', 'Shucked_weight': 'aboveMean', 'Viscera_weight': 'belowMean', 'Whole_weight': 'aboveMean'}",True,,9.0,{},0.0,7,False,True
152,152,84,"{'Shell_weight': 'belowMean', 'Sex': 'M', 'Height': 'belowMean', 'Diameter': 'aboveMean', 'Shucked_weight': 'aboveMean', 'Viscera_weight': 'belowMean', 'Whole_weight': 'belowMean'}",True,,9.5,{},0.0,7,False,True
153,153,85,"{'Shell_weight': 'belowMean', 'Sex': 'M', 'Height': 'belowMean', 'Diameter': 'aboveMean', 'Shucked_weight': 'aboveMean', 'Viscera_weight': 'aboveMean', 'Whole_weight': 'aboveMean'}",True,,9.0,{},0.0,7,False,True
154,154,85,"{'Shell_weight': 'belowMean', 'Sex': 'M', 'Height': 'belowMean', 'Diameter': 'aboveMean', 'Shucked_weight': 'aboveMean', 'Viscera_weight': 'aboveMean', 'Whole_weight': 'belowMean'}",True,,7.0,{},0.0,7,False,True
155,155,86,"{'Shell_weight': 'belowMean', 'Sex': 'M', 'Height': 'belowMean', 'Diameter': 'aboveMean', 'Shucked_weight': 'belowMean', 'Viscera_weight': 'aboveMean', 'Whole_weight': 'belowMean'}",True,,9.6,{},0.0,7,False,True
156,156,86,"{'Shell_weight': 'belowMean', 'Sex': 'M', 'Height': 'belowMean', 'Diameter': 'aboveMean', 'Shucked_weight': 'belowMean', 'Viscera_weight': 'aboveMean', 'Whole_weight': 'aboveMean'}",True,,9.0,{},0.0,7,False,True
157,157,87,"{'Shell_weight': 'belowMean', 'Sex': 'M', 'Height': 'belowMean', 'Diameter': 'aboveMean', 'Shucked_weight': 'belowMean', 'Viscera_weight': 'belowMean', 'Length': 'aboveMean'}",True,,10.538461538461538,{},0.0,7,False,True
158,158,87,"{'Shell_weight': 'belowMean', 'Sex': 'M', 'Height': 'belowMean', 'Diameter': 'aboveMean', 'Shucked_weight': 'belowMean', 'Viscera_weight': 'belowMean', 'Length': 'belowMean'}",True,,11.666666666666666,{},0.0,7,False,True
159,159,88,"{'Shell_weight': 'belowMean', 'Sex': 'M', 'Height': 'belowMean', 'Diameter': 'belowMean', 'Shucked_weight': 'belowMean', 'Viscera_weight': 'belowMean', 'Length': 'belowMean'}",True,,8.753968253968255,{},0.0,7,False,True
160,160,89,"{'Shell_weight': 'belowMean', 'Sex': 'M', 'Height': 'belowMean', 'Diameter': 'belowMean', 'Shucked_weight': 'belowMean', 'Viscera_weight': 'aboveMean', 'Length': 'belowMean'}",True,,9.666666666666666,{},0.0,7,False,True
161,161,90,"{'Shell_weight': 'belowMean', 'Sex': 'M', 'Height': 'belowMean', 'Diameter': 'belowMean', 'Shucked_weight': 'aboveMean', 'Whole_weight': 'belowMean', 'Length': 'aboveMean'}",True,,7.5,{},0.0,7,False,True
162,162,90,"{'Shell_weight': 'belowMean', 'Sex': 'M', 'Height': 'belowMean', 'Diameter': 'belowMean', 'Shucked_weight': 'aboveMean', 'Whole_weight': 'belowMean', 'Length': 'belowMean'}",True,,8.0,{},0.0,7,False,True
163,163,92,"{'Shell_weight': 'belowMean', 'Sex': 'M', 'Height': 'aboveMean', 'Length': 'aboveMean', 'Diameter': 'aboveMean', 'Whole_weight': 'belowMean', 'Viscera_weight': 'belowMean'}",True,,8.76923076923077,{},0.0,7,False,True
164,164,92,"{'Shell_weight': 'belowMean', 'Sex': 'M', 'Height': 'aboveMean', 'Length': 'aboveMean', 'Diameter': 'aboveMean', 'Whole_weight': 'belowMean', 'Viscera_weight': 'aboveMean'}",True,,8.0,{},0.0,7,False,True
165,165,93,"{'Shell_weight': 'belowMean', 'Sex': 'M', 'Height': 'aboveMean', 'Length': 'aboveMean', 'Diameter': 'aboveMean', 'Whole_weight': 'aboveMean', 'Shucked_weight': 'aboveMean'}",True,,8.866666666666667,{},0.0,7,False,True
166,166,93,"{'Shell_weight': 'belowMean', 'Sex': 'M', 'Height': 'aboveMean', 'Length': 'aboveMean', 'Diameter': 'aboveMean', 'Whole_weight': 'aboveMean', 'Shucked_weight': 'belowMean'}",True,,11.0,{},0.0,7,False,True
167,167,94,"{'Shell_weight': 'belowMean', 'Sex': 'M', 'Height': 'aboveMean', 'Length': 'belowMean', 'Viscera_weight': 'belowMean', 'Diameter': 'belowMean', 'Shucked_weight': 'belowMean'}",True,,10.578947368421053,{},0.0,7,False,True
168,168,94,"{'Shell_weight': 'belowMean', 'Sex': 'M', 'Height': 'aboveMean', 'Length': 'belowMean', 'Viscera_weight': 'belowMean', 'Diameter': 'belowMean', 'Shucked_weight': 'aboveMean'}",True,,10.0,{},0.0,7,False,True
169,169,95,"{'Shell_weight': 'belowMean', 'Sex': 'M', 'Height': 'aboveMean', 'Length': 'belowMean', 'Viscera_weight': 'belowMean', 'Diameter': 'aboveMean', 'Shucked_weight': 'aboveMean'}",True,,8.5,{},0.0,7,False,True
170,170,95,"{'Shell_weight': 'belowMean', 'Sex': 'M', 'Height': 'aboveMean', 'Length': 'belowMean', 'Viscera_weight': 'belowMean', 'Diameter': 'aboveMean', 'Shucked_weight': 'belowMean'}",True,,7.0,{},0.0,7,False,True
171,171,96,"{'Shell_weight': 'belowMean', 'Sex': 'M', 'Height': 'aboveMean', 'Length': 'belowMean', 'Viscera_weight': 'aboveMean', 'Shucked_weight': 'belowMean', 'Diameter': 'belowMean'}",True,,12.25,{},0.0,7,False,True
172,172,96,"{'Shell_weight': 'belowMean', 'Sex': 'M', 'Height': 'aboveMean', 'Length': 'belowMean', 'Viscera_weight': 'aboveMean', 'Shucked_weight': 'belowMean', 'Diameter': 'aboveMean'}",True,,14.0,{},0.0,7,False,True
173,173,98,"{'Shell_weight': 'belowMean', 'Sex': 'I', 'Diameter': 'belowMean', 'Height': 'belowMean', 'Length': 'belowMean', 'Shucked_weight': 'belowMean', 'Viscera_weight': 'belowMean'}",True,,6.980099502487562,{},0.0,7,False,True
174,174,99,"{'Shell_weight': 'belowMean', 'Sex': 'I', 'Diameter': 'belowMean', 'Height': 'belowMean', 'Length': 'belowMean', 'Shucked_weight': 'aboveMean', 'Viscera_weight': 'belowMean'}",True,,7.5,{},0.0,7,False,True
175,175,101,"{'Shell_weight': 'belowMean', 'Sex': 'I', 'Diameter': 'belowMean', 'Height': 'belowMean', 'Length': 'aboveMean', 'Shucked_weight': 'belowMean', 'Viscera_weight': 'belowMean'}",True,,8.555555555555555,{},0.0,7,False,True
176,176,102,"{'Shell_weight': 'belowMean', 'Sex': 'I', 'Diameter': 'belowMean', 'Height': 'aboveMean', 'Shucked_weight': 'belowMean', 'Length': 'belowMean', 'Viscera_weight': 'belowMean'}",True,,9.176470588235293,{},0.0,7,False,True
177,177,103,"{'Shell_weight': 'belowMean', 'Sex': 'I', 'Diameter': 'aboveMean', 'Height': 'aboveMean', 'Whole_weight': 'belowMean', 'Viscera_weight': 'belowMean', 'Shucked_weight': 'belowMean'}",True,,10.5,{},0.0,7,False,True
178,178,103,"{'Shell_weight': 'belowMean', 'Sex': 'I', 'Diameter': 'aboveMean', 'Height': 'aboveMean', 'Whole_weight': 'belowMean', 'Viscera_weight': 'belowMean', 'Shucked_weight': 'aboveMean'}",True,,10.0,{},0.0,7,False,True
179,179,105,"{'Shell_weight': 'belowMean', 'Sex': 'I', 'Diameter': 'aboveMean', 'Height': 'aboveMean', 'Whole_weight': 'aboveMean', 'Viscera_weight': 'belowMean', 'Length': 'aboveMean'}",True,,9.25,{},0.0,7,False,True
180,180,107,"{'Shell_weight': 'belowMean', 'Sex': 'I', 'Diameter': 'aboveMean', 'Height': 'belowMean', 'Length': 'aboveMean', 'Whole_weight': 'belowMean', 'Shucked_weight': 'belowMean'}",True,,9.0,{},0.0,7,False,True
181,181,107,"{'Shell_weight': 'belowMean', 'Sex': 'I', 'Diameter': 'aboveMean', 'Height': 'belowMean', 'Length': 'aboveMean', 'Whole_weight': 'belowMean', 'Shucked_weight': 'aboveMean'}",True,,9.0,{},0.0,7,False,True
182,182,109,"{'Shell_weight': 'belowMean', 'Sex': 'I', 'Diameter': 'aboveMean', 'Height': 'belowMean', 'Length': 'belowMean', 'Shucked_weight': 'belowMean', 'Viscera_weight': 'belowMean'}",True,,11.0,{},0.0,7,False,True
183,183,110,"{'Shell_weight': 'belowMean', 'Sex': 'F', 'Height': 'aboveMean', 'Shucked_weight': 'belowMean', 'Whole_weight': 'belowMean', 'Diameter': 'belowMean', 'Length': 'belowMean'}",True,,11.476190476190476,{},0.0,7,False,True
184,184,110,"{'Shell_weight': 'belowMean', 'Sex': 'F', 'Height': 'aboveMean', 'Shucked_weight': 'belowMean', 'Whole_weight': 'belowMean', 'Diameter': 'belowMean', 'Length': 'aboveMean'}",True,,10.0,{},0.0,7,False,True
185,185,111,"{'Shell_weight': 'belowMean', 'Sex': 'F', 'Height': 'aboveMean', 'Shucked_weight': 'belowMean', 'Whole_weight': 'belowMean', 'Diameter': 'aboveMean', 'Length': 'aboveMean'}",True,,12.11111111111111,{},0.0,7,False,True
186,186,111,"{'Shell_weight': 'belowMean', 'Sex': 'F', 'Height': 'aboveMean', 'Shucked_weight': 'belowMean', 'Whole_weight': 'belowMean', 'Diameter': 'aboveMean', 'Length': 'belowMean'}",True,,11.75,{},0.0,7,False,True
187,187,112,"{'Shell_weight': 'belowMean', 'Sex': 'F', 'Height': 'aboveMean', 'Shucked_weight': 'aboveMean', 'Length': 'aboveMean', 'Viscera_weight': 'aboveMean', 'Whole_weight': 'aboveMean'}",True,,8.88888888888889,{},0.0,7,False,True
188,188,112,"{'Shell_weight': 'belowMean', 'Sex': 'F', 'Height': 'aboveMean', 'Shucked_weight': 'aboveMean', 'Length': 'aboveMean', 'Viscera_weight': 'aboveMean', 'Whole_weight': 'belowMean'}",True,,9.0,{},0.0,7,False,True
189,189,113,"{'Shell_weight': 'belowMean', 'Sex': 'F', 'Height': 'aboveMean', 'Shucked_weight': 'aboveMean', 'Length': 'aboveMean', 'Viscera_weight': 'belowMean', 'Whole_weight': 'aboveMean'}",True,,10.5,{},0.0,7,False,True
190,190,113,"{'Shell_weight': 'belowMean', 'Sex': 'F', 'Height': 'aboveMean', 'Shucked_weight': 'aboveMean', 'Length': 'aboveMean', 'Viscera_weight': 'belowMean', 'Whole_weight': 'belowMean'}",True,,9.0,{},0.0,7,False,True
191,191,116,"{'Shell_weight': 'belowMean', 'Sex': 'F', 'Height': 'belowMean', 'Whole_weight': 'belowMean', 'Shucked_weight': 'belowMean', 'Viscera_weight': 'belowMean', 'Length': 'belowMean'}",True,,9.659090909090908,{},0.0,7,False,True
192,192,116,"{'Shell_weight': 'belowMean', 'Sex': 'F', 'Height': 'belowMean', 'Whole_weight': 'belowMean', 'Shucked_weight': 'belowMean', 'Viscera_weight': 'belowMean', 'Length': 'aboveMean'}",True,,9.428571428571429,{},0.0,7,False,True
193,193,117,"{'Shell_weight': 'belowMean', 'Sex': 'F', 'Height': 'belowMean', 'Whole_weight': 'belowMean', 'Shucked_weight': 'belowMean', 'Viscera_weight': 'aboveMean', 'Diameter': 'aboveMean'}",True,,9.5,{},0.0,7,False,True
194,194,117,"{'Shell_weight': 'belowMean', 'Sex': 'F', 'Height': 'belowMean', 'Whole_weight': 'belowMean', 'Shucked_weight': 'belowMean', 'Viscera_weight': 'aboveMean', 'Diameter': 'belowMean'}",True,,12.666666666666666,{},0.0,7,False,True
195,195,118,"{'Shell_weight': 'belowMean', 'Sex': 'F', 'Height': 'belowMean', 'Whole_weight': 'belowMean', 'Shucked_weight': 'aboveMean', 'Viscera_weight': 'belowMean', 'Diameter': 'aboveMean'}",True,,8.666666666666666,{},0.0,7,False,True
196,196,120,"{'Shell_weight': 'aboveMean', 'Shucked_weight': 'belowMean', 'Sex': 'F', 'Length': 'aboveMean', 'Whole_weight': 'aboveMean', 'Height': 'aboveMean', 'Viscera_weight': 'belowMean'}",True,,12.8,{},0.0,7,False,True
197,197,120,"{'Shell_weight': 'aboveMean', 'Shucked_weight': 'belowMean', 'Sex': 'F', 'Length': 'aboveMean', 'Whole_weight': 'aboveMean', 'Height': 'aboveMean', 'Viscera_weight': 'aboveMean'}",True,,12.6875,{},0.0,7,False,True
198,198,121,"{'Shell_weight': 'aboveMean', 'Shucked_weight': 'belowMean', 'Sex': 'F', 'Length': 'aboveMean', 'Whole_weight': 'aboveMean', 'Height': 'belowMean', 'Diameter': 'aboveMean'}",True,,13.333333333333334,{},0.0,7,False,True
199,199,123,"{'Shell_weight': 'aboveMean', 'Shucked_weight': 'belowMean', 'Sex': 'F', 'Length': 'aboveMean', 'Whole_weight': 'belowMean', 'Height': 'aboveMean', 'Diameter': 'aboveMean'}",True,,10.375,{},0.0,7,False,True
200,200,123,"{'Shell_weight': 'aboveMean', 'Shucked_weight': 'belowMean', 'Sex': 'F', 'Length': 'aboveMean', 'Whole_weight': 'belowMean', 'Height': 'aboveMean', 'Diameter': 'belowMean'}",True,,7.0,{},0.0,7,False,True
201,201,124,"{'Shell_weight': 'aboveMean', 'Shucked_weight': 'belowMean', 'Sex': 'F', 'Length': 'belowMean', 'Whole_weight': 'belowMean', 'Diameter': 'belowMean', 'Height': 'aboveMean'}",True,,15.75,{},0.0,7,False,True
202,202,124,"{'Shell_weight': 'aboveMean', 'Shucked_weight': 'belowMean', 'Sex': 'F', 'Length': 'belowMean', 'Whole_weight': 'belowMean', 'Diameter': 'belowMean', 'Height': 'belowMean'}",True,,13.0,{},0.0,7,False,True
203,203,125,"{'Shell_weight': 'aboveMean', 'Shucked_weight': 'belowMean', 'Sex': 'F', 'Length': 'belowMean', 'Whole_weight': 'belowMean', 'Diameter': 'aboveMean', 'Height': 'aboveMean'}",True,,12.5,{},0.0,7,False,True
204,204,125,"{'Shell_weight': 'aboveMean', 'Shucked_weight': 'belowMean', 'Sex': 'F', 'Length': 'belowMean', 'Whole_weight': 'belowMean', 'Diameter': 'aboveMean', 'Height': 'belowMean'}",True,,13.0,{},0.0,7,False,True
205,205,126,"{'Shell_weight': 'aboveMean', 'Shucked_weight': 'belowMean', 'Sex': 'M', 'Length': 'aboveMean', 'Whole_weight': 'belowMean', 'Diameter': 'aboveMean', 'Viscera_weight': 'belowMean'}",True,,12.333333333333334,{},0.0,7,False,True
206,206,126,"{'Shell_weight': 'aboveMean', 'Shucked_weight': 'belowMean', 'Sex': 'M', 'Length': 'aboveMean', 'Whole_weight': 'belowMean', 'Diameter': 'aboveMean', 'Viscera_weight': 'aboveMean'}",True,,11.0,{},0.0,7,False,True
207,207,128,"{'Shell_weight': 'aboveMean', 'Shucked_weight': 'belowMean', 'Sex': 'M', 'Length': 'aboveMean', 'Whole_weight': 'aboveMean', 'Diameter': 'aboveMean', 'Viscera_weight': 'aboveMean'}",True,,13.466666666666667,{},0.0,7,False,True
208,208,128,"{'Shell_weight': 'aboveMean', 'Shucked_weight': 'belowMean', 'Sex': 'M', 'Length': 'aboveMean', 'Whole_weight': 'aboveMean', 'Diameter': 'aboveMean', 'Viscera_weight': 'belowMean'}",True,,14.4,{},0.0,7,False,True
209,209,130,"{'Shell_weight': 'aboveMean', 'Shucked_weight': 'belowMean', 'Sex': 'M', 'Length': 'belowMean', 'Height': 'aboveMean', 'Whole_weight': 'aboveMean', 'Diameter': 'aboveMean'}",True,,18.0,{},0.0,7,False,True
210,210,130,"{'Shell_weight': 'aboveMean', 'Shucked_weight': 'belowMean', 'Sex': 'M', 'Length': 'belowMean', 'Height': 'aboveMean', 'Whole_weight': 'aboveMean', 'Diameter': 'belowMean'}",True,,13.0,{},0.0,7,False,True
211,211,131,"{'Shell_weight': 'aboveMean', 'Shucked_weight': 'belowMean', 'Sex': 'M', 'Length': 'belowMean', 'Height': 'aboveMean', 'Whole_weight': 'belowMean', 'Diameter': 'belowMean'}",True,,21.0,{},0.0,7,False,True
212,212,131,"{'Shell_weight': 'aboveMean', 'Shucked_weight': 'belowMean', 'Sex': 'M', 'Length': 'belowMean', 'Height': 'aboveMean', 'Whole_weight': 'belowMean', 'Diameter': 'aboveMean'}",True,,13.0,{},0.0,7,False,True
213,213,133,"{'Shell_weight': 'aboveMean', 'Shucked_weight': 'belowMean', 'Sex': 'M', 'Length': 'belowMean', 'Height': 'belowMean', 'Diameter': 'belowMean', 'Viscera_weight': 'belowMean'}",True,,13.0,{},0.0,7,False,True
214,214,133,"{'Shell_weight': 'aboveMean', 'Shucked_weight': 'belowMean', 'Sex': 'M', 'Length': 'belowMean', 'Height': 'belowMean', 'Diameter': 'belowMean', 'Viscera_weight': 'aboveMean'}",True,,13.0,{},0.0,7,False,True
215,215,134,"{'Shell_weight': 'aboveMean', 'Shucked_weight': 'belowMean', 'Sex': 'I', 'Whole_weight': 'belowMean', 'Length': 'aboveMean', 'Height': 'belowMean', 'Viscera_weight': 'aboveMean'}",True,,11.0,{},0.0,7,False,True
216,216,134,"{'Shell_weight': 'aboveMean', 'Shucked_weight': 'belowMean', 'Sex': 'I', 'Whole_weight': 'belowMean', 'Length': 'aboveMean', 'Height': 'belowMean', 'Viscera_weight': 'belowMean'}",True,,10.5,{},0.0,7,False,True
217,217,135,"{'Shell_weight': 'aboveMean', 'Shucked_weight': 'belowMean', 'Sex': 'I', 'Whole_weight': 'belowMean', 'Length': 'aboveMean', 'Height': 'aboveMean', 'Viscera_weight': 'belowMean'}",True,,10.125,{},0.0,7,False,True
218,218,135,"{'Shell_weight': 'aboveMean', 'Shucked_weight': 'belowMean', 'Sex': 'I', 'Whole_weight': 'belowMean', 'Length': 'aboveMean', 'Height': 'aboveMean', 'Viscera_weight': 'aboveMean'}",True,,8.0,{},0.0,7,False,True
219,219,136,"{'Shell_weight': 'aboveMean', 'Shucked_weight': 'belowMean', 'Sex': 'I', 'Whole_weight': 'belowMean', 'Length': 'belowMean', 'Height': 'aboveMean', 'Diameter': 'belowMean'}",True,,11.0,{},0.0,7,False,True
220,220,136,"{'Shell_weight': 'aboveMean', 'Shucked_weight': 'belowMean', 'Sex': 'I', 'Whole_weight': 'belowMean', 'Length': 'belowMean', 'Height': 'aboveMean', 'Diameter': 'aboveMean'}",True,,15.0,{},0.0,7,False,True
221,221,138,"{'Shell_weight': 'aboveMean', 'Shucked_weight': 'belowMean', 'Sex': 'I', 'Whole_weight': 'aboveMean', 'Height': 'aboveMean', 'Viscera_weight': 'aboveMean', 'Diameter': 'aboveMean'}",True,,12.333333333333334,{},0.0,7,False,True
222,222,140,"{'Shell_weight': 'aboveMean', 'Shucked_weight': 'aboveMean', 'Height': 'aboveMean', 'Length': 'aboveMean', 'Whole_weight': 'aboveMean', 'Sex': 'F', 'Diameter': 'aboveMean'}",True,,11.515463917525773,{},0.0,7,False,True
223,223,140,"{'Shell_weight': 'aboveMean', 'Shucked_weight': 'aboveMean', 'Height': 'aboveMean', 'Length': 'aboveMean', 'Whole_weight': 'aboveMean', 'Sex': 'F', 'Diameter': 'belowMean'}",True,,10.0,{},0.0,7,False,True
224,224,141,"{'Shell_weight': 'aboveMean', 'Shucked_weight': 'aboveMean', 'Height': 'aboveMean', 'Length': 'aboveMean', 'Whole_weight': 'aboveMean', 'Sex': 'I', 'Viscera_weight': 'belowMean'}",True,,9.5,{},0.0,7,False,True
225,225,141,"{'Shell_weight': 'aboveMean', 'Shucked_weight': 'aboveMean', 'Height': 'aboveMean', 'Length': 'aboveMean', 'Whole_weight': 'aboveMean', 'Sex': 'I', 'Viscera_weight': 'aboveMean'}",True,,12.125,{},0.0,7,False,True
226,226,142,"{'Shell_weight': 'aboveMean', 'Shucked_weight': 'aboveMean', 'Height': 'aboveMean', 'Length': 'aboveMean', 'Whole_weight': 'aboveMean', 'Sex': 'M', 'Diameter': 'aboveMean'}",True,,11.420245398773005,{},0.0,7,False,True
227,227,142,"{'Shell_weight': 'aboveMean', 'Shucked_weight': 'aboveMean', 'Height': 'aboveMean', 'Length': 'aboveMean', 'Whole_weight': 'aboveMean', 'Sex': 'M', 'Diameter': 'belowMean'}",True,,15.0,{},0.0,7,False,True
228,228,145,"{'Shell_weight': 'aboveMean', 'Shucked_weight': 'aboveMean', 'Height': 'belowMean', 'Length': 'aboveMean', 'Sex': 'F', 'Viscera_weight': 'belowMean', 'Diameter': 'aboveMean'}",True,,10.25,{},0.0,7,False,True
229,229,146,"{'Shell_weight': 'aboveMean', 'Shucked_weight': 'aboveMean', 'Height': 'belowMean', 'Length': 'aboveMean', 'Sex': 'F', 'Viscera_weight': 'aboveMean', 'Diameter': 'aboveMean'}",True,,9.285714285714286,{},0.0,7,False,True
230,230,147,"{'Shell_weight': 'aboveMean', 'Shucked_weight': 'aboveMean', 'Height': 'belowMean', 'Length': 'aboveMean', 'Sex': 'I', 'Viscera_weight': 'aboveMean', 'Diameter': 'aboveMean'}",True,,9.5,{},0.0,7,False,True
231,231,149,"{'Shell_weight': 'aboveMean', 'Shucked_weight': 'aboveMean', 'Height': 'belowMean', 'Length': 'aboveMean', 'Sex': 'M', 'Viscera_weight': 'aboveMean', 'Diameter': 'aboveMean'}",True,,10.166666666666666,{},0.0,7,False,True
