,MYCT,MMIN,MMAX,CACH,CHMIN,CHMAX,Class,leafDecisionNode,leafParentNode,classPrediction,success,treeID
2,29.0,8000.0,32000.0,32.0,8.0,32.0,220,4,1,138.0,6724.0,1
3,29.0,8000.0,32000.0,32.0,8.0,32.0,172,4,1,138.0,1156.0,1
6,23.0,16000.0,32000.0,64.0,16.0,32.0,367,4,1,138.0,52441.0,1
7,23.0,16000.0,32000.0,64.0,16.0,32.0,489,4,1,138.0,123201.0,1
9,23.0,32000.0,64000.0,128.0,32.0,64.0,1144,29,15,526.2857142857143,381570.9387755101,1
11,400.0,512.0,3500.0,4.0,1.0,6.0,40,40,25,25.13043478260869,221.10396975425354,1
12,60.0,2000.0,8000.0,65.0,1.0,8.0,92,4,1,138.0,2116.0,1
15,200.0,512.0,16000.0,0.0,4.0,32.0,35,39,24,59.5,600.25,1
17,143.0,512.0,5000.0,0.0,7.0,32.0,28,38,24,83.0,3025.0,1
18,143.0,1000.0,2000.0,0.0,5.0,16.0,31,38,24,83.0,2704.0,1
21,143.0,3100.0,6200.0,0.0,5.0,20.0,33,6,2,113.25,6440.0625,1
28,320.0,512.0,5000.0,4.0,1.0,5.0,77,40,25,25.13043478260869,2690.4517958412107,1
31,25.0,1310.0,2620.0,131.0,12.0,24.0,368,4,1,138.0,52900.0,1
32,50.0,2620.0,10480.0,30.0,12.0,24.0,32,4,1,138.0,11236.0,1
34,56.0,5240.0,20970.0,30.0,12.0,24.0,106,4,1,138.0,1024.0,1
37,50.0,1000.0,4000.0,8.0,1.0,5.0,29,36,23,38.61111111111112,92.37345679012365,1
40,50.0,1000.0,8000.0,8.0,3.0,5.0,36,39,24,59.5,552.25,1
47,810.0,1000.0,5000.0,0.0,1.0,1.0,20,40,25,25.13043478260869,26.32136105860106,1
50,700.0,384.0,8000.0,0.0,1.0,1.0,24,40,25,25.13043478260869,1.2778827977315523,1
51,700.0,256.0,2000.0,0.0,1.0,1.0,24,40,25,25.13043478260869,1.2778827977315523,1
52,140.0,1000.0,16000.0,16.0,1.0,3.0,138,37,23,59.25,6201.5625,1
54,110.0,1000.0,4000.0,16.0,1.0,2.0,26,36,23,38.61111111111112,159.04012345679038,1
56,220.0,1000.0,8000.0,16.0,1.0,2.0,71,37,23,59.25,138.0625,1
57,800.0,256.0,8000.0,0.0,1.0,4.0,12,40,25,25.13043478260869,172.40831758034008,1
59,800.0,256.0,8000.0,0.0,1.0,4.0,20,40,25,25.13043478260869,26.32136105860106,1
60,800.0,256.0,8000.0,0.0,1.0,4.0,16,40,25,25.13043478260869,83.36483931947056,1
61,800.0,256.0,8000.0,0.0,1.0,4.0,22,40,25,25.13043478260869,9.799621928166305,1
62,125.0,512.0,1000.0,0.0,8.0,20.0,36,38,24,83.0,2209.0,1
64,75.0,2000.0,16000.0,64.0,1.0,38.0,144,4,1,138.0,36.0,1
66,90.0,256.0,1000.0,0.0,3.0,10.0,17,38,24,83.0,4356.0,1
69,105.0,2000.0,4000.0,8.0,3.0,19.0,32,6,2,113.25,6601.5625,1
70,75.0,2000.0,8000.0,8.0,3.0,24.0,62,6,2,113.25,2626.5625,1
74,300.0,768.0,3000.0,6.0,6.0,24.0,44,41,26,43.0,1.0,1
82,300.0,1000.0,16000.0,8.0,2.0,112.0,38,42,26,58.333333333333336,413.4444444444445,1
85,140.0,2000.0,4000.0,0.0,3.0,6.0,29,6,2,113.25,7098.0625,1
92,140.0,2000.0,4000.0,8.0,1.0,20.0,22,6,2,113.25,8326.5625,1
94,57.0,4000.0,24000.0,64.0,12.0,16.0,237,4,1,138.0,9801.0,1
96,26.0,16000.0,32000.0,64.0,8.0,24.0,465,4,1,138.0,106929.0,1
98,26.0,8000.0,16000.0,0.0,8.0,16.0,185,6,2,113.25,5148.0625,1
99,480.0,96.0,512.0,0.0,1.0,1.0,6,40,25,25.13043478260869,365.9735349716443,1
100,203.0,1000.0,2000.0,0.0,1.0,5.0,24,36,23,38.61111111111112,213.48456790123487,1
101,115.0,512.0,6000.0,16.0,1.0,6.0,45,37,23,59.25,203.0625,1
105,400.0,2000.0,4000.0,0.0,1.0,1.0,32,6,2,113.25,6601.5625,1
110,900.0,1000.0,4000.0,8.0,1.0,2.0,22,40,25,25.13043478260869,9.799621928166305,1
115,185.0,2000.0,16000.0,16.0,1.0,6.0,76,6,2,113.25,1387.5625,1
116,180.0,2000.0,16000.0,16.0,1.0,6.0,66,6,2,113.25,2232.5625,1
118,25.0,2000.0,12000.0,8.0,1.0,4.0,49,6,2,113.25,4128.0625,1
119,25.0,2000.0,12000.0,16.0,3.0,5.0,66,6,2,113.25,2232.5625,1
125,50.0,2000.0,4000.0,0.0,3.0,6.0,27,6,2,113.25,7439.0625,1
127,50.0,2000.0,8000.0,8.0,1.0,6.0,56,6,2,113.25,3277.5625,1
128,50.0,2000.0,16000.0,24.0,1.0,6.0,70,6,2,113.25,1870.5625,1
131,100.0,1000.0,8000.0,0.0,2.0,6.0,16,39,24,59.5,1892.25,1
140,92.0,2000.0,8000.0,32.0,1.0,6.0,62,4,1,138.0,5776.0,1
141,92.0,2000.0,8000.0,32.0,1.0,6.0,60,4,1,138.0,6084.0,1
142,92.0,2000.0,8000.0,4.0,1.0,6.0,50,6,2,113.25,4000.5625,1
145,60.0,2000.0,16000.0,64.0,5.0,8.0,74,4,1,138.0,4096.0,1
151,40.0,8000.0,32000.0,64.0,8.0,24.0,277,4,1,138.0,19321.0,1
153,38.0,16000.0,32000.0,128.0,16.0,32.0,510,4,1,138.0,138384.0,1
154,48.0,4000.0,24000.0,32.0,8.0,24.0,214,4,1,138.0,5776.0,1
155,38.0,8000.0,32000.0,64.0,8.0,24.0,326,4,1,138.0,35344.0,1
157,112.0,1000.0,1000.0,0.0,1.0,4.0,8,36,23,38.61111111111112,937.0401234567908,1
167,38.0,8000.0,16000.0,64.0,4.0,8.0,100,4,1,138.0,1444.0,1
169,38.0,4000.0,16000.0,128.0,16.0,32.0,212,4,1,138.0,5476.0,1
170,200.0,1000.0,2000.0,0.0,1.0,2.0,25,36,23,38.61111111111112,185.2623456790126,1
172,200.0,2000.0,8000.0,64.0,1.0,5.0,41,4,1,138.0,9409.0,1
175,250.0,1000.0,16000.0,1.0,1.0,8.0,50,37,23,59.25,85.5625,1
177,160.0,512.0,2000.0,2.0,3.0,8.0,32,38,24,83.0,2601.0,1
178,160.0,1000.0,4000.0,8.0,1.0,14.0,38,36,23,38.61111111111112,0.37345679012346933,1
180,160.0,2000.0,8000.0,32.0,1.0,13.0,109,4,1,138.0,841.0,1
183,105.0,2000.0,4000.0,8.0,3.0,8.0,22,6,2,113.25,8326.5625,1
184,105.0,2000.0,6000.0,16.0,6.0,16.0,33,6,2,113.25,6440.0625,1
187,70.0,4000.0,12000.0,8.0,6.0,8.0,75,6,2,113.25,1463.0625,1
189,59.0,8000.0,16000.0,64.0,12.0,24.0,188,4,1,138.0,2500.0,1
191,26.0,8000.0,32000.0,64.0,12.0,16.0,248,4,1,138.0,12100.0,1
192,26.0,8000.0,32000.0,128.0,24.0,32.0,405,4,1,138.0,71289.0,1
193,116.0,2000.0,8000.0,32.0,5.0,28.0,70,4,1,138.0,4624.0,1
194,50.0,2000.0,32000.0,24.0,6.0,26.0,114,6,2,113.25,0.5625,1
198,30.0,8000.0,64000.0,96.0,12.0,176.0,915,29,15,526.2857142857143,151098.7959183673,1
200,180.0,262.0,4000.0,0.0,1.0,3.0,12,36,23,38.61111111111112,708.1512345679017,1
204,124.0,1000.0,8000.0,0.0,1.0,8.0,42,37,23,59.25,297.5625,1
205,98.0,1000.0,8000.0,32.0,2.0,8.0,46,4,1,138.0,8464.0,1
206,125.0,2000.0,8000.0,0.0,2.0,14.0,52,6,2,113.25,3751.5625,1
207,480.0,512.0,8000.0,32.0,0.0,0.0,67,4,1,138.0,5041.0,1
35,64.0,5240.0,20970.0,30.0,12.0,24.0,208,9,4,75.0,17689.0,2
5,26.0,8000.0,32000.0,64.0,8.0,32.0,318,8,4,192.5,15750.25,2
65,75.0,2000.0,16000.0,128.0,1.0,38.0,259,24,13,144.0,13225.0,2
68,105.0,1000.0,4000.0,0.0,3.0,24.0,32,30,18,32.2,0.04000000000000114,2
27,320.0,256.0,3000.0,4.0,1.0,3.0,27,28,17,29.0,4.0,2
161,56.0,2000.0,8000.0,0.0,1.0,8.0,24,34,20,91.33333333333331,4533.777777777776,2
97,26.0,8000.0,32000.0,0.0,8.0,24.0,277,8,4,192.5,7140.25,2
173,250.0,512.0,4000.0,0.0,1.0,7.0,25,31,18,34.90909090909091,98.19008264462805,2
158,84.0,1000.0,2000.0,0.0,1.0,6.0,12,31,18,34.90909090909091,524.8264462809916,2
203,180.0,512.0,4000.0,0.0,1.0,3.0,21,31,18,34.90909090909091,193.4628099173553,2
164,56.0,4000.0,16000.0,0.0,1.0,8.0,46,9,4,75.0,841.0,2
133,100.0,1000.0,8000.0,24.0,3.0,6.0,32,37,21,74.0,1764.0,2
188,59.0,4000.0,12000.0,32.0,6.0,12.0,113,9,4,75.0,1444.0,2
199,30.0,8000.0,64000.0,128.0,12.0,176.0,1150,25,14,400.6666666666667,561500.4444444444,2
185,105.0,2000.0,8000.0,16.0,4.0,14.0,58,24,13,144.0,7396.0,2
147,50.0,4000.0,16000.0,64.0,5.0,10.0,111,9,4,75.0,1296.0,2
75,300.0,768.0,12000.0,6.0,6.0,24.0,50,35,20,114.0,4096.0,2
89,140.0,2000.0,8000.0,32.0,1.0,54.0,66,24,13,144.0,6084.0,2
46,810.0,512.0,512.0,8.0,1.0,1.0,18,28,17,29.0,121.0,2
138,115.0,2000.0,8000.0,16.0,1.0,3.0,50,36,21,73.8,566.4399999999998,2
48,320.0,512.0,8000.0,4.0,1.0,5.0,40,32,19,36.5,12.25,2
73,300.0,768.0,3000.0,0.0,6.0,24.0,36,29,17,44.0,64.0,2
87,140.0,2000.0,4000.0,8.0,1.0,20.0,35,31,18,34.90909090909091,0.008264462809917826,2
22,143.0,2300.0,6200.0,0.0,6.0,64.0,61,35,20,114.0,2809.0,2
38,50.0,2000.0,8000.0,8.0,1.0,5.0,71,34,20,91.33333333333331,413.44444444444366,2
77,300.0,384.0,12000.0,6.0,1.0,24.0,53,35,20,114.0,3721.0,2
39,50.0,1000.0,4000.0,8.0,3.0,5.0,26,30,18,32.2,38.44000000000003,2
80,330.0,1000.0,3000.0,0.0,2.0,4.0,16,28,17,29.0,169.0,2
83,330.0,1000.0,2000.0,0.0,1.0,2.0,16,28,17,29.0,169.0,2
156,30.0,16000.0,32000.0,256.0,16.0,24.0,510,8,4,192.5,100806.25,2
107,900.0,1000.0,1000.0,0.0,1.0,2.0,11,28,17,29.0,324.0,2
24,320.0,128.0,6000.0,0.0,1.0,12.0,23,32,19,36.5,182.25,2
135,50.0,2000.0,16000.0,24.0,6.0,16.0,54,24,13,144.0,8100.0,2
29,320.0,256.0,5000.0,4.0,1.0,6.0,27,29,17,44.0,289.0,2
26,320.0,256.0,6000.0,0.0,1.0,6.0,33,32,19,36.5,12.25,2
0,125.0,256.0,6000.0,256.0,16.0,128.0,198,23,13,156.66666666666666,1708.4444444444453,2
130,50.0,8000.0,16000.0,48.0,1.0,10.0,136,9,4,75.0,3721.0,2
30,25.0,1310.0,2620.0,131.0,12.0,24.0,274,23,13,156.66666666666666,13767.111111111113,2
81,300.0,1000.0,4000.0,8.0,3.0,64.0,38,29,17,44.0,36.0,2
111,900.0,2000.0,4000.0,0.0,3.0,6.0,37,29,17,44.0,49.0,2
174,250.0,512.0,4000.0,0.0,4.0,7.0,50,30,18,32.2,316.8399999999999,2
195,50.0,2000.0,32000.0,48.0,26.0,52.0,208,23,13,156.66666666666666,2635.111111111112,2
71,75.0,3000.0,8000.0,8.0,3.0,48.0,64,35,20,114.0,2500.0,2
19,110.0,5000.0,5000.0,142.0,8.0,64.0,120,25,14,400.6666666666667,78773.7777777778,2
201,180.0,512.0,4000.0,0.0,1.0,3.0,14,31,18,34.90909090909091,437.190082644628,2
36,50.0,500.0,2000.0,8.0,1.0,4.0,20,31,18,34.90909090909091,222.2809917355371,2
176,160.0,512.0,4000.0,2.0,1.0,5.0,30,31,18,34.90909090909091,24.099173553718984,2
43,50.0,2000.0,16000.0,8.0,3.0,6.0,60,34,20,91.33333333333331,981.7777777777766,2
134,50.0,2000.0,16000.0,12.0,3.0,16.0,45,34,20,91.33333333333331,2146.777777777776,2
139,115.0,2000.0,4000.0,2.0,1.0,5.0,40,31,18,34.90909090909091,25.917355371900854,2
202,180.0,262.0,4000.0,0.0,1.0,3.0,18,31,18,34.90909090909091,285.9173553719007,2
196,50.0,2000.0,32000.0,112.0,52.0,104.0,307,23,13,156.66666666666666,22600.111111111113,2
186,52.0,4000.0,16000.0,32.0,4.0,12.0,130,9,4,75.0,3025.0,2
86,140.0,2000.0,4000.0,0.0,4.0,8.0,40,30,18,32.2,60.839999999999954,2
45,133.0,1000.0,8000.0,9.0,3.0,12.0,72,34,20,91.33333333333331,373.77777777777703,2
150,40.0,8000.0,16000.0,32.0,8.0,16.0,214,9,4,75.0,19321.0,2
88,140.0,2000.0,32000.0,32.0,1.0,20.0,134,24,13,144.0,100.0,2
148,72.0,4000.0,16000.0,64.0,8.0,16.0,143,9,4,75.0,4624.0,2
8,23.0,16000.0,64000.0,64.0,16.0,32.0,636,8,4,192.5,196692.25,2
129,50.0,2000.0,16000.0,24.0,1.0,6.0,80,36,21,73.8,38.44000000000003,2
53,200.0,1000.0,8000.0,0.0,1.0,2.0,36,34,20,91.33333333333331,3061.7777777777756,2
197,50.0,4000.0,32000.0,112.0,52.0,104.0,397,25,14,400.6666666666667,13.444444444444583,2
84,330.0,1000.0,4000.0,0.0,3.0,6.0,22,29,17,44.0,484.0,2
143,75.0,4000.0,16000.0,16.0,1.0,6.0,66,9,4,75.0,81.0,2
121,17.0,4000.0,16000.0,32.0,6.0,12.0,133,9,4,75.0,3364.0,2
108,900.0,512.0,1000.0,0.0,1.0,2.0,11,28,17,29.0,324.0,2
124,800.0,768.0,2000.0,0.0,0.0,0.0,20,28,17,29.0,81.0,2
179,160.0,1000.0,8000.0,16.0,1.0,14.0,60,24,13,144.0,7056.0,2
79,180.0,768.0,12000.0,6.0,1.0,31.0,84,35,20,114.0,900.0,2
126,50.0,2000.0,8000.0,8.0,3.0,6.0,45,34,20,91.33333333333331,2146.777777777776,2
136,50.0,2000.0,16000.0,24.0,6.0,16.0,65,24,13,144.0,6241.0,2
190,26.0,8000.0,24000.0,32.0,8.0,16.0,173,9,4,75.0,9604.0,2
95,26.0,16000.0,32000.0,64.0,16.0,24.0,465,8,4,192.5,74256.25,2
49,200.0,512.0,8000.0,8.0,1.0,8.0,62,34,20,91.33333333333331,860.4444444444433,2
166,38.0,4000.0,8000.0,32.0,16.0,32.0,116,9,4,75.0,1681.0,2
90,140.0,2000.0,32000.0,32.0,1.0,54.0,141,24,13,144.0,9.0,2
72,175.0,256.0,2000.0,0.0,3.0,24.0,22,30,18,32.2,104.04000000000006,2
132,100.0,1000.0,8000.0,24.0,2.0,6.0,26,37,21,74.0,2304.0,2
117,225.0,1000.0,4000.0,2.0,3.0,6.0,24,30,18,32.2,67.24000000000005,2
182,240.0,512.0,2000.0,8.0,1.0,5.0,11,31,18,34.90909090909091,571.6446280991735,2
42,50.0,2000.0,16000.0,8.0,3.0,6.0,52,34,20,91.33333333333331,1547.1111111111097,2
146,60.0,4000.0,16000.0,64.0,5.0,8.0,93,9,4,75.0,324.0,2
149,72.0,2000.0,8000.0,16.0,6.0,8.0,105,37,21,74.0,961.0,2
104,600.0,768.0,2000.0,0.0,1.0,1.0,16,28,17,29.0,169.0,2
3,29.0,8000.0,32000.0,32.0,8.0,32.0,172,26,12,277.0,11025.0,3
5,26.0,8000.0,32000.0,64.0,8.0,32.0,318,25,12,323.375,28.890625,3
7,23.0,16000.0,32000.0,64.0,16.0,32.0,489,25,12,323.375,27431.640625,3
8,23.0,16000.0,64000.0,64.0,16.0,32.0,636,25,12,323.375,97734.390625,3
9,23.0,32000.0,64000.0,128.0,32.0,64.0,1144,25,12,323.375,673425.390625,3
11,400.0,512.0,3500.0,4.0,1.0,6.0,40,31,15,35.208333333333336,22.96006944444442,3
14,350.0,64.0,64.0,0.0,1.0,4.0,10,31,15,35.208333333333336,635.4600694444446,3
22,143.0,2300.0,6200.0,0.0,6.0,64.0,61,35,17,99.0,1444.0,3
23,110.0,3100.0,6200.0,0.0,6.0,64.0,76,24,11,64.0,144.0,3
24,320.0,128.0,6000.0,0.0,1.0,12.0,23,38,18,50.0,729.0,3
28,320.0,512.0,5000.0,4.0,1.0,5.0,77,31,15,35.208333333333336,1746.5434027777776,3
30,25.0,1310.0,2620.0,131.0,12.0,24.0,274,43,21,74.0,40000.0,3
31,25.0,1310.0,2620.0,131.0,12.0,24.0,368,43,21,74.0,86436.0,3
34,56.0,5240.0,20970.0,30.0,12.0,24.0,106,30,14,100.0,36.0,3
36,50.0,500.0,2000.0,8.0,1.0,4.0,20,31,15,35.208333333333336,231.29340277777786,3
37,50.0,1000.0,4000.0,8.0,1.0,5.0,29,31,15,35.208333333333336,38.54340277777781,3
41,50.0,2000.0,16000.0,8.0,3.0,5.0,40,36,17,62.333333333333336,498.7777777777779,3
44,133.0,1000.0,12000.0,9.0,3.0,12.0,72,35,17,99.0,729.0,3
45,133.0,1000.0,8000.0,9.0,3.0,12.0,72,35,17,99.0,729.0,3
50,700.0,384.0,8000.0,0.0,1.0,1.0,24,38,18,50.0,676.0,3
52,140.0,1000.0,16000.0,16.0,1.0,3.0,138,36,17,62.333333333333336,5725.444444444443,3
53,200.0,1000.0,8000.0,0.0,1.0,2.0,36,38,18,50.0,196.0,3
55,110.0,1000.0,12000.0,16.0,1.0,2.0,60,36,17,62.333333333333336,5.444444444444455,3
56,220.0,1000.0,8000.0,16.0,1.0,2.0,71,38,18,50.0,441.0,3
58,800.0,256.0,8000.0,0.0,1.0,4.0,14,38,18,50.0,1296.0,3
59,800.0,256.0,8000.0,0.0,1.0,4.0,20,38,18,50.0,900.0,3
61,800.0,256.0,8000.0,0.0,1.0,4.0,22,38,18,50.0,784.0,3
68,105.0,1000.0,4000.0,0.0,3.0,24.0,32,32,15,41.0,81.0,3
70,75.0,2000.0,8000.0,8.0,3.0,24.0,62,35,17,99.0,1369.0,3
72,175.0,256.0,2000.0,0.0,3.0,24.0,22,32,15,41.0,361.0,3
75,300.0,768.0,12000.0,6.0,6.0,24.0,50,38,18,50.0,0.0,3
76,300.0,768.0,4500.0,0.0,1.0,24.0,45,32,15,41.0,16.0,3
80,330.0,1000.0,3000.0,0.0,2.0,4.0,16,31,15,35.208333333333336,368.9600694444445,3
81,300.0,1000.0,4000.0,8.0,3.0,64.0,38,32,15,41.0,9.0,3
83,330.0,1000.0,2000.0,0.0,1.0,2.0,16,31,15,35.208333333333336,368.9600694444445,3
88,140.0,2000.0,32000.0,32.0,1.0,20.0,134,22,10,67.0,4489.0,3
91,140.0,2000.0,32000.0,32.0,1.0,54.0,189,41,20,201.5,156.25,3
93,57.0,4000.0,16000.0,1.0,6.0,12.0,132,29,14,32.0,10000.0,3
95,26.0,16000.0,32000.0,64.0,16.0,24.0,465,30,14,100.0,133225.0,3
98,26.0,8000.0,16000.0,0.0,8.0,16.0,185,30,14,100.0,7225.0,3
101,115.0,512.0,6000.0,16.0,1.0,6.0,45,36,17,62.333333333333336,300.4444444444445,3
105,400.0,2000.0,4000.0,0.0,1.0,1.0,32,31,15,35.208333333333336,10.293402777777793,3
109,900.0,1000.0,4000.0,4.0,1.0,2.0,18,34,16,36.0,324.0,3
112,225.0,2000.0,4000.0,8.0,3.0,6.0,40,31,15,35.208333333333336,22.96006944444442,3
113,225.0,2000.0,4000.0,8.0,3.0,6.0,34,31,15,35.208333333333336,1.4600694444444502,3
115,185.0,2000.0,16000.0,16.0,1.0,6.0,76,38,18,50.0,676.0,3
117,225.0,1000.0,4000.0,2.0,3.0,6.0,24,31,15,35.208333333333336,125.62673611111117,3
130,50.0,8000.0,16000.0,48.0,1.0,10.0,136,29,14,32.0,10816.0,3
133,100.0,1000.0,8000.0,24.0,3.0,6.0,32,42,21,82.33333333333333,2533.444444444444,3
134,50.0,2000.0,16000.0,12.0,3.0,16.0,45,35,17,99.0,2916.0,3
135,50.0,2000.0,16000.0,24.0,6.0,16.0,54,43,21,74.0,400.0,3
137,150.0,512.0,4000.0,0.0,8.0,128.0,30,32,15,41.0,121.0,3
139,115.0,2000.0,4000.0,2.0,1.0,5.0,40,31,15,35.208333333333336,22.96006944444442,3
143,75.0,4000.0,16000.0,16.0,1.0,6.0,66,29,14,32.0,1156.0,3
144,60.0,4000.0,16000.0,32.0,1.0,6.0,86,29,14,32.0,2916.0,3
149,72.0,2000.0,8000.0,16.0,6.0,8.0,105,36,17,62.333333333333336,1820.4444444444443,3
150,40.0,8000.0,16000.0,32.0,8.0,16.0,214,30,14,100.0,12996.0,3
151,40.0,8000.0,32000.0,64.0,8.0,24.0,277,30,14,100.0,31329.0,3
152,35.0,8000.0,32000.0,64.0,8.0,24.0,370,30,14,100.0,72900.0,3
154,48.0,4000.0,24000.0,32.0,8.0,24.0,214,30,14,100.0,12996.0,3
157,112.0,1000.0,1000.0,0.0,1.0,4.0,8,31,15,35.208333333333336,740.2934027777779,3
158,84.0,1000.0,2000.0,0.0,1.0,6.0,12,31,15,35.208333333333336,538.6267361111112,3
160,56.0,2000.0,6000.0,0.0,1.0,8.0,21,36,17,62.333333333333336,1708.4444444444446,3
161,56.0,2000.0,8000.0,0.0,1.0,8.0,24,36,17,62.333333333333336,1469.4444444444446,3
164,56.0,4000.0,16000.0,0.0,1.0,8.0,46,29,14,32.0,196.0,3
165,38.0,4000.0,8000.0,32.0,16.0,32.0,51,24,11,64.0,169.0,3
170,200.0,1000.0,2000.0,0.0,1.0,2.0,25,31,15,35.208333333333336,104.2100694444445,3
172,200.0,2000.0,8000.0,64.0,1.0,5.0,41,22,10,67.0,676.0,3
173,250.0,512.0,4000.0,0.0,1.0,7.0,25,31,15,35.208333333333336,104.2100694444445,3
181,240.0,512.0,1000.0,8.0,1.0,3.0,6,31,15,35.208333333333336,853.1267361111112,3
182,240.0,512.0,2000.0,8.0,1.0,5.0,11,31,15,35.208333333333336,586.0434027777779,3
183,105.0,2000.0,4000.0,8.0,3.0,8.0,22,31,15,35.208333333333336,174.4600694444445,3
186,52.0,4000.0,16000.0,32.0,4.0,12.0,130,29,14,32.0,9604.0,3
187,70.0,4000.0,12000.0,8.0,6.0,8.0,75,29,14,32.0,1849.0,3
190,26.0,8000.0,24000.0,32.0,8.0,16.0,173,30,14,100.0,5329.0,3
192,26.0,8000.0,32000.0,128.0,24.0,32.0,405,25,12,323.375,6662.640625,3
193,116.0,2000.0,8000.0,32.0,5.0,28.0,70,39,19,105.0,1225.0,3
196,50.0,2000.0,32000.0,112.0,52.0,104.0,307,41,20,201.5,11130.25,3
198,30.0,8000.0,64000.0,96.0,12.0,176.0,915,25,12,323.375,350020.140625,3
199,30.0,8000.0,64000.0,128.0,12.0,176.0,1150,25,12,323.375,683308.890625,3
201,180.0,512.0,4000.0,0.0,1.0,3.0,14,31,15,35.208333333333336,449.7934027777779,3
203,180.0,512.0,4000.0,0.0,1.0,3.0,21,31,15,35.208333333333336,201.87673611111117,3
204,124.0,1000.0,8000.0,0.0,1.0,8.0,42,36,17,62.333333333333336,413.4444444444445,3
202,180.0,262.0,4000.0,0.0,1.0,3.0,18,39,24,35.642857142857146,311.2704081632654,4
171,200.0,1000.0,4000.0,0.0,1.0,4.0,30,39,24,35.642857142857146,31.841836734693914,4
184,105.0,2000.0,6000.0,16.0,6.0,16.0,33,44,26,75.0,1764.0,4
125,50.0,2000.0,4000.0,0.0,3.0,6.0,27,44,26,75.0,2304.0,4
166,38.0,4000.0,8000.0,32.0,16.0,32.0,116,8,3,231.0,13225.0,4
107,900.0,1000.0,1000.0,0.0,1.0,2.0,11,37,23,26.91304347826087,253.22495274102084,4
89,140.0,2000.0,8000.0,32.0,1.0,54.0,66,22,10,70.0,16.0,4
194,50.0,2000.0,32000.0,24.0,6.0,26.0,114,30,14,54.0,3600.0,4
16,167.0,524.0,2000.0,8.0,4.0,15.0,19,43,26,105.0,7396.0,4
114,180.0,2000.0,8000.0,8.0,1.0,6.0,50,47,28,56.0,36.0,4
205,98.0,1000.0,8000.0,32.0,2.0,8.0,46,21,10,41.0,25.0,4
49,200.0,512.0,8000.0,8.0,1.0,8.0,62,45,27,74.33333333333333,152.111111111111,4
168,38.0,8000.0,24000.0,160.0,4.0,8.0,140,36,19,117.33333333333331,513.7777777777786,4
206,125.0,2000.0,8000.0,0.0,2.0,14.0,52,47,28,56.0,16.0,4
42,50.0,2000.0,16000.0,8.0,3.0,6.0,52,30,14,54.0,4.0,4
2,29.0,8000.0,32000.0,32.0,8.0,32.0,220,20,9,189.0,961.0,4
106,400.0,4000.0,8000.0,0.0,1.0,1.0,32,47,28,56.0,576.0,4
124,800.0,768.0,2000.0,0.0,0.0,0.0,20,37,23,26.91304347826087,47.79017013232516,4
123,1500.0,768.0,2000.0,0.0,0.0,0.0,18,37,23,26.91304347826087,79.44234404536864,4
82,300.0,1000.0,16000.0,8.0,2.0,112.0,38,45,27,74.33333333333333,1320.1111111111109,4
54,110.0,1000.0,4000.0,16.0,1.0,2.0,26,39,24,35.642857142857146,92.98469387755108,4
156,30.0,16000.0,32000.0,256.0,16.0,24.0,510,8,3,231.0,77841.0,4
77,300.0,384.0,12000.0,6.0,1.0,24.0,53,45,27,74.33333333333333,455.1111111111109,4
175,250.0,1000.0,16000.0,1.0,1.0,8.0,50,45,27,74.33333333333333,592.1111111111109,4
33,50.0,2620.0,10480.0,30.0,12.0,24.0,63,8,3,231.0,28224.0,4
94,57.0,4000.0,24000.0,64.0,12.0,16.0,237,8,3,231.0,36.0,4
108,900.0,512.0,1000.0,0.0,1.0,2.0,11,37,23,26.91304347826087,253.22495274102084,4
188,59.0,4000.0,12000.0,32.0,6.0,12.0,113,21,10,41.0,5184.0,4
65,75.0,2000.0,16000.0,128.0,1.0,38.0,259,22,10,70.0,35721.0,4
29,320.0,256.0,5000.0,4.0,1.0,6.0,27,37,23,26.91304347826087,0.007561436672967622,4
197,50.0,4000.0,32000.0,112.0,52.0,104.0,397,8,3,231.0,27556.0,4
103,1100.0,768.0,2000.0,0.0,1.0,1.0,13,37,23,26.91304347826087,193.57277882797734,4
85,140.0,2000.0,4000.0,0.0,3.0,6.0,29,44,26,75.0,2116.0,4
46,810.0,512.0,512.0,8.0,1.0,1.0,18,37,23,26.91304347826087,79.44234404536864,4
167,38.0,8000.0,16000.0,64.0,4.0,8.0,100,21,10,41.0,3481.0,4
174,250.0,512.0,4000.0,0.0,4.0,7.0,50,43,26,105.0,3025.0,4
136,50.0,2000.0,16000.0,24.0,6.0,16.0,65,30,14,54.0,121.0,4
69,105.0,2000.0,4000.0,8.0,3.0,19.0,32,44,26,75.0,1849.0,4
132,100.0,1000.0,8000.0,24.0,2.0,6.0,26,45,27,74.33333333333333,2336.111111111111,4
63,75.0,2000.0,8000.0,64.0,1.0,38.0,144,22,10,70.0,5476.0,4
4,29.0,8000.0,16000.0,32.0,8.0,16.0,132,22,10,70.0,3844.0,4
26,320.0,256.0,6000.0,0.0,1.0,6.0,33,37,23,26.91304347826087,37.051039697542514,4
131,100.0,1000.0,8000.0,0.0,2.0,6.0,16,45,27,74.33333333333333,3402.7777777777774,4
100,203.0,1000.0,2000.0,0.0,1.0,5.0,24,40,24,47.0,529.0,4
19,110.0,5000.0,5000.0,142.0,8.0,64.0,120,22,10,70.0,2500.0,4
180,160.0,2000.0,8000.0,32.0,1.0,13.0,109,22,10,70.0,1521.0,4
96,26.0,16000.0,32000.0,64.0,8.0,24.0,465,36,19,117.33333333333331,120872.11111111112,4
39,50.0,1000.0,4000.0,8.0,3.0,5.0,26,43,26,105.0,6241.0,4
64,75.0,2000.0,16000.0,64.0,1.0,38.0,144,22,10,70.0,5476.0,4
27,320.0,256.0,3000.0,4.0,1.0,3.0,27,37,23,26.91304347826087,0.007561436672967622,4
145,60.0,2000.0,16000.0,64.0,5.0,8.0,74,21,10,41.0,1089.0,4
126,50.0,2000.0,8000.0,8.0,3.0,6.0,45,30,14,54.0,81.0,4
191,26.0,8000.0,32000.0,64.0,12.0,16.0,248,8,3,231.0,289.0,4
178,160.0,1000.0,4000.0,8.0,1.0,14.0,38,40,24,47.0,81.0,4
99,480.0,96.0,512.0,0.0,1.0,1.0,6,37,23,26.91304347826087,437.35538752362953,4
17,143.0,512.0,5000.0,0.0,7.0,32.0,28,43,26,105.0,5929.0,4
0,125.0,256.0,6000.0,256.0,16.0,128.0,198,8,3,231.0,1089.0,4
155,38.0,8000.0,32000.0,64.0,8.0,24.0,326,36,19,117.33333333333331,43541.77777777779,4
128,50.0,2000.0,16000.0,24.0,1.0,6.0,70,47,28,56.0,196.0,4
71,75.0,3000.0,8000.0,8.0,3.0,48.0,64,48,29,158.5,8930.25,4
40,50.0,1000.0,8000.0,8.0,3.0,5.0,36,30,14,54.0,324.0,4
148,72.0,4000.0,16000.0,64.0,8.0,16.0,143,22,10,70.0,5329.0,4
12,60.0,2000.0,8000.0,65.0,1.0,8.0,92,21,10,41.0,2601.0,4
97,26.0,8000.0,32000.0,0.0,8.0,24.0,277,48,29,158.5,14042.25,4
13,50.0,4000.0,16000.0,65.0,1.0,8.0,138,21,10,41.0,9409.0,4
208,480.0,1000.0,4000.0,0.0,0.0,0.0,45,37,23,26.91304347826087,327.1379962192816,4
38,50.0,2000.0,8000.0,8.0,1.0,5.0,71,47,28,56.0,225.0,4
110,900.0,1000.0,4000.0,8.0,1.0,2.0,22,37,23,26.91304347826087,24.13799621928168,4
1,29.0,8000.0,32000.0,32.0,8.0,32.0,269,20,9,189.0,6400.0,4
207,480.0,512.0,8000.0,32.0,0.0,0.0,67,21,10,41.0,676.0,4
78,300.0,192.0,768.0,6.0,6.0,24.0,36,43,26,105.0,4761.0,4
67,105.0,256.0,2000.0,0.0,3.0,10.0,26,43,26,105.0,6241.0,4
18,143.0,1000.0,2000.0,0.0,5.0,16.0,31,43,26,105.0,5476.0,4
120,17.0,4000.0,16000.0,8.0,6.0,12.0,100,48,29,158.5,3422.25,4
169,38.0,4000.0,16000.0,128.0,16.0,32.0,212,8,3,231.0,361.0,4
122,1500.0,768.0,1000.0,0.0,0.0,0.0,12,37,23,26.91304347826087,222.3988657844991,4
102,1100.0,512.0,1500.0,0.0,1.0,1.0,7,37,23,26.91304347826087,396.5293005671078,4
138,115.0,2000.0,8000.0,16.0,1.0,3.0,50,47,28,56.0,36.0,4
84,330.0,1000.0,4000.0,0.0,3.0,6.0,22,43,26,105.0,6889.0,4
200,180.0,262.0,4000.0,0.0,1.0,3.0,12,39,24,35.642857142857146,558.9846938775512,4
79,180.0,768.0,12000.0,6.0,1.0,31.0,84,45,27,74.33333333333333,93.44444444444454,4
185,105.0,2000.0,8000.0,16.0,4.0,14.0,58,30,14,54.0,16.0,4
189,59.0,8000.0,16000.0,64.0,12.0,24.0,188,8,3,231.0,1849.0,4
86,140.0,2000.0,4000.0,0.0,4.0,8.0,40,44,26,75.0,1225.0,4
0,125.0,256.0,6000.0,256.0,16.0,128.0,198,39,22,135.66666666666666,3885.4444444444457,5
2,29.0,8000.0,32000.0,32.0,8.0,32.0,220,41,23,54.5,27390.25,5
6,23.0,16000.0,32000.0,64.0,16.0,32.0,367,24,11,116.0,63001.0,5
11,400.0,512.0,3500.0,4.0,1.0,6.0,40,31,15,35.125,23.765625,5
12,60.0,2000.0,8000.0,65.0,1.0,8.0,92,36,19,39.66666666666666,2738.7777777777787,5
13,50.0,4000.0,16000.0,65.0,1.0,8.0,138,43,26,105.33333333333331,1067.1111111111125,5
14,350.0,64.0,64.0,0.0,1.0,4.0,10,31,15,35.125,631.265625,5
18,143.0,1000.0,2000.0,0.0,5.0,16.0,31,32,16,43.8,163.83999999999992,5
19,110.0,5000.0,5000.0,142.0,8.0,64.0,120,24,11,116.0,16.0,5
20,143.0,1500.0,6300.0,0.0,5.0,32.0,30,18,8,50.0,400.0,5
24,320.0,128.0,6000.0,0.0,1.0,12.0,23,34,17,84.0,3721.0,5
26,320.0,256.0,6000.0,0.0,1.0,6.0,33,35,17,74.4,1713.9600000000005,5
29,320.0,256.0,5000.0,4.0,1.0,6.0,27,31,15,35.125,66.015625,5
32,50.0,2620.0,10480.0,30.0,12.0,24.0,32,39,22,135.66666666666666,10746.777777777776,5
37,50.0,1000.0,4000.0,8.0,1.0,5.0,29,31,15,35.125,37.515625,5
39,50.0,1000.0,4000.0,8.0,3.0,5.0,26,31,15,35.125,83.265625,5
40,50.0,1000.0,8000.0,8.0,3.0,5.0,36,18,8,50.0,196.0,5
43,50.0,2000.0,16000.0,8.0,3.0,6.0,60,18,8,50.0,100.0,5
44,133.0,1000.0,12000.0,9.0,3.0,12.0,72,18,8,50.0,484.0,5
55,110.0,1000.0,12000.0,16.0,1.0,2.0,60,36,19,39.66666666666666,413.44444444444485,5
58,800.0,256.0,8000.0,0.0,1.0,4.0,14,35,17,74.4,3648.1600000000008,5
61,800.0,256.0,8000.0,0.0,1.0,4.0,22,35,17,74.4,2745.7600000000007,5
64,75.0,2000.0,16000.0,64.0,1.0,38.0,144,37,21,144.0,0.0,5
65,75.0,2000.0,16000.0,128.0,1.0,38.0,259,37,21,144.0,13225.0,5
66,90.0,256.0,1000.0,0.0,3.0,10.0,17,32,16,43.8,718.2399999999999,5
69,105.0,2000.0,4000.0,8.0,3.0,19.0,32,32,16,43.8,139.23999999999992,5
76,300.0,768.0,4500.0,0.0,1.0,24.0,45,33,16,41.0,16.0,5
77,300.0,384.0,12000.0,6.0,1.0,24.0,53,34,17,84.0,961.0,5
78,300.0,192.0,768.0,6.0,6.0,24.0,36,33,16,41.0,25.0,5
82,300.0,1000.0,16000.0,8.0,2.0,112.0,38,34,17,84.0,2116.0,5
84,330.0,1000.0,4000.0,0.0,3.0,6.0,22,31,15,35.125,172.265625,5
86,140.0,2000.0,4000.0,0.0,4.0,8.0,40,31,15,35.125,23.765625,5
87,140.0,2000.0,4000.0,8.0,1.0,20.0,35,32,16,43.8,77.43999999999996,5
90,140.0,2000.0,32000.0,32.0,1.0,54.0,141,38,21,161.5,420.25,5
92,140.0,2000.0,4000.0,8.0,1.0,20.0,22,32,16,43.8,475.2399999999999,5
94,57.0,4000.0,24000.0,64.0,12.0,16.0,237,45,29,116.0,14641.0,5
95,26.0,16000.0,32000.0,64.0,16.0,24.0,465,45,29,116.0,121801.0,5
96,26.0,16000.0,32000.0,64.0,8.0,24.0,465,45,29,116.0,121801.0,5
97,26.0,8000.0,32000.0,0.0,8.0,24.0,277,45,29,116.0,25921.0,5
100,203.0,1000.0,2000.0,0.0,1.0,5.0,24,31,15,35.125,123.765625,5
102,1100.0,512.0,1500.0,0.0,1.0,1.0,7,30,15,28.45,460.10249999999996,5
104,600.0,768.0,2000.0,0.0,1.0,1.0,16,30,15,28.45,155.00249999999997,5
106,400.0,4000.0,8000.0,0.0,1.0,1.0,32,27,13,42.0,100.0,5
108,900.0,512.0,1000.0,0.0,1.0,2.0,11,30,15,28.45,304.5025,5
116,180.0,2000.0,16000.0,16.0,1.0,6.0,66,36,19,39.66666666666666,693.4444444444449,5
121,17.0,4000.0,16000.0,32.0,6.0,12.0,133,43,26,105.33333333333331,765.4444444444455,5
123,1500.0,768.0,2000.0,0.0,0.0,0.0,18,30,15,28.45,109.20249999999999,5
124,800.0,768.0,2000.0,0.0,0.0,0.0,20,30,15,28.45,71.40249999999999,5
128,50.0,2000.0,16000.0,24.0,1.0,6.0,70,36,19,39.66666666666666,920.1111111111117,5
129,50.0,2000.0,16000.0,24.0,1.0,6.0,80,36,19,39.66666666666666,1626.7777777777785,5
130,50.0,8000.0,16000.0,48.0,1.0,10.0,136,43,26,105.33333333333331,940.4444444444456,5
134,50.0,2000.0,16000.0,12.0,3.0,16.0,45,18,8,50.0,25.0,5
136,50.0,2000.0,16000.0,24.0,6.0,16.0,65,40,22,114.0,2401.0,5
137,150.0,512.0,4000.0,0.0,8.0,128.0,30,32,16,43.8,190.4399999999999,5
140,92.0,2000.0,8000.0,32.0,1.0,6.0,62,36,19,39.66666666666666,498.7777777777782,5
142,92.0,2000.0,8000.0,4.0,1.0,6.0,50,35,17,74.4,595.3600000000002,5
143,75.0,4000.0,16000.0,16.0,1.0,6.0,66,27,13,42.0,576.0,5
147,50.0,4000.0,16000.0,64.0,5.0,10.0,111,43,26,105.33333333333331,32.11111111111133,5
149,72.0,2000.0,8000.0,16.0,6.0,8.0,105,20,9,54.0,2601.0,5
151,40.0,8000.0,32000.0,64.0,8.0,24.0,277,45,29,116.0,25921.0,5
153,38.0,16000.0,32000.0,128.0,16.0,32.0,510,24,11,116.0,155236.0,5
155,38.0,8000.0,32000.0,64.0,8.0,24.0,326,45,29,116.0,44100.0,5
157,112.0,1000.0,1000.0,0.0,1.0,4.0,8,31,15,35.125,735.765625,5
160,56.0,2000.0,6000.0,0.0,1.0,8.0,21,35,17,74.4,2851.5600000000004,5
162,56.0,4000.0,8000.0,0.0,1.0,8.0,34,27,13,42.0,64.0,5
165,38.0,4000.0,8000.0,32.0,16.0,32.0,51,41,23,54.5,12.25,5
168,38.0,8000.0,24000.0,160.0,4.0,8.0,140,43,26,105.33333333333331,1201.7777777777792,5
169,38.0,4000.0,16000.0,128.0,16.0,32.0,212,24,11,116.0,9216.0,5
171,200.0,1000.0,4000.0,0.0,1.0,4.0,30,31,15,35.125,26.265625,5
174,250.0,512.0,4000.0,0.0,4.0,7.0,50,31,15,35.125,221.265625,5
175,250.0,1000.0,16000.0,1.0,1.0,8.0,50,35,17,74.4,595.3600000000002,5
178,160.0,1000.0,4000.0,8.0,1.0,14.0,38,32,16,43.8,33.639999999999965,5
179,160.0,1000.0,8000.0,16.0,1.0,14.0,60,36,19,39.66666666666666,413.44444444444485,5
183,105.0,2000.0,4000.0,8.0,3.0,8.0,22,31,15,35.125,172.265625,5
184,105.0,2000.0,6000.0,16.0,6.0,16.0,33,39,22,135.66666666666666,10540.444444444442,5
195,50.0,2000.0,32000.0,48.0,26.0,52.0,208,40,22,114.0,8836.0,5
196,50.0,2000.0,32000.0,112.0,52.0,104.0,307,40,22,114.0,37249.0,5
199,30.0,8000.0,64000.0,128.0,12.0,176.0,1150,12,5,454.25,484068.0625,5
200,180.0,262.0,4000.0,0.0,1.0,3.0,12,31,15,35.125,534.765625,5
201,180.0,512.0,4000.0,0.0,1.0,3.0,14,31,15,35.125,446.265625,5
202,180.0,262.0,4000.0,0.0,1.0,3.0,18,31,15,35.125,293.265625,5
204,124.0,1000.0,8000.0,0.0,1.0,8.0,42,35,17,74.4,1049.7600000000004,5
207,480.0,512.0,8000.0,32.0,0.0,0.0,67,36,19,39.66666666666666,747.1111111111117,5
182,240.0,512.0,2000.0,8.0,1.0,5.0,11,40,23,32.76190476190476,473.580498866213,6
22,143.0,2300.0,6200.0,0.0,6.0,64.0,61,43,26,30.0,961.0,6
49,200.0,512.0,8000.0,8.0,1.0,8.0,62,45,27,64.2,4.840000000000012,6
21,143.0,3100.0,6200.0,0.0,5.0,20.0,33,42,25,56.333333333333336,544.4444444444446,6
46,810.0,512.0,512.0,8.0,1.0,1.0,18,39,23,23.47058823529412,29.92733564013843,6
35,64.0,5240.0,20970.0,30.0,12.0,24.0,208,33,17,77.0,17161.0,6
205,98.0,1000.0,8000.0,32.0,2.0,8.0,46,33,17,77.0,961.0,6
206,125.0,2000.0,8000.0,0.0,2.0,14.0,52,29,14,277.0,50625.0,6
135,50.0,2000.0,16000.0,24.0,6.0,16.0,54,29,14,277.0,49729.0,6
131,100.0,1000.0,8000.0,0.0,2.0,6.0,16,46,27,65.0,2401.0,6
176,160.0,512.0,4000.0,2.0,1.0,5.0,30,40,23,32.76190476190476,7.628117913832185,6
111,900.0,2000.0,4000.0,0.0,3.0,6.0,37,42,25,56.333333333333336,373.7777777777779,6
23,110.0,3100.0,6200.0,0.0,6.0,64.0,76,43,26,30.0,2116.0,6
83,330.0,1000.0,2000.0,0.0,1.0,2.0,16,40,23,32.76190476190476,280.9614512471654,6
5,26.0,8000.0,32000.0,64.0,8.0,32.0,318,37,21,138.0,32400.0,6
167,38.0,8000.0,16000.0,64.0,4.0,8.0,100,33,17,77.0,529.0,6
126,50.0,2000.0,8000.0,8.0,3.0,6.0,45,30,14,66.0,441.0,6
133,100.0,1000.0,8000.0,24.0,3.0,6.0,32,46,27,65.0,1089.0,6
59,800.0,256.0,8000.0,0.0,1.0,4.0,20,47,28,38.0,324.0,6
208,480.0,1000.0,4000.0,0.0,0.0,0.0,45,39,23,23.47058823529412,463.51557093425595,6
166,38.0,4000.0,8000.0,32.0,16.0,32.0,116,32,16,85.5,930.25,6
60,800.0,256.0,8000.0,0.0,1.0,4.0,16,47,28,38.0,484.0,6
56,220.0,1000.0,8000.0,16.0,1.0,2.0,71,45,27,64.2,46.23999999999996,6
190,26.0,8000.0,24000.0,32.0,8.0,16.0,173,37,21,138.0,1225.0,6
63,75.0,2000.0,8000.0,64.0,1.0,38.0,144,31,15,115.0,841.0,6
36,50.0,500.0,2000.0,8.0,1.0,4.0,20,40,23,32.76190476190476,162.86621315192735,6
198,30.0,8000.0,64000.0,96.0,12.0,176.0,915,19,9,443.55555555555554,222259.86419753087,6
81,300.0,1000.0,4000.0,8.0,3.0,64.0,38,44,26,36.0,4.0,6
159,56.0,1000.0,4000.0,0.0,1.0,6.0,17,40,23,32.76190476190476,248.4376417233559,6
189,59.0,8000.0,16000.0,64.0,12.0,24.0,188,33,17,77.0,12321.0,6
186,52.0,4000.0,16000.0,32.0,4.0,12.0,130,33,17,77.0,2809.0,6
185,105.0,2000.0,8000.0,16.0,4.0,14.0,58,29,14,277.0,47961.0,6
146,60.0,4000.0,16000.0,64.0,5.0,8.0,93,33,17,77.0,256.0,6
173,250.0,512.0,4000.0,0.0,1.0,7.0,25,41,24,49.0,576.0,6
30,25.0,1310.0,2620.0,131.0,12.0,24.0,274,33,17,77.0,38809.0,6
10,400.0,1000.0,3000.0,0.0,1.0,2.0,38,40,23,32.76190476190476,27.437641723356037,6
172,200.0,2000.0,8000.0,64.0,1.0,5.0,41,18,8,67.0,676.0,6
203,180.0,512.0,4000.0,0.0,1.0,3.0,21,40,23,32.76190476190476,138.34240362811784,6
67,105.0,256.0,2000.0,0.0,3.0,10.0,26,42,25,56.333333333333336,920.1111111111112,6
112,225.0,2000.0,4000.0,8.0,3.0,6.0,40,42,25,56.333333333333336,266.7777777777778,6
79,180.0,768.0,12000.0,6.0,1.0,31.0,84,45,27,64.2,392.0399999999999,6
62,125.0,512.0,1000.0,0.0,8.0,20.0,36,42,25,56.333333333333336,413.4444444444445,6
75,300.0,768.0,12000.0,6.0,6.0,24.0,50,46,27,65.0,225.0,6
91,140.0,2000.0,32000.0,32.0,1.0,54.0,189,35,20,181.3333333333333,58.7777777777785,6
33,50.0,2620.0,10480.0,30.0,12.0,24.0,63,33,17,77.0,196.0,6
191,26.0,8000.0,32000.0,64.0,12.0,16.0,248,38,22,160.33333333333334,7685.4444444444425,6
4,29.0,8000.0,16000.0,32.0,8.0,16.0,132,33,17,77.0,3025.0,6
99,480.0,96.0,512.0,0.0,1.0,1.0,6,39,23,23.47058823529412,305.2214532871973,6
181,240.0,512.0,1000.0,8.0,1.0,3.0,6,40,23,32.76190476190476,716.1995464852606,6
88,140.0,2000.0,32000.0,32.0,1.0,20.0,134,37,21,138.0,16.0,6
163,56.0,4000.0,12000.0,0.0,1.0,8.0,42,30,14,66.0,576.0,6
42,50.0,2000.0,16000.0,8.0,3.0,6.0,52,30,14,66.0,196.0,6
119,25.0,2000.0,12000.0,16.0,3.0,5.0,66,30,14,66.0,0.0,6
101,115.0,512.0,6000.0,16.0,1.0,6.0,45,40,23,32.76190476190476,149.7709750566894,6
93,57.0,4000.0,16000.0,1.0,6.0,12.0,132,29,14,277.0,21025.0,6
107,900.0,1000.0,1000.0,0.0,1.0,2.0,11,39,23,23.47058823529412,155.5155709342561,6
70,75.0,2000.0,8000.0,8.0,3.0,24.0,62,29,14,277.0,46225.0,6
109,900.0,1000.0,4000.0,4.0,1.0,2.0,18,39,23,23.47058823529412,29.92733564013843,6
138,115.0,2000.0,8000.0,16.0,1.0,3.0,50,30,14,66.0,256.0,6
28,320.0,512.0,5000.0,4.0,1.0,5.0,77,40,23,32.76190476190476,1957.0090702947848,6
150,40.0,8000.0,16000.0,32.0,8.0,16.0,214,33,17,77.0,18769.0,6
177,160.0,512.0,2000.0,2.0,3.0,8.0,32,42,25,56.333333333333336,592.1111111111112,6
115,185.0,2000.0,16000.0,16.0,1.0,6.0,76,30,14,66.0,100.0,6
158,84.0,1000.0,2000.0,0.0,1.0,6.0,12,40,23,32.76190476190476,431.0566893424035,6
54,110.0,1000.0,4000.0,16.0,1.0,2.0,26,40,23,32.76190476190476,45.72335600907026,6
152,35.0,8000.0,32000.0,64.0,8.0,24.0,370,37,21,138.0,53824.0,6
103,1100.0,768.0,2000.0,0.0,1.0,1.0,13,39,23,23.47058823529412,109.63321799307963,6
8,23.0,16000.0,64000.0,64.0,16.0,32.0,636,38,22,160.33333333333334,226258.77777777775,6
25,320.0,512.0,2000.0,4.0,1.0,3.0,69,40,23,32.76190476190476,1313.199546485261,6
114,180.0,2000.0,8000.0,8.0,1.0,6.0,50,30,14,66.0,256.0,6
120,17.0,4000.0,16000.0,8.0,6.0,12.0,100,29,14,277.0,31329.0,6
47,810.0,1000.0,5000.0,0.0,1.0,1.0,20,39,23,23.47058823529412,12.04498269896195,6
156,30.0,16000.0,32000.0,256.0,16.0,24.0,510,38,22,160.33333333333334,122266.77777777775,6
193,116.0,2000.0,8000.0,32.0,5.0,28.0,70,18,8,67.0,9.0,6
144,60.0,4000.0,16000.0,32.0,1.0,6.0,86,33,17,77.0,81.0,6
57,800.0,256.0,8000.0,0.0,1.0,4.0,12,47,28,38.0,676.0,6
194,50.0,2000.0,32000.0,24.0,6.0,26.0,114,29,14,277.0,26569.0,6
52,140.0,1000.0,16000.0,16.0,1.0,3.0,138,45,27,64.2,5446.44,6
148,72.0,4000.0,16000.0,64.0,8.0,16.0,143,33,17,77.0,4356.0,6
74,300.0,768.0,3000.0,6.0,6.0,24.0,44,44,26,36.0,64.0,6
17,143.0,512.0,5000.0,0.0,7.0,32.0,28,43,26,30.0,4.0,6
7,23.0,16000.0,32000.0,64.0,16.0,32.0,489,38,22,160.33333333333334,108021.77777777775,6
68,105.0,1000.0,4000.0,0.0,3.0,24.0,32,43,26,30.0,4.0,6
41,50.0,2000.0,16000.0,8.0,3.0,5.0,40,30,14,66.0,676.0,6
0,125.0,256.0,6000.0,256.0,16.0,128.0,198,2,0,262.7391304347826,4191.155009451798,7
4,29.0,8000.0,16000.0,32.0,8.0,16.0,132,2,0,262.7391304347826,17092.720226843103,7
7,23.0,16000.0,32000.0,64.0,16.0,32.0,489,2,0,262.7391304347826,51193.98109640831,7
9,23.0,32000.0,64000.0,128.0,32.0,64.0,1144,2,0,262.7391304347826,776620.720226843,7
11,400.0,512.0,3500.0,4.0,1.0,6.0,40,29,15,31.11764705882353,78.8961937716263,7
12,60.0,2000.0,8000.0,65.0,1.0,8.0,92,2,0,262.7391304347826,29151.850661625715,7
13,50.0,4000.0,16000.0,65.0,1.0,8.0,138,2,0,262.7391304347826,15559.850661625713,7
14,350.0,64.0,64.0,0.0,1.0,4.0,10,29,15,31.11764705882353,445.955017301038,7
29,320.0,256.0,5000.0,4.0,1.0,6.0,27,33,17,58.2,973.4400000000002,7
34,56.0,5240.0,20970.0,30.0,12.0,24.0,106,2,0,262.7391304347826,24567.1550094518,7
37,50.0,1000.0,4000.0,8.0,1.0,5.0,29,29,15,31.11764705882353,4.484429065743943,7
38,50.0,2000.0,8000.0,8.0,1.0,5.0,71,22,10,64.0,49.0,7
39,50.0,1000.0,4000.0,8.0,3.0,5.0,26,31,16,45.0,361.0,7
42,50.0,2000.0,16000.0,8.0,3.0,6.0,52,9,4,124.83333333333331,5304.694444444442,7
43,50.0,2000.0,16000.0,8.0,3.0,6.0,60,9,4,124.83333333333331,4203.361111111109,7
44,133.0,1000.0,12000.0,9.0,3.0,12.0,72,35,18,35.0,1369.0,7
49,200.0,512.0,8000.0,8.0,1.0,8.0,62,33,17,58.2,14.439999999999978,7
51,700.0,256.0,2000.0,0.0,1.0,1.0,24,30,15,29.45,29.702499999999993,7
52,140.0,1000.0,16000.0,16.0,1.0,3.0,138,33,17,58.2,6368.04,7
54,110.0,1000.0,4000.0,16.0,1.0,2.0,26,29,15,31.11764705882353,26.190311418685116,7
56,220.0,1000.0,8000.0,16.0,1.0,2.0,71,33,17,58.2,163.83999999999992,7
58,800.0,256.0,8000.0,0.0,1.0,4.0,14,33,17,58.2,1953.6400000000003,7
59,800.0,256.0,8000.0,0.0,1.0,4.0,20,33,17,58.2,1459.2400000000002,7
61,800.0,256.0,8000.0,0.0,1.0,4.0,22,33,17,58.2,1310.4400000000003,7
62,125.0,512.0,1000.0,0.0,8.0,20.0,36,31,16,45.0,81.0,7
68,105.0,1000.0,4000.0,0.0,3.0,24.0,32,31,16,45.0,169.0,7
70,75.0,2000.0,8000.0,8.0,3.0,24.0,62,39,21,54.5,56.25,7
73,300.0,768.0,3000.0,0.0,6.0,24.0,36,32,16,40.0,16.0,7
80,330.0,1000.0,3000.0,0.0,2.0,4.0,16,32,16,40.0,576.0,7
81,300.0,1000.0,4000.0,8.0,3.0,64.0,38,32,16,40.0,4.0,7
82,300.0,1000.0,16000.0,8.0,2.0,112.0,38,34,17,68.5,930.25,7
84,330.0,1000.0,4000.0,0.0,3.0,6.0,22,32,16,40.0,324.0,7
89,140.0,2000.0,8000.0,32.0,1.0,54.0,66,2,0,262.7391304347826,38706.28544423441,7
90,140.0,2000.0,32000.0,32.0,1.0,54.0,141,2,0,262.7391304347826,14820.415879017017,7
91,140.0,2000.0,32000.0,32.0,1.0,54.0,189,2,0,262.7391304347826,5437.459357277885,7
94,57.0,4000.0,24000.0,64.0,12.0,16.0,237,2,0,262.7391304347826,662.5028355387532,7
95,26.0,16000.0,32000.0,64.0,16.0,24.0,465,2,0,262.7391304347826,40909.459357277876,7
100,203.0,1000.0,2000.0,0.0,1.0,5.0,24,29,15,31.11764705882353,50.660899653979236,7
101,115.0,512.0,6000.0,16.0,1.0,6.0,45,33,17,58.2,174.24000000000007,7
102,1100.0,512.0,1500.0,0.0,1.0,1.0,7,30,15,29.45,504.00249999999994,7
110,900.0,1000.0,4000.0,8.0,1.0,2.0,22,30,15,29.45,55.50249999999999,7
111,900.0,2000.0,4000.0,0.0,3.0,6.0,37,39,21,54.5,306.25,7
114,180.0,2000.0,8000.0,8.0,1.0,6.0,50,22,10,64.0,196.0,7
116,180.0,2000.0,16000.0,16.0,1.0,6.0,66,9,4,124.83333333333331,3461.361111111109,7
121,17.0,4000.0,16000.0,32.0,6.0,12.0,133,2,0,262.7391304347826,16832.24196597354,7
123,1500.0,768.0,2000.0,0.0,0.0,0.0,18,30,15,29.45,131.1025,7
127,50.0,2000.0,8000.0,8.0,1.0,6.0,56,22,10,64.0,64.0,7
130,50.0,8000.0,16000.0,48.0,1.0,10.0,136,2,0,262.7391304347826,16062.807183364843,7
131,100.0,1000.0,8000.0,0.0,2.0,6.0,16,33,17,58.2,1780.8400000000001,7
133,100.0,1000.0,8000.0,24.0,3.0,6.0,32,2,0,262.7391304347826,53240.54631379963,7
134,50.0,2000.0,16000.0,12.0,3.0,16.0,45,9,4,124.83333333333331,6373.361111111108,7
137,150.0,512.0,4000.0,0.0,8.0,128.0,30,31,16,45.0,225.0,7
138,115.0,2000.0,8000.0,16.0,1.0,3.0,50,22,10,64.0,196.0,7
140,92.0,2000.0,8000.0,32.0,1.0,6.0,62,2,0,262.7391304347826,40296.198487712674,7
144,60.0,4000.0,16000.0,32.0,1.0,6.0,86,2,0,262.7391304347826,31236.720226843107,7
146,60.0,4000.0,16000.0,64.0,5.0,8.0,93,2,0,262.7391304347826,28811.37240075615,7
149,72.0,2000.0,8000.0,16.0,6.0,8.0,105,39,21,54.5,2550.25,7
152,35.0,8000.0,32000.0,64.0,8.0,24.0,370,2,0,262.7391304347826,11504.894139886575,7
153,38.0,16000.0,32000.0,128.0,16.0,32.0,510,2,0,262.7391304347826,61137.93761814744,7
154,48.0,4000.0,24000.0,32.0,8.0,24.0,214,2,0,262.7391304347826,2375.502835538754,7
159,56.0,1000.0,4000.0,0.0,1.0,6.0,17,29,15,31.11764705882353,199.30795847750863,7
160,56.0,2000.0,6000.0,0.0,1.0,8.0,21,22,10,64.0,1849.0,7
165,38.0,4000.0,8000.0,32.0,16.0,32.0,51,2,0,262.7391304347826,44833.45935727789,7
168,38.0,8000.0,24000.0,160.0,4.0,8.0,140,2,0,262.7391304347826,15064.894139886583,7
170,200.0,1000.0,2000.0,0.0,1.0,2.0,25,29,15,31.11764705882353,37.42560553633218,7
172,200.0,2000.0,8000.0,64.0,1.0,5.0,41,2,0,262.7391304347826,49168.24196597354,7
175,250.0,1000.0,16000.0,1.0,1.0,8.0,50,33,17,58.2,67.24000000000005,7
176,160.0,512.0,4000.0,2.0,1.0,5.0,30,29,15,31.11764705882353,1.249134948096885,7
177,160.0,512.0,2000.0,2.0,3.0,8.0,32,31,16,45.0,169.0,7
179,160.0,1000.0,8000.0,16.0,1.0,14.0,60,34,17,68.5,72.25,7
184,105.0,2000.0,6000.0,16.0,6.0,16.0,33,39,21,54.5,462.25,7
186,52.0,4000.0,16000.0,32.0,4.0,12.0,130,2,0,262.7391304347826,17619.676748582235,7
189,59.0,8000.0,16000.0,64.0,12.0,24.0,188,2,0,262.7391304347826,5585.93761814745,7
190,26.0,8000.0,24000.0,32.0,8.0,16.0,173,2,0,262.7391304347826,8053.111531190929,7
191,26.0,8000.0,32000.0,64.0,12.0,16.0,248,2,0,262.7391304347826,217.2419659735354,7
193,116.0,2000.0,8000.0,32.0,5.0,28.0,70,2,0,262.7391304347826,37148.37240075615,7
197,50.0,4000.0,32000.0,112.0,52.0,104.0,397,2,0,262.7391304347826,18025.981096408315,7
200,180.0,262.0,4000.0,0.0,1.0,3.0,12,29,15,31.11764705882353,365.48442906574394,7
203,180.0,512.0,4000.0,0.0,1.0,3.0,21,29,15,31.11764705882353,102.3667820069204,7
204,124.0,1000.0,8000.0,0.0,1.0,8.0,42,33,17,58.2,262.4400000000001,7
205,98.0,1000.0,8000.0,32.0,2.0,8.0,46,2,0,262.7391304347826,46975.850661625715,7
206,125.0,2000.0,8000.0,0.0,2.0,14.0,52,22,10,64.0,144.0,7
207,480.0,512.0,8000.0,32.0,0.0,0.0,67,2,0,262.7391304347826,38313.80718336484,7
67,105.0,256.0,2000.0,0.0,3.0,10.0,26,33,20,51.0,625.0,8
92,140.0,2000.0,4000.0,8.0,1.0,20.0,22,32,20,37.208333333333336,231.29340277777786,8
161,56.0,2000.0,8000.0,0.0,1.0,8.0,24,34,21,72.16666666666667,2320.0277777777783,8
18,143.0,1000.0,2000.0,0.0,5.0,16.0,31,33,20,51.0,400.0,8
22,143.0,2300.0,6200.0,0.0,6.0,64.0,61,33,20,51.0,100.0,8
72,175.0,256.0,2000.0,0.0,3.0,24.0,22,33,20,51.0,841.0,8
181,240.0,512.0,1000.0,8.0,1.0,3.0,6,32,20,37.208333333333336,973.9600694444446,8
194,50.0,2000.0,32000.0,24.0,6.0,26.0,114,28,16,165.0,2601.0,8
104,600.0,768.0,2000.0,0.0,1.0,1.0,16,30,19,25.0,81.0,8
40,50.0,1000.0,8000.0,8.0,3.0,5.0,36,34,21,72.16666666666667,1308.027777777778,8
129,50.0,2000.0,16000.0,24.0,1.0,6.0,80,29,17,60.25,390.0625,8
8,23.0,16000.0,64000.0,64.0,16.0,32.0,636,39,25,431.44444444444446,41842.97530864197,8
88,140.0,2000.0,32000.0,32.0,1.0,20.0,134,29,17,60.25,5439.0625,8
147,50.0,4000.0,16000.0,64.0,5.0,10.0,111,38,24,126.0,225.0,8
32,50.0,2620.0,10480.0,30.0,12.0,24.0,32,26,15,134.0,10404.0,8
135,50.0,2000.0,16000.0,24.0,6.0,16.0,54,29,17,60.25,39.0625,8
55,110.0,1000.0,12000.0,16.0,1.0,2.0,60,29,17,60.25,0.0625,8
83,330.0,1000.0,2000.0,0.0,1.0,2.0,16,32,20,37.208333333333336,449.7934027777779,8
31,25.0,1310.0,2620.0,131.0,12.0,24.0,368,26,15,134.0,54756.0,8
119,25.0,2000.0,12000.0,16.0,3.0,5.0,66,29,17,60.25,33.0625,8
77,300.0,384.0,12000.0,6.0,1.0,24.0,53,36,22,50.0,9.0,8
126,50.0,2000.0,8000.0,8.0,3.0,6.0,45,34,21,72.16666666666667,738.027777777778,8
108,900.0,512.0,1000.0,0.0,1.0,2.0,11,30,19,25.0,196.0,8
48,320.0,512.0,8000.0,4.0,1.0,5.0,40,36,22,50.0,100.0,8
164,56.0,4000.0,16000.0,0.0,1.0,8.0,46,38,24,126.0,6400.0,8
142,92.0,2000.0,8000.0,4.0,1.0,6.0,50,34,21,72.16666666666667,491.3611111111113,8
105,400.0,2000.0,4000.0,0.0,1.0,1.0,32,30,19,25.0,49.0,8
198,30.0,8000.0,64000.0,96.0,12.0,176.0,915,39,25,431.44444444444446,233825.97530864197,8
201,180.0,512.0,4000.0,0.0,1.0,3.0,14,32,20,37.208333333333336,538.6267361111112,8
20,143.0,1500.0,6300.0,0.0,5.0,32.0,30,34,21,72.16666666666667,1778.0277777777783,8
97,26.0,8000.0,32000.0,0.0,8.0,24.0,277,11,5,169.33333333333334,11592.11111111111,8
46,810.0,512.0,512.0,8.0,1.0,1.0,18,30,19,25.0,49.0,8
66,90.0,256.0,1000.0,0.0,3.0,10.0,17,33,20,51.0,1156.0,8
15,200.0,512.0,16000.0,0.0,4.0,32.0,35,34,21,72.16666666666667,1381.3611111111115,8
47,810.0,1000.0,5000.0,0.0,1.0,1.0,20,30,19,25.0,25.0,8
74,300.0,768.0,3000.0,6.0,6.0,24.0,44,33,20,51.0,49.0,8
21,143.0,3100.0,6200.0,0.0,5.0,20.0,33,38,24,126.0,8649.0,8
112,225.0,2000.0,4000.0,8.0,3.0,6.0,40,33,20,51.0,121.0,8
202,180.0,262.0,4000.0,0.0,1.0,3.0,18,32,20,37.208333333333336,368.9600694444445,8
53,200.0,1000.0,8000.0,0.0,1.0,2.0,36,34,21,72.16666666666667,1308.027777777778,8
41,50.0,2000.0,16000.0,8.0,3.0,5.0,40,34,21,72.16666666666667,1034.6944444444448,8
99,480.0,96.0,512.0,0.0,1.0,1.0,6,30,19,25.0,361.0,8
71,75.0,3000.0,8000.0,8.0,3.0,48.0,64,14,6,51.0,169.0,8
30,25.0,1310.0,2620.0,131.0,12.0,24.0,274,26,15,134.0,19600.0,8
155,38.0,8000.0,32000.0,64.0,8.0,24.0,326,11,5,169.33333333333334,24544.44444444444,8
26,320.0,256.0,6000.0,0.0,1.0,6.0,33,32,20,37.208333333333336,17.710069444444464,8
98,26.0,8000.0,16000.0,0.0,8.0,16.0,185,11,5,169.33333333333334,245.44444444444414,8
33,50.0,2620.0,10480.0,30.0,12.0,24.0,63,26,15,134.0,5041.0,8
23,110.0,3100.0,6200.0,0.0,6.0,64.0,76,14,6,51.0,625.0,8
10,400.0,1000.0,3000.0,0.0,1.0,2.0,38,30,19,25.0,169.0,8
65,75.0,2000.0,16000.0,128.0,1.0,38.0,259,27,15,66.0,37249.0,8
118,25.0,2000.0,12000.0,8.0,1.0,4.0,49,34,21,72.16666666666667,536.6944444444447,8
180,160.0,2000.0,8000.0,32.0,1.0,13.0,109,18,8,67.0,1764.0,8
79,180.0,768.0,12000.0,6.0,1.0,31.0,84,34,21,72.16666666666667,140.02777777777766,8
139,115.0,2000.0,4000.0,2.0,1.0,5.0,40,32,20,37.208333333333336,7.793402777777764,8
78,300.0,192.0,768.0,6.0,6.0,24.0,36,33,20,51.0,225.0,8
120,17.0,4000.0,16000.0,8.0,6.0,12.0,100,38,24,126.0,676.0,8
107,900.0,1000.0,1000.0,0.0,1.0,2.0,11,30,19,25.0,196.0,8
132,100.0,1000.0,8000.0,24.0,2.0,6.0,26,29,17,60.25,1173.0625,8
187,70.0,4000.0,12000.0,8.0,6.0,8.0,75,38,24,126.0,2601.0,8
185,105.0,2000.0,8000.0,16.0,4.0,14.0,58,29,17,60.25,5.0625,8
124,800.0,768.0,2000.0,0.0,0.0,0.0,20,30,19,25.0,25.0,8
166,38.0,4000.0,8000.0,32.0,16.0,32.0,116,14,6,51.0,4225.0,8
151,40.0,8000.0,32000.0,64.0,8.0,24.0,277,11,5,169.33333333333334,11592.11111111111,8
125,50.0,2000.0,4000.0,0.0,3.0,6.0,27,33,20,51.0,576.0,8
113,225.0,2000.0,4000.0,8.0,3.0,6.0,34,33,20,51.0,289.0,8
25,320.0,512.0,2000.0,4.0,1.0,3.0,69,32,20,37.208333333333336,1010.7100694444443,8
183,105.0,2000.0,4000.0,8.0,3.0,8.0,22,33,20,51.0,841.0,8
1,29.0,8000.0,32000.0,32.0,8.0,32.0,269,14,6,51.0,47524.0,8
141,92.0,2000.0,8000.0,32.0,1.0,6.0,60,29,17,60.25,0.0625,8
36,50.0,500.0,2000.0,8.0,1.0,4.0,20,32,20,37.208333333333336,296.1267361111112,8
35,64.0,5240.0,20970.0,30.0,12.0,24.0,208,11,5,169.33333333333334,1495.1111111111104,8
115,185.0,2000.0,16000.0,16.0,1.0,6.0,76,18,8,67.0,81.0,8
63,75.0,2000.0,8000.0,64.0,1.0,38.0,144,27,15,66.0,6084.0,8
76,300.0,768.0,4500.0,0.0,1.0,24.0,45,32,20,37.208333333333336,60.71006944444441,8
122,1500.0,768.0,1000.0,0.0,0.0,0.0,12,30,19,25.0,169.0,8
45,133.0,1000.0,8000.0,9.0,3.0,12.0,72,34,21,72.16666666666667,0.02777777777777936,8
75,300.0,768.0,12000.0,6.0,6.0,24.0,50,36,22,50.0,0.0,8
5,26.0,8000.0,32000.0,64.0,8.0,32.0,318,14,6,51.0,71289.0,8
208,480.0,1000.0,4000.0,0.0,0.0,0.0,45,30,19,25.0,400.0,8
143,75.0,4000.0,16000.0,16.0,1.0,6.0,66,38,24,126.0,3600.0,8
178,160.0,1000.0,4000.0,8.0,1.0,14.0,38,32,20,37.208333333333336,0.6267361111111074,8
28,320.0,512.0,5000.0,4.0,1.0,5.0,77,32,20,37.208333333333336,1583.3767361111109,8
199,30.0,8000.0,64000.0,128.0,12.0,176.0,1150,39,25,431.44444444444446,516322.0864197531,8
1,29.0,8000.0,32000.0,32.0,8.0,32.0,269,28,13,277.0,64.0,9
2,29.0,8000.0,32000.0,32.0,8.0,32.0,220,28,13,277.0,3249.0,9
3,29.0,8000.0,32000.0,32.0,8.0,32.0,172,28,13,277.0,11025.0,9
4,29.0,8000.0,16000.0,32.0,8.0,16.0,132,44,24,100.0,1024.0,9
5,26.0,8000.0,32000.0,64.0,8.0,32.0,318,27,13,358.2857142857143,1622.9387755102034,9
7,23.0,16000.0,32000.0,64.0,16.0,32.0,489,27,13,358.2857142857143,17086.22448979592,9
8,23.0,16000.0,64000.0,64.0,16.0,32.0,636,27,13,358.2857142857143,77125.22448979592,9
13,50.0,4000.0,16000.0,65.0,1.0,8.0,138,47,26,120.66666666666669,300.4444444444438,9
14,350.0,64.0,64.0,0.0,1.0,4.0,10,29,15,25.705882352941178,246.6747404844291,9
17,143.0,512.0,5000.0,0.0,7.0,32.0,28,31,16,57.333333333333336,860.4444444444446,9
19,110.0,5000.0,5000.0,142.0,8.0,64.0,120,14,6,116.0,16.0,9
21,143.0,3100.0,6200.0,0.0,5.0,20.0,33,14,6,116.0,6889.0,9
25,320.0,512.0,2000.0,4.0,1.0,3.0,69,29,15,25.705882352941178,1874.3806228373705,9
27,320.0,256.0,3000.0,4.0,1.0,3.0,27,29,15,25.705882352941178,1.674740484429063,9
35,64.0,5240.0,20970.0,30.0,12.0,24.0,208,14,6,116.0,8464.0,9
37,50.0,1000.0,4000.0,8.0,1.0,5.0,29,32,16,38.68421052631579,93.7839335180055,9
38,50.0,2000.0,8000.0,8.0,1.0,5.0,71,35,18,85.33333333333333,205.44444444444431,9
39,50.0,1000.0,4000.0,8.0,3.0,5.0,26,31,16,57.333333333333336,981.7777777777779,9
40,50.0,1000.0,8000.0,8.0,3.0,5.0,36,35,18,85.33333333333333,2433.7777777777774,9
41,50.0,2000.0,16000.0,8.0,3.0,5.0,40,35,18,85.33333333333333,2055.111111111111,9
43,50.0,2000.0,16000.0,8.0,3.0,6.0,60,35,18,85.33333333333333,641.7777777777775,9
45,133.0,1000.0,8000.0,9.0,3.0,12.0,72,35,18,85.33333333333333,177.77777777777766,9
47,810.0,1000.0,5000.0,0.0,1.0,1.0,20,29,15,25.705882352941178,32.55709342560555,9
49,200.0,512.0,8000.0,8.0,1.0,8.0,62,35,18,85.33333333333333,544.4444444444442,9
50,700.0,384.0,8000.0,0.0,1.0,1.0,24,34,17,50.0,676.0,9
56,220.0,1000.0,8000.0,16.0,1.0,2.0,71,38,20,54.0,289.0,9
60,800.0,256.0,8000.0,0.0,1.0,4.0,16,34,17,50.0,1156.0,9
61,800.0,256.0,8000.0,0.0,1.0,4.0,22,34,17,50.0,784.0,9
64,75.0,2000.0,16000.0,64.0,1.0,38.0,144,42,22,105.0,1521.0,9
65,75.0,2000.0,16000.0,128.0,1.0,38.0,259,42,22,105.0,23716.0,9
66,90.0,256.0,1000.0,0.0,3.0,10.0,17,31,16,57.333333333333336,1626.777777777778,9
69,105.0,2000.0,4000.0,8.0,3.0,19.0,32,31,16,57.333333333333336,641.7777777777779,9
71,75.0,3000.0,8000.0,8.0,3.0,48.0,64,14,6,116.0,2704.0,9
73,300.0,768.0,3000.0,0.0,6.0,24.0,36,30,15,41.0,25.0,9
76,300.0,768.0,4500.0,0.0,1.0,24.0,45,30,15,41.0,16.0,9
77,300.0,384.0,12000.0,6.0,1.0,24.0,53,34,17,50.0,9.0,9
78,300.0,192.0,768.0,6.0,6.0,24.0,36,30,15,41.0,25.0,9
79,180.0,768.0,12000.0,6.0,1.0,31.0,84,35,18,85.33333333333333,1.7777777777777652,9
83,330.0,1000.0,2000.0,0.0,1.0,2.0,16,29,15,25.705882352941178,94.20415224913496,9
84,330.0,1000.0,4000.0,0.0,3.0,6.0,22,29,15,25.705882352941178,13.733564013840839,9
91,140.0,2000.0,32000.0,32.0,1.0,54.0,189,40,21,137.5,2652.25,9
92,140.0,2000.0,4000.0,8.0,1.0,20.0,22,32,16,38.68421052631579,278.3628808864265,9
94,57.0,4000.0,24000.0,64.0,12.0,16.0,237,46,25,148.75,7788.0625,9
96,26.0,16000.0,32000.0,64.0,8.0,24.0,465,27,13,358.2857142857143,11387.938775510205,9
101,115.0,512.0,6000.0,16.0,1.0,6.0,45,38,20,54.0,81.0,9
102,1100.0,512.0,1500.0,0.0,1.0,1.0,7,29,15,25.705882352941178,349.91003460207617,9
106,400.0,4000.0,8000.0,0.0,1.0,1.0,32,43,23,56.0,576.0,9
108,900.0,512.0,1000.0,0.0,1.0,2.0,11,29,15,25.705882352941178,216.26297577854675,9
109,900.0,1000.0,4000.0,4.0,1.0,2.0,18,29,15,25.705882352941178,59.38062283737026,9
111,900.0,2000.0,4000.0,0.0,3.0,6.0,37,29,15,25.705882352941178,127.55709342560552,9
113,225.0,2000.0,4000.0,8.0,3.0,6.0,34,31,16,57.333333333333336,544.4444444444446,9
114,180.0,2000.0,8000.0,8.0,1.0,6.0,50,35,18,85.33333333333333,1248.4444444444441,9
121,17.0,4000.0,16000.0,32.0,6.0,12.0,133,44,24,100.0,1089.0,9
122,1500.0,768.0,1000.0,0.0,0.0,0.0,12,29,15,25.705882352941178,187.8512110726644,9
123,1500.0,768.0,2000.0,0.0,0.0,0.0,18,29,15,25.705882352941178,59.38062283737026,9
124,800.0,768.0,2000.0,0.0,0.0,0.0,20,29,15,25.705882352941178,32.55709342560555,9
125,50.0,2000.0,4000.0,0.0,3.0,6.0,27,31,16,57.333333333333336,920.1111111111112,9
127,50.0,2000.0,8000.0,8.0,1.0,6.0,56,35,18,85.33333333333333,860.4444444444441,9
132,100.0,1000.0,8000.0,24.0,2.0,6.0,26,38,20,54.0,784.0,9
133,100.0,1000.0,8000.0,24.0,3.0,6.0,32,38,20,54.0,484.0,9
137,150.0,512.0,4000.0,0.0,8.0,128.0,30,31,16,57.333333333333336,747.1111111111112,9
138,115.0,2000.0,8000.0,16.0,1.0,3.0,50,38,20,54.0,16.0,9
140,92.0,2000.0,8000.0,32.0,1.0,6.0,62,38,20,54.0,64.0,9
141,92.0,2000.0,8000.0,32.0,1.0,6.0,60,38,20,54.0,36.0,9
150,40.0,8000.0,16000.0,32.0,8.0,16.0,214,44,24,100.0,12996.0,9
153,38.0,16000.0,32000.0,128.0,16.0,32.0,510,27,13,358.2857142857143,23017.22448979592,9
155,38.0,8000.0,32000.0,64.0,8.0,24.0,326,27,13,358.2857142857143,1042.367346938775,9
161,56.0,2000.0,8000.0,0.0,1.0,8.0,24,35,18,85.33333333333333,3761.7777777777774,9
162,56.0,4000.0,8000.0,0.0,1.0,8.0,34,43,23,56.0,484.0,9
163,56.0,4000.0,12000.0,0.0,1.0,8.0,42,43,23,56.0,196.0,9
165,38.0,4000.0,8000.0,32.0,16.0,32.0,51,14,6,116.0,4225.0,9
167,38.0,8000.0,16000.0,64.0,4.0,8.0,100,47,26,120.66666666666669,427.1111111111119,9
173,250.0,512.0,4000.0,0.0,1.0,7.0,25,32,16,38.68421052631579,187.2576177285318,9
176,160.0,512.0,4000.0,2.0,1.0,5.0,30,32,16,38.68421052631579,75.41551246537392,9
178,160.0,1000.0,4000.0,8.0,1.0,14.0,38,32,16,38.68421052631579,0.46814404432132706,9
180,160.0,2000.0,8000.0,32.0,1.0,13.0,109,38,20,54.0,3025.0,9
184,105.0,2000.0,6000.0,16.0,6.0,16.0,33,38,20,54.0,441.0,9
190,26.0,8000.0,24000.0,32.0,8.0,16.0,173,44,24,100.0,5329.0,9
197,50.0,4000.0,32000.0,112.0,52.0,104.0,397,27,13,358.2857142857143,1498.7959183673477,9
202,180.0,262.0,4000.0,0.0,1.0,3.0,18,32,16,38.68421052631579,427.8365650969528,9
203,180.0,512.0,4000.0,0.0,1.0,3.0,21,32,16,38.68421052631579,312.7313019390581,9
206,125.0,2000.0,8000.0,0.0,2.0,14.0,52,35,18,85.33333333333333,1111.1111111111109,9
208,480.0,1000.0,4000.0,0.0,0.0,0.0,45,29,15,25.705882352941178,372.26297577854666,9
182,240.0,512.0,2000.0,8.0,1.0,5.0,11,41,24,41.17391304347826,910.4650283553874,10
164,56.0,4000.0,16000.0,0.0,1.0,8.0,46,31,19,50.0,16.0,10
46,810.0,512.0,512.0,8.0,1.0,1.0,18,35,21,23.27777777777778,27.854938271604947,10
18,143.0,1000.0,2000.0,0.0,5.0,16.0,31,40,23,33.0,4.0,10
53,200.0,1000.0,8000.0,0.0,1.0,2.0,36,41,24,41.17391304347826,26.769376181474453,10
181,240.0,512.0,1000.0,8.0,1.0,3.0,6,41,24,41.17391304347826,1237.20415879017,10
191,26.0,8000.0,32000.0,64.0,12.0,16.0,248,3,1,306.1875,3385.78515625,10
74,300.0,768.0,3000.0,6.0,6.0,24.0,44,40,23,33.0,121.0,10
149,72.0,2000.0,8000.0,16.0,6.0,8.0,105,44,26,57.8,2227.84,10
146,60.0,4000.0,16000.0,64.0,5.0,8.0,93,29,17,119.0,676.0,10
82,300.0,1000.0,16000.0,8.0,2.0,112.0,38,33,20,53.0,225.0,10
168,38.0,8000.0,24000.0,160.0,4.0,8.0,140,29,17,119.0,441.0,10
54,110.0,1000.0,4000.0,16.0,1.0,2.0,26,44,26,57.8,1011.2399999999998,10
70,75.0,2000.0,8000.0,8.0,3.0,24.0,62,40,23,33.0,841.0,10
129,50.0,2000.0,16000.0,24.0,1.0,6.0,80,31,19,50.0,900.0,10
42,50.0,2000.0,16000.0,8.0,3.0,6.0,52,31,19,50.0,4.0,10
120,17.0,4000.0,16000.0,8.0,6.0,12.0,100,31,19,50.0,2500.0,10
170,200.0,1000.0,2000.0,0.0,1.0,2.0,25,41,24,41.17391304347826,261.59546313799615,10
154,48.0,4000.0,24000.0,32.0,8.0,24.0,214,34,20,84.0,16900.0,10
196,50.0,2000.0,32000.0,112.0,52.0,104.0,307,3,1,306.1875,0.66015625,10
157,112.0,1000.0,1000.0,0.0,1.0,4.0,8,41,24,41.17391304347826,1100.508506616257,10
72,175.0,256.0,2000.0,0.0,3.0,24.0,22,40,23,33.0,121.0,10
136,50.0,2000.0,16000.0,24.0,6.0,16.0,65,31,19,50.0,225.0,10
118,25.0,2000.0,12000.0,8.0,1.0,4.0,49,31,19,50.0,1.0,10
9,23.0,32000.0,64000.0,128.0,32.0,64.0,1144,3,1,306.1875,701929.78515625,10
145,60.0,2000.0,16000.0,64.0,5.0,8.0,74,29,17,119.0,2025.0,10
159,56.0,1000.0,4000.0,0.0,1.0,6.0,17,41,24,41.17391304347826,584.3780718336483,10
58,800.0,256.0,8000.0,0.0,1.0,4.0,14,38,22,45.0,961.0,10
103,1100.0,768.0,2000.0,0.0,1.0,1.0,13,35,21,23.27777777777778,105.63271604938274,10
117,225.0,1000.0,4000.0,2.0,3.0,6.0,24,40,23,33.0,81.0,10
81,300.0,1000.0,4000.0,8.0,3.0,64.0,38,39,23,30.33333333333333,58.77777777777785,10
107,900.0,1000.0,1000.0,0.0,1.0,2.0,11,38,22,45.0,1156.0,10
207,480.0,512.0,8000.0,32.0,0.0,0.0,67,44,26,57.8,84.64000000000006,10
28,320.0,512.0,5000.0,4.0,1.0,5.0,77,41,24,41.17391304347826,1283.5085066162574,10
172,200.0,2000.0,8000.0,64.0,1.0,5.0,41,44,26,57.8,282.2399999999999,10
32,50.0,2620.0,10480.0,30.0,12.0,24.0,32,43,25,85.5,2862.25,10
139,115.0,2000.0,4000.0,2.0,1.0,5.0,40,42,24,34.0,36.0,10
194,50.0,2000.0,32000.0,24.0,6.0,26.0,114,34,20,84.0,900.0,10
89,140.0,2000.0,8000.0,32.0,1.0,54.0,66,43,25,85.5,380.25,10
204,124.0,1000.0,8000.0,0.0,1.0,8.0,42,41,24,41.17391304347826,0.6824196597353543,10
158,84.0,1000.0,2000.0,0.0,1.0,6.0,12,41,24,41.17391304347826,851.1172022684308,10
160,56.0,2000.0,6000.0,0.0,1.0,8.0,21,42,24,34.0,169.0,10
185,105.0,2000.0,8000.0,16.0,4.0,14.0,58,44,26,57.8,0.04000000000000114,10
67,105.0,256.0,2000.0,0.0,3.0,10.0,26,40,23,33.0,49.0,10
148,72.0,4000.0,16000.0,64.0,8.0,16.0,143,29,17,119.0,576.0,10
11,400.0,512.0,3500.0,4.0,1.0,6.0,40,38,22,45.0,25.0,10
26,320.0,256.0,6000.0,0.0,1.0,6.0,33,41,24,41.17391304347826,66.812854442344,10
177,160.0,512.0,2000.0,2.0,3.0,8.0,32,40,23,33.0,1.0,10
169,38.0,4000.0,16000.0,128.0,16.0,32.0,212,3,1,306.1875,8871.28515625,10
187,70.0,4000.0,12000.0,8.0,6.0,8.0,75,31,19,50.0,625.0,10
33,50.0,2620.0,10480.0,30.0,12.0,24.0,63,43,25,85.5,506.25,10
29,320.0,256.0,5000.0,4.0,1.0,6.0,27,41,24,41.17391304347826,200.8998109640831,10
57,800.0,256.0,8000.0,0.0,1.0,4.0,12,38,22,45.0,1089.0,10
88,140.0,2000.0,32000.0,32.0,1.0,20.0,134,31,19,50.0,7056.0,10
119,25.0,2000.0,12000.0,16.0,3.0,5.0,66,31,19,50.0,256.0,10
63,75.0,2000.0,8000.0,64.0,1.0,38.0,144,43,25,85.5,3422.25,10
193,116.0,2000.0,8000.0,32.0,5.0,28.0,70,43,25,85.5,240.25,10
105,400.0,2000.0,4000.0,0.0,1.0,1.0,32,36,21,32.0,0.0,10
10,400.0,1000.0,3000.0,0.0,1.0,2.0,38,38,22,45.0,49.0,10
68,105.0,1000.0,4000.0,0.0,3.0,24.0,32,40,23,33.0,1.0,10
147,50.0,4000.0,16000.0,64.0,5.0,10.0,111,29,17,119.0,64.0,10
135,50.0,2000.0,16000.0,24.0,6.0,16.0,54,31,19,50.0,16.0,10
6,23.0,16000.0,32000.0,64.0,16.0,32.0,367,3,1,306.1875,3698.16015625,10
144,60.0,4000.0,16000.0,32.0,1.0,6.0,86,31,19,50.0,1296.0,10
62,125.0,512.0,1000.0,0.0,8.0,20.0,36,40,23,33.0,9.0,10
116,180.0,2000.0,16000.0,16.0,1.0,6.0,66,31,19,50.0,256.0,10
142,92.0,2000.0,8000.0,4.0,1.0,6.0,50,42,24,34.0,256.0,10
166,38.0,4000.0,8000.0,32.0,16.0,32.0,116,43,25,85.5,930.25,10
15,200.0,512.0,16000.0,0.0,4.0,32.0,35,33,20,53.0,324.0,10
59,800.0,256.0,8000.0,0.0,1.0,4.0,20,38,22,45.0,625.0,10
90,140.0,2000.0,32000.0,32.0,1.0,54.0,141,33,20,53.0,7744.0,10
34,56.0,5240.0,20970.0,30.0,12.0,24.0,106,3,1,306.1875,40075.03515625,10
130,50.0,8000.0,16000.0,48.0,1.0,10.0,136,29,17,119.0,289.0,10
52,140.0,1000.0,16000.0,16.0,1.0,3.0,138,31,19,50.0,7744.0,10
97,26.0,8000.0,32000.0,0.0,8.0,24.0,277,34,20,84.0,37249.0,10
128,50.0,2000.0,16000.0,24.0,1.0,6.0,70,31,19,50.0,400.0,10
195,50.0,2000.0,32000.0,48.0,26.0,52.0,208,3,1,306.1875,9640.78515625,10
143,75.0,4000.0,16000.0,16.0,1.0,6.0,66,31,19,50.0,256.0,10
151,40.0,8000.0,32000.0,64.0,8.0,24.0,277,29,17,119.0,24964.0,10
86,140.0,2000.0,4000.0,0.0,4.0,8.0,40,40,23,33.0,49.0,10
189,59.0,8000.0,16000.0,64.0,12.0,24.0,188,3,1,306.1875,13968.28515625,10
44,133.0,1000.0,12000.0,9.0,3.0,12.0,72,31,19,50.0,484.0,10
175,250.0,1000.0,16000.0,1.0,1.0,8.0,50,31,19,50.0,0.0,10
55,110.0,1000.0,12000.0,16.0,1.0,2.0,60,31,19,50.0,100.0,10
