,buying,maint,doors,persons,lug_boot,safety,Class,estimatedOutput,lossValue,testID,learningRate,numHiddenNodesPercentage
1356,0,3,2,0,2,0,unacc,unacc,0.1633955626458968,1,0.001,0.5
678,2,1,1,0,1,0,unacc,unacc,0.16335986738384334,1,0.001,0.5
1086,1,1,0,0,2,0,unacc,unacc,0.1633956885861439,1,0.001,0.5
1035,1,2,2,1,0,0,unacc,unacc,0.16337626134644567,1,0.001,0.5
474,2,3,1,1,2,0,unacc,unacc,0.163333569311556,1,0.001,0.5
1270,1,0,3,0,0,1,unacc,unacc,0.16342097900959957,1,0.001,0.5
205,3,2,3,1,2,1,unacc,unacc,0.16333220099125365,1,0.001,0.5
1679,0,0,2,0,1,2,unacc,unacc,0.16347271167218258,1,0.001,0.5
182,3,2,2,2,0,2,unacc,unacc,0.1633456464687273,1,0.001,0.5
14,3,3,0,1,1,2,unacc,unacc,0.16333009915473903,1,0.001,0.5
1029,1,2,2,0,1,0,unacc,unacc,0.1633761282759766,1,0.001,0.5
721,2,1,2,2,0,1,unacc,unacc,0.16337850955501002,1,0.001,0.5
737,2,1,3,0,2,2,unacc,unacc,0.16339377823443715,1,0.001,0.5
532,2,3,3,2,0,1,unacc,unacc,0.16334605983508002,1,0.001,0.5
238,3,1,0,2,1,1,unacc,unacc,0.16334934731505238,1,0.001,0.5
1409,0,2,0,0,1,2,unacc,unacc,0.16344117081812656,1,0.001,0.5
795,2,0,1,1,1,0,unacc,unacc,0.16337891426687481,1,0.001,0.5
858,2,0,3,2,1,0,unacc,unacc,0.16338125885576818,1,0.001,0.5
976,1,2,0,0,1,1,unacc,unacc,0.16339262477686606,1,0.001,0.5
1625,0,0,0,0,1,2,unacc,unacc,0.1634733517891519,1,0.001,0.5
762,2,0,0,0,2,0,unacc,unacc,0.16337909987171745,1,0.001,0.5
6,3,3,0,0,2,0,unacc,unacc,0.16329832592749705,1,0.001,0.5
845,2,0,3,0,2,2,unacc,unacc,0.16340985790522186,1,0.001,0.5
1087,1,1,0,0,2,1,unacc,unacc,0.16341155093500778,1,0.001,0.5
1260,1,0,2,2,0,0,unacc,unacc,0.16341139634946836,1,0.001,0.5
294,3,1,2,2,2,0,unacc,unacc,0.16333572088224743,1,0.001,0.5
447,2,3,0,1,2,0,unacc,unacc,0.16333388849538732,1,0.001,0.5
183,3,2,2,2,1,0,unacc,unacc,0.16331683330901092,1,0.001,0.5
1410,0,2,0,0,2,0,unacc,unacc,0.16341228324285137,1,0.001,0.5
118,3,2,0,1,0,1,unacc,unacc,0.16332747525896882,1,0.001,0.5
357,3,0,1,0,2,0,unacc,unacc,0.16334613760550218,1,0.001,0.5
176,3,2,2,1,1,2,unacc,unacc,0.16334551224571142,1,0.001,0.5
1405,0,2,0,0,0,1,unacc,unacc,0.1634224535235715,1,0.001,0.5
1547,0,1,1,0,2,2,unacc,unacc,0.16345978887483162,1,0.001,0.5
518,2,3,3,0,1,2,unacc,unacc,0.1633587927865164,1,0.001,0.5
525,2,3,3,1,1,0,unacc,unacc,0.16333009126734702,1,0.001,0.5
558,2,2,0,2,0,0,unacc,unacc,0.16334723667831286,1,0.001,0.5
1004,1,2,1,0,1,2,unacc,unacc,0.1634081659017409,1,0.001,0.5
489,2,3,2,0,1,0,unacc,unacc,0.16332743601115926,1,0.001,0.5
352,3,0,1,0,0,1,unacc,unacc,0.16335629226810558,1,0.001,0.5
660,2,1,0,1,1,0,unacc,unacc,0.16336316362097586,1,0.001,0.5
891,1,3,1,0,0,0,unacc,unacc,0.163357536808464,1,0.001,0.5
1647,0,0,1,0,0,0,unacc,unacc,0.16343843854755424,1,0.001,0.5
12,3,3,0,1,1,0,unacc,unacc,0.16329845562118414,1,0.001,0.5
1327,0,3,1,0,1,1,unacc,unacc,0.1634088981123687,1,0.001,0.5
288,3,1,2,2,0,0,unacc,unacc,0.16333004151411026,1,0.001,0.5
486,2,3,2,0,0,0,unacc,unacc,0.1633245951829343,1,0.001,0.5
128,3,2,0,2,0,2,unacc,unacc,0.16334628341056642,1,0.001,0.5
501,2,3,2,1,2,0,unacc,unacc,0.16333325047961073,1,0.001,0.5
1002,1,2,1,0,1,0,unacc,unacc,0.16337644814824112,1,0.001,0.5
1464,0,2,2,0,2,0,unacc,unacc,0.163411642697812,1,0.001,0.5
1251,1,0,2,1,0,0,unacc,unacc,0.1634084153228736,1,0.001,0.5
625,2,2,3,0,1,1,unacc,unacc,0.163359009635715,1,0.001,0.5
0,3,3,0,0,0,0,unacc,unacc,0.16329265038536991,1,0.001,0.5
253,3,1,1,1,0,1,unacc,unacc,0.16334320899933327,1,0.001,0.5
396,3,0,2,2,0,0,unacc,unacc,0.16334609584537274,1,0.001,0.5
595,2,2,2,0,0,1,unacc,unacc,0.16335648551309098,1,0.001,0.5
1587,0,1,2,2,1,0,unacc,unacc,0.16343084009065179,1,0.001,0.5
952,1,3,3,0,2,1,unacc,unacc,0.163378436110104,1,0.001,0.5
156,3,2,1,2,1,0,unacc,unacc,0.16331714984420792,1,0.001,0.5
1243,1,0,2,0,0,1,unacc,unacc,0.16342129891697693,1,0.001,0.5
586,2,2,1,2,0,1,unacc,unacc,0.1633627586611092,1,0.001,0.5
1650,0,0,1,0,1,0,unacc,unacc,0.16344128706487665,1,0.001,0.5
1163,1,1,3,0,0,2,unacc,unacc,0.16342076020242124,1,0.001,0.5
334,3,0,0,1,0,1,unacc,unacc,0.16335958837937614,1,0.001,0.5
481,2,3,1,2,1,1,unacc,unacc,0.16334953858943366,1,0.001,0.5
1058,1,2,3,0,1,2,unacc,unacc,0.163407524850927,1,0.001,0.5
994,1,2,0,2,1,1,unacc,unacc,0.16339858023540058,1,0.001,0.5
661,2,1,0,1,1,1,unacc,unacc,0.16337901299229093,1,0.001,0.5
1584,0,1,2,2,0,0,unacc,unacc,0.16342799225455432,1,0.001,0.5
386,3,0,2,0,2,2,unacc,unacc,0.16337751000622847,1,0.001,0.5
28,3,3,1,0,0,1,unacc,unacc,0.1633081444680763,1,0.001,0.5
1710,0,0,3,1,0,0,unacc,unacc,0.16344077884784397,1,0.001,0.5
2,3,3,0,0,0,2,unacc,unacc,0.16332429021010336,1,0.001,0.5
44,3,3,1,1,2,2,unacc,unacc,0.1633326208325222,1,0.001,0.5
87,3,3,3,0,2,0,unacc,unacc,0.16329736753333107,1,0.001,0.5
492,2,3,2,0,2,0,unacc,unacc,0.1633302772937585,1,0.001,0.5
315,3,1,3,2,0,0,unacc,unacc,0.16332972538482665,1,0.001,0.5
4,3,3,0,0,1,1,unacc,unacc,0.16331130461739396,1,0.001,0.5
579,2,2,1,1,1,0,unacc,unacc,0.16334678240645198,1,0.001,0.5
1,3,3,0,0,0,1,unacc,unacc,0.16330846478864683,1,0.001,0.5
624,2,2,3,0,1,0,unacc,unacc,0.16334316862918474,1,0.001,0.5
1639,0,0,0,2,0,1,unacc,unacc,0.1634605908175948,1,0.001,0.5
472,2,3,1,1,1,1,unacc,unacc,0.1633465628849019,1,0.001,0.5
1446,0,2,1,1,2,0,unacc,unacc,0.16341494187496755,1,0.001,0.5
1227,1,0,1,1,1,0,unacc,unacc,0.16341158164909142,1,0.001,0.5
1315,0,3,0,2,0,1,unacc,unacc,0.16341232741787784,1,0.001,0.5
390,3,0,2,1,1,0,unacc,unacc,0.16334595549889477,1,0.001,0.5
459,2,3,1,0,0,0,unacc,unacc,0.16332491465065274,1,0.001,0.5
500,2,3,2,1,1,2,unacc,unacc,0.1633620865064931,1,0.001,0.5
1061,1,2,3,0,2,2,unacc,unacc,0.16341037236019118,1,0.001,0.5
526,2,3,3,1,1,1,unacc,unacc,0.16334592435071157,1,0.001,0.5
1493,0,2,3,0,2,2,unacc,unacc,0.1634430583146177,1,0.001,0.5
1413,0,2,0,1,0,0,unacc,unacc,0.16340956696346937,1,0.001,0.5
1169,1,1,3,0,2,2,unacc,unacc,0.16342645627611835,1,0.001,0.5
1521,0,1,0,1,0,0,unacc,unacc,0.1634256513227773,1,0.001,0.5
789,2,0,1,0,2,0,unacc,unacc,0.1633787802676259,1,0.001,0.5
158,3,2,1,2,1,2,unacc,unacc,0.16334880719565023,1,0.001,0.5
1597,0,1,3,0,1,1,unacc,unacc,0.1634404281065365,1,0.001,0.5
575,2,2,1,0,2,2,unacc,unacc,0.1633783456749615,1,0.001,0.5
517,2,3,3,0,1,1,unacc,unacc,0.16334295022922066,1,0.001,0.5
535,2,3,3,2,1,1,unacc,unacc,0.1633489018477519,1,0.001,0.5
950,1,3,3,0,1,2,unacc,unacc,0.163391446623499,1,0.001,0.5
1060,1,2,3,0,2,1,unacc,unacc,0.16339451032388788,1,0.001,0.5
1516,0,1,0,0,1,1,unacc,unacc,0.16344138870814418,1,0.001,0.5
477,2,3,1,2,0,0,unacc,unacc,0.1633308639163759,1,0.001,0.5
98,3,3,3,1,2,2,unacc,unacc,0.16333198128489823,1,0.001,0.5
181,3,2,2,2,0,1,unacc,unacc,0.16332981551184486,1,0.001,0.5
236,3,1,0,2,0,2,unacc,unacc,0.1633623455779926,1,0.001,0.5
5,3,3,0,0,1,2,unacc,unacc,0.1633271320917784,1,0.001,0.5
274,3,1,2,0,1,1,unacc,unacc,0.1633427566324687,1,0.001,0.5
380,3,0,2,0,0,2,unacc,unacc,0.16337181967512196,1,0.001,0.5
838,2,0,3,0,0,1,unacc,unacc,0.16338830470338817,1,0.001,0.5
690,2,1,1,1,2,0,unacc,unacc,0.16336568865063478,1,0.001,0.5
1161,1,1,3,0,0,0,unacc,unacc,0.16338903679607014,1,0.001,0.5
1236,1,0,1,2,1,0,unacc,unacc,0.1634145624378746,1,0.001,0.5
476,2,3,1,1,2,2,unacc,unacc,0.1633652513352502,1,0.001,0.5
482,2,3,1,2,1,2,unacc,unacc,0.1633653819987922,1,0.001,0.5
366,3,0,1,1,2,0,unacc,unacc,0.1633491151329856,1,0.001,0.5
1182,1,1,3,2,1,0,unacc,unacc,0.16339784368472973,1,0.001,0.5
1546,0,1,1,0,2,1,unacc,unacc,0.16344391712425496,1,0.001,0.5
790,2,0,1,0,2,1,unacc,unacc,0.16339463640082297,1,0.001,0.5
387,3,0,2,1,0,0,unacc,unacc,0.16334311423199194,1,0.001,0.5
1215,1,0,1,0,0,0,unacc,unacc,0.16340575460973833,1,0.001,0.5
188,3,2,2,2,2,2,unacc,unacc,0.1633513312505517,1,0.001,0.5
1473,0,2,2,1,2,0,unacc,unacc,0.16341462203350116,1,0.001,0.5
524,2,3,3,1,0,2,unacc,unacc,0.16335892264852528,1,0.001,0.5
153,3,2,1,2,0,0,unacc,unacc,0.16331431175843397,1,0.001,0.5
645,2,2,3,2,2,0,unacc,unacc,0.16335196752089476,1,0.001,0.5
1652,0,0,1,0,1,2,unacc,unacc,0.1634730317509295,1,0.001,0.5
871,1,3,0,0,2,1,unacc,unacc,0.16337939835741466,1,0.001,0.5
1239,1,0,1,2,2,0,unacc,unacc,0.16341740954522763,1,0.001,0.5
39,3,3,1,1,1,0,unacc,unacc,0.16329813741978194,1,0.001,0.5
160,3,2,1,2,2,1,unacc,unacc,0.16333581411133477,1,0.001,0.5
339,3,0,0,1,2,0,unacc,unacc,0.16334943333207325,1,0.001,0.5
1487,0,2,3,0,0,2,unacc,unacc,0.16343736108267418,1,0.001,0.5
621,2,2,3,0,0,0,unacc,unacc,0.16334032665061635,1,0.001,0.5
331,3,0,0,0,2,1,unacc,unacc,0.16336229964327437,1,0.001,0.5
381,3,0,2,0,1,0,unacc,unacc,0.16334297685403215,1,0.001,0.5
351,3,0,1,0,0,0,unacc,unacc,0.16334045360639665,1,0.001,0.5
1176,1,1,3,1,2,0,unacc,unacc,0.16339770867544906,1,0.001,0.5
883,1,3,0,2,0,1,unacc,unacc,0.16337965819607317,1,0.001,0.5
1146,1,1,2,1,1,0,unacc,unacc,0.16339518174222237,1,0.001,0.5
33,3,3,1,0,2,0,unacc,unacc,0.1632980059895852,1,0.001,0.5
1297,0,3,0,0,0,1,unacc,unacc,0.16340637125956972,1,0.001,0.5
456,2,3,0,2,2,0,unacc,unacc,0.16333686342921183,1,0.001,0.5
1412,0,2,0,0,2,2,unacc,unacc,0.1634440195024025,1,0.001,0.5
1317,0,3,0,2,1,0,unacc,unacc,0.1633993125035303,1,0.001,0.5
844,2,0,3,0,2,1,unacc,unacc,0.16339399677347796,1,0.001,0.5
54,3,3,2,0,0,0,unacc,unacc,0.16329201220063494,1,0.001,0.5
1509,0,2,3,2,2,0,unacc,unacc,0.16341728288145835,1,0.001,0.5
1486,0,2,3,0,0,1,unacc,unacc,0.16342149267528552,1,0.001,0.5
393,3,0,2,1,2,0,unacc,unacc,0.1633487972112735,1,0.001,0.5
872,1,3,0,0,2,2,unacc,unacc,0.16339525661833498,1,0.001,0.5
1309,0,3,0,1,1,1,unacc,unacc,0.16341219599961657,1,0.001,0.5
1301,0,3,0,0,1,2,unacc,unacc,0.16342508496636465,1,0.001,0.5
1109,1,1,1,0,0,2,unacc,unacc,0.16342140069072386,1,0.001,0.5
399,3,0,2,2,1,0,unacc,unacc,0.16334893681866744,1,0.001,0.5
343,3,0,0,2,0,1,unacc,unacc,0.1633625677655753,1,0.001,0.5
125,3,2,0,1,2,2,unacc,unacc,0.16334899476912457,1,0.001,0.5
1031,1,2,2,0,1,2,unacc,unacc,0.16340784529596322,1,0.001,0.5
1600,0,1,3,0,2,1,unacc,unacc,0.16344327672738534,1,0.001,0.5
906,1,3,1,1,2,0,unacc,unacc,0.16336620045696246,1,0.001,0.5
437,2,3,0,0,1,2,unacc,unacc,0.16335975594900226,1,0.001,0.5
977,1,2,0,0,1,2,unacc,unacc,0.1634084866741007,1,0.001,0.5
413,3,0,3,0,2,2,unacc,unacc,0.1633771901558902,1,0.001,0.5
1355,0,3,2,0,1,2,unacc,unacc,0.16342444344746967,1,0.001,0.5
83,3,3,3,0,0,2,unacc,unacc,0.1633233280198937,1,0.001,0.5
135,3,2,1,0,0,0,unacc,unacc,0.163308361544251,1,0.001,0.5
177,3,2,2,1,2,0,unacc,unacc,0.16331669408301594,1,0.001,0.5
1244,1,0,2,0,0,2,unacc,unacc,0.16343716706838626,1,0.001,0.5
538,2,3,3,2,2,1,unacc,unacc,0.16335174427905405,1,0.001,0.5
784,2,0,1,0,0,1,unacc,unacc,0.16338894381570565,1,0.001,0.5
220,3,1,0,0,1,1,unacc,unacc,0.16334339594360814,1,0.001,0.5
699,2,1,1,2,2,0,unacc,unacc,0.16336866838292563,1,0.001,0.5
512,2,3,2,2,2,2,unacc,unacc,0.1633679070860838,1,0.001,0.5
225,3,1,0,1,0,0,unacc,unacc,0.1633276962904394,1,0.001,0.5
1513,0,1,0,0,0,1,unacc,unacc,0.16343854010454018,1,0.001,0.5
1209,1,0,0,2,1,0,unacc,unacc,0.16341488182983205,1,0.001,0.5
277,3,1,2,0,2,1,unacc,unacc,0.16334559919727815,1,0.001,0.5
1422,0,2,0,2,0,0,unacc,unacc,0.16341254698497662,1,0.001,0.5
1651,0,0,1,0,1,1,unacc,unacc,0.1634571586570345,1,0.001,0.5
912,1,3,1,2,1,0,unacc,unacc,0.1633663341473574,1,0.001,0.5
1112,1,1,1,0,1,2,unacc,unacc,0.16342424876997388,1,0.001,0.5
604,2,2,2,1,0,1,unacc,unacc,0.16335946149907699,1,0.001,0.5
53,3,3,1,2,2,2,unacc,unacc,0.16333559323905203,1,0.001,0.5
734,2,1,3,0,1,2,unacc,unacc,0.16339093174998334,1,0.001,0.5
964,1,3,3,2,0,1,unacc,unacc,0.16337870097586774,1,0.001,0.5
1193,1,0,0,0,1,2,unacc,unacc,0.16344065606784142,1,0.001,0.5
792,2,0,1,1,0,0,unacc,unacc,0.16337606965065668,1,0.001,0.5
1185,1,1,3,2,2,0,unacc,unacc,0.16340068963528404,1,0.001,0.5
31,3,3,1,0,1,1,unacc,unacc,0.16331098402770697,1,0.001,0.5
1012,1,2,1,1,1,1,unacc,unacc,0.1633952815499936,1,0.001,0.5
34,3,3,1,0,2,1,unacc,unacc,0.16331382407727935,1,0.001,0.5
136,3,2,1,0,0,1,unacc,unacc,0.16332418411009142,1,0.001,0.5
1491,0,2,3,0,2,0,unacc,unacc,0.16341132262605737,1,0.001,0.5
955,1,3,3,1,0,1,unacc,unacc,0.16337572187033653,1,0.001,0.5
573,2,2,1,0,2,0,unacc,unacc,0.1633466500292787,1,0.001,0.5
1098,1,1,0,2,0,0,unacc,unacc,0.16339595449082558,1,0.001,0.5
279,3,1,2,1,0,0,unacc,unacc,0.16332706125981836,1,0.001,0.5
951,1,3,3,0,2,0,unacc,unacc,0.16336258528376346,1,0.001,0.5
1104,1,1,0,2,2,0,unacc,unacc,0.1634016469176331,1,0.001,0.5
829,2,0,2,2,0,1,unacc,unacc,0.16339458448166075,1,0.001,0.5
1384,0,3,3,0,2,1,unacc,unacc,0.1634111046523698,1,0.001,0.5
285,3,1,2,1,2,0,unacc,unacc,0.1633327412928651,1,0.001,0.5
1678,0,0,2,0,1,1,unacc,unacc,0.16345683848997689,1,0.001,0.5
915,1,3,1,2,2,0,unacc,unacc,0.163369178267041,1,0.001,0.5
1032,1,2,2,0,2,0,unacc,unacc,0.16337897367638954,1,0.001,0.5
1216,1,0,1,0,0,1,unacc,unacc,0.1634216189114079,1,0.001,0.5
654,2,1,0,0,2,0,unacc,unacc,0.163363031153846,1,0.001,0.5
1438,0,2,1,0,2,1,unacc,unacc,0.16342782946377685,1,0.001,0.5
1463,0,2,2,0,1,2,unacc,unacc,0.16344052997668396,1,0.001,0.5
706,2,1,2,0,1,1,unacc,unacc,0.1633753964703693,1,0.001,0.5
939,1,3,2,2,1,0,unacc,unacc,0.16336601560884523,1,0.001,0.5
1707,0,0,3,0,2,0,unacc,unacc,0.16344349546806106,1,0.001,0.5
116,3,2,0,0,2,2,unacc,unacc,0.16334602428692271,1,0.001,0.5
712,2,1,2,1,0,1,unacc,unacc,0.16337552942952596,1,0.001,0.5
771,2,0,0,1,2,0,unacc,unacc,0.16338207823304546,1,0.001,0.5
1467,0,2,2,1,0,0,unacc,unacc,0.1634089275360529,1,0.001,0.5
1189,1,0,0,0,0,1,unacc,unacc,0.16342193899874835,1,0.001,0.5
466,2,3,1,0,2,1,unacc,unacc,0.1633464341770843,1,0.001,0.5
1281,1,0,3,1,1,0,unacc,unacc,0.16341094278984117,1,0.001,0.5
272,3,1,2,0,0,2,unacc,unacc,0.16335575415280287,1,0.001,0.5
455,2,3,0,2,1,2,unacc,unacc,0.16336570152603777,1,0.001,0.5
178,3,2,2,1,2,1,unacc,unacc,0.16333251951490893,1,0.001,0.5
1465,0,2,2,0,2,1,unacc,unacc,0.16342750908193288,1,0.001,0.5
440,2,3,0,0,2,2,unacc,unacc,0.16336260103430966,1,0.001,0.5
760,2,0,0,0,1,1,unacc,unacc,0.1633921099394946,1,0.001,0.5
51,3,3,1,2,2,0,unacc,unacc,0.16330394842341625,1,0.001,0.5
1706,0,0,3,0,1,2,unacc,unacc,0.1634723915470513,1,0.001,0.5
670,2,1,0,2,1,1,unacc,unacc,0.16338199183769503,1,0.001,0.5
1196,1,0,0,0,2,2,unacc,unacc,0.16344350473294122,1,0.001,0.5
375,3,0,1,2,2,0,unacc,unacc,0.16335209545855434,1,0.001,0.5
1308,0,3,0,1,1,0,unacc,unacc,0.16339633362461395,1,0.001,0.5
66,3,3,2,1,1,0,unacc,unacc,0.163297819667886,1,0.001,0.5
1000,1,2,1,0,0,1,unacc,unacc,0.16338945774380892,1,0.001,0.5
810,2,0,2,0,0,0,unacc,unacc,0.1633727712874064,1,0.001,0.5
820,2,0,2,1,0,1,unacc,unacc,0.1633916036187381,1,0.001,0.5
924,1,3,2,0,2,0,unacc,unacc,0.16336290526748035,1,0.001,0.5
1575,0,1,2,1,0,0,unacc,unacc,0.16342501165660664,1,0.001,0.5
1311,0,3,0,1,2,0,unacc,unacc,0.16339918040972717,1,0.001,0.5
693,2,1,1,2,0,0,unacc,unacc,0.1633629815871895,1,0.001,0.5
1334,0,3,1,1,0,2,acc,unacc,0.696067682485307,1,0.001,0.5
1445,0,2,1,1,1,2,acc,unacc,0.6960430080477968,1,0.001,0.5
1498,0,2,3,1,1,1,acc,unacc,0.6960645391497732,1,0.001,0.5
616,2,2,2,2,1,1,acc,unacc,0.6961454313891557,1,0.001,0.5
1505,0,2,3,2,0,2,acc,unacc,0.6960436952598023,1,0.001,0.5
1070,1,2,3,1,2,2,acc,unacc,0.696082739221208,1,0.001,0.5
1390,0,3,3,1,1,1,acc,unacc,0.6960854990739119,1,0.001,0.5
268,3,1,1,2,2,1,acc,unacc,0.6961629248877749,1,0.001,0.5
427,3,0,3,2,1,1,acc,unacc,0.6961465254540056,1,0.001,0.5
835,2,0,2,2,2,1,acc,unacc,0.6960998121426483,1,0.001,0.5
745,2,1,3,1,2,1,acc,unacc,0.696125059885744,1,0.001,0.5
416,3,0,3,1,0,2,acc,unacc,0.696133437201884,1,0.001,0.5
1159,1,1,2,2,2,1,acc,unacc,0.696078174515832,1,0.001,0.5
965,1,3,3,2,0,2,acc,unacc,0.696107254167207,1,0.001,0.5
809,2,0,1,2,2,2,acc,unacc,0.6960787077305846,1,0.001,0.5
689,2,1,1,1,1,2,acc,unacc,0.6961072496113391,1,0.001,0.5
266,3,1,1,2,1,2,acc,unacc,0.6961459653142663,1,0.001,0.5
1447,0,2,1,1,2,1,acc,unacc,0.6960599823891392,1,0.001,0.5
614,2,2,2,2,0,2,acc,unacc,0.6961284677262672,1,0.001,0.5
611,2,2,2,1,2,2,acc,unacc,0.6961249124896024,1,0.001,0.5
308,3,1,3,1,0,2,acc,unacc,0.6961543865528897,1,0.001,0.5
1507,0,2,3,2,1,1,acc,unacc,0.6960606687995063,1,0.001,0.5
1501,0,2,3,1,2,1,acc,unacc,0.6960608251312909,1,0.001,0.5
859,2,0,3,2,1,1,acc,unacc,0.6961039445611235,1,0.001,0.5
1123,1,1,1,1,2,1,acc,unacc,0.6960816241367709,1,0.001,0.5
1105,1,1,0,2,2,1,acc,unacc,0.6960773327621489,1,0.001,0.5
404,3,0,2,2,2,2,acc,unacc,0.6961217219034321,1,0.001,0.5
290,3,1,2,2,0,2,acc,unacc,0.696150095585028,1,0.001,0.5
917,1,3,1,2,2,2,acc,unacc,0.6960989856983087,1,0.001,0.5
664,2,1,0,1,2,1,acc,unacc,0.696123797772007,1,0.001,0.5
1120,1,1,1,1,1,1,acc,unacc,0.6960853378684725,1,0.001,0.5
620,2,2,2,2,2,2,acc,unacc,0.6961210433482499,1,0.001,0.5
916,1,3,1,2,2,1,acc,unacc,0.6961196688692868,1,0.001,0.5
701,2,1,1,2,2,2,acc,unacc,0.6960996665308569,1,0.001,0.5
803,2,0,1,2,0,2,acc,unacc,0.6960861345952158,1,0.001,0.5
1370,0,3,2,2,0,2,acc,unacc,0.6960642345825628,1,0.001,0.5
634,2,2,3,1,1,1,acc,unacc,0.6961497223241364,1,0.001,0.5
740,2,1,3,1,0,2,acc,unacc,0.6961118045092829,1,0.001,0.5
254,3,1,1,1,0,2,acc,unacc,0.696153546010998,1,0.001,0.5
1147,1,1,2,1,1,1,acc,unacc,0.6960857589189287,1,0.001,0.5
940,1,3,2,2,1,1,acc,unacc,0.6961238018876305,1,0.001,0.5
1495,0,2,3,1,0,1,acc,unacc,0.6960682530815342,1,0.001,0.5
374,3,0,1,2,1,2,acc,unacc,0.6961250138641867,1,0.001,0.5
1504,0,2,3,2,0,1,acc,unacc,0.6960643825732759,1,0.001,0.5
773,2,0,0,1,2,2,acc,unacc,0.696082156804519,1,0.001,0.5
1480,0,2,2,2,1,1,acc,unacc,0.6960602477036465,1,0.001,0.5
283,3,1,2,1,1,1,acc,unacc,0.6961709249591216,1,0.001,0.5
889,1,3,0,2,2,1,acc,unacc,0.6961192479547669,1,0.001,0.5
911,1,3,1,2,0,2,acc,unacc,0.6961064124677246,1,0.001,0.5
617,2,2,2,2,1,2,acc,unacc,0.6961247556803343,1,0.001,0.5
227,3,1,0,1,0,2,acc,unacc,0.6961531252128194,1,0.001,0.5
341,3,0,0,1,2,2,acc,unacc,0.6961247514555555,1,0.001,0.5
1048,1,2,2,2,1,1,acc,unacc,0.6961028462060987,1,0.001,0.5
554,2,2,0,1,1,2,acc,unacc,0.6961277821429502,1,0.001,0.5
1150,1,1,2,1,2,1,acc,unacc,0.6960820452918454,1,0.001,0.5
265,3,1,1,2,1,1,acc,unacc,0.6961666343588373,1,0.001,0.5
1252,1,0,2,1,0,1,acc,unacc,0.6960685128327839,1,0.001,0.5
292,3,1,2,2,1,1,acc,unacc,0.696167053023921,1,0.001,0.5
986,1,2,0,1,1,2,acc,unacc,0.6960851884536415,1,0.001,0.5
1420,0,2,0,1,2,1,acc,unacc,0.6960595608817066,1,0.001,0.5
1121,1,1,1,1,1,2,acc,unacc,0.6960646505405295,1,0.001,0.5
1366,0,3,2,1,2,1,acc,unacc,0.6960813638227331,1,0.001,0.5
932,1,3,2,1,1,2,acc,unacc,0.696106989054885,1,0.001,0.5
800,2,0,1,1,2,2,acc,unacc,0.696082578121937,1,0.001,0.5
716,2,1,2,1,1,2,acc,unacc,0.6961076707522799,1,0.001,0.5
403,3,0,2,2,2,1,acc,unacc,0.6961423965910601,1,0.001,0.5
1129,1,1,1,2,1,1,acc,unacc,0.6960814672171085,1,0.001,0.5
1346,0,3,1,2,1,2,acc,unacc,0.6960600991904377,1,0.001,0.5
1067,1,2,3,1,1,2,acc,unacc,0.6960864530359694,1,0.001,0.5
673,2,1,0,2,2,1,acc,unacc,0.6961199278104067,1,0.001,0.5
1343,0,3,1,2,0,2,acc,unacc,0.6960638132929616,1,0.001,0.5
821,2,0,2,1,0,2,acc,unacc,0.6960904263615988,1,0.001,0.5
1312,0,3,0,1,2,1,acc,unacc,0.6960805204799659,1,0.001,0.5
1345,0,3,1,2,1,1,acc,unacc,0.6960807867645593,1,0.001,0.5
1144,1,1,2,1,0,1,acc,unacc,0.6960894723844429,1,0.001,0.5
988,1,2,0,1,2,1,acc,unacc,0.6961021609530914,1,0.001,0.5
1021,1,2,1,2,1,1,acc,unacc,0.6961024256758862,1,0.001,0.5
1724,0,0,3,2,1,2,vgood,unacc,1.2560554574804053,1,0.001,0.5
1265,1,0,2,2,1,2,vgood,unacc,1.2561786963120634,1,0.001,0.5
1562,0,1,1,2,1,2,vgood,unacc,1.2561142777386796,1,0.001,0.5
1457,0,2,1,2,2,2,vgood,unacc,1.256164691688766,1,0.001,0.5
1151,1,1,2,1,2,2,vgood,unacc,1.2562404680254615,1,0.001,0.5
1646,0,0,0,2,2,2,vgood,unacc,1.2560409655669655,1,0.001,0.5
1502,0,2,3,1,2,2,vgood,unacc,1.2561784804103377,1,0.001,0.5
1727,0,0,3,2,2,2,vgood,unacc,1.256044614501575,1,0.001,0.5
1529,0,1,0,1,2,2,vgood,unacc,1.2561135777433245,1,0.001,0.5
1178,1,1,3,1,2,2,vgood,unacc,1.2562416829219114,1,0.001,0.5
1259,1,0,2,1,2,2,vgood,unacc,1.2561792118537032,1,0.001,0.5
1718,0,0,3,1,2,2,vgood,unacc,1.2560559678263663,1,0.001,0.5
1454,0,2,1,2,1,2,vgood,unacc,1.2561755348530543,1,0.001,0.5
1694,0,0,2,2,0,2,good,unacc,1.2452094909526263,1,0.001,0.5
1559,0,1,1,2,0,2,good,unacc,1.2452685852840897,1,0.001,0.5
1258,1,0,2,1,2,1,good,unacc,1.245381255412646,1,0.001,0.5
1717,0,0,3,1,2,1,good,unacc,1.2452599790863879,1,0.001,0.5
1636,0,0,0,1,2,1,good,unacc,1.245256414762925,1,0.001,0.5
1294,1,0,3,2,2,1,good,unacc,1.245371238184425,1,0.001,0.5
1712,0,0,3,1,0,2,good,unacc,1.245221877632605,1,0.001,0.5
1267,1,0,2,2,2,1,good,unacc,1.2453700513064667,1,0.001,0.5
1231,1,0,1,1,2,1,good,unacc,1.2453800682399416,1,0.001,0.5
1591,0,1,2,2,2,1,good,unacc,1.2453078751209163,1,0.001,0.5
1690,0,0,2,1,2,1,good,unacc,1.2452587908109214,1,0.001,0.5
1237,1,0,1,2,1,1,good,unacc,1.245379528578674,1,0.001,0.5
1609,0,1,3,1,2,1,good,unacc,1.2453202652486133,1,0.001,0.5
1253,1,0,2,1,0,2,good,unacc,1.2453431549821774,1,0.001,0.5
1356,0,3,2,0,2,0,unacc,unacc,0.16322263725077601,2,0.001,0.5
678,2,1,1,0,1,0,unacc,unacc,0.1632353317968749,2,0.001,0.5
1086,1,1,0,0,2,0,unacc,unacc,0.16326683104981138,2,0.001,0.5
1035,1,2,2,1,0,0,unacc,unacc,0.16323709121779936,2,0.001,0.5
474,2,3,1,1,2,0,unacc,unacc,0.163172041360264,2,0.001,0.5
1270,1,0,3,0,0,1,unacc,unacc,0.16329215993781154,2,0.001,0.5
205,3,2,3,1,2,1,unacc,unacc,0.16316151118550895,2,0.001,0.5
1679,0,0,2,0,1,2,unacc,unacc,0.1633301014580326,2,0.001,0.5
182,3,2,2,2,0,2,unacc,unacc,0.16319126035570747,2,0.001,0.5
14,3,3,0,1,1,2,unacc,unacc,0.16316926401596374,2,0.001,0.5
1029,1,2,2,0,1,0,unacc,unacc,0.16322838842690413,2,0.001,0.5
721,2,1,2,2,0,1,unacc,unacc,0.163244375679259,2,0.001,0.5
737,2,1,3,0,2,2,unacc,unacc,0.163225374511468,2,0.001,0.5
532,2,3,3,2,0,1,unacc,unacc,0.16317797268885914,2,0.001,0.5
238,3,1,0,2,1,1,unacc,unacc,0.1632232454519967,2,0.001,0.5
1409,0,2,0,0,1,2,unacc,unacc,0.16328742386498116,2,0.001,0.5
795,2,0,1,1,1,0,unacc,unacc,0.16326653760932194,2,0.001,0.5
858,2,0,3,2,1,0,unacc,unacc,0.16325251125815737,2,0.001,0.5
976,1,2,0,0,1,1,unacc,unacc,0.16325070972560105,2,0.001,0.5
1625,0,0,0,0,1,2,unacc,unacc,0.16334609097860653,2,0.001,0.5
762,2,0,0,0,2,0,unacc,unacc,0.16326580592899642,2,0.001,0.5
6,3,3,0,0,2,0,unacc,unacc,0.16314787859869342,2,0.001,0.5
845,2,0,3,0,2,2,unacc,unacc,0.16325464140896023,2,0.001,0.5
1087,1,1,0,0,2,1,unacc,unacc,0.16327321735097494,2,0.001,0.5
1260,1,0,2,2,0,0,unacc,unacc,0.16329760453881198,2,0.001,0.5
294,3,1,2,2,2,0,unacc,unacc,0.16319418942797234,2,0.001,0.5
447,2,3,0,1,2,0,unacc,unacc,0.16317998134572612,2,0.001,0.5
183,3,2,2,2,1,0,unacc,unacc,0.16317176730724875,2,0.001,0.5
1410,0,2,0,0,2,0,unacc,unacc,0.16326785628076493,2,0.001,0.5
118,3,2,0,1,0,1,unacc,unacc,0.16319885982961996,2,0.001,0.5
357,3,0,1,0,2,0,unacc,unacc,0.16322752886907738,2,0.001,0.5
176,3,2,2,1,1,2,unacc,unacc,0.16318256330437855,2,0.001,0.5
1405,0,2,0,0,0,1,unacc,unacc,0.16328782710064663,2,0.001,0.5
1547,0,1,1,0,2,2,unacc,unacc,0.16330196255822285,2,0.001,0.5
518,2,3,3,0,1,2,unacc,unacc,0.1631737173504194,2,0.001,0.5
525,2,3,3,1,1,0,unacc,unacc,0.1631629303323307,2,0.001,0.5
558,2,2,0,2,0,0,unacc,unacc,0.1632246687864854,2,0.001,0.5
1004,1,2,1,0,1,2,unacc,unacc,0.16324911750185184,2,0.001,0.5
489,2,3,2,0,1,0,unacc,unacc,0.16316893927171097,2,0.001,0.5
352,3,0,1,0,0,1,unacc,unacc,0.16324747222871636,2,0.001,0.5
660,2,1,0,1,1,0,unacc,unacc,0.1632452263624601,2,0.001,0.5
891,1,3,1,0,0,0,unacc,unacc,0.16321387952888217,2,0.001,0.5
1647,0,0,1,0,0,0,unacc,unacc,0.16333210362528966,2,0.001,0.5
12,3,3,0,1,1,0,unacc,unacc,0.16315654826697096,2,0.001,0.5
1327,0,3,1,0,1,1,unacc,unacc,0.163243759572624,2,0.001,0.5
288,3,1,2,2,0,0,unacc,unacc,0.16320772835373726,2,0.001,0.5
486,2,3,2,0,0,0,unacc,unacc,0.1631756960140485,2,0.001,0.5
128,3,2,0,2,0,2,unacc,unacc,0.16320716286931983,2,0.001,0.5
501,2,3,2,1,2,0,unacc,unacc,0.16316410783388627,2,0.001,0.5
1002,1,2,1,0,1,0,unacc,unacc,0.16323635595261307,2,0.001,0.5
1464,0,2,2,0,2,0,unacc,unacc,0.16325190109438367,2,0.001,0.5
1251,1,0,2,1,0,0,unacc,unacc,0.16329567988127233,2,0.001,0.5
625,2,2,3,0,1,1,unacc,unacc,0.16319654571283917,2,0.001,0.5
0,3,3,0,0,0,0,unacc,unacc,0.16316137966251465,2,0.001,0.5
253,3,1,1,1,0,1,unacc,unacc,0.16322013413659647,2,0.001,0.5
396,3,0,2,2,0,0,unacc,unacc,0.16323697132759352,2,0.001,0.5
595,2,2,2,0,0,1,unacc,unacc,0.16321126990876111,2,0.001,0.5
1587,0,1,2,2,1,0,unacc,unacc,0.1632918356949112,2,0.001,0.5
952,1,3,3,0,2,1,unacc,unacc,0.16319080378644635,2,0.001,0.5
156,3,2,1,2,1,0,unacc,unacc,0.1631797044388048,2,0.001,0.5
1243,1,0,2,0,0,1,unacc,unacc,0.16330014731010484,2,0.001,0.5
586,2,2,1,2,0,1,unacc,unacc,0.16322308373191932,2,0.001,0.5
1650,0,0,1,0,1,0,unacc,unacc,0.1633253045605567,2,0.001,0.5
1163,1,1,3,0,0,2,unacc,unacc,0.1632692409326211,2,0.001,0.5
334,3,0,0,1,0,1,unacc,unacc,0.16325737398562504,2,0.001,0.5
481,2,3,1,2,1,1,unacc,unacc,0.16318708958210484,2,0.001,0.5
1058,1,2,3,0,1,2,unacc,unacc,0.16323317613576818,2,0.001,0.5
994,1,2,0,2,1,1,unacc,unacc,0.16325455881737225,2,0.001,0.5
661,2,1,0,1,1,1,unacc,unacc,0.16325160966905944,2,0.001,0.5
1584,0,1,2,2,0,0,unacc,unacc,0.16329862959650837,2,0.001,0.5
386,3,0,2,0,2,2,unacc,unacc,0.1632323161784454,2,0.001,0.5
28,3,3,1,0,0,1,unacc,unacc,0.16315980158930093,2,0.001,0.5
1710,0,0,3,1,0,0,unacc,unacc,0.16331804214500598,2,0.001,0.5
2,3,3,0,0,0,2,unacc,unacc,0.1631740996475598,2,0.001,0.5
44,3,3,1,1,2,2,unacc,unacc,0.16315457463826658,2,0.001,0.5
87,3,3,3,0,2,0,unacc,unacc,0.16312413395140793,2,0.001,0.5
492,2,3,2,0,2,0,unacc,unacc,0.16316218714270683,2,0.001,0.5
315,3,1,3,2,0,0,unacc,unacc,0.16319977721836998,2,0.001,0.5
4,3,3,0,0,1,1,unacc,unacc,0.16316098012813696,2,0.001,0.5
579,2,2,1,1,1,0,unacc,unacc,0.16320800675522998,2,0.001,0.5
1,3,3,0,0,0,1,unacc,unacc,0.16316773758079886,2,0.001,0.5
624,2,2,3,0,1,0,unacc,unacc,0.16319018142451755,2,0.001,0.5
1639,0,0,0,2,0,1,unacc,unacc,0.16335034192789266,2,0.001,0.5
472,2,3,1,1,1,1,unacc,unacc,0.16318516267068214,2,0.001,0.5
1446,0,2,1,1,2,0,unacc,unacc,0.16326179904822163,2,0.001,0.5
1227,1,0,1,1,1,0,unacc,unacc,0.16329687254337497,2,0.001,0.5
1315,0,3,0,2,0,1,unacc,unacc,0.16326237082804348,2,0.001,0.5
390,3,0,2,1,1,0,unacc,unacc,0.16322826478287752,2,0.001,0.5
459,2,3,1,0,0,0,unacc,unacc,0.16318363889087967,2,0.001,0.5
500,2,3,2,1,1,2,unacc,unacc,0.16318358366840913,2,0.001,0.5
1061,1,2,3,0,2,2,unacc,unacc,0.16322639791866927,2,0.001,0.5
526,2,3,3,1,1,1,unacc,unacc,0.1631692852841873,2,0.001,0.5
1493,0,2,3,0,2,2,unacc,unacc,0.16325669013187227,2,0.001,0.5
1413,0,2,0,1,0,0,unacc,unacc,0.16328336062762333,2,0.001,0.5
1169,1,1,3,0,2,2,unacc,unacc,0.16325566570294653,2,0.001,0.5
1521,0,1,0,1,0,0,unacc,unacc,0.16331268383364939,2,0.001,0.5
789,2,0,1,0,2,0,unacc,unacc,0.1632578268943968,2,0.001,0.5
158,3,2,1,2,1,2,unacc,unacc,0.16319243748776285,2,0.001,0.5
1597,0,1,3,0,1,1,unacc,unacc,0.1632863920550935,2,0.001,0.5
575,2,2,1,0,2,2,unacc,unacc,0.16321205383838466,2,0.001,0.5
517,2,3,3,0,1,1,unacc,unacc,0.16316736018178382,2,0.001,0.5
535,2,3,3,2,1,1,unacc,unacc,0.16317121338810028,2,0.001,0.5
950,1,3,3,0,1,2,unacc,unacc,0.1632039358000878,2,0.001,0.5
1060,1,2,3,0,2,1,unacc,unacc,0.16322002420362786,2,0.001,0.5
1516,0,1,0,0,1,1,unacc,unacc,0.163310356369536,2,0.001,0.5
477,2,3,1,2,0,0,unacc,unacc,0.16318748924334642,2,0.001,0.5
98,3,3,3,1,2,2,unacc,unacc,0.16313873521298555,2,0.001,0.5
181,3,2,2,2,0,1,unacc,unacc,0.16318489215499873,2,0.001,0.5
236,3,1,0,2,0,2,unacc,unacc,0.16323640886562074,2,0.001,0.5
5,3,3,0,0,1,2,unacc,unacc,0.16316733796879426,2,0.001,0.5
274,3,1,2,0,1,1,unacc,unacc,0.16320347519101192,2,0.001,0.5
380,3,0,2,0,0,2,unacc,unacc,0.1632458820277299,2,0.001,0.5
838,2,0,3,0,0,1,unacc,unacc,0.16326183035036185,2,0.001,0.5
690,2,1,1,1,2,0,unacc,unacc,0.1632304750694639,2,0.001,0.5
1161,1,1,3,0,0,0,unacc,unacc,0.16325647036251686,2,0.001,0.5
1236,1,0,1,2,1,0,unacc,unacc,0.16329879688738178,2,0.001,0.5
476,2,3,1,1,2,2,unacc,unacc,0.16318476277888966,2,0.001,0.5
482,2,3,1,2,1,2,unacc,unacc,0.163193457605426,2,0.001,0.5
366,3,0,1,1,2,0,unacc,unacc,0.16322945141208275,2,0.001,0.5
1182,1,1,3,2,1,0,unacc,unacc,0.16325353507266205,2,0.001,0.5
1546,0,1,1,0,2,1,unacc,unacc,0.16329557094738992,2,0.001,0.5
790,2,0,1,0,2,1,unacc,unacc,0.1632642112102527,2,0.001,0.5
387,3,0,2,1,0,0,unacc,unacc,0.16323504466376962,2,0.001,0.5
1215,1,0,1,0,0,0,unacc,unacc,0.16330174396730215,2,0.001,0.5
188,3,2,2,2,2,2,unacc,unacc,0.16317772933419175,2,0.001,0.5
1473,0,2,2,1,2,0,unacc,unacc,0.1632538234130463,2,0.001,0.5
524,2,3,3,1,0,2,unacc,unacc,0.1631824062632627,2,0.001,0.5
153,3,2,1,2,0,0,unacc,unacc,0.16318646879663293,2,0.001,0.5
645,2,2,3,2,2,0,unacc,unacc,0.1631872677766081,2,0.001,0.5
1652,0,0,1,0,1,2,unacc,unacc,0.1633380957335199,2,0.001,0.5
871,1,3,0,0,2,1,unacc,unacc,0.16321466526585143,2,0.001,0.5
1239,1,0,1,2,2,0,unacc,unacc,0.16329200261135857,2,0.001,0.5
39,3,3,1,1,1,0,unacc,unacc,0.16314862151641268,2,0.001,0.5
160,3,2,1,2,2,1,unacc,unacc,0.16317930506411238,2,0.001,0.5
339,3,0,0,1,2,0,unacc,unacc,0.16323741948774673,2,0.001,0.5
1487,0,2,3,0,0,2,unacc,unacc,0.1632702652869086,2,0.001,0.5
621,2,2,3,0,0,0,unacc,unacc,0.16319694613903477,2,0.001,0.5
331,3,0,0,0,2,1,unacc,unacc,0.163241876816342,2,0.001,0.5
381,3,0,2,0,1,0,unacc,unacc,0.1632263407804617,2,0.001,0.5
351,3,0,1,0,0,0,unacc,unacc,0.16324108976508847,2,0.001,0.5
1176,1,1,3,1,2,0,unacc,unacc,0.16324482747449762,2,0.001,0.5
883,1,3,0,2,0,1,unacc,unacc,0.16323207076618754,2,0.001,0.5
1146,1,1,2,1,1,0,unacc,unacc,0.16325958413841632,2,0.001,0.5
33,3,3,1,0,2,0,unacc,unacc,0.16313995624781208,2,0.001,0.5
1297,0,3,0,0,0,1,unacc,unacc,0.16325852100115182,2,0.001,0.5
456,2,3,0,2,2,0,unacc,unacc,0.16318190446887698,2,0.001,0.5
1412,0,2,0,0,2,2,unacc,unacc,0.16328063067660378,2,0.001,0.5
1317,0,3,0,2,1,0,unacc,unacc,0.16324919849443378,2,0.001,0.5
844,2,0,3,0,2,1,unacc,unacc,0.1632482594773066,2,0.001,0.5
54,3,3,2,0,0,0,unacc,unacc,0.16314552249747413,2,0.001,0.5
1509,0,2,3,2,2,0,unacc,unacc,0.16324777602961496,2,0.001,0.5
1486,0,2,3,0,0,1,unacc,unacc,0.1632638790679204,2,0.001,0.5
393,3,0,2,1,2,0,unacc,unacc,0.1632214879509928,2,0.001,0.5
872,1,3,0,0,2,2,unacc,unacc,0.163221039086303,2,0.001,0.5
1309,0,3,0,1,1,1,unacc,unacc,0.16325365749399479,2,0.001,0.5
1301,0,3,0,0,1,2,unacc,unacc,0.16325811834342344,2,0.001,0.5
1109,1,1,1,0,0,2,unacc,unacc,0.1632852067206985,2,0.001,0.5
399,3,0,2,2,1,0,unacc,unacc,0.16323019070898132,2,0.001,0.5
343,3,0,0,2,0,1,unacc,unacc,0.16325930054166213,2,0.001,0.5
125,3,2,0,1,2,2,unacc,unacc,0.16319168887452518,2,0.001,0.5
1031,1,2,2,0,1,2,unacc,unacc,0.16324114471222562,2,0.001,0.5
1600,0,1,3,0,2,1,unacc,unacc,0.16327960084194557,2,0.001,0.5
906,1,3,1,1,2,0,unacc,unacc,0.16320225948617617,2,0.001,0.5
437,2,3,0,0,1,2,unacc,unacc,0.16319755509389997,2,0.001,0.5
977,1,2,0,0,1,2,unacc,unacc,0.16325709412110082,2,0.001,0.5
413,3,0,3,0,2,2,unacc,unacc,0.16322435129384227,2,0.001,0.5
1355,0,3,2,0,1,2,unacc,unacc,0.16324216845983228,2,0.001,0.5
83,3,3,3,0,0,2,unacc,unacc,0.16315029979137616,2,0.001,0.5
135,3,2,1,0,0,0,unacc,unacc,0.1631826171213933,2,0.001,0.5
177,3,2,2,1,2,0,unacc,unacc,0.16316308667210228,2,0.001,0.5
1244,1,0,2,0,0,2,unacc,unacc,0.16330654008513745,2,0.001,0.5
538,2,3,3,2,2,1,unacc,unacc,0.16316445832698717,2,0.001,0.5
784,2,0,1,0,0,1,unacc,unacc,0.16327779191636513,2,0.001,0.5
220,3,1,0,0,1,1,unacc,unacc,0.16321939438214836,2,0.001,0.5
699,2,1,1,2,2,0,unacc,unacc,0.16323239927422942,2,0.001,0.5
512,2,3,2,2,2,2,unacc,unacc,0.1631787492191552,2,0.001,0.5
225,3,1,0,1,0,0,unacc,unacc,0.16322172025205012,2,0.001,0.5
1513,0,1,0,0,0,1,unacc,unacc,0.16331715412435516,2,0.001,0.5
1209,1,0,0,2,1,0,unacc,unacc,0.163306785577238,2,0.001,0.5
277,3,1,2,0,2,1,unacc,unacc,0.1631967064896429,2,0.001,0.5
1422,0,2,0,2,0,0,unacc,unacc,0.16328528520728336,2,0.001,0.5
1651,0,0,1,0,1,1,unacc,unacc,0.16333169985521548,2,0.001,0.5
912,1,3,1,2,1,0,unacc,unacc,0.16321095417432882,2,0.001,0.5
1112,1,1,1,0,1,2,unacc,unacc,0.16327841364376963,2,0.001,0.5
604,2,2,2,1,0,1,unacc,unacc,0.1632131958094382,2,0.001,0.5
53,3,3,1,2,2,2,unacc,unacc,0.16315650291340933,2,0.001,0.5
734,2,1,3,0,1,2,unacc,unacc,0.16323215283056233,2,0.001,0.5
964,1,3,3,2,0,1,unacc,unacc,0.16320819022554356,2,0.001,0.5
1193,1,0,0,0,1,2,unacc,unacc,0.1633157249105865,2,0.001,0.5
792,2,0,1,1,0,0,unacc,unacc,0.16327332769294198,2,0.001,0.5
1185,1,1,3,2,2,0,unacc,unacc,0.16324675203995898,2,0.001,0.5
31,3,3,1,0,1,1,unacc,unacc,0.16315304867966307,2,0.001,0.5
1012,1,2,1,1,1,1,unacc,unacc,0.16324465946410607,2,0.001,0.5
34,3,3,1,0,2,1,unacc,unacc,0.1631463006028172,2,0.001,0.5
136,3,2,1,0,0,1,unacc,unacc,0.16318898223953562,2,0.001,0.5
1491,0,2,3,0,2,0,unacc,unacc,0.16324392926072553,2,0.001,0.5
955,1,3,3,1,0,1,unacc,unacc,0.16320626224244547,2,0.001,0.5
573,2,2,1,0,2,0,unacc,unacc,0.16319931536397644,2,0.001,0.5
1098,1,1,0,2,0,0,unacc,unacc,0.1632842605772236,2,0.001,0.5
279,3,1,2,1,0,0,unacc,unacc,0.16320580102876864,2,0.001,0.5
951,1,3,3,0,2,0,unacc,unacc,0.16318444373170773,2,0.001,0.5
1104,1,1,0,2,2,0,unacc,unacc,0.1632706771591452,2,0.001,0.5
829,2,0,2,2,0,1,unacc,unacc,0.16327366060935752,2,0.001,0.5
1384,0,3,3,0,2,1,unacc,unacc,0.16322104797639178,2,0.001,0.5
285,3,1,2,1,2,0,unacc,unacc,0.16319226441207083,2,0.001,0.5
1678,0,0,2,0,1,1,unacc,unacc,0.16332370641189675,2,0.001,0.5
915,1,3,1,2,2,0,unacc,unacc,0.16320418290095032,2,0.001,0.5
1032,1,2,2,0,2,0,unacc,unacc,0.16322161302545174,2,0.001,0.5
1216,1,0,1,0,0,1,unacc,unacc,0.16330813697172386,2,0.001,0.5
654,2,1,0,0,2,0,unacc,unacc,0.1632365215597653,2,0.001,0.5
1438,0,2,1,0,2,1,unacc,unacc,0.16326626096439692,2,0.001,0.5
1463,0,2,2,0,1,2,unacc,unacc,0.16327145587976963,2,0.001,0.5
706,2,1,2,0,1,1,unacc,unacc,0.16323374145154448,2,0.001,0.5
939,1,3,2,2,1,0,unacc,unacc,0.16320300059238532,2,0.001,0.5
1707,0,0,3,0,2,0,unacc,unacc,0.1633025262808382,2,0.001,0.5
116,3,2,0,0,2,2,unacc,unacc,0.16318976429691834,2,0.001,0.5
712,2,1,2,1,0,1,unacc,unacc,0.16324244865998352,2,0.001,0.5
771,2,0,0,1,2,0,unacc,unacc,0.16326772856445668,2,0.001,0.5
1467,0,2,2,1,0,0,unacc,unacc,0.16326739622869987,2,0.001,0.5
1189,1,0,0,0,0,1,unacc,unacc,0.16331612853546348,2,0.001,0.5
466,2,3,1,0,2,1,unacc,unacc,0.16317647766885232,2,0.001,0.5
1281,1,0,3,1,1,0,unacc,unacc,0.16328090257324995,2,0.001,0.5
272,3,1,2,0,0,2,unacc,unacc,0.16321662223896582,2,0.001,0.5
455,2,3,0,2,1,2,unacc,unacc,0.16320140833050903,2,0.001,0.5
178,3,2,2,1,2,1,unacc,unacc,0.16316944171661427,2,0.001,0.5
1465,0,2,2,0,2,1,unacc,unacc,0.16325828282248742,2,0.001,0.5
440,2,3,0,0,2,2,unacc,unacc,0.1631907862234729,2,0.001,0.5
760,2,0,0,0,1,1,unacc,unacc,0.16327898383821782,2,0.001,0.5
51,3,3,1,2,2,0,unacc,unacc,0.16314380014668245,2,0.001,0.5
1706,0,0,3,0,1,2,unacc,unacc,0.1633221085402827,2,0.001,0.5
670,2,1,0,2,1,1,unacc,unacc,0.16325353534262319,2,0.001,0.5
1196,1,0,0,0,2,2,unacc,unacc,0.16330892723309087,2,0.001,0.5
375,3,0,1,2,2,0,unacc,unacc,0.16323137605307372,2,0.001,0.5
1308,0,3,0,1,1,0,unacc,unacc,0.16324727447245033,2,0.001,0.5
66,3,3,2,1,1,0,unacc,unacc,0.16314070190439325,2,0.001,0.5
1000,1,2,1,0,0,1,unacc,unacc,0.16324951981190108,2,0.001,0.5
810,2,0,2,0,0,0,unacc,unacc,0.16326342295083882,2,0.001,0.5
820,2,0,2,1,0,1,unacc,unacc,0.1632717346619689,2,0.001,0.5
924,1,3,2,0,2,0,unacc,unacc,0.16319238836454308,2,0.001,0.5
1575,0,1,2,1,0,0,unacc,unacc,0.16329670505899951,2,0.001,0.5
1311,0,3,0,1,2,0,unacc,unacc,0.1632404917227434,2,0.001,0.5
693,2,1,1,2,0,0,unacc,unacc,0.1632459637425394,2,0.001,0.5
1334,0,3,1,1,0,2,acc,unacc,0.6958352450453004,2,0.001,0.5
1445,0,2,1,1,1,2,acc,unacc,0.6958060709143432,2,0.001,0.5
1498,0,2,3,1,1,1,acc,unacc,0.6958350328111227,2,0.001,0.5
616,2,2,2,2,1,1,acc,unacc,0.6959007268167128,2,0.001,0.5
1505,0,2,3,2,0,2,acc,unacc,0.6958154495000706,2,0.001,0.5
1070,1,2,3,1,2,2,acc,unacc,0.6958748271395521,2,0.001,0.5
1390,0,3,3,1,1,1,acc,unacc,0.6958729815959245,2,0.001,0.5
268,3,1,1,2,2,1,acc,unacc,0.6959005228190264,2,0.001,0.5
427,3,0,3,2,1,1,acc,unacc,0.6958744535787338,2,0.001,0.5
835,2,0,2,2,2,1,acc,unacc,0.6958336476028805,2,0.001,0.5
745,2,1,3,1,2,1,acc,unacc,0.6958844227782576,2,0.001,0.5
416,3,0,3,1,0,2,acc,unacc,0.6958598900672047,2,0.001,0.5
1159,1,1,2,2,2,1,acc,unacc,0.6958323210059826,2,0.001,0.5
965,1,3,3,2,0,2,acc,unacc,0.6958926610539746,2,0.001,0.5
809,2,0,1,2,2,2,acc,unacc,0.6958150275521886,2,0.001,0.5
689,2,1,1,1,1,2,acc,unacc,0.6958466980996075,2,0.001,0.5
266,3,1,1,2,1,2,acc,unacc,0.6958834614159698,2,0.001,0.5
1447,0,2,1,1,2,1,acc,unacc,0.6958231564324109,2,0.001,0.5
614,2,2,2,2,0,2,acc,unacc,0.6958836664224948,2,0.001,0.5
611,2,2,2,1,2,2,acc,unacc,0.6959037511192026,2,0.001,0.5
308,3,1,3,1,0,2,acc,unacc,0.6958978168180928,2,0.001,0.5
1507,0,2,3,2,1,1,acc,unacc,0.695832530649858,2,0.001,0.5
1501,0,2,3,1,2,1,acc,unacc,0.6958438302403512,2,0.001,0.5
859,2,0,3,2,1,1,acc,unacc,0.695835183374613,2,0.001,0.5
1123,1,1,1,1,2,1,acc,unacc,0.695824483742993,2,0.001,0.5
1105,1,1,0,2,2,1,acc,unacc,0.695811641069417,2,0.001,0.5
404,3,0,2,2,2,2,acc,unacc,0.6958646483172264,2,0.001,0.5
290,3,1,2,2,0,2,acc,unacc,0.695884989891083,2,0.001,0.5
917,1,3,1,2,2,2,acc,unacc,0.695889604418041,2,0.001,0.5
664,2,1,0,1,2,1,acc,unacc,0.6958534401831409,2,0.001,0.5
1120,1,1,1,1,1,1,acc,unacc,0.6958156810766948,2,0.001,0.5
620,2,2,2,2,2,2,acc,unacc,0.6959012452636082,2,0.001,0.5
916,1,3,1,2,2,1,acc,unacc,0.6958978733904684,2,0.001,0.5
701,2,1,1,2,2,2,acc,unacc,0.6958529933960879,2,0.001,0.5
803,2,0,1,2,0,2,acc,unacc,0.695797417079566,2,0.001,0.5
1370,0,3,2,2,0,2,acc,unacc,0.695843077527096,2,0.001,0.5
634,2,2,3,1,1,1,acc,unacc,0.6959135439050321,2,0.001,0.5
740,2,1,3,1,0,2,acc,unacc,0.695858564965896,2,0.001,0.5
254,3,1,1,1,0,2,acc,unacc,0.6958771738858275,2,0.001,0.5
1147,1,1,2,1,1,1,acc,unacc,0.695826022209388,2,0.001,0.5
940,1,3,2,2,1,1,acc,unacc,0.6958994025255181,2,0.001,0.5
1495,0,2,3,1,0,1,acc,unacc,0.6958262329752083,2,0.001,0.5
374,3,0,1,2,1,2,acc,unacc,0.6958455194248423,2,0.001,0.5
1504,0,2,3,2,0,1,acc,unacc,0.695823730590157,2,0.001,0.5
773,2,0,0,1,2,2,acc,unacc,0.6958071853896968,2,0.001,0.5
1480,0,2,2,2,1,1,acc,unacc,0.6958221936821329,2,0.001,0.5
283,3,1,2,1,1,1,acc,unacc,0.6959045570594021,2,0.001,0.5
889,1,3,0,2,2,1,acc,unacc,0.6958875542076057,2,0.001,0.5
911,1,3,1,2,0,2,acc,unacc,0.695872018679569,2,0.001,0.5
617,2,2,2,2,1,2,acc,unacc,0.6958924575282295,2,0.001,0.5
227,3,1,0,1,0,2,acc,unacc,0.695866844585268,2,0.001,0.5
341,3,0,0,1,2,2,acc,unacc,0.6958464880765877,2,0.001,0.5
1048,1,2,2,2,1,1,acc,unacc,0.6958614779428539,2,0.001,0.5
554,2,2,0,1,1,2,acc,unacc,0.6958743169788234,2,0.001,0.5
1150,1,1,2,1,2,1,acc,unacc,0.6958348224990961,2,0.001,0.5
265,3,1,1,2,1,1,acc,unacc,0.6958917342691253,2,0.001,0.5
1252,1,0,2,1,0,1,acc,unacc,0.6957792325088976,2,0.001,0.5
292,3,1,2,2,1,1,acc,unacc,0.6959020508097324,2,0.001,0.5
986,1,2,0,1,1,2,acc,unacc,0.6958350342582276,2,0.001,0.5
1420,0,2,0,1,2,1,acc,unacc,0.6958128139981781,2,0.001,0.5
1121,1,1,1,1,1,2,acc,unacc,0.6958073979237409,2,0.001,0.5
1366,0,3,2,1,2,1,acc,unacc,0.6958714476483976,2,0.001,0.5
932,1,3,2,1,1,2,acc,unacc,0.6958936397115352,2,0.001,0.5
800,2,0,1,1,2,2,acc,unacc,0.6958175292945136,2,0.001,0.5
716,2,1,2,1,1,2,acc,unacc,0.6958570315638201,2,0.001,0.5
403,3,0,2,2,2,1,acc,unacc,0.6958729226021039,2,0.001,0.5
1129,1,1,1,2,1,1,acc,unacc,0.6958131798104485,2,0.001,0.5
1346,0,3,1,2,1,2,acc,unacc,0.6958415428399727,2,0.001,0.5
1067,1,2,3,1,1,2,acc,unacc,0.6958660348643547,2,0.001,0.5
673,2,1,0,2,2,1,acc,unacc,0.6958509383702309,2,0.001,0.5
1343,0,3,1,2,0,2,acc,unacc,0.6958327416302651,2,0.001,0.5
821,2,0,2,1,0,2,acc,unacc,0.6958102634093175,2,0.001,0.5
1312,0,3,0,1,2,1,acc,unacc,0.6958507866151303,2,0.001,0.5
1345,0,3,1,2,1,1,acc,unacc,0.6958498215474243,2,0.001,0.5
1144,1,1,2,1,0,1,acc,unacc,0.6958172198022645,2,0.001,0.5
988,1,2,0,1,2,1,acc,unacc,0.695852113499068,2,0.001,0.5
1021,1,2,1,2,1,1,acc,unacc,0.6958511475134593,2,0.001,0.5
1724,0,0,3,2,1,2,vgood,unacc,1.2553106534440746,2,0.001,0.5
1265,1,0,2,2,1,2,vgood,unacc,1.2553961616412308,2,0.001,0.5
1562,0,1,1,2,1,2,vgood,unacc,1.2553616872211075,2,0.001,0.5
1457,0,2,1,2,2,2,vgood,unacc,1.2554997828633578,2,0.001,0.5
1151,1,1,2,1,2,2,vgood,unacc,1.2555415826971945,2,0.001,0.5
1646,0,0,0,2,2,2,vgood,unacc,1.2552449520884748,2,0.001,0.5
1502,0,2,3,1,2,2,vgood,unacc,1.2555681772795682,2,0.001,0.5
1727,0,0,3,2,2,2,vgood,unacc,1.2553366374711517,2,0.001,0.5
1529,0,1,0,1,2,2,vgood,unacc,1.2553644649752995,2,0.001,0.5
1178,1,1,3,1,2,2,vgood,unacc,1.255572096791103,2,0.001,0.5
1259,1,0,2,1,2,2,vgood,unacc,1.2554294929064518,2,0.001,0.5
1718,0,0,3,1,2,2,vgood,unacc,1.2553439843377905,2,0.001,0.5
1454,0,2,1,2,1,2,vgood,unacc,1.255473809513029,2,0.001,0.5
1694,0,0,2,2,0,2,good,unacc,1.2486096493865835,2,0.001,0.5
1559,0,1,1,2,0,2,good,unacc,1.2486902910004258,2,0.001,0.5
1258,1,0,2,1,2,1,good,unacc,1.2488071459479493,2,0.001,0.5
1717,0,0,3,1,2,1,good,unacc,1.2487226421114288,2,0.001,0.5
1636,0,0,0,1,2,1,good,unacc,1.248632016778165,2,0.001,0.5
1294,1,0,3,2,2,1,good,unacc,1.2488300658199571,2,0.001,0.5
1712,0,0,3,1,0,2,good,unacc,1.2486471144143017,2,0.001,0.5
1267,1,0,2,2,2,1,good,unacc,1.2487998832910396,2,0.001,0.5
1231,1,0,1,1,2,1,good,unacc,1.248776953073735,2,0.001,0.5
1591,0,1,2,2,2,1,good,unacc,1.248796007759372,2,0.001,0.5
1690,0,0,2,1,2,1,good,unacc,1.2486924384834746,2,0.001,0.5
1237,1,0,1,2,1,1,good,unacc,1.2487440101807432,2,0.001,0.5
1609,0,1,3,1,2,1,good,unacc,1.248833454160509,2,0.001,0.5
1253,1,0,2,1,0,2,good,unacc,1.2487316317371786,2,0.001,0.5
