,nodeID,parentNode,dataSetFilters,evaluated,nodeFeature,nodePrediction,childrenNodes,gainOrMSE,treeLevel,pruned,isLeaf
0,0,-1,{},True,Shell_weight,9.937163375224417,"{'belowMean': 1, 'aboveMean': 2}",8.091398060676699,0,False,False
1,1,0,{'Shell_weight': 'belowMean'},True,Sex,8.373271889400922,"{'M': 3, 'I': 4, 'F': 5}",5.594115203532153,1,False,False
2,2,0,{'Shell_weight': 'aboveMean'},True,Shucked_weight,11.627646326276464,"{'belowMean': 6, 'aboveMean': 7}",9.59130578467577,1,False,False
3,3,1,"{'Shell_weight': 'belowMean', 'Sex': 'M'}",True,Height,9.062222222222225,"{'belowMean': 8, 'aboveMean': 9}",5.493970220478583,2,False,False
4,4,1,"{'Shell_weight': 'belowMean', 'Sex': 'I'}",True,Height,7.524109014675052,"{'belowMean': 10, 'aboveMean': 11}",4.214496237571029,2,False,False
5,5,1,"{'Shell_weight': 'belowMean', 'Sex': 'F'}",True,Height,9.879518072289155,"{'belowMean': 12, 'aboveMean': 13}",6.489871506486304,2,False,False
6,6,2,"{'Shell_weight': 'aboveMean', 'Shucked_weight': 'belowMean'}",True,Sex,12.61864406779661,"{'F': 14, 'M': 15, 'I': 16}",14.055227475468332,2,True,True
7,7,2,"{'Shell_weight': 'aboveMean', 'Shucked_weight': 'aboveMean'}",True,Length,11.456934306569345,"{'aboveMean': 17, 'belowMean': 18}",8.602078145126663,2,True,True
8,8,3,"{'Shell_weight': 'belowMean', 'Sex': 'M', 'Height': 'belowMean'}",True,Diameter,8.760479041916168,"{'belowMean': 19, 'aboveMean': 20}",4.80964339437068,3,False,False
9,9,3,"{'Shell_weight': 'belowMean', 'Sex': 'M', 'Height': 'aboveMean'}",True,Shucked_weight,9.93103448275862,"{'belowMean': 21, 'aboveMean': 22}",5.344164456233422,3,False,False
10,10,4,"{'Shell_weight': 'belowMean', 'Sex': 'I', 'Height': 'belowMean'}",True,Length,7.205607476635514,"{'belowMean': 23, 'aboveMean': 24}",3.6078984942886816,3,False,False
11,11,4,"{'Shell_weight': 'belowMean', 'Sex': 'I', 'Height': 'aboveMean'}",True,Shucked_weight,10.306122448979592,"{'belowMean': 25, 'aboveMean': 26}",7.104530807538326,3,False,False
12,12,5,"{'Shell_weight': 'belowMean', 'Sex': 'F', 'Height': 'belowMean'}",True,Diameter,9.513043478260869,"{'belowMean': 27, 'aboveMean': 28}",6.402312166285278,3,False,False
13,13,5,"{'Shell_weight': 'belowMean', 'Sex': 'F', 'Height': 'aboveMean'}",True,Whole_weight,10.705882352941176,"{'belowMean': 29, 'aboveMean': 30}",5.143923156307057,3,False,False
14,14,6,"{'Shell_weight': 'aboveMean', 'Shucked_weight': 'belowMean', 'Sex': 'F'}",True,Whole_weight,13.428571428571429,"{'aboveMean': 31, 'belowMean': 32}",19.4282622139765,3,True,True
15,15,6,"{'Shell_weight': 'aboveMean', 'Shucked_weight': 'belowMean', 'Sex': 'M'}",True,Diameter,12.62,"{'aboveMean': 33, 'belowMean': 34}",9.7315,3,True,True
16,16,6,"{'Shell_weight': 'aboveMean', 'Shucked_weight': 'belowMean', 'Sex': 'I'}",True,Whole_weight,10.526315789473683,"{'aboveMean': 35, 'belowMean': 36}",7.206015037593985,3,False,False
17,17,7,"{'Shell_weight': 'aboveMean', 'Shucked_weight': 'aboveMean', 'Length': 'aboveMean'}",True,Sex,11.476470588235294,"{'F': 37, 'M': 38, 'I': 39}",8.641914178337027,3,True,True
18,18,7,"{'Shell_weight': 'aboveMean', 'Shucked_weight': 'aboveMean', 'Length': 'belowMean'}",True,Sex,8.8,"{'M': 40, 'I': 41}",0.2,3,False,False
19,19,8,"{'Shell_weight': 'belowMean', 'Sex': 'M', 'Height': 'belowMean', 'Diameter': 'belowMean'}",True,Shucked_weight,8.618055555555555,"{'belowMean': 42, 'aboveMean': 43}",4.919593253968254,4,False,False
20,20,8,"{'Shell_weight': 'belowMean', 'Sex': 'M', 'Height': 'belowMean', 'Diameter': 'aboveMean'}",True,Length,9.652173913043478,"{'aboveMean': 44, 'belowMean': 45}",3.881578947368421,4,False,False
21,21,9,"{'Shell_weight': 'belowMean', 'Sex': 'M', 'Height': 'aboveMean', 'Shucked_weight': 'belowMean'}",True,Diameter,11.125,"{'aboveMean': 46, 'belowMean': 47}",8.21482683982684,4,False,False
22,22,9,"{'Shell_weight': 'belowMean', 'Sex': 'M', 'Height': 'aboveMean', 'Shucked_weight': 'aboveMean'}",True,Whole_weight,8.461538461538462,"{'belowMean': 48, 'aboveMean': 49}",0.631578947368421,4,False,False
23,23,10,"{'Shell_weight': 'belowMean', 'Sex': 'I', 'Height': 'belowMean', 'Length': 'belowMean'}",True,Diameter,7.053571428571429,"{'belowMean': 50, 'aboveMean': 51}",3.817293025457606,4,False,False
24,24,10,"{'Shell_weight': 'belowMean', 'Sex': 'I', 'Height': 'belowMean', 'Length': 'aboveMean'}",True,Viscera_weight,8.86111111111111,"{'belowMean': 52, 'aboveMean': 53}",0.7352430555555556,4,False,False
25,25,11,"{'Shell_weight': 'belowMean', 'Sex': 'I', 'Height': 'aboveMean', 'Shucked_weight': 'belowMean'}",True,Viscera_weight,10.552631578947368,"{'belowMean': 54, 'aboveMean': 55}",8.815058479532164,4,True,True
26,26,11,"{'Shell_weight': 'belowMean', 'Sex': 'I', 'Height': 'aboveMean', 'Shucked_weight': 'aboveMean'}",True,Diameter,9.454545454545457,"{'aboveMean': 56, 'belowMean': 57}",0.7636363636363637,4,False,False
27,27,12,"{'Shell_weight': 'belowMean', 'Sex': 'F', 'Height': 'belowMean', 'Diameter': 'belowMean'}",True,Viscera_weight,9.447916666666666,"{'belowMean': 58, 'aboveMean': 59}",6.710031702898551,4,False,False
28,28,12,"{'Shell_weight': 'belowMean', 'Sex': 'F', 'Height': 'belowMean', 'Diameter': 'aboveMean'}",True,Length,9.842105263157896,"{'aboveMean': 60, 'belowMean': 61}",3.049342105263158,4,False,False
29,29,13,"{'Shell_weight': 'belowMean', 'Sex': 'F', 'Height': 'aboveMean', 'Whole_weight': 'belowMean'}",True,Length,11.421052631578949,"{'belowMean': 62, 'aboveMean': 63}",6.285124576146248,4,False,False
30,30,13,"{'Shell_weight': 'belowMean', 'Sex': 'F', 'Height': 'aboveMean', 'Whole_weight': 'aboveMean'}",True,Shucked_weight,8.615384615384615,"{'belowMean': 64, 'aboveMean': 65}",0.3636363636363636,4,False,False
31,31,14,"{'Shell_weight': 'aboveMean', 'Shucked_weight': 'belowMean', 'Sex': 'F', 'Whole_weight': 'aboveMean'}",True,Viscera_weight,14.11111111111111,"{'belowMean': 66, 'aboveMean': 67}",15.39961013645224,4,True,True
32,32,14,"{'Shell_weight': 'aboveMean', 'Shucked_weight': 'belowMean', 'Sex': 'F', 'Whole_weight': 'belowMean'}",True,Diameter,12.590909090909092,"{'aboveMean': 68, 'belowMean': 69}",18.384415584415585,4,True,True
33,33,15,"{'Shell_weight': 'aboveMean', 'Shucked_weight': 'belowMean', 'Sex': 'M', 'Diameter': 'aboveMean'}",True,Whole_weight,12.225,"{'aboveMean': 70, 'belowMean': 71}",7.518818681318682,4,True,True
34,34,15,"{'Shell_weight': 'aboveMean', 'Shucked_weight': 'belowMean', 'Sex': 'M', 'Diameter': 'belowMean'}",True,Whole_weight,14.2,"{'belowMean': 72, 'aboveMean': 73}",16.0,4,True,True
35,35,16,"{'Shell_weight': 'aboveMean', 'Shucked_weight': 'belowMean', 'Sex': 'I', 'Whole_weight': 'aboveMean'}",True,Viscera_weight,12.4,"{'aboveMean': 74, 'belowMean': 75}",0.8,4,False,False
36,36,16,"{'Shell_weight': 'aboveMean', 'Shucked_weight': 'belowMean', 'Sex': 'I', 'Whole_weight': 'belowMean'}",True,Height,9.857142857142858,"{'aboveMean': 76, 'belowMean': 77}",7.489177489177488,4,True,True
37,37,17,"{'Shell_weight': 'aboveMean', 'Shucked_weight': 'aboveMean', 'Length': 'aboveMean', 'Sex': 'F'}",True,Whole_weight,11.451923076923077,"{'aboveMean': 78, 'belowMean': 79}",9.060370140612076,4,True,True
38,38,17,"{'Shell_weight': 'aboveMean', 'Shucked_weight': 'aboveMean', 'Length': 'aboveMean', 'Sex': 'M'}",True,Viscera_weight,11.438805970149254,"{'aboveMean': 80, 'belowMean': 81}",8.026838437983645,4,False,False
39,39,17,"{'Shell_weight': 'aboveMean', 'Shucked_weight': 'aboveMean', 'Length': 'aboveMean', 'Sex': 'I'}",True,Height,12.090909090909092,"{'aboveMean': 82, 'belowMean': 83}",9.459523809523809,4,False,False
40,40,18,"{'Shell_weight': 'aboveMean', 'Shucked_weight': 'aboveMean', 'Length': 'belowMean', 'Sex': 'M'}",True,Diameter,8.5,"{'belowMean': 84, 'aboveMean': 85}",0.1666666666666666,4,True,True
41,41,18,"{'Shell_weight': 'aboveMean', 'Shucked_weight': 'aboveMean', 'Length': 'belowMean', 'Sex': 'I'}",True,,10.0,{},0.0,4,False,True
42,42,19,"{'Shell_weight': 'belowMean', 'Sex': 'M', 'Height': 'belowMean', 'Diameter': 'belowMean', 'Shucked_weight': 'belowMean'}",True,Viscera_weight,8.635714285714286,"{'belowMean': 86, 'aboveMean': 87}",5.043944099378882,5,False,False
43,43,19,"{'Shell_weight': 'belowMean', 'Sex': 'M', 'Height': 'belowMean', 'Diameter': 'belowMean', 'Shucked_weight': 'aboveMean'}",True,Length,8.0,"{'aboveMean': 88, 'belowMean': 89}",0.5,5,False,False
44,44,20,"{'Shell_weight': 'belowMean', 'Sex': 'M', 'Height': 'belowMean', 'Diameter': 'aboveMean', 'Length': 'aboveMean'}",True,Shucked_weight,9.842105263157896,"{'belowMean': 90, 'aboveMean': 91}",4.108187134502924,5,False,False
45,45,20,"{'Shell_weight': 'belowMean', 'Sex': 'M', 'Height': 'belowMean', 'Diameter': 'aboveMean', 'Length': 'belowMean'}",True,Shucked_weight,8.75,"{'belowMean': 92, 'aboveMean': 93}",2.0,5,False,False
46,46,21,"{'Shell_weight': 'belowMean', 'Sex': 'M', 'Height': 'aboveMean', 'Shucked_weight': 'belowMean', 'Diameter': 'aboveMean'}",True,Length,9.818181818181818,"{'aboveMean': 94, 'belowMean': 95}",4.409090909090909,5,True,True
47,47,21,"{'Shell_weight': 'belowMean', 'Sex': 'M', 'Height': 'aboveMean', 'Shucked_weight': 'belowMean', 'Diameter': 'belowMean'}",True,Length,11.80952380952381,"{'belowMean': 96, 'aboveMean': 97}",9.238095238095235,5,False,False
48,48,22,"{'Shell_weight': 'belowMean', 'Sex': 'M', 'Height': 'aboveMean', 'Shucked_weight': 'aboveMean', 'Whole_weight': 'belowMean'}",True,Diameter,8.0,"{'aboveMean': 98, 'belowMean': 99}",0.7738095238095238,5,True,True
49,49,22,"{'Shell_weight': 'belowMean', 'Sex': 'M', 'Height': 'aboveMean', 'Shucked_weight': 'aboveMean', 'Whole_weight': 'aboveMean'}",True,Diameter,8.631578947368421,"{'aboveMean': 100, 'belowMean': 101}",0.5409356725146199,5,False,False
50,50,23,"{'Shell_weight': 'belowMean', 'Sex': 'I', 'Height': 'belowMean', 'Length': 'belowMean', 'Diameter': 'belowMean'}",True,Shucked_weight,7.030927835051546,"{'belowMean': 102, 'aboveMean': 103}",3.7938188958807513,5,True,True
51,51,23,"{'Shell_weight': 'belowMean', 'Sex': 'I', 'Height': 'belowMean', 'Length': 'belowMean', 'Diameter': 'aboveMean'}",True,Shucked_weight,9.25,{'belowMean': 104},4.6875,5,False,False
52,52,24,"{'Shell_weight': 'belowMean', 'Sex': 'I', 'Height': 'belowMean', 'Length': 'aboveMean', 'Viscera_weight': 'belowMean'}",True,Diameter,8.78125,"{'belowMean': 105, 'aboveMean': 106}",0.6644607843137255,5,False,False
53,53,24,"{'Shell_weight': 'belowMean', 'Sex': 'I', 'Height': 'belowMean', 'Length': 'aboveMean', 'Viscera_weight': 'aboveMean'}",True,Shucked_weight,9.5,"{'aboveMean': 107, 'belowMean': 108}",1.1666666666666667,5,False,False
54,54,25,"{'Shell_weight': 'belowMean', 'Sex': 'I', 'Height': 'aboveMean', 'Shucked_weight': 'belowMean', 'Viscera_weight': 'belowMean'}",True,Diameter,10.47222222222222,"{'aboveMean': 109, 'belowMean': 110}",9.020061728395062,5,False,False
55,55,25,"{'Shell_weight': 'belowMean', 'Sex': 'I', 'Height': 'aboveMean', 'Shucked_weight': 'belowMean', 'Viscera_weight': 'aboveMean'}",True,Diameter,12.0,{'aboveMean': 111},4.0,5,True,True
56,56,26,"{'Shell_weight': 'belowMean', 'Sex': 'I', 'Height': 'aboveMean', 'Shucked_weight': 'aboveMean', 'Diameter': 'aboveMean'}",True,Viscera_weight,9.4,"{'belowMean': 112, 'aboveMean': 113}",0.8095238095238095,5,False,False
57,57,26,"{'Shell_weight': 'belowMean', 'Sex': 'I', 'Height': 'aboveMean', 'Shucked_weight': 'aboveMean', 'Diameter': 'belowMean'}",True,,10.0,{},0.0,5,False,True
58,58,27,"{'Shell_weight': 'belowMean', 'Sex': 'F', 'Height': 'belowMean', 'Diameter': 'belowMean', 'Viscera_weight': 'belowMean'}",True,Length,9.358695652173912,"{'belowMean': 114, 'aboveMean': 115}",6.378358573522228,5,False,False
59,59,27,"{'Shell_weight': 'belowMean', 'Sex': 'F', 'Height': 'belowMean', 'Diameter': 'belowMean', 'Viscera_weight': 'aboveMean'}",True,Length,11.5,"{'belowMean': 116, 'aboveMean': 117}",8.166666666666666,5,True,True
60,60,28,"{'Shell_weight': 'belowMean', 'Sex': 'F', 'Height': 'belowMean', 'Diameter': 'aboveMean', 'Length': 'aboveMean'}",True,Viscera_weight,9.4375,"{'belowMean': 118, 'aboveMean': 119}",2.3472222222222223,5,False,False
61,61,28,"{'Shell_weight': 'belowMean', 'Sex': 'F', 'Height': 'belowMean', 'Diameter': 'aboveMean', 'Length': 'belowMean'}",True,Shucked_weight,12.0,{'belowMean': 120},6.0,5,False,False
62,62,29,"{'Shell_weight': 'belowMean', 'Sex': 'F', 'Height': 'aboveMean', 'Whole_weight': 'belowMean', 'Length': 'belowMean'}",True,Shucked_weight,12.047619047619047,"{'belowMean': 121, 'aboveMean': 122}",5.794486215538847,5,False,False
63,63,29,"{'Shell_weight': 'belowMean', 'Sex': 'F', 'Height': 'aboveMean', 'Whole_weight': 'belowMean', 'Length': 'aboveMean'}",True,Viscera_weight,10.647058823529411,"{'aboveMean': 123, 'belowMean': 124}",6.109803921568627,5,False,False
64,64,30,"{'Shell_weight': 'belowMean', 'Sex': 'F', 'Height': 'aboveMean', 'Whole_weight': 'aboveMean', 'Shucked_weight': 'belowMean'}",True,Diameter,9.0,{'aboveMean': 125},1.0,5,False,False
65,65,30,"{'Shell_weight': 'belowMean', 'Sex': 'F', 'Height': 'aboveMean', 'Whole_weight': 'aboveMean', 'Shucked_weight': 'aboveMean'}",True,Diameter,8.545454545454545,{'aboveMean': 126},0.2479338842975206,5,False,False
66,66,31,"{'Shell_weight': 'aboveMean', 'Shucked_weight': 'belowMean', 'Sex': 'F', 'Whole_weight': 'aboveMean', 'Viscera_weight': 'belowMean'}",True,Length,16.5,"{'aboveMean': 127, 'belowMean': 128}",8.107142857142858,5,True,True
67,67,31,"{'Shell_weight': 'aboveMean', 'Shucked_weight': 'belowMean', 'Sex': 'F', 'Whole_weight': 'aboveMean', 'Viscera_weight': 'aboveMean'}",True,Diameter,13.105263157894736,"{'aboveMean': 129, 'belowMean': 130}",16.646198830409357,5,False,False
68,68,32,"{'Shell_weight': 'aboveMean', 'Shucked_weight': 'belowMean', 'Sex': 'F', 'Whole_weight': 'belowMean', 'Diameter': 'aboveMean'}",True,Height,11.4,"{'aboveMean': 131, 'belowMean': 132}",13.16969696969697,5,True,True
69,69,32,"{'Shell_weight': 'aboveMean', 'Shucked_weight': 'belowMean', 'Sex': 'F', 'Whole_weight': 'belowMean', 'Diameter': 'belowMean'}",True,Viscera_weight,15.142857142857142,"{'belowMean': 133, 'aboveMean': 134}",15.833333333333332,5,True,True
70,70,33,"{'Shell_weight': 'aboveMean', 'Shucked_weight': 'belowMean', 'Sex': 'M', 'Diameter': 'aboveMean', 'Whole_weight': 'aboveMean'}",True,Viscera_weight,12.692307692307692,"{'aboveMean': 135, 'belowMean': 136}",7.664655605832077,5,False,False
71,71,33,"{'Shell_weight': 'aboveMean', 'Shucked_weight': 'belowMean', 'Sex': 'M', 'Diameter': 'aboveMean', 'Whole_weight': 'belowMean'}",True,Height,11.357142857142858,"{'belowMean': 137, 'aboveMean': 138}",5.351190476190476,5,True,True
72,72,34,"{'Shell_weight': 'aboveMean', 'Shucked_weight': 'belowMean', 'Sex': 'M', 'Diameter': 'belowMean', 'Whole_weight': 'belowMean'}",True,Height,13.0,"{'belowMean': 139, 'aboveMean': 140}",18.5,5,False,False
73,73,34,"{'Shell_weight': 'aboveMean', 'Shucked_weight': 'belowMean', 'Sex': 'M', 'Diameter': 'belowMean', 'Whole_weight': 'aboveMean'}",True,Length,15.0,"{'belowMean': 141, 'aboveMean': 142}",13.22222222222222,5,True,True
74,74,35,"{'Shell_weight': 'aboveMean', 'Shucked_weight': 'belowMean', 'Sex': 'I', 'Whole_weight': 'aboveMean', 'Viscera_weight': 'aboveMean'}",True,Diameter,14.0,{'aboveMean': 143},0.6666666666666666,5,False,False
75,75,35,"{'Shell_weight': 'aboveMean', 'Shucked_weight': 'belowMean', 'Sex': 'I', 'Whole_weight': 'aboveMean', 'Viscera_weight': 'belowMean'}",True,Height,10.0,"{'aboveMean': 144, 'belowMean': 145}",0.0,5,True,True
76,76,36,"{'Shell_weight': 'aboveMean', 'Shucked_weight': 'belowMean', 'Sex': 'I', 'Whole_weight': 'belowMean', 'Height': 'aboveMean'}",True,Diameter,10.272727272727272,"{'aboveMean': 146, 'belowMean': 147}",6.42929292929293,5,True,True
77,77,36,"{'Shell_weight': 'aboveMean', 'Shucked_weight': 'belowMean', 'Sex': 'I', 'Whole_weight': 'belowMean', 'Height': 'belowMean'}",True,Diameter,8.333333333333334,"{'aboveMean': 148, 'belowMean': 149}",0.1666666666666666,5,False,False
78,78,37,"{'Shell_weight': 'aboveMean', 'Shucked_weight': 'aboveMean', 'Length': 'aboveMean', 'Sex': 'F', 'Whole_weight': 'aboveMean'}",True,Diameter,11.438709677419356,"{'aboveMean': 150, 'belowMean': 151}",8.963772517804776,5,True,True
79,79,37,"{'Shell_weight': 'aboveMean', 'Shucked_weight': 'aboveMean', 'Length': 'aboveMean', 'Sex': 'F', 'Whole_weight': 'belowMean'}",True,Viscera_weight,13.5,"{'belowMean': 152, 'aboveMean': 153}",0.0,5,False,False
80,80,38,"{'Shell_weight': 'aboveMean', 'Shucked_weight': 'aboveMean', 'Length': 'aboveMean', 'Sex': 'M', 'Viscera_weight': 'aboveMean'}",True,Diameter,11.417445482866045,"{'aboveMean': 154, 'belowMean': 155}",7.906688084112149,5,False,False
81,81,38,"{'Shell_weight': 'aboveMean', 'Shucked_weight': 'aboveMean', 'Length': 'aboveMean', 'Sex': 'M', 'Viscera_weight': 'belowMean'}",True,Height,11.928571428571429,"{'aboveMean': 156, 'belowMean': 157}",10.607142857142858,5,False,False
82,82,39,"{'Shell_weight': 'aboveMean', 'Shucked_weight': 'aboveMean', 'Length': 'aboveMean', 'Sex': 'I', 'Height': 'aboveMean'}",True,Viscera_weight,12.535714285714286,"{'aboveMean': 158, 'belowMean': 159}",10.947089947089948,5,False,False
83,83,39,"{'Shell_weight': 'aboveMean', 'Shucked_weight': 'aboveMean', 'Length': 'aboveMean', 'Sex': 'I', 'Height': 'belowMean'}",True,Viscera_weight,9.6,"{'aboveMean': 160, 'belowMean': 161}",0.15,5,False,False
84,84,40,"{'Shell_weight': 'aboveMean', 'Shucked_weight': 'aboveMean', 'Length': 'belowMean', 'Sex': 'M', 'Diameter': 'belowMean'}",True,Height,8.666666666666666,{'aboveMean': 162},0.2222222222222222,5,False,False
85,85,40,"{'Shell_weight': 'aboveMean', 'Shucked_weight': 'aboveMean', 'Length': 'belowMean', 'Sex': 'M', 'Diameter': 'aboveMean'}",True,,8.0,{},0.0,5,False,True
86,86,42,"{'Shell_weight': 'belowMean', 'Sex': 'M', 'Height': 'belowMean', 'Diameter': 'belowMean', 'Shucked_weight': 'belowMean', 'Viscera_weight': 'belowMean'}",True,Length,8.630434782608695,"{'belowMean': 163, 'aboveMean': 164}",5.09670716112532,6,False,False
87,87,42,"{'Shell_weight': 'belowMean', 'Sex': 'M', 'Height': 'belowMean', 'Diameter': 'belowMean', 'Shucked_weight': 'belowMean', 'Viscera_weight': 'aboveMean'}",True,Length,9.0,{'aboveMean': 165},1.0,6,False,False
88,88,43,"{'Shell_weight': 'belowMean', 'Sex': 'M', 'Height': 'belowMean', 'Diameter': 'belowMean', 'Shucked_weight': 'aboveMean', 'Length': 'aboveMean'}",True,,8.0,{},0.0,6,False,True
89,89,43,"{'Shell_weight': 'belowMean', 'Sex': 'M', 'Height': 'belowMean', 'Diameter': 'belowMean', 'Shucked_weight': 'aboveMean', 'Length': 'belowMean'}",True,Viscera_weight,8.0,{'belowMean': 166},0.6666666666666666,6,False,False
90,90,44,"{'Shell_weight': 'belowMean', 'Sex': 'M', 'Height': 'belowMean', 'Diameter': 'aboveMean', 'Length': 'aboveMean', 'Shucked_weight': 'belowMean'}",True,Viscera_weight,10.22222222222222,"{'belowMean': 167, 'aboveMean': 168}",5.746031746031746,6,False,False
91,91,44,"{'Shell_weight': 'belowMean', 'Sex': 'M', 'Height': 'belowMean', 'Diameter': 'aboveMean', 'Length': 'aboveMean', 'Shucked_weight': 'aboveMean'}",True,Whole_weight,9.5,"{'aboveMean': 169, 'belowMean': 170}",2.0,6,False,False
92,92,45,"{'Shell_weight': 'belowMean', 'Sex': 'M', 'Height': 'belowMean', 'Diameter': 'aboveMean', 'Length': 'belowMean', 'Shucked_weight': 'belowMean'}",True,Viscera_weight,9.0,{'belowMean': 171},2.6666666666666665,6,False,False
93,93,45,"{'Shell_weight': 'belowMean', 'Sex': 'M', 'Height': 'belowMean', 'Diameter': 'aboveMean', 'Length': 'belowMean', 'Shucked_weight': 'aboveMean'}",True,,8.0,{},0.0,6,False,True
94,94,46,"{'Shell_weight': 'belowMean', 'Sex': 'M', 'Height': 'aboveMean', 'Shucked_weight': 'belowMean', 'Diameter': 'aboveMean', 'Length': 'aboveMean'}",True,Viscera_weight,10.333333333333334,"{'belowMean': 172, 'aboveMean': 173}",4.3730158730158735,6,False,False
95,95,46,"{'Shell_weight': 'belowMean', 'Sex': 'M', 'Height': 'aboveMean', 'Shucked_weight': 'belowMean', 'Diameter': 'aboveMean', 'Length': 'belowMean'}",True,Viscera_weight,7.5,"{'aboveMean': 174, 'belowMean': 175}",0.0,6,True,True
96,96,47,"{'Shell_weight': 'belowMean', 'Sex': 'M', 'Height': 'aboveMean', 'Shucked_weight': 'belowMean', 'Diameter': 'belowMean', 'Length': 'belowMean'}",True,Viscera_weight,12.0,"{'belowMean': 176, 'aboveMean': 177}",10.075851393188854,6,False,False
97,97,47,"{'Shell_weight': 'belowMean', 'Sex': 'M', 'Height': 'aboveMean', 'Shucked_weight': 'belowMean', 'Diameter': 'belowMean', 'Length': 'aboveMean'}",True,Viscera_weight,10.0,"{'aboveMean': 178, 'belowMean': 179}",0.0,6,False,False
98,98,48,"{'Shell_weight': 'belowMean', 'Sex': 'M', 'Height': 'aboveMean', 'Shucked_weight': 'aboveMean', 'Whole_weight': 'belowMean', 'Diameter': 'aboveMean'}",True,Viscera_weight,7.75,"{'aboveMean': 180, 'belowMean': 181}",0.125,6,True,True
99,99,48,"{'Shell_weight': 'belowMean', 'Sex': 'M', 'Height': 'aboveMean', 'Shucked_weight': 'aboveMean', 'Whole_weight': 'belowMean', 'Diameter': 'belowMean'}",True,Length,8.333333333333334,"{'belowMean': 182, 'aboveMean': 183}",1.5,6,False,False
100,100,49,"{'Shell_weight': 'belowMean', 'Sex': 'M', 'Height': 'aboveMean', 'Shucked_weight': 'aboveMean', 'Whole_weight': 'aboveMean', 'Diameter': 'aboveMean'}",True,Length,8.61111111111111,"{'aboveMean': 184, 'belowMean': 185}",0.5490196078431373,6,False,False
101,101,49,"{'Shell_weight': 'belowMean', 'Sex': 'M', 'Height': 'aboveMean', 'Shucked_weight': 'aboveMean', 'Whole_weight': 'aboveMean', 'Diameter': 'belowMean'}",True,,9.0,{},0.0,6,False,True
102,102,50,"{'Shell_weight': 'belowMean', 'Sex': 'I', 'Height': 'belowMean', 'Length': 'belowMean', 'Diameter': 'belowMean', 'Shucked_weight': 'belowMean'}",True,Viscera_weight,7.041558441558442,{'belowMean': 186},3.816454714117052,6,True,True
103,103,50,"{'Shell_weight': 'belowMean', 'Sex': 'I', 'Height': 'belowMean', 'Length': 'belowMean', 'Diameter': 'belowMean', 'Shucked_weight': 'aboveMean'}",True,Viscera_weight,5.666666666666667,{'belowMean': 187},0.888888888888889,6,False,False
104,104,51,"{'Shell_weight': 'belowMean', 'Sex': 'I', 'Height': 'belowMean', 'Length': 'belowMean', 'Diameter': 'aboveMean', 'Shucked_weight': 'belowMean'}",True,Viscera_weight,9.25,{'belowMean': 188},4.6875,6,False,False
105,105,52,"{'Shell_weight': 'belowMean', 'Sex': 'I', 'Height': 'belowMean', 'Length': 'aboveMean', 'Viscera_weight': 'belowMean', 'Diameter': 'belowMean'}",True,Shucked_weight,8.705882352941176,"{'belowMean': 189, 'aboveMean': 190}",0.6727941176470589,6,False,False
106,106,52,"{'Shell_weight': 'belowMean', 'Sex': 'I', 'Height': 'belowMean', 'Length': 'aboveMean', 'Viscera_weight': 'belowMean', 'Diameter': 'aboveMean'}",True,Shucked_weight,8.866666666666667,"{'aboveMean': 191, 'belowMean': 192}",0.638888888888889,6,False,False
107,107,53,"{'Shell_weight': 'belowMean', 'Sex': 'I', 'Height': 'belowMean', 'Length': 'aboveMean', 'Viscera_weight': 'aboveMean', 'Shucked_weight': 'aboveMean'}",True,,10.0,{},0.0,6,False,True
108,108,53,"{'Shell_weight': 'belowMean', 'Sex': 'I', 'Height': 'belowMean', 'Length': 'aboveMean', 'Viscera_weight': 'aboveMean', 'Shucked_weight': 'belowMean'}",True,Diameter,9.333333333333334,{'aboveMean': 193},1.5555555555555556,6,False,False
109,109,54,"{'Shell_weight': 'belowMean', 'Sex': 'I', 'Height': 'aboveMean', 'Shucked_weight': 'belowMean', 'Viscera_weight': 'belowMean', 'Diameter': 'aboveMean'}",True,Length,10.22222222222222,"{'aboveMean': 194, 'belowMean': 195}",6.82051282051282,6,False,False
110,110,54,"{'Shell_weight': 'belowMean', 'Sex': 'I', 'Height': 'aboveMean', 'Shucked_weight': 'belowMean', 'Viscera_weight': 'belowMean', 'Diameter': 'belowMean'}",True,Length,10.72222222222222,"{'belowMean': 196, 'aboveMean': 197}",11.026143790849671,6,False,False
111,111,55,"{'Shell_weight': 'belowMean', 'Sex': 'I', 'Height': 'aboveMean', 'Shucked_weight': 'belowMean', 'Viscera_weight': 'aboveMean', 'Diameter': 'aboveMean'}",True,Length,12.0,{'aboveMean': 198},4.0,6,True,True
112,112,56,"{'Shell_weight': 'belowMean', 'Sex': 'I', 'Height': 'aboveMean', 'Shucked_weight': 'aboveMean', 'Diameter': 'aboveMean', 'Viscera_weight': 'belowMean'}",True,Whole_weight,9.285714285714286,"{'belowMean': 199, 'aboveMean': 200}",0.4880952380952381,6,False,False
113,113,56,"{'Shell_weight': 'belowMean', 'Sex': 'I', 'Height': 'aboveMean', 'Shucked_weight': 'aboveMean', 'Diameter': 'aboveMean', 'Viscera_weight': 'aboveMean'}",True,Whole_weight,9.666666666666666,"{'aboveMean': 201, 'belowMean': 202}",1.5,6,False,False
114,114,58,"{'Shell_weight': 'belowMean', 'Sex': 'F', 'Height': 'belowMean', 'Diameter': 'belowMean', 'Viscera_weight': 'belowMean', 'Length': 'belowMean'}",True,Shucked_weight,9.303370786516854,"{'belowMean': 203, 'aboveMean': 204}",6.14708886618999,6,False,False
115,115,58,"{'Shell_weight': 'belowMean', 'Sex': 'F', 'Height': 'belowMean', 'Diameter': 'belowMean', 'Viscera_weight': 'belowMean', 'Length': 'aboveMean'}",True,Shucked_weight,11.0,{'belowMean': 205},12.666666666666666,6,False,False
116,116,59,"{'Shell_weight': 'belowMean', 'Sex': 'F', 'Height': 'belowMean', 'Diameter': 'belowMean', 'Viscera_weight': 'aboveMean', 'Length': 'belowMean'}",True,Shucked_weight,12.666666666666666,{'belowMean': 206},10.888888888888888,6,True,True
117,117,59,"{'Shell_weight': 'belowMean', 'Sex': 'F', 'Height': 'belowMean', 'Diameter': 'belowMean', 'Viscera_weight': 'aboveMean', 'Length': 'aboveMean'}",True,,8.0,{},0.0,6,False,True
118,118,60,"{'Shell_weight': 'belowMean', 'Sex': 'F', 'Height': 'belowMean', 'Diameter': 'aboveMean', 'Length': 'aboveMean', 'Viscera_weight': 'belowMean'}",True,Whole_weight,9.77777777777778,"{'belowMean': 207, 'aboveMean': 208}",1.1111111111111112,6,False,False
119,119,60,"{'Shell_weight': 'belowMean', 'Sex': 'F', 'Height': 'belowMean', 'Diameter': 'aboveMean', 'Length': 'aboveMean', 'Viscera_weight': 'aboveMean'}",True,Shucked_weight,9.0,"{'aboveMean': 209, 'belowMean': 210}",2.1142857142857143,6,False,False
120,120,61,"{'Shell_weight': 'belowMean', 'Sex': 'F', 'Height': 'belowMean', 'Diameter': 'aboveMean', 'Length': 'belowMean', 'Shucked_weight': 'belowMean'}",True,Viscera_weight,12.0,{'belowMean': 211},6.0,6,False,False
121,121,62,"{'Shell_weight': 'belowMean', 'Sex': 'F', 'Height': 'aboveMean', 'Whole_weight': 'belowMean', 'Length': 'belowMean', 'Shucked_weight': 'belowMean'}",True,Diameter,12.263157894736842,"{'belowMean': 212, 'aboveMean': 213}",6.301503759398496,6,True,True
122,122,62,"{'Shell_weight': 'belowMean', 'Sex': 'F', 'Height': 'aboveMean', 'Whole_weight': 'belowMean', 'Length': 'belowMean', 'Shucked_weight': 'aboveMean'}",True,,10.0,{},0.0,6,False,True
123,123,63,"{'Shell_weight': 'belowMean', 'Sex': 'F', 'Height': 'aboveMean', 'Whole_weight': 'belowMean', 'Length': 'aboveMean', 'Viscera_weight': 'aboveMean'}",True,Shucked_weight,11.4,"{'belowMean': 214, 'aboveMean': 215}",5.2,6,False,False
124,124,63,"{'Shell_weight': 'belowMean', 'Sex': 'F', 'Height': 'aboveMean', 'Whole_weight': 'belowMean', 'Length': 'aboveMean', 'Viscera_weight': 'belowMean'}",True,Diameter,10.333333333333334,"{'belowMean': 216, 'aboveMean': 217}",5.8,6,False,False
125,125,64,"{'Shell_weight': 'belowMean', 'Sex': 'F', 'Height': 'aboveMean', 'Whole_weight': 'aboveMean', 'Shucked_weight': 'belowMean', 'Diameter': 'aboveMean'}",True,Length,9.0,{'aboveMean': 218},1.0,6,False,False
126,126,65,"{'Shell_weight': 'belowMean', 'Sex': 'F', 'Height': 'aboveMean', 'Whole_weight': 'aboveMean', 'Shucked_weight': 'aboveMean', 'Diameter': 'aboveMean'}",True,Length,8.545454545454545,{'aboveMean': 219},0.2479338842975206,6,False,False
127,127,66,"{'Shell_weight': 'aboveMean', 'Shucked_weight': 'belowMean', 'Sex': 'F', 'Whole_weight': 'aboveMean', 'Viscera_weight': 'belowMean', 'Length': 'aboveMean'}",True,Diameter,16.142857142857142,"{'aboveMean': 220, 'belowMean': 221}",9.261904761904765,6,False,False
128,128,66,"{'Shell_weight': 'aboveMean', 'Shucked_weight': 'belowMean', 'Sex': 'F', 'Whole_weight': 'aboveMean', 'Viscera_weight': 'belowMean', 'Length': 'belowMean'}",True,,19.0,{},0.0,6,False,True
129,129,67,"{'Shell_weight': 'aboveMean', 'Shucked_weight': 'belowMean', 'Sex': 'F', 'Whole_weight': 'aboveMean', 'Viscera_weight': 'aboveMean', 'Diameter': 'aboveMean'}",True,Height,13.38888888888889,"{'aboveMean': 222, 'belowMean': 223}",17.24652777777778,6,False,False
130,130,67,"{'Shell_weight': 'aboveMean', 'Shucked_weight': 'belowMean', 'Sex': 'F', 'Whole_weight': 'aboveMean', 'Viscera_weight': 'aboveMean', 'Diameter': 'belowMean'}",True,,8.0,{},0.0,6,False,True
131,131,68,"{'Shell_weight': 'aboveMean', 'Shucked_weight': 'belowMean', 'Sex': 'F', 'Whole_weight': 'belowMean', 'Diameter': 'aboveMean', 'Height': 'aboveMean'}",True,Length,10.636363636363637,"{'aboveMean': 224, 'belowMean': 225}",5.354545454545455,6,True,True
132,132,68,"{'Shell_weight': 'aboveMean', 'Shucked_weight': 'belowMean', 'Sex': 'F', 'Whole_weight': 'belowMean', 'Diameter': 'aboveMean', 'Height': 'belowMean'}",True,Viscera_weight,13.5,"{'aboveMean': 226, 'belowMean': 227}",26.5,6,False,False
133,133,69,"{'Shell_weight': 'aboveMean', 'Shucked_weight': 'belowMean', 'Sex': 'F', 'Whole_weight': 'belowMean', 'Diameter': 'belowMean', 'Viscera_weight': 'belowMean'}",True,Height,13.833333333333334,"{'aboveMean': 228, 'belowMean': 229}",18.33333333333333,6,False,False
134,134,69,"{'Shell_weight': 'aboveMean', 'Shucked_weight': 'belowMean', 'Sex': 'F', 'Whole_weight': 'belowMean', 'Diameter': 'belowMean', 'Viscera_weight': 'aboveMean'}",True,,23.0,{},0.0,6,False,True
135,135,70,"{'Shell_weight': 'aboveMean', 'Shucked_weight': 'belowMean', 'Sex': 'M', 'Diameter': 'aboveMean', 'Whole_weight': 'aboveMean', 'Viscera_weight': 'aboveMean'}",True,Height,12.235294117647058,"{'aboveMean': 230, 'belowMean': 231}",6.690196078431373,6,False,False
136,136,70,"{'Shell_weight': 'aboveMean', 'Shucked_weight': 'belowMean', 'Sex': 'M', 'Diameter': 'aboveMean', 'Whole_weight': 'aboveMean', 'Viscera_weight': 'belowMean'}",True,Height,13.555555555555555,"{'aboveMean': 232, 'belowMean': 233}",8.148148148148147,6,False,False
137,137,71,"{'Shell_weight': 'aboveMean', 'Shucked_weight': 'belowMean', 'Sex': 'M', 'Diameter': 'aboveMean', 'Whole_weight': 'belowMean', 'Height': 'belowMean'}",True,Length,14.0,{'aboveMean': 234},1.0,6,False,False
138,138,71,"{'Shell_weight': 'aboveMean', 'Shucked_weight': 'belowMean', 'Sex': 'M', 'Diameter': 'aboveMean', 'Whole_weight': 'belowMean', 'Height': 'aboveMean'}",True,Length,10.916666666666666,"{'aboveMean': 235, 'belowMean': 236}",5.303030303030303,6,True,True
139,139,72,"{'Shell_weight': 'aboveMean', 'Shucked_weight': 'belowMean', 'Sex': 'M', 'Diameter': 'belowMean', 'Whole_weight': 'belowMean', 'Height': 'belowMean'}",True,Length,14.0,{'belowMean': 237},1.0,6,False,False
140,140,72,"{'Shell_weight': 'aboveMean', 'Shucked_weight': 'belowMean', 'Sex': 'M', 'Diameter': 'belowMean', 'Whole_weight': 'belowMean', 'Height': 'aboveMean'}",True,Length,12.0,{'belowMean': 238},36.0,6,False,False
141,141,73,"{'Shell_weight': 'aboveMean', 'Shucked_weight': 'belowMean', 'Sex': 'M', 'Diameter': 'belowMean', 'Whole_weight': 'aboveMean', 'Length': 'belowMean'}",True,Viscera_weight,14.333333333333334,"{'belowMean': 239, 'aboveMean': 240}",4.166666666666667,6,False,False
142,142,73,"{'Shell_weight': 'aboveMean', 'Shucked_weight': 'belowMean', 'Sex': 'M', 'Diameter': 'belowMean', 'Whole_weight': 'aboveMean', 'Length': 'aboveMean'}",True,Height,15.666666666666666,{'aboveMean': 241},22.222222222222214,6,True,True
143,143,74,"{'Shell_weight': 'aboveMean', 'Shucked_weight': 'belowMean', 'Sex': 'I', 'Whole_weight': 'aboveMean', 'Viscera_weight': 'aboveMean', 'Diameter': 'aboveMean'}",True,Height,14.0,{'aboveMean': 242},0.6666666666666666,6,False,False
144,144,75,"{'Shell_weight': 'aboveMean', 'Shucked_weight': 'belowMean', 'Sex': 'I', 'Whole_weight': 'aboveMean', 'Viscera_weight': 'belowMean', 'Height': 'aboveMean'}",True,,9.0,{},0.0,6,False,True
145,145,75,"{'Shell_weight': 'aboveMean', 'Shucked_weight': 'belowMean', 'Sex': 'I', 'Whole_weight': 'aboveMean', 'Viscera_weight': 'belowMean', 'Height': 'belowMean'}",True,,11.0,{},0.0,6,False,True
146,146,76,"{'Shell_weight': 'aboveMean', 'Shucked_weight': 'belowMean', 'Sex': 'I', 'Whole_weight': 'belowMean', 'Height': 'aboveMean', 'Diameter': 'aboveMean'}",True,Viscera_weight,9.555555555555555,"{'belowMean': 243, 'aboveMean': 244}",0.8333333333333334,6,True,True
147,147,76,"{'Shell_weight': 'aboveMean', 'Shucked_weight': 'belowMean', 'Sex': 'I', 'Whole_weight': 'belowMean', 'Height': 'aboveMean', 'Diameter': 'belowMean'}",True,Viscera_weight,13.5,"{'aboveMean': 245, 'belowMean': 246}",0.0,6,False,False
148,148,77,"{'Shell_weight': 'aboveMean', 'Shucked_weight': 'belowMean', 'Sex': 'I', 'Whole_weight': 'belowMean', 'Height': 'belowMean', 'Diameter': 'aboveMean'}",True,Length,9.5,"{'belowMean': 247, 'aboveMean': 248}",0.0,6,False,False
149,149,77,"{'Shell_weight': 'aboveMean', 'Shucked_weight': 'belowMean', 'Sex': 'I', 'Whole_weight': 'belowMean', 'Height': 'belowMean', 'Diameter': 'belowMean'}",True,,6.0,{},0.0,6,False,True
150,150,78,"{'Shell_weight': 'aboveMean', 'Shucked_weight': 'aboveMean', 'Length': 'aboveMean', 'Sex': 'F', 'Whole_weight': 'aboveMean', 'Diameter': 'aboveMean'}",True,Height,11.4512987012987,"{'aboveMean': 249, 'belowMean': 250}",9.008124050342596,6,True,True
151,151,78,"{'Shell_weight': 'aboveMean', 'Shucked_weight': 'aboveMean', 'Length': 'aboveMean', 'Sex': 'F', 'Whole_weight': 'aboveMean', 'Diameter': 'belowMean'}",True,Height,9.5,{'aboveMean': 251},0.25,6,False,False
152,152,79,"{'Shell_weight': 'aboveMean', 'Shucked_weight': 'aboveMean', 'Length': 'aboveMean', 'Sex': 'F', 'Whole_weight': 'belowMean', 'Viscera_weight': 'belowMean'}",True,,18.0,{},0.0,6,False,True
153,153,79,"{'Shell_weight': 'aboveMean', 'Shucked_weight': 'aboveMean', 'Length': 'aboveMean', 'Sex': 'F', 'Whole_weight': 'belowMean', 'Viscera_weight': 'aboveMean'}",True,,9.0,{},0.0,6,False,True
154,154,80,"{'Shell_weight': 'aboveMean', 'Shucked_weight': 'aboveMean', 'Length': 'aboveMean', 'Sex': 'M', 'Viscera_weight': 'aboveMean', 'Diameter': 'aboveMean'}",True,Height,11.421875,"{'aboveMean': 252, 'belowMean': 253}",7.931246682590233,6,False,False
155,155,80,"{'Shell_weight': 'aboveMean', 'Shucked_weight': 'aboveMean', 'Length': 'aboveMean', 'Sex': 'M', 'Viscera_weight': 'aboveMean', 'Diameter': 'belowMean'}",True,,10.0,{},0.0,6,False,True
156,156,81,"{'Shell_weight': 'aboveMean', 'Shucked_weight': 'aboveMean', 'Length': 'aboveMean', 'Sex': 'M', 'Viscera_weight': 'belowMean', 'Height': 'aboveMean'}",True,Diameter,12.0,{'aboveMean': 254},10.333333333333334,6,False,False
157,157,81,"{'Shell_weight': 'aboveMean', 'Shucked_weight': 'aboveMean', 'Length': 'aboveMean', 'Sex': 'M', 'Viscera_weight': 'belowMean', 'Height': 'belowMean'}",True,Diameter,11.5,{'aboveMean': 255},12.25,6,False,False
158,158,82,"{'Shell_weight': 'aboveMean', 'Shucked_weight': 'aboveMean', 'Length': 'aboveMean', 'Sex': 'I', 'Height': 'aboveMean', 'Viscera_weight': 'aboveMean'}",True,Diameter,12.592592592592592,{'aboveMean': 256},11.352537722908094,6,False,False
159,159,82,"{'Shell_weight': 'aboveMean', 'Shucked_weight': 'aboveMean', 'Length': 'aboveMean', 'Sex': 'I', 'Height': 'aboveMean', 'Viscera_weight': 'belowMean'}",True,,11.0,{},0.0,6,False,True
160,160,83,"{'Shell_weight': 'aboveMean', 'Shucked_weight': 'aboveMean', 'Length': 'aboveMean', 'Sex': 'I', 'Height': 'belowMean', 'Viscera_weight': 'aboveMean'}",True,Diameter,9.25,{'aboveMean': 257},0.1875,6,False,False
161,161,83,"{'Shell_weight': 'aboveMean', 'Shucked_weight': 'aboveMean', 'Length': 'aboveMean', 'Sex': 'I', 'Height': 'belowMean', 'Viscera_weight': 'belowMean'}",True,,11.0,{},0.0,6,False,True
162,162,84,"{'Shell_weight': 'aboveMean', 'Shucked_weight': 'aboveMean', 'Length': 'belowMean', 'Sex': 'M', 'Diameter': 'belowMean', 'Height': 'aboveMean'}",True,Viscera_weight,8.666666666666666,{'aboveMean': 258},0.2222222222222222,6,False,False
163,163,86,"{'Shell_weight': 'belowMean', 'Sex': 'M', 'Height': 'belowMean', 'Diameter': 'belowMean', 'Shucked_weight': 'belowMean', 'Viscera_weight': 'belowMean', 'Length': 'belowMean'}",True,,8.639705882352942,{},0.0,7,False,True
164,164,86,"{'Shell_weight': 'belowMean', 'Sex': 'M', 'Height': 'belowMean', 'Diameter': 'belowMean', 'Shucked_weight': 'belowMean', 'Viscera_weight': 'belowMean', 'Length': 'aboveMean'}",True,,8.0,{},0.0,7,False,True
165,165,87,"{'Shell_weight': 'belowMean', 'Sex': 'M', 'Height': 'belowMean', 'Diameter': 'belowMean', 'Shucked_weight': 'belowMean', 'Viscera_weight': 'aboveMean', 'Length': 'aboveMean'}",True,,9.0,{},0.0,7,False,True
166,166,89,"{'Shell_weight': 'belowMean', 'Sex': 'M', 'Height': 'belowMean', 'Diameter': 'belowMean', 'Shucked_weight': 'aboveMean', 'Length': 'belowMean', 'Viscera_weight': 'belowMean'}",True,,8.0,{},0.0,7,False,True
167,167,90,"{'Shell_weight': 'belowMean', 'Sex': 'M', 'Height': 'belowMean', 'Diameter': 'aboveMean', 'Length': 'aboveMean', 'Shucked_weight': 'belowMean', 'Viscera_weight': 'belowMean'}",True,,10.571428571428571,{},0.0,7,False,True
168,168,90,"{'Shell_weight': 'belowMean', 'Sex': 'M', 'Height': 'belowMean', 'Diameter': 'aboveMean', 'Length': 'aboveMean', 'Shucked_weight': 'belowMean', 'Viscera_weight': 'aboveMean'}",True,,9.0,{},0.0,7,False,True
169,169,91,"{'Shell_weight': 'belowMean', 'Sex': 'M', 'Height': 'belowMean', 'Diameter': 'aboveMean', 'Length': 'aboveMean', 'Shucked_weight': 'aboveMean', 'Whole_weight': 'aboveMean'}",True,,9.75,{},0.0,7,False,True
170,170,91,"{'Shell_weight': 'belowMean', 'Sex': 'M', 'Height': 'belowMean', 'Diameter': 'aboveMean', 'Length': 'aboveMean', 'Shucked_weight': 'aboveMean', 'Whole_weight': 'belowMean'}",True,,8.5,{},0.0,7,False,True
171,171,92,"{'Shell_weight': 'belowMean', 'Sex': 'M', 'Height': 'belowMean', 'Diameter': 'aboveMean', 'Length': 'belowMean', 'Shucked_weight': 'belowMean', 'Viscera_weight': 'belowMean'}",True,,9.0,{},0.0,7,False,True
172,172,94,"{'Shell_weight': 'belowMean', 'Sex': 'M', 'Height': 'aboveMean', 'Shucked_weight': 'belowMean', 'Diameter': 'aboveMean', 'Length': 'aboveMean', 'Viscera_weight': 'belowMean'}",True,,10.857142857142858,{},0.0,7,False,True
173,173,94,"{'Shell_weight': 'belowMean', 'Sex': 'M', 'Height': 'aboveMean', 'Shucked_weight': 'belowMean', 'Diameter': 'aboveMean', 'Length': 'aboveMean', 'Viscera_weight': 'aboveMean'}",True,,8.5,{},0.0,7,False,True
174,174,95,"{'Shell_weight': 'belowMean', 'Sex': 'M', 'Height': 'aboveMean', 'Shucked_weight': 'belowMean', 'Diameter': 'aboveMean', 'Length': 'belowMean', 'Viscera_weight': 'aboveMean'}",True,,8.0,{},0.0,7,False,True
175,175,95,"{'Shell_weight': 'belowMean', 'Sex': 'M', 'Height': 'aboveMean', 'Shucked_weight': 'belowMean', 'Diameter': 'aboveMean', 'Length': 'belowMean', 'Viscera_weight': 'belowMean'}",True,,7.0,{},0.0,7,False,True
176,176,96,"{'Shell_weight': 'belowMean', 'Sex': 'M', 'Height': 'aboveMean', 'Shucked_weight': 'belowMean', 'Diameter': 'belowMean', 'Length': 'belowMean', 'Viscera_weight': 'belowMean'}",True,,11.941176470588236,{},0.0,7,False,True
177,177,96,"{'Shell_weight': 'belowMean', 'Sex': 'M', 'Height': 'aboveMean', 'Shucked_weight': 'belowMean', 'Diameter': 'belowMean', 'Length': 'belowMean', 'Viscera_weight': 'aboveMean'}",True,,12.5,{},0.0,7,False,True
178,178,97,"{'Shell_weight': 'belowMean', 'Sex': 'M', 'Height': 'aboveMean', 'Shucked_weight': 'belowMean', 'Diameter': 'belowMean', 'Length': 'aboveMean', 'Viscera_weight': 'aboveMean'}",True,,11.0,{},0.0,7,False,True
179,179,97,"{'Shell_weight': 'belowMean', 'Sex': 'M', 'Height': 'aboveMean', 'Shucked_weight': 'belowMean', 'Diameter': 'belowMean', 'Length': 'aboveMean', 'Viscera_weight': 'belowMean'}",True,,9.0,{},0.0,7,False,True
180,180,98,"{'Shell_weight': 'belowMean', 'Sex': 'M', 'Height': 'aboveMean', 'Shucked_weight': 'aboveMean', 'Whole_weight': 'belowMean', 'Diameter': 'aboveMean', 'Viscera_weight': 'aboveMean'}",True,,8.0,{},0.0,7,False,True
181,181,98,"{'Shell_weight': 'belowMean', 'Sex': 'M', 'Height': 'aboveMean', 'Shucked_weight': 'aboveMean', 'Whole_weight': 'belowMean', 'Diameter': 'aboveMean', 'Viscera_weight': 'belowMean'}",True,,7.5,{},0.0,7,False,True
182,182,99,"{'Shell_weight': 'belowMean', 'Sex': 'M', 'Height': 'aboveMean', 'Shucked_weight': 'aboveMean', 'Whole_weight': 'belowMean', 'Diameter': 'belowMean', 'Length': 'belowMean'}",True,,8.5,{},0.0,7,False,True
183,183,99,"{'Shell_weight': 'belowMean', 'Sex': 'M', 'Height': 'aboveMean', 'Shucked_weight': 'aboveMean', 'Whole_weight': 'belowMean', 'Diameter': 'belowMean', 'Length': 'aboveMean'}",True,,8.0,{},0.0,7,False,True
184,184,100,"{'Shell_weight': 'belowMean', 'Sex': 'M', 'Height': 'aboveMean', 'Shucked_weight': 'aboveMean', 'Whole_weight': 'aboveMean', 'Diameter': 'aboveMean', 'Length': 'aboveMean'}",True,,8.647058823529411,{},0.0,7,False,True
185,185,100,"{'Shell_weight': 'belowMean', 'Sex': 'M', 'Height': 'aboveMean', 'Shucked_weight': 'aboveMean', 'Whole_weight': 'aboveMean', 'Diameter': 'aboveMean', 'Length': 'belowMean'}",True,,8.0,{},0.0,7,False,True
186,186,102,"{'Shell_weight': 'belowMean', 'Sex': 'I', 'Height': 'belowMean', 'Length': 'belowMean', 'Diameter': 'belowMean', 'Shucked_weight': 'belowMean', 'Viscera_weight': 'belowMean'}",True,,7.041558441558442,{},0.0,7,False,True
187,187,103,"{'Shell_weight': 'belowMean', 'Sex': 'I', 'Height': 'belowMean', 'Length': 'belowMean', 'Diameter': 'belowMean', 'Shucked_weight': 'aboveMean', 'Viscera_weight': 'belowMean'}",True,,5.666666666666667,{},0.0,7,False,True
188,188,104,"{'Shell_weight': 'belowMean', 'Sex': 'I', 'Height': 'belowMean', 'Length': 'belowMean', 'Diameter': 'aboveMean', 'Shucked_weight': 'belowMean', 'Viscera_weight': 'belowMean'}",True,,9.25,{},0.0,7,False,True
189,189,105,"{'Shell_weight': 'belowMean', 'Sex': 'I', 'Height': 'belowMean', 'Length': 'aboveMean', 'Viscera_weight': 'belowMean', 'Diameter': 'belowMean', 'Shucked_weight': 'belowMean'}",True,,8.6875,{},0.0,7,False,True
190,190,105,"{'Shell_weight': 'belowMean', 'Sex': 'I', 'Height': 'belowMean', 'Length': 'aboveMean', 'Viscera_weight': 'belowMean', 'Diameter': 'belowMean', 'Shucked_weight': 'aboveMean'}",True,,9.0,{},0.0,7,False,True
191,191,106,"{'Shell_weight': 'belowMean', 'Sex': 'I', 'Height': 'belowMean', 'Length': 'aboveMean', 'Viscera_weight': 'belowMean', 'Diameter': 'aboveMean', 'Shucked_weight': 'aboveMean'}",True,,8.666666666666666,{},0.0,7,False,True
192,192,106,"{'Shell_weight': 'belowMean', 'Sex': 'I', 'Height': 'belowMean', 'Length': 'aboveMean', 'Viscera_weight': 'belowMean', 'Diameter': 'aboveMean', 'Shucked_weight': 'belowMean'}",True,,8.916666666666666,{},0.0,7,False,True
193,193,108,"{'Shell_weight': 'belowMean', 'Sex': 'I', 'Height': 'belowMean', 'Length': 'aboveMean', 'Viscera_weight': 'aboveMean', 'Shucked_weight': 'belowMean', 'Diameter': 'aboveMean'}",True,,9.333333333333334,{},0.0,7,False,True
194,194,109,"{'Shell_weight': 'belowMean', 'Sex': 'I', 'Height': 'aboveMean', 'Shucked_weight': 'belowMean', 'Viscera_weight': 'belowMean', 'Diameter': 'aboveMean', 'Length': 'aboveMean'}",True,,10.307692307692308,{},0.0,7,False,True
195,195,109,"{'Shell_weight': 'belowMean', 'Sex': 'I', 'Height': 'aboveMean', 'Shucked_weight': 'belowMean', 'Viscera_weight': 'belowMean', 'Diameter': 'aboveMean', 'Length': 'belowMean'}",True,,10.0,{},0.0,7,False,True
196,196,110,"{'Shell_weight': 'belowMean', 'Sex': 'I', 'Height': 'aboveMean', 'Shucked_weight': 'belowMean', 'Viscera_weight': 'belowMean', 'Diameter': 'belowMean', 'Length': 'belowMean'}",True,,10.823529411764708,{},0.0,7,False,True
197,197,110,"{'Shell_weight': 'belowMean', 'Sex': 'I', 'Height': 'aboveMean', 'Shucked_weight': 'belowMean', 'Viscera_weight': 'belowMean', 'Diameter': 'belowMean', 'Length': 'aboveMean'}",True,,9.0,{},0.0,7,False,True
198,198,111,"{'Shell_weight': 'belowMean', 'Sex': 'I', 'Height': 'aboveMean', 'Shucked_weight': 'belowMean', 'Viscera_weight': 'aboveMean', 'Diameter': 'aboveMean', 'Length': 'aboveMean'}",True,,12.0,{},0.0,7,False,True
199,199,112,"{'Shell_weight': 'belowMean', 'Sex': 'I', 'Height': 'aboveMean', 'Shucked_weight': 'aboveMean', 'Diameter': 'aboveMean', 'Viscera_weight': 'belowMean', 'Whole_weight': 'belowMean'}",True,,9.25,{},0.0,7,False,True
200,200,112,"{'Shell_weight': 'belowMean', 'Sex': 'I', 'Height': 'aboveMean', 'Shucked_weight': 'aboveMean', 'Diameter': 'aboveMean', 'Viscera_weight': 'belowMean', 'Whole_weight': 'aboveMean'}",True,,9.333333333333334,{},0.0,7,False,True
201,201,113,"{'Shell_weight': 'belowMean', 'Sex': 'I', 'Height': 'aboveMean', 'Shucked_weight': 'aboveMean', 'Diameter': 'aboveMean', 'Viscera_weight': 'aboveMean', 'Whole_weight': 'aboveMean'}",True,,9.5,{},0.0,7,False,True
202,202,113,"{'Shell_weight': 'belowMean', 'Sex': 'I', 'Height': 'aboveMean', 'Shucked_weight': 'aboveMean', 'Diameter': 'aboveMean', 'Viscera_weight': 'aboveMean', 'Whole_weight': 'belowMean'}",True,,10.0,{},0.0,7,False,True
203,203,114,"{'Shell_weight': 'belowMean', 'Sex': 'F', 'Height': 'belowMean', 'Diameter': 'belowMean', 'Viscera_weight': 'belowMean', 'Length': 'belowMean', 'Shucked_weight': 'belowMean'}",True,,9.318181818181818,{},0.0,7,False,True
204,204,114,"{'Shell_weight': 'belowMean', 'Sex': 'F', 'Height': 'belowMean', 'Diameter': 'belowMean', 'Viscera_weight': 'belowMean', 'Length': 'belowMean', 'Shucked_weight': 'aboveMean'}",True,,8.0,{},0.0,7,False,True
205,205,115,"{'Shell_weight': 'belowMean', 'Sex': 'F', 'Height': 'belowMean', 'Diameter': 'belowMean', 'Viscera_weight': 'belowMean', 'Length': 'aboveMean', 'Shucked_weight': 'belowMean'}",True,,11.0,{},0.0,7,False,True
206,206,116,"{'Shell_weight': 'belowMean', 'Sex': 'F', 'Height': 'belowMean', 'Diameter': 'belowMean', 'Viscera_weight': 'aboveMean', 'Length': 'belowMean', 'Shucked_weight': 'belowMean'}",True,,12.666666666666666,{},0.0,7,False,True
207,207,118,"{'Shell_weight': 'belowMean', 'Sex': 'F', 'Height': 'belowMean', 'Diameter': 'aboveMean', 'Length': 'aboveMean', 'Viscera_weight': 'belowMean', 'Whole_weight': 'belowMean'}",True,,10.0,{},0.0,7,False,True
208,208,118,"{'Shell_weight': 'belowMean', 'Sex': 'F', 'Height': 'belowMean', 'Diameter': 'aboveMean', 'Length': 'aboveMean', 'Viscera_weight': 'belowMean', 'Whole_weight': 'aboveMean'}",True,,9.0,{},0.0,7,False,True
209,209,119,"{'Shell_weight': 'belowMean', 'Sex': 'F', 'Height': 'belowMean', 'Diameter': 'aboveMean', 'Length': 'aboveMean', 'Viscera_weight': 'aboveMean', 'Shucked_weight': 'aboveMean'}",True,,9.8,{},0.0,7,False,True
210,210,119,"{'Shell_weight': 'belowMean', 'Sex': 'F', 'Height': 'belowMean', 'Diameter': 'aboveMean', 'Length': 'aboveMean', 'Viscera_weight': 'aboveMean', 'Shucked_weight': 'belowMean'}",True,,7.0,{},0.0,7,False,True
211,211,120,"{'Shell_weight': 'belowMean', 'Sex': 'F', 'Height': 'belowMean', 'Diameter': 'aboveMean', 'Length': 'belowMean', 'Shucked_weight': 'belowMean', 'Viscera_weight': 'belowMean'}",True,,12.0,{},0.0,7,False,True
212,212,121,"{'Shell_weight': 'belowMean', 'Sex': 'F', 'Height': 'aboveMean', 'Whole_weight': 'belowMean', 'Length': 'belowMean', 'Shucked_weight': 'belowMean', 'Diameter': 'belowMean'}",True,,12.071428571428571,{},0.0,7,False,True
213,213,121,"{'Shell_weight': 'belowMean', 'Sex': 'F', 'Height': 'aboveMean', 'Whole_weight': 'belowMean', 'Length': 'belowMean', 'Shucked_weight': 'belowMean', 'Diameter': 'aboveMean'}",True,,12.8,{},0.0,7,False,True
214,214,123,"{'Shell_weight': 'belowMean', 'Sex': 'F', 'Height': 'aboveMean', 'Whole_weight': 'belowMean', 'Length': 'aboveMean', 'Viscera_weight': 'aboveMean', 'Shucked_weight': 'belowMean'}",True,,12.0,{},0.0,7,False,True
215,215,123,"{'Shell_weight': 'belowMean', 'Sex': 'F', 'Height': 'aboveMean', 'Whole_weight': 'belowMean', 'Length': 'aboveMean', 'Viscera_weight': 'aboveMean', 'Shucked_weight': 'aboveMean'}",True,,9.0,{},0.0,7,False,True
216,216,124,"{'Shell_weight': 'belowMean', 'Sex': 'F', 'Height': 'aboveMean', 'Whole_weight': 'belowMean', 'Length': 'aboveMean', 'Viscera_weight': 'belowMean', 'Diameter': 'belowMean'}",True,,11.0,{},0.0,7,False,True
217,217,124,"{'Shell_weight': 'belowMean', 'Sex': 'F', 'Height': 'aboveMean', 'Whole_weight': 'belowMean', 'Length': 'aboveMean', 'Viscera_weight': 'belowMean', 'Diameter': 'aboveMean'}",True,,10.2,{},0.0,7,False,True
218,218,125,"{'Shell_weight': 'belowMean', 'Sex': 'F', 'Height': 'aboveMean', 'Whole_weight': 'aboveMean', 'Shucked_weight': 'belowMean', 'Diameter': 'aboveMean', 'Length': 'aboveMean'}",True,,9.0,{},0.0,7,False,True
219,219,126,"{'Shell_weight': 'belowMean', 'Sex': 'F', 'Height': 'aboveMean', 'Whole_weight': 'aboveMean', 'Shucked_weight': 'aboveMean', 'Diameter': 'aboveMean', 'Length': 'aboveMean'}",True,,8.545454545454545,{},0.0,7,False,True
220,220,127,"{'Shell_weight': 'aboveMean', 'Shucked_weight': 'belowMean', 'Sex': 'F', 'Whole_weight': 'aboveMean', 'Viscera_weight': 'belowMean', 'Length': 'aboveMean', 'Diameter': 'aboveMean'}",True,,16.166666666666668,{},0.0,7,False,True
221,221,127,"{'Shell_weight': 'aboveMean', 'Shucked_weight': 'belowMean', 'Sex': 'F', 'Whole_weight': 'aboveMean', 'Viscera_weight': 'belowMean', 'Length': 'aboveMean', 'Diameter': 'belowMean'}",True,,16.0,{},0.0,7,False,True
222,222,129,"{'Shell_weight': 'aboveMean', 'Shucked_weight': 'belowMean', 'Sex': 'F', 'Whole_weight': 'aboveMean', 'Viscera_weight': 'aboveMean', 'Diameter': 'aboveMean', 'Height': 'aboveMean'}",True,,13.1875,{},0.0,7,False,True
223,223,129,"{'Shell_weight': 'aboveMean', 'Shucked_weight': 'belowMean', 'Sex': 'F', 'Whole_weight': 'aboveMean', 'Viscera_weight': 'aboveMean', 'Diameter': 'aboveMean', 'Height': 'belowMean'}",True,,15.0,{},0.0,7,False,True
224,224,131,"{'Shell_weight': 'aboveMean', 'Shucked_weight': 'belowMean', 'Sex': 'F', 'Whole_weight': 'belowMean', 'Diameter': 'aboveMean', 'Height': 'aboveMean', 'Length': 'aboveMean'}",True,,10.9,{},0.0,7,False,True
225,225,131,"{'Shell_weight': 'aboveMean', 'Shucked_weight': 'belowMean', 'Sex': 'F', 'Whole_weight': 'belowMean', 'Diameter': 'aboveMean', 'Height': 'aboveMean', 'Length': 'belowMean'}",True,,8.0,{},0.0,7,False,True
226,226,132,"{'Shell_weight': 'aboveMean', 'Shucked_weight': 'belowMean', 'Sex': 'F', 'Whole_weight': 'belowMean', 'Diameter': 'aboveMean', 'Height': 'belowMean', 'Viscera_weight': 'aboveMean'}",True,,11.0,{},0.0,7,False,True
227,227,132,"{'Shell_weight': 'aboveMean', 'Shucked_weight': 'belowMean', 'Sex': 'F', 'Whole_weight': 'belowMean', 'Diameter': 'aboveMean', 'Height': 'belowMean', 'Viscera_weight': 'belowMean'}",True,,16.0,{},0.0,7,False,True
228,228,133,"{'Shell_weight': 'aboveMean', 'Shucked_weight': 'belowMean', 'Sex': 'F', 'Whole_weight': 'belowMean', 'Diameter': 'belowMean', 'Viscera_weight': 'belowMean', 'Height': 'aboveMean'}",True,,14.0,{},0.0,7,False,True
229,229,133,"{'Shell_weight': 'aboveMean', 'Shucked_weight': 'belowMean', 'Sex': 'F', 'Whole_weight': 'belowMean', 'Diameter': 'belowMean', 'Viscera_weight': 'belowMean', 'Height': 'belowMean'}",True,,13.0,{},0.0,7,False,True
230,230,135,"{'Shell_weight': 'aboveMean', 'Shucked_weight': 'belowMean', 'Sex': 'M', 'Diameter': 'aboveMean', 'Whole_weight': 'aboveMean', 'Viscera_weight': 'aboveMean', 'Height': 'aboveMean'}",True,,12.533333333333331,{},0.0,7,False,True
231,231,135,"{'Shell_weight': 'aboveMean', 'Shucked_weight': 'belowMean', 'Sex': 'M', 'Diameter': 'aboveMean', 'Whole_weight': 'aboveMean', 'Viscera_weight': 'aboveMean', 'Height': 'belowMean'}",True,,10.0,{},0.0,7,False,True
232,232,136,"{'Shell_weight': 'aboveMean', 'Shucked_weight': 'belowMean', 'Sex': 'M', 'Diameter': 'aboveMean', 'Whole_weight': 'aboveMean', 'Viscera_weight': 'belowMean', 'Height': 'aboveMean'}",True,,13.333333333333334,{},0.0,7,False,True
233,233,136,"{'Shell_weight': 'aboveMean', 'Shucked_weight': 'belowMean', 'Sex': 'M', 'Diameter': 'aboveMean', 'Whole_weight': 'aboveMean', 'Viscera_weight': 'belowMean', 'Height': 'belowMean'}",True,,14.0,{},0.0,7,False,True
234,234,137,"{'Shell_weight': 'aboveMean', 'Shucked_weight': 'belowMean', 'Sex': 'M', 'Diameter': 'aboveMean', 'Whole_weight': 'belowMean', 'Height': 'belowMean', 'Length': 'aboveMean'}",True,,14.0,{},0.0,7,False,True
235,235,138,"{'Shell_weight': 'aboveMean', 'Shucked_weight': 'belowMean', 'Sex': 'M', 'Diameter': 'aboveMean', 'Whole_weight': 'belowMean', 'Height': 'aboveMean', 'Length': 'aboveMean'}",True,,11.181818181818182,{},0.0,7,False,True
236,236,138,"{'Shell_weight': 'aboveMean', 'Shucked_weight': 'belowMean', 'Sex': 'M', 'Diameter': 'aboveMean', 'Whole_weight': 'belowMean', 'Height': 'aboveMean', 'Length': 'belowMean'}",True,,8.0,{},0.0,7,False,True
237,237,139,"{'Shell_weight': 'aboveMean', 'Shucked_weight': 'belowMean', 'Sex': 'M', 'Diameter': 'belowMean', 'Whole_weight': 'belowMean', 'Height': 'belowMean', 'Length': 'belowMean'}",True,,14.0,{},0.0,7,False,True
238,238,140,"{'Shell_weight': 'aboveMean', 'Shucked_weight': 'belowMean', 'Sex': 'M', 'Diameter': 'belowMean', 'Whole_weight': 'belowMean', 'Height': 'aboveMean', 'Length': 'belowMean'}",True,,12.0,{},0.0,7,False,True
239,239,141,"{'Shell_weight': 'aboveMean', 'Shucked_weight': 'belowMean', 'Sex': 'M', 'Diameter': 'belowMean', 'Whole_weight': 'aboveMean', 'Length': 'belowMean', 'Viscera_weight': 'belowMean'}",True,,14.5,{},0.0,7,False,True
240,240,141,"{'Shell_weight': 'aboveMean', 'Shucked_weight': 'belowMean', 'Sex': 'M', 'Diameter': 'belowMean', 'Whole_weight': 'aboveMean', 'Length': 'belowMean', 'Viscera_weight': 'aboveMean'}",True,,14.0,{},0.0,7,False,True
241,241,142,"{'Shell_weight': 'aboveMean', 'Shucked_weight': 'belowMean', 'Sex': 'M', 'Diameter': 'belowMean', 'Whole_weight': 'aboveMean', 'Length': 'aboveMean', 'Height': 'aboveMean'}",True,,15.666666666666666,{},0.0,7,False,True
242,242,143,"{'Shell_weight': 'aboveMean', 'Shucked_weight': 'belowMean', 'Sex': 'I', 'Whole_weight': 'aboveMean', 'Viscera_weight': 'aboveMean', 'Diameter': 'aboveMean', 'Height': 'aboveMean'}",True,,14.0,{},0.0,7,False,True
243,243,146,"{'Shell_weight': 'aboveMean', 'Shucked_weight': 'belowMean', 'Sex': 'I', 'Whole_weight': 'belowMean', 'Height': 'aboveMean', 'Diameter': 'aboveMean', 'Viscera_weight': 'belowMean'}",True,,9.75,{},0.0,7,False,True
244,244,146,"{'Shell_weight': 'aboveMean', 'Shucked_weight': 'belowMean', 'Sex': 'I', 'Whole_weight': 'belowMean', 'Height': 'aboveMean', 'Diameter': 'aboveMean', 'Viscera_weight': 'aboveMean'}",True,,8.0,{},0.0,7,False,True
245,245,147,"{'Shell_weight': 'aboveMean', 'Shucked_weight': 'belowMean', 'Sex': 'I', 'Whole_weight': 'belowMean', 'Height': 'aboveMean', 'Diameter': 'belowMean', 'Viscera_weight': 'aboveMean'}",True,,8.0,{},0.0,7,False,True
246,246,147,"{'Shell_weight': 'aboveMean', 'Shucked_weight': 'belowMean', 'Sex': 'I', 'Whole_weight': 'belowMean', 'Height': 'aboveMean', 'Diameter': 'belowMean', 'Viscera_weight': 'belowMean'}",True,,19.0,{},0.0,7,False,True
247,247,148,"{'Shell_weight': 'aboveMean', 'Shucked_weight': 'belowMean', 'Sex': 'I', 'Whole_weight': 'belowMean', 'Height': 'belowMean', 'Diameter': 'aboveMean', 'Length': 'belowMean'}",True,,10.0,{},0.0,7,False,True
248,248,148,"{'Shell_weight': 'aboveMean', 'Shucked_weight': 'belowMean', 'Sex': 'I', 'Whole_weight': 'belowMean', 'Height': 'belowMean', 'Diameter': 'aboveMean', 'Length': 'aboveMean'}",True,,9.0,{},0.0,7,False,True
249,249,150,"{'Shell_weight': 'aboveMean', 'Shucked_weight': 'aboveMean', 'Length': 'aboveMean', 'Sex': 'F', 'Whole_weight': 'aboveMean', 'Diameter': 'aboveMean', 'Height': 'aboveMean'}",True,,11.466887417218542,{},0.0,7,False,True
250,250,150,"{'Shell_weight': 'aboveMean', 'Shucked_weight': 'aboveMean', 'Length': 'aboveMean', 'Sex': 'F', 'Whole_weight': 'aboveMean', 'Diameter': 'aboveMean', 'Height': 'belowMean'}",True,,10.666666666666666,{},0.0,7,False,True
251,251,151,"{'Shell_weight': 'aboveMean', 'Shucked_weight': 'aboveMean', 'Length': 'aboveMean', 'Sex': 'F', 'Whole_weight': 'aboveMean', 'Diameter': 'belowMean', 'Height': 'aboveMean'}",True,,9.5,{},0.0,7,False,True
252,252,154,"{'Shell_weight': 'aboveMean', 'Shucked_weight': 'aboveMean', 'Length': 'aboveMean', 'Sex': 'M', 'Viscera_weight': 'aboveMean', 'Diameter': 'aboveMean', 'Height': 'aboveMean'}",True,,11.42356687898089,{},0.0,7,False,True
253,253,154,"{'Shell_weight': 'aboveMean', 'Shucked_weight': 'aboveMean', 'Length': 'aboveMean', 'Sex': 'M', 'Viscera_weight': 'aboveMean', 'Diameter': 'aboveMean', 'Height': 'belowMean'}",True,,11.333333333333334,{},0.0,7,False,True
254,254,156,"{'Shell_weight': 'aboveMean', 'Shucked_weight': 'aboveMean', 'Length': 'aboveMean', 'Sex': 'M', 'Viscera_weight': 'belowMean', 'Height': 'aboveMean', 'Diameter': 'aboveMean'}",True,,12.0,{},0.0,7,False,True
255,255,157,"{'Shell_weight': 'aboveMean', 'Shucked_weight': 'aboveMean', 'Length': 'aboveMean', 'Sex': 'M', 'Viscera_weight': 'belowMean', 'Height': 'belowMean', 'Diameter': 'aboveMean'}",True,,11.5,{},0.0,7,False,True
256,256,158,"{'Shell_weight': 'aboveMean', 'Shucked_weight': 'aboveMean', 'Length': 'aboveMean', 'Sex': 'I', 'Height': 'aboveMean', 'Viscera_weight': 'aboveMean', 'Diameter': 'aboveMean'}",True,,12.592592592592592,{},0.0,7,False,True
257,257,160,"{'Shell_weight': 'aboveMean', 'Shucked_weight': 'aboveMean', 'Length': 'aboveMean', 'Sex': 'I', 'Height': 'belowMean', 'Viscera_weight': 'aboveMean', 'Diameter': 'aboveMean'}",True,,9.25,{},0.0,7,False,True
258,258,162,"{'Shell_weight': 'aboveMean', 'Shucked_weight': 'aboveMean', 'Length': 'belowMean', 'Sex': 'M', 'Diameter': 'belowMean', 'Height': 'aboveMean', 'Viscera_weight': 'aboveMean'}",True,,8.666666666666666,{},0.0,7,False,True
