,nodeID,parentNode,dataSetFilters,evaluated,nodeFeature,nodePrediction,childrenNodes,gainOrMSE,treeLevel,pruned,isLeaf
0,0,-1,{},True,Shell_weight,9.922800718132855,"{'belowMean': 1, 'aboveMean': 2}",7.5799105750108975,0,False,False
1,1,0,{'Shell_weight': 'belowMean'},True,Sex,8.306451612903226,"{'F': 3, 'I': 4, 'M': 5}",4.842130995815916,1,False,False
2,2,0,{'Shell_weight': 'aboveMean'},True,Shucked_weight,11.669987546699875,"{'aboveMean': 6, 'belowMean': 7}",9.120559323385768,1,False,False
3,3,1,"{'Shell_weight': 'belowMean', 'Sex': 'F'}",True,Shucked_weight,9.852941176470589,"{'belowMean': 8, 'aboveMean': 9}",5.8203081232492995,2,False,False
4,4,1,"{'Shell_weight': 'belowMean', 'Sex': 'I'}",True,Height,7.435318275154004,"{'aboveMean': 10, 'belowMean': 11}",3.6036094521635755,2,False,False
5,5,1,"{'Shell_weight': 'belowMean', 'Sex': 'M'}",True,Height,9.071090047393366,"{'aboveMean': 12, 'belowMean': 13}",5.181647887176591,2,False,False
6,6,2,"{'Shell_weight': 'aboveMean', 'Shucked_weight': 'aboveMean'}",True,Length,11.459227467811159,"{'aboveMean': 14, 'belowMean': 15}",8.429544258628912,2,False,False
7,7,2,"{'Shell_weight': 'aboveMean', 'Shucked_weight': 'belowMean'}",True,Sex,13.086538461538462,"{'M': 16, 'F': 17, 'I': 18}",12.255834454363866,2,False,False
8,8,3,"{'Shell_weight': 'belowMean', 'Sex': 'F', 'Shucked_weight': 'belowMean'}",True,Height,10.071428571428571,"{'belowMean': 19, 'aboveMean': 20}",6.2012980785697165,3,False,False
9,9,3,"{'Shell_weight': 'belowMean', 'Sex': 'F', 'Shucked_weight': 'aboveMean'}",True,Diameter,8.833333333333334,"{'aboveMean': 21, 'belowMean': 22}",1.4444444444444444,3,False,False
10,10,4,"{'Shell_weight': 'belowMean', 'Sex': 'I', 'Height': 'aboveMean'}",True,Shucked_weight,9.68,"{'belowMean': 23, 'aboveMean': 24}",5.208111888111888,3,False,False
11,11,4,"{'Shell_weight': 'belowMean', 'Sex': 'I', 'Height': 'belowMean'}",True,Length,7.178489702517163,"{'belowMean': 25, 'aboveMean': 26}",3.185600323776991,3,False,False
12,12,5,"{'Shell_weight': 'belowMean', 'Sex': 'M', 'Height': 'aboveMean'}",True,Shucked_weight,9.816666666666666,"{'belowMean': 27, 'aboveMean': 28}",4.128507295173962,3,False,False
13,13,5,"{'Shell_weight': 'belowMean', 'Sex': 'M', 'Height': 'belowMean'}",True,Whole_weight,8.774834437086092,"{'belowMean': 29, 'aboveMean': 30}",4.959985076019028,3,False,False
14,14,6,"{'Shell_weight': 'aboveMean', 'Shucked_weight': 'aboveMean', 'Length': 'aboveMean'}",True,Height,11.475574712643677,"{'aboveMean': 31, 'belowMean': 32}",8.441023535851121,3,False,False
15,15,6,"{'Shell_weight': 'aboveMean', 'Shucked_weight': 'aboveMean', 'Length': 'belowMean'}",True,Sex,7.666666666666667,"{'F': 33, 'M': 34}",0.0,3,False,False
16,16,7,"{'Shell_weight': 'aboveMean', 'Shucked_weight': 'belowMean', 'Sex': 'M'}",True,Whole_weight,13.803921568627452,"{'belowMean': 35, 'aboveMean': 36}",12.059458968772693,3,False,False
17,17,7,"{'Shell_weight': 'aboveMean', 'Shucked_weight': 'belowMean', 'Sex': 'F'}",True,Diameter,13.108108108108109,"{'belowMean': 37, 'aboveMean': 38}",12.541938490214353,3,False,False
18,18,7,"{'Shell_weight': 'aboveMean', 'Shucked_weight': 'belowMean', 'Sex': 'I'}",True,Length,10.75,"{'aboveMean': 39, 'belowMean': 40}",2.025,3,False,False
19,19,8,"{'Shell_weight': 'belowMean', 'Sex': 'F', 'Shucked_weight': 'belowMean', 'Height': 'belowMean'}",True,Viscera_weight,9.577319587628866,"{'belowMean': 41, 'aboveMean': 42}",4.901074797104628,4,False,False
20,20,8,"{'Shell_weight': 'belowMean', 'Sex': 'F', 'Shucked_weight': 'belowMean', 'Height': 'aboveMean'}",True,Length,11.186046511627907,"{'aboveMean': 43, 'belowMean': 44}",7.901162790697675,4,False,False
21,21,9,"{'Shell_weight': 'belowMean', 'Sex': 'F', 'Shucked_weight': 'aboveMean', 'Diameter': 'aboveMean'}",True,Whole_weight,8.88888888888889,"{'aboveMean': 45, 'belowMean': 46}",1.5740740740740742,4,False,False
22,22,9,"{'Shell_weight': 'belowMean', 'Sex': 'F', 'Shucked_weight': 'aboveMean', 'Diameter': 'belowMean'}",True,Height,8.333333333333334,"{'aboveMean': 47, 'belowMean': 48}",0.0,4,False,False
23,23,10,"{'Shell_weight': 'belowMean', 'Sex': 'I', 'Height': 'aboveMean', 'Shucked_weight': 'belowMean'}",True,Viscera_weight,9.923076923076923,"{'belowMean': 49, 'aboveMean': 50}",6.452279202279202,4,False,False
24,24,10,"{'Shell_weight': 'belowMean', 'Sex': 'I', 'Height': 'aboveMean', 'Shucked_weight': 'aboveMean'}",True,Diameter,8.818181818181818,"{'aboveMean': 51, 'belowMean': 52}",0.6272727272727273,4,False,False
25,25,11,"{'Shell_weight': 'belowMean', 'Sex': 'I', 'Height': 'belowMean', 'Length': 'belowMean'}",True,Diameter,7.051724137931035,"{'belowMean': 53, 'aboveMean': 54}",3.345089742964444,4,False,False
26,26,11,"{'Shell_weight': 'belowMean', 'Sex': 'I', 'Height': 'belowMean', 'Length': 'aboveMean'}",True,Diameter,8.838709677419354,"{'belowMean': 55, 'aboveMean': 56}",0.9912023460410557,4,False,False
27,27,12,"{'Shell_weight': 'belowMean', 'Sex': 'M', 'Height': 'aboveMean', 'Shucked_weight': 'belowMean'}",True,Whole_weight,10.636363636363637,"{'belowMean': 57, 'aboveMean': 58}",6.7793560606060606,4,False,False
28,28,12,"{'Shell_weight': 'belowMean', 'Sex': 'M', 'Height': 'aboveMean', 'Shucked_weight': 'aboveMean'}",True,Diameter,8.814814814814815,"{'aboveMean': 59, 'belowMean': 60}",0.7635327635327634,4,False,False
29,29,13,"{'Shell_weight': 'belowMean', 'Sex': 'M', 'Height': 'belowMean', 'Whole_weight': 'belowMean'}",True,Shucked_weight,8.633802816901408,"{'belowMean': 61, 'aboveMean': 62}",4.9200536552649226,4,False,False
30,30,13,"{'Shell_weight': 'belowMean', 'Sex': 'M', 'Height': 'belowMean', 'Whole_weight': 'aboveMean'}",True,Viscera_weight,11.0,"{'belowMean': 63, 'aboveMean': 64}",3.8666666666666663,4,False,False
31,31,14,"{'Shell_weight': 'aboveMean', 'Shucked_weight': 'aboveMean', 'Length': 'aboveMean', 'Height': 'aboveMean'}",True,Diameter,11.50297619047619,"{'aboveMean': 65, 'belowMean': 66}",8.503449878449878,4,False,False
32,32,14,"{'Shell_weight': 'aboveMean', 'Shucked_weight': 'aboveMean', 'Length': 'aboveMean', 'Height': 'belowMean'}",True,Sex,10.708333333333334,"{'M': 67, 'F': 68, 'I': 69}",5.775925925925926,4,False,False
33,33,15,"{'Shell_weight': 'aboveMean', 'Shucked_weight': 'aboveMean', 'Length': 'belowMean', 'Sex': 'F'}",True,,7.0,{},0.0,4,False,True
34,34,15,"{'Shell_weight': 'aboveMean', 'Shucked_weight': 'aboveMean', 'Length': 'belowMean', 'Sex': 'M'}",True,,9.0,{},0.0,4,False,True
35,35,16,"{'Shell_weight': 'aboveMean', 'Shucked_weight': 'belowMean', 'Sex': 'M', 'Whole_weight': 'belowMean'}",True,Diameter,12.625,"{'aboveMean': 70, 'belowMean': 71}",12.515406162464986,4,False,False
36,36,16,"{'Shell_weight': 'aboveMean', 'Shucked_weight': 'belowMean', 'Sex': 'M', 'Whole_weight': 'aboveMean'}",True,Length,14.851851851851851,"{'aboveMean': 72, 'belowMean': 73}",10.216049382716049,4,False,False
37,37,17,"{'Shell_weight': 'aboveMean', 'Shucked_weight': 'belowMean', 'Sex': 'F', 'Diameter': 'belowMean'}",True,Length,14.75,"{'belowMean': 74, 'aboveMean': 75}",21.17857142857143,4,False,False
38,38,17,"{'Shell_weight': 'aboveMean', 'Shucked_weight': 'belowMean', 'Sex': 'F', 'Diameter': 'aboveMean'}",True,Height,12.655172413793103,"{'aboveMean': 76, 'belowMean': 77}",8.696728558797524,4,False,False
39,39,18,"{'Shell_weight': 'aboveMean', 'Shucked_weight': 'belowMean', 'Sex': 'I', 'Length': 'aboveMean'}",True,Whole_weight,10.2,"{'aboveMean': 78, 'belowMean': 79}",2.05,4,False,False
40,40,18,"{'Shell_weight': 'aboveMean', 'Shucked_weight': 'belowMean', 'Sex': 'I', 'Length': 'belowMean'}",True,,19.0,{},0.0,4,False,True
41,41,19,"{'Shell_weight': 'belowMean', 'Sex': 'F', 'Shucked_weight': 'belowMean', 'Height': 'belowMean', 'Viscera_weight': 'belowMean'}",True,Diameter,9.46808510638298,"{'belowMean': 80, 'aboveMean': 81}",4.881382978723405,5,False,False
42,42,19,"{'Shell_weight': 'belowMean', 'Sex': 'F', 'Shucked_weight': 'belowMean', 'Height': 'belowMean', 'Viscera_weight': 'aboveMean'}",True,Diameter,13.0,"{'aboveMean': 82, 'belowMean': 83}",0.16666666666666666,5,False,False
43,43,20,"{'Shell_weight': 'belowMean', 'Sex': 'F', 'Shucked_weight': 'belowMean', 'Height': 'aboveMean', 'Length': 'aboveMean'}",True,Whole_weight,10.375,"{'belowMean': 84, 'aboveMean': 85}",4.9,5,False,False
44,44,20,"{'Shell_weight': 'belowMean', 'Sex': 'F', 'Shucked_weight': 'belowMean', 'Height': 'aboveMean', 'Length': 'belowMean'}",True,Viscera_weight,11.666666666666666,"{'belowMean': 86, 'aboveMean': 87}",9.198005698005698,5,False,False
45,45,21,"{'Shell_weight': 'belowMean', 'Sex': 'F', 'Shucked_weight': 'aboveMean', 'Diameter': 'aboveMean', 'Whole_weight': 'aboveMean'}",True,Height,8.833333333333334,"{'aboveMean': 88, 'belowMean': 89}",1.3111111111111111,5,False,False
46,46,21,"{'Shell_weight': 'belowMean', 'Sex': 'F', 'Shucked_weight': 'aboveMean', 'Diameter': 'aboveMean', 'Whole_weight': 'belowMean'}",True,Viscera_weight,9.0,"{'aboveMean': 90, 'belowMean': 91}",1.9285714285714286,5,False,False
47,47,22,"{'Shell_weight': 'belowMean', 'Sex': 'F', 'Shucked_weight': 'aboveMean', 'Diameter': 'belowMean', 'Height': 'aboveMean'}",True,,9.0,{},0.0,5,False,True
48,48,22,"{'Shell_weight': 'belowMean', 'Sex': 'F', 'Shucked_weight': 'aboveMean', 'Diameter': 'belowMean', 'Height': 'belowMean'}",True,,8.0,{},0.0,5,False,True
49,49,23,"{'Shell_weight': 'belowMean', 'Sex': 'I', 'Height': 'aboveMean', 'Shucked_weight': 'belowMean', 'Viscera_weight': 'belowMean'}",True,Diameter,9.972222222222221,"{'aboveMean': 92, 'belowMean': 93}",6.970486111111111,5,False,False
50,50,23,"{'Shell_weight': 'belowMean', 'Sex': 'I', 'Height': 'aboveMean', 'Shucked_weight': 'belowMean', 'Viscera_weight': 'aboveMean'}",True,Diameter,9.333333333333334,"{'aboveMean': 94, 'belowMean': 95}",0.0,5,False,False
51,51,24,"{'Shell_weight': 'belowMean', 'Sex': 'I', 'Height': 'aboveMean', 'Shucked_weight': 'aboveMean', 'Diameter': 'aboveMean'}",True,Whole_weight,8.9,"{'belowMean': 96, 'aboveMean': 97}",0.675,5,False,False
52,52,24,"{'Shell_weight': 'belowMean', 'Sex': 'I', 'Height': 'aboveMean', 'Shucked_weight': 'aboveMean', 'Diameter': 'belowMean'}",True,,8.0,{},0.0,5,False,True
53,53,25,"{'Shell_weight': 'belowMean', 'Sex': 'I', 'Height': 'belowMean', 'Length': 'belowMean', 'Diameter': 'belowMean'}",True,Shucked_weight,7.047029702970297,"{'belowMean': 98, 'aboveMean': 99}",3.3571314220974338,5,False,False
54,54,25,"{'Shell_weight': 'belowMean', 'Sex': 'I', 'Height': 'belowMean', 'Length': 'belowMean', 'Diameter': 'aboveMean'}",True,,8.0,{},0.0,5,False,True
55,55,26,"{'Shell_weight': 'belowMean', 'Sex': 'I', 'Height': 'belowMean', 'Length': 'aboveMean', 'Diameter': 'belowMean'}",True,Shucked_weight,8.545454545454545,"{'belowMean': 100, 'aboveMean': 101}",1.1272727272727272,5,False,False
56,56,26,"{'Shell_weight': 'belowMean', 'Sex': 'I', 'Height': 'belowMean', 'Length': 'aboveMean', 'Diameter': 'aboveMean'}",True,Shucked_weight,9.0,"{'belowMean': 102, 'aboveMean': 103}",0.8375,5,False,False
57,57,27,"{'Shell_weight': 'belowMean', 'Sex': 'M', 'Height': 'aboveMean', 'Shucked_weight': 'belowMean', 'Whole_weight': 'belowMean'}",True,Length,10.59375,"{'aboveMean': 104, 'belowMean': 105}",6.950520833333333,5,False,False
58,58,27,"{'Shell_weight': 'belowMean', 'Sex': 'M', 'Height': 'aboveMean', 'Shucked_weight': 'belowMean', 'Whole_weight': 'aboveMean'}",True,,12.0,{},0.0,5,False,True
59,59,28,"{'Shell_weight': 'belowMean', 'Sex': 'M', 'Height': 'aboveMean', 'Shucked_weight': 'aboveMean', 'Diameter': 'aboveMean'}",True,Length,8.76923076923077,"{'aboveMean': 106, 'belowMean': 107}",0.7692307692307693,5,False,False
60,60,28,"{'Shell_weight': 'belowMean', 'Sex': 'M', 'Height': 'aboveMean', 'Shucked_weight': 'aboveMean', 'Diameter': 'belowMean'}",True,,10.0,{},0.0,5,False,True
61,61,29,"{'Shell_weight': 'belowMean', 'Sex': 'M', 'Height': 'belowMean', 'Whole_weight': 'belowMean', 'Shucked_weight': 'belowMean'}",True,Diameter,8.688888888888888,"{'belowMean': 108, 'aboveMean': 109}",5.116937669376694,5,False,False
62,62,29,"{'Shell_weight': 'belowMean', 'Sex': 'M', 'Height': 'belowMean', 'Whole_weight': 'belowMean', 'Shucked_weight': 'aboveMean'}",True,Length,7.571428571428571,"{'aboveMean': 110, 'belowMean': 111}",0.48809523809523814,5,False,False
63,63,30,"{'Shell_weight': 'belowMean', 'Sex': 'M', 'Height': 'belowMean', 'Whole_weight': 'aboveMean', 'Viscera_weight': 'belowMean'}",True,Shucked_weight,11.8,"{'belowMean': 112, 'aboveMean': 113}",4.55,5,False,False
64,64,30,"{'Shell_weight': 'belowMean', 'Sex': 'M', 'Height': 'belowMean', 'Whole_weight': 'aboveMean', 'Viscera_weight': 'aboveMean'}",True,Shucked_weight,10.0,"{'aboveMean': 114, 'belowMean': 115}",2.666666666666667,5,False,False
65,65,31,"{'Shell_weight': 'aboveMean', 'Shucked_weight': 'aboveMean', 'Length': 'aboveMean', 'Height': 'aboveMean', 'Diameter': 'aboveMean'}",True,Sex,11.516516516516516,"{'I': 116, 'M': 117, 'F': 118}",8.551818221250748,5,False,False
66,66,31,"{'Shell_weight': 'aboveMean', 'Shucked_weight': 'aboveMean', 'Length': 'aboveMean', 'Height': 'aboveMean', 'Diameter': 'belowMean'}",True,Sex,10.0,"{'I': 119, 'F': 120, 'M': 121}",0.8611111111111112,5,False,False
67,67,32,"{'Shell_weight': 'aboveMean', 'Shucked_weight': 'aboveMean', 'Length': 'aboveMean', 'Height': 'belowMean', 'Sex': 'M'}",True,Diameter,11.444444444444445,{'aboveMean': 122},8.469135802469136,5,False,False
68,68,32,"{'Shell_weight': 'aboveMean', 'Shucked_weight': 'aboveMean', 'Length': 'aboveMean', 'Height': 'belowMean', 'Sex': 'F'}",True,Viscera_weight,10.4,"{'aboveMean': 123, 'belowMean': 124}",5.809523809523809,5,False,False
69,69,32,"{'Shell_weight': 'aboveMean', 'Shucked_weight': 'aboveMean', 'Length': 'aboveMean', 'Height': 'belowMean', 'Sex': 'I'}",True,Whole_weight,10.0,"{'aboveMean': 125, 'belowMean': 126}",0.55,5,False,False
70,70,35,"{'Shell_weight': 'aboveMean', 'Shucked_weight': 'belowMean', 'Sex': 'M', 'Whole_weight': 'belowMean', 'Diameter': 'aboveMean'}",True,Height,11.941176470588236,"{'aboveMean': 127, 'belowMean': 128}",8.761029411764707,5,False,False
71,71,35,"{'Shell_weight': 'aboveMean', 'Shucked_weight': 'belowMean', 'Sex': 'M', 'Whole_weight': 'belowMean', 'Diameter': 'belowMean'}",True,Viscera_weight,14.285714285714286,"{'aboveMean': 129, 'belowMean': 130}",14.523809523809524,5,False,False
72,72,36,"{'Shell_weight': 'aboveMean', 'Shucked_weight': 'belowMean', 'Sex': 'M', 'Whole_weight': 'aboveMean', 'Length': 'aboveMean'}",True,Diameter,15.083333333333334,"{'aboveMean': 131, 'belowMean': 132}",9.686507936507937,5,False,False
73,73,36,"{'Shell_weight': 'aboveMean', 'Shucked_weight': 'belowMean', 'Sex': 'M', 'Whole_weight': 'aboveMean', 'Length': 'belowMean'}",True,Diameter,13.0,"{'aboveMean': 133, 'belowMean': 134}",4.166666666666667,5,False,False
74,74,37,"{'Shell_weight': 'aboveMean', 'Shucked_weight': 'belowMean', 'Sex': 'F', 'Diameter': 'belowMean', 'Length': 'belowMean'}",True,Whole_weight,14.285714285714286,"{'belowMean': 135, 'aboveMean': 136}",17.61904761904762,5,False,False
75,75,37,"{'Shell_weight': 'aboveMean', 'Shucked_weight': 'belowMean', 'Sex': 'F', 'Diameter': 'belowMean', 'Length': 'aboveMean'}",True,,18.0,{},0.0,5,False,True
76,76,38,"{'Shell_weight': 'aboveMean', 'Shucked_weight': 'belowMean', 'Sex': 'F', 'Diameter': 'aboveMean', 'Height': 'aboveMean'}",True,Whole_weight,12.307692307692308,"{'aboveMean': 137, 'belowMean': 138}",7.153846153846154,5,False,False
77,77,38,"{'Shell_weight': 'aboveMean', 'Shucked_weight': 'belowMean', 'Sex': 'F', 'Diameter': 'aboveMean', 'Height': 'belowMean'}",True,Whole_weight,15.666666666666666,"{'aboveMean': 139, 'belowMean': 140}",0.0,5,False,False
78,78,39,"{'Shell_weight': 'aboveMean', 'Shucked_weight': 'belowMean', 'Sex': 'I', 'Length': 'aboveMean', 'Whole_weight': 'aboveMean'}",True,Height,10.75,"{'belowMean': 141, 'aboveMean': 142}",4.625,5,False,False
79,79,39,"{'Shell_weight': 'aboveMean', 'Shucked_weight': 'belowMean', 'Sex': 'I', 'Length': 'aboveMean', 'Whole_weight': 'belowMean'}",True,Height,10.0,"{'aboveMean': 143, 'belowMean': 144}",0.990909090909091,5,False,False
80,80,41,"{'Shell_weight': 'belowMean', 'Sex': 'F', 'Shucked_weight': 'belowMean', 'Height': 'belowMean', 'Viscera_weight': 'belowMean', 'Diameter': 'belowMean'}",True,Length,9.433333333333334,{'belowMean': 145},5.067777777777778,6,False,False
81,81,41,"{'Shell_weight': 'belowMean', 'Sex': 'F', 'Shucked_weight': 'belowMean', 'Height': 'belowMean', 'Viscera_weight': 'belowMean', 'Diameter': 'aboveMean'}",True,Length,10.25,"{'aboveMean': 146, 'belowMean': 147}",0.6666666666666667,6,False,False
82,82,42,"{'Shell_weight': 'belowMean', 'Sex': 'F', 'Shucked_weight': 'belowMean', 'Height': 'belowMean', 'Viscera_weight': 'aboveMean', 'Diameter': 'aboveMean'}",True,,10.0,{},0.0,6,False,True
83,83,42,"{'Shell_weight': 'belowMean', 'Sex': 'F', 'Shucked_weight': 'belowMean', 'Height': 'belowMean', 'Viscera_weight': 'aboveMean', 'Diameter': 'belowMean'}",True,Length,14.5,"{'aboveMean': 148, 'belowMean': 149}",0.0,6,False,False
84,84,43,"{'Shell_weight': 'belowMean', 'Sex': 'F', 'Shucked_weight': 'belowMean', 'Height': 'aboveMean', 'Length': 'aboveMean', 'Whole_weight': 'belowMean'}",True,Diameter,10.2,"{'aboveMean': 150, 'belowMean': 151}",4.993939393939394,6,False,False
85,85,43,"{'Shell_weight': 'belowMean', 'Sex': 'F', 'Shucked_weight': 'belowMean', 'Height': 'aboveMean', 'Length': 'aboveMean', 'Whole_weight': 'aboveMean'}",True,,13.0,{},0.0,6,False,True
86,86,44,"{'Shell_weight': 'belowMean', 'Sex': 'F', 'Shucked_weight': 'belowMean', 'Height': 'aboveMean', 'Length': 'belowMean', 'Viscera_weight': 'belowMean'}",True,Diameter,11.576923076923077,"{'belowMean': 152, 'aboveMean': 153}",9.53397435897436,6,False,False
87,87,44,"{'Shell_weight': 'belowMean', 'Sex': 'F', 'Shucked_weight': 'belowMean', 'Height': 'aboveMean', 'Length': 'belowMean', 'Viscera_weight': 'aboveMean'}",True,,14.0,{},0.0,6,False,True
88,88,45,"{'Shell_weight': 'belowMean', 'Sex': 'F', 'Shucked_weight': 'aboveMean', 'Diameter': 'aboveMean', 'Whole_weight': 'aboveMean', 'Height': 'aboveMean'}",True,Viscera_weight,8.933333333333334,"{'aboveMean': 154, 'belowMean': 155}",1.5111111111111113,6,False,False
89,89,45,"{'Shell_weight': 'belowMean', 'Sex': 'F', 'Shucked_weight': 'aboveMean', 'Diameter': 'aboveMean', 'Whole_weight': 'aboveMean', 'Height': 'belowMean'}",True,Viscera_weight,8.333333333333334,"{'belowMean': 156, 'aboveMean': 157}",0.16666666666666666,6,False,False
90,90,46,"{'Shell_weight': 'belowMean', 'Sex': 'F', 'Shucked_weight': 'aboveMean', 'Diameter': 'aboveMean', 'Whole_weight': 'belowMean', 'Viscera_weight': 'aboveMean'}",True,Height,8.5,"{'belowMean': 158, 'aboveMean': 159}",0.0,6,False,False
91,91,46,"{'Shell_weight': 'belowMean', 'Sex': 'F', 'Shucked_weight': 'aboveMean', 'Diameter': 'aboveMean', 'Whole_weight': 'belowMean', 'Viscera_weight': 'belowMean'}",True,Height,9.142857142857142,"{'belowMean': 160, 'aboveMean': 161}",0.48809523809523814,6,False,False
92,92,49,"{'Shell_weight': 'belowMean', 'Sex': 'I', 'Height': 'aboveMean', 'Shucked_weight': 'belowMean', 'Viscera_weight': 'belowMean', 'Diameter': 'aboveMean'}",True,Length,10.0,"{'belowMean': 162, 'aboveMean': 163}",6.580000000000001,6,False,False
93,93,49,"{'Shell_weight': 'belowMean', 'Sex': 'I', 'Height': 'aboveMean', 'Shucked_weight': 'belowMean', 'Viscera_weight': 'belowMean', 'Diameter': 'belowMean'}",True,Length,9.9375,"{'belowMean': 164, 'aboveMean': 165}",7.015625,6,False,False
94,94,50,"{'Shell_weight': 'belowMean', 'Sex': 'I', 'Height': 'aboveMean', 'Shucked_weight': 'belowMean', 'Viscera_weight': 'aboveMean', 'Diameter': 'aboveMean'}",True,,9.0,{},0.0,6,False,True
95,95,50,"{'Shell_weight': 'belowMean', 'Sex': 'I', 'Height': 'aboveMean', 'Shucked_weight': 'belowMean', 'Viscera_weight': 'aboveMean', 'Diameter': 'belowMean'}",True,,10.0,{},0.0,6,False,True
96,96,51,"{'Shell_weight': 'belowMean', 'Sex': 'I', 'Height': 'aboveMean', 'Shucked_weight': 'aboveMean', 'Diameter': 'aboveMean', 'Whole_weight': 'belowMean'}",True,Viscera_weight,9.0,"{'belowMean': 166, 'aboveMean': 167}",0.5416666666666666,6,False,False
97,97,51,"{'Shell_weight': 'belowMean', 'Sex': 'I', 'Height': 'aboveMean', 'Shucked_weight': 'aboveMean', 'Diameter': 'aboveMean', 'Whole_weight': 'aboveMean'}",True,Viscera_weight,8.75,"{'aboveMean': 168, 'belowMean': 169}",0.16666666666666666,6,False,False
98,98,53,"{'Shell_weight': 'belowMean', 'Sex': 'I', 'Height': 'belowMean', 'Length': 'belowMean', 'Diameter': 'belowMean', 'Shucked_weight': 'belowMean'}",True,Viscera_weight,7.04228855721393,{'belowMean': 170},3.373833568476028,6,False,False
99,99,53,"{'Shell_weight': 'belowMean', 'Sex': 'I', 'Height': 'belowMean', 'Length': 'belowMean', 'Diameter': 'belowMean', 'Shucked_weight': 'aboveMean'}",True,,8.0,{},0.0,6,False,True
100,100,55,"{'Shell_weight': 'belowMean', 'Sex': 'I', 'Height': 'belowMean', 'Length': 'aboveMean', 'Diameter': 'belowMean', 'Shucked_weight': 'belowMean'}",True,Viscera_weight,8.6,{'belowMean': 171},1.24,6,False,False
101,101,55,"{'Shell_weight': 'belowMean', 'Sex': 'I', 'Height': 'belowMean', 'Length': 'aboveMean', 'Diameter': 'belowMean', 'Shucked_weight': 'aboveMean'}",True,,8.0,{},0.0,6,False,True
102,102,56,"{'Shell_weight': 'belowMean', 'Sex': 'I', 'Height': 'belowMean', 'Length': 'aboveMean', 'Diameter': 'aboveMean', 'Shucked_weight': 'belowMean'}",True,Viscera_weight,8.875,"{'belowMean': 172, 'aboveMean': 173}",0.9833333333333333,6,False,False
103,103,56,"{'Shell_weight': 'belowMean', 'Sex': 'I', 'Height': 'belowMean', 'Length': 'aboveMean', 'Diameter': 'aboveMean', 'Shucked_weight': 'aboveMean'}",True,Whole_weight,9.5,"{'belowMean': 174, 'aboveMean': 175}",0.16666666666666666,6,False,False
104,104,57,"{'Shell_weight': 'belowMean', 'Sex': 'M', 'Height': 'aboveMean', 'Shucked_weight': 'belowMean', 'Whole_weight': 'belowMean', 'Length': 'aboveMean'}",True,Diameter,10.333333333333334,"{'aboveMean': 176, 'belowMean': 177}",5.045454545454546,6,False,False
105,105,57,"{'Shell_weight': 'belowMean', 'Sex': 'M', 'Height': 'aboveMean', 'Shucked_weight': 'belowMean', 'Whole_weight': 'belowMean', 'Length': 'belowMean'}",True,Diameter,10.75,"{'belowMean': 178, 'aboveMean': 179}",7.089473684210526,6,False,False
106,106,59,"{'Shell_weight': 'belowMean', 'Sex': 'M', 'Height': 'aboveMean', 'Shucked_weight': 'aboveMean', 'Diameter': 'aboveMean', 'Length': 'aboveMean'}",True,Viscera_weight,8.8,"{'aboveMean': 180, 'belowMean': 181}",0.7988235294117646,6,False,False
107,107,59,"{'Shell_weight': 'belowMean', 'Sex': 'M', 'Height': 'aboveMean', 'Shucked_weight': 'aboveMean', 'Diameter': 'aboveMean', 'Length': 'belowMean'}",True,,8.0,{},0.0,6,False,True
108,108,61,"{'Shell_weight': 'belowMean', 'Sex': 'M', 'Height': 'belowMean', 'Whole_weight': 'belowMean', 'Shucked_weight': 'belowMean', 'Diameter': 'belowMean'}",True,Length,8.634146341463415,"{'belowMean': 182, 'aboveMean': 183}",5.454554223508336,6,False,False
109,109,61,"{'Shell_weight': 'belowMean', 'Sex': 'M', 'Height': 'belowMean', 'Whole_weight': 'belowMean', 'Shucked_weight': 'belowMean', 'Diameter': 'aboveMean'}",True,Viscera_weight,9.25,"{'belowMean': 184, 'aboveMean': 185}",1.0523809523809524,6,False,False
110,110,62,"{'Shell_weight': 'belowMean', 'Sex': 'M', 'Height': 'belowMean', 'Whole_weight': 'belowMean', 'Shucked_weight': 'aboveMean', 'Length': 'aboveMean'}",True,Viscera_weight,7.333333333333333,"{'belowMean': 186, 'aboveMean': 187}",0.0,6,False,False
111,111,62,"{'Shell_weight': 'belowMean', 'Sex': 'M', 'Height': 'belowMean', 'Whole_weight': 'belowMean', 'Shucked_weight': 'aboveMean', 'Length': 'belowMean'}",True,Diameter,7.75,"{'belowMean': 188, 'aboveMean': 189}",0.6666666666666667,6,False,False
112,112,63,"{'Shell_weight': 'belowMean', 'Sex': 'M', 'Height': 'belowMean', 'Whole_weight': 'aboveMean', 'Viscera_weight': 'belowMean', 'Shucked_weight': 'belowMean'}",True,,12.0,{},0.0,6,False,True
113,113,63,"{'Shell_weight': 'belowMean', 'Sex': 'M', 'Height': 'belowMean', 'Whole_weight': 'aboveMean', 'Viscera_weight': 'belowMean', 'Shucked_weight': 'aboveMean'}",True,Diameter,11.75,{'aboveMean': 190},5.6875,6,False,False
114,114,64,"{'Shell_weight': 'belowMean', 'Sex': 'M', 'Height': 'belowMean', 'Whole_weight': 'aboveMean', 'Viscera_weight': 'aboveMean', 'Shucked_weight': 'aboveMean'}",True,Diameter,10.333333333333334,{'aboveMean': 191},3.555555555555556,6,False,False
115,115,64,"{'Shell_weight': 'belowMean', 'Sex': 'M', 'Height': 'belowMean', 'Whole_weight': 'aboveMean', 'Viscera_weight': 'aboveMean', 'Shucked_weight': 'belowMean'}",True,,9.0,{},0.0,6,False,True
116,116,65,"{'Shell_weight': 'aboveMean', 'Shucked_weight': 'aboveMean', 'Length': 'aboveMean', 'Height': 'aboveMean', 'Diameter': 'aboveMean', 'Sex': 'I'}",True,Viscera_weight,11.581395348837209,"{'aboveMean': 192, 'belowMean': 193}",5.935517970401691,6,False,False
117,117,65,"{'Shell_weight': 'aboveMean', 'Shucked_weight': 'aboveMean', 'Length': 'aboveMean', 'Height': 'aboveMean', 'Diameter': 'aboveMean', 'Sex': 'M'}",True,Viscera_weight,11.427215189873417,"{'aboveMean': 194, 'belowMean': 195}",7.858122205663189,6,False,False
118,118,65,"{'Shell_weight': 'aboveMean', 'Shucked_weight': 'aboveMean', 'Length': 'aboveMean', 'Height': 'aboveMean', 'Diameter': 'aboveMean', 'Sex': 'F'}",True,Whole_weight,11.599348534201955,"{'aboveMean': 196, 'belowMean': 197}",9.544358412986597,6,False,False
119,119,66,"{'Shell_weight': 'aboveMean', 'Shucked_weight': 'aboveMean', 'Length': 'aboveMean', 'Height': 'aboveMean', 'Diameter': 'belowMean', 'Sex': 'I'}",True,,8.0,{},0.0,6,False,True
120,120,66,"{'Shell_weight': 'aboveMean', 'Shucked_weight': 'aboveMean', 'Length': 'aboveMean', 'Height': 'aboveMean', 'Diameter': 'belowMean', 'Sex': 'F'}",True,Viscera_weight,9.666666666666666,{'aboveMean': 198},0.2222222222222222,6,False,False
121,121,66,"{'Shell_weight': 'aboveMean', 'Shucked_weight': 'aboveMean', 'Length': 'aboveMean', 'Height': 'aboveMean', 'Diameter': 'belowMean', 'Sex': 'M'}",True,Viscera_weight,11.5,{'aboveMean': 199},2.25,6,False,False
122,122,67,"{'Shell_weight': 'aboveMean', 'Shucked_weight': 'aboveMean', 'Length': 'aboveMean', 'Height': 'belowMean', 'Sex': 'M', 'Diameter': 'aboveMean'}",True,Viscera_weight,11.444444444444445,{'aboveMean': 200},8.469135802469136,6,False,False
123,123,68,"{'Shell_weight': 'aboveMean', 'Shucked_weight': 'aboveMean', 'Length': 'aboveMean', 'Height': 'belowMean', 'Sex': 'F', 'Viscera_weight': 'aboveMean'}",True,Diameter,10.285714285714286,{'aboveMean': 201},5.63265306122449,6,False,False
124,124,68,"{'Shell_weight': 'aboveMean', 'Shucked_weight': 'aboveMean', 'Length': 'aboveMean', 'Height': 'belowMean', 'Sex': 'F', 'Viscera_weight': 'belowMean'}",True,Diameter,10.666666666666666,{'aboveMean': 202},6.222222222222221,6,False,False
125,125,69,"{'Shell_weight': 'aboveMean', 'Shucked_weight': 'aboveMean', 'Length': 'aboveMean', 'Height': 'belowMean', 'Sex': 'I', 'Whole_weight': 'aboveMean'}",True,Viscera_weight,9.75,"{'belowMean': 203, 'aboveMean': 204}",0.625,6,False,False
126,126,69,"{'Shell_weight': 'aboveMean', 'Shucked_weight': 'aboveMean', 'Length': 'aboveMean', 'Height': 'belowMean', 'Sex': 'I', 'Whole_weight': 'belowMean'}",True,,11.0,{},0.0,6,False,True
127,127,70,"{'Shell_weight': 'aboveMean', 'Shucked_weight': 'belowMean', 'Sex': 'M', 'Whole_weight': 'belowMean', 'Diameter': 'aboveMean', 'Height': 'aboveMean'}",True,Viscera_weight,12.0625,"{'aboveMean': 205, 'belowMean': 206}",9.203125,6,False,False
128,128,70,"{'Shell_weight': 'aboveMean', 'Shucked_weight': 'belowMean', 'Sex': 'M', 'Whole_weight': 'belowMean', 'Diameter': 'aboveMean', 'Height': 'belowMean'}",True,,10.0,{},0.0,6,False,True
129,129,71,"{'Shell_weight': 'aboveMean', 'Shucked_weight': 'belowMean', 'Sex': 'M', 'Whole_weight': 'belowMean', 'Diameter': 'belowMean', 'Viscera_weight': 'aboveMean'}",True,Length,11.333333333333334,"{'aboveMean': 207, 'belowMean': 208}",0.16666666666666666,6,False,False
130,130,71,"{'Shell_weight': 'aboveMean', 'Shucked_weight': 'belowMean', 'Sex': 'M', 'Whole_weight': 'belowMean', 'Diameter': 'belowMean', 'Viscera_weight': 'belowMean'}",True,Length,16.5,"{'aboveMean': 209, 'belowMean': 210}",20.25,6,False,False
131,131,72,"{'Shell_weight': 'aboveMean', 'Shucked_weight': 'belowMean', 'Sex': 'M', 'Whole_weight': 'aboveMean', 'Length': 'aboveMean', 'Diameter': 'aboveMean'}",True,Viscera_weight,14.761904761904763,"{'belowMean': 211, 'aboveMean': 212}",10.085622710622712,6,False,False
132,132,72,"{'Shell_weight': 'aboveMean', 'Shucked_weight': 'belowMean', 'Sex': 'M', 'Whole_weight': 'aboveMean', 'Length': 'aboveMean', 'Diameter': 'belowMean'}",True,Viscera_weight,17.333333333333332,"{'aboveMean': 213, 'belowMean': 214}",0.6666666666666666,6,False,False
133,133,73,"{'Shell_weight': 'aboveMean', 'Shucked_weight': 'belowMean', 'Sex': 'M', 'Whole_weight': 'aboveMean', 'Length': 'belowMean', 'Diameter': 'aboveMean'}",True,,10.0,{},0.0,6,False,True
134,134,73,"{'Shell_weight': 'aboveMean', 'Shucked_weight': 'belowMean', 'Sex': 'M', 'Whole_weight': 'aboveMean', 'Length': 'belowMean', 'Diameter': 'belowMean'}",True,Height,14.5,{'aboveMean': 215},6.25,6,False,False
135,135,74,"{'Shell_weight': 'aboveMean', 'Shucked_weight': 'belowMean', 'Sex': 'F', 'Diameter': 'belowMean', 'Length': 'belowMean', 'Whole_weight': 'belowMean'}",True,Viscera_weight,15.333333333333334,"{'belowMean': 216, 'aboveMean': 217}",20.0,6,False,False
136,136,74,"{'Shell_weight': 'aboveMean', 'Shucked_weight': 'belowMean', 'Sex': 'F', 'Diameter': 'belowMean', 'Length': 'belowMean', 'Whole_weight': 'aboveMean'}",True,,8.0,{},0.0,6,False,True
137,137,76,"{'Shell_weight': 'aboveMean', 'Shucked_weight': 'belowMean', 'Sex': 'F', 'Diameter': 'aboveMean', 'Height': 'aboveMean', 'Whole_weight': 'aboveMean'}",True,Viscera_weight,13.0,"{'aboveMean': 218, 'belowMean': 219}",7.284313725490196,6,False,False
138,138,76,"{'Shell_weight': 'aboveMean', 'Shucked_weight': 'belowMean', 'Sex': 'F', 'Diameter': 'aboveMean', 'Height': 'aboveMean', 'Whole_weight': 'belowMean'}",True,Length,11.0,"{'aboveMean': 220, 'belowMean': 221}",4.208333333333333,6,False,False
139,139,77,"{'Shell_weight': 'aboveMean', 'Shucked_weight': 'belowMean', 'Sex': 'F', 'Diameter': 'aboveMean', 'Height': 'belowMean', 'Whole_weight': 'aboveMean'}",True,,21.0,{},0.0,6,False,True
140,140,77,"{'Shell_weight': 'aboveMean', 'Shucked_weight': 'belowMean', 'Sex': 'F', 'Diameter': 'aboveMean', 'Height': 'belowMean', 'Whole_weight': 'belowMean'}",True,,13.0,{},0.0,6,False,True
141,141,78,"{'Shell_weight': 'aboveMean', 'Shucked_weight': 'belowMean', 'Sex': 'I', 'Length': 'aboveMean', 'Whole_weight': 'aboveMean', 'Height': 'belowMean'}",True,Viscera_weight,10.5,"{'aboveMean': 222, 'belowMean': 223}",0.0,6,False,False
142,142,78,"{'Shell_weight': 'aboveMean', 'Shucked_weight': 'belowMean', 'Sex': 'I', 'Length': 'aboveMean', 'Whole_weight': 'aboveMean', 'Height': 'aboveMean'}",True,Diameter,11.0,{'aboveMean': 224},9.0,6,False,False
143,143,79,"{'Shell_weight': 'aboveMean', 'Shucked_weight': 'belowMean', 'Sex': 'I', 'Length': 'aboveMean', 'Whole_weight': 'belowMean', 'Height': 'aboveMean'}",True,Diameter,9.9,"{'aboveMean': 225, 'belowMean': 226}",1.088888888888889,6,False,False
144,144,79,"{'Shell_weight': 'aboveMean', 'Shucked_weight': 'belowMean', 'Sex': 'I', 'Length': 'aboveMean', 'Whole_weight': 'belowMean', 'Height': 'belowMean'}",True,,11.0,{},0.0,6,False,True
145,145,80,"{'Shell_weight': 'belowMean', 'Sex': 'F', 'Shucked_weight': 'belowMean', 'Height': 'belowMean', 'Viscera_weight': 'belowMean', 'Diameter': 'belowMean', 'Length': 'belowMean'}",True,,9.433333333333334,{},0.0,7,False,True
146,146,81,"{'Shell_weight': 'belowMean', 'Sex': 'F', 'Shucked_weight': 'belowMean', 'Height': 'belowMean', 'Viscera_weight': 'belowMean', 'Diameter': 'aboveMean', 'Length': 'aboveMean'}",True,,10.333333333333334,{},0.0,7,False,True
147,147,81,"{'Shell_weight': 'belowMean', 'Sex': 'F', 'Shucked_weight': 'belowMean', 'Height': 'belowMean', 'Viscera_weight': 'belowMean', 'Diameter': 'aboveMean', 'Length': 'belowMean'}",True,,10.0,{},0.0,7,False,True
148,148,83,"{'Shell_weight': 'belowMean', 'Sex': 'F', 'Shucked_weight': 'belowMean', 'Height': 'belowMean', 'Viscera_weight': 'aboveMean', 'Diameter': 'belowMean', 'Length': 'aboveMean'}",True,,14.0,{},0.0,7,False,True
149,149,83,"{'Shell_weight': 'belowMean', 'Sex': 'F', 'Shucked_weight': 'belowMean', 'Height': 'belowMean', 'Viscera_weight': 'aboveMean', 'Diameter': 'belowMean', 'Length': 'belowMean'}",True,,15.0,{},0.0,7,False,True
150,150,84,"{'Shell_weight': 'belowMean', 'Sex': 'F', 'Shucked_weight': 'belowMean', 'Height': 'aboveMean', 'Length': 'aboveMean', 'Whole_weight': 'belowMean', 'Diameter': 'aboveMean'}",True,,9.909090909090908,{},0.0,7,False,True
151,151,84,"{'Shell_weight': 'belowMean', 'Sex': 'F', 'Shucked_weight': 'belowMean', 'Height': 'aboveMean', 'Length': 'aboveMean', 'Whole_weight': 'belowMean', 'Diameter': 'belowMean'}",True,,11.0,{},0.0,7,False,True
152,152,86,"{'Shell_weight': 'belowMean', 'Sex': 'F', 'Shucked_weight': 'belowMean', 'Height': 'aboveMean', 'Length': 'belowMean', 'Viscera_weight': 'belowMean', 'Diameter': 'belowMean'}",True,,11.65,{},0.0,7,False,True
153,153,86,"{'Shell_weight': 'belowMean', 'Sex': 'F', 'Shucked_weight': 'belowMean', 'Height': 'aboveMean', 'Length': 'belowMean', 'Viscera_weight': 'belowMean', 'Diameter': 'aboveMean'}",True,,11.333333333333334,{},0.0,7,False,True
154,154,88,"{'Shell_weight': 'belowMean', 'Sex': 'F', 'Shucked_weight': 'aboveMean', 'Diameter': 'aboveMean', 'Whole_weight': 'aboveMean', 'Height': 'aboveMean', 'Viscera_weight': 'aboveMean'}",True,,9.0,{},0.0,7,False,True
155,155,88,"{'Shell_weight': 'belowMean', 'Sex': 'F', 'Shucked_weight': 'aboveMean', 'Diameter': 'aboveMean', 'Whole_weight': 'aboveMean', 'Height': 'aboveMean', 'Viscera_weight': 'belowMean'}",True,,8.666666666666666,{},0.0,7,False,True
156,156,89,"{'Shell_weight': 'belowMean', 'Sex': 'F', 'Shucked_weight': 'aboveMean', 'Diameter': 'aboveMean', 'Whole_weight': 'aboveMean', 'Height': 'belowMean', 'Viscera_weight': 'belowMean'}",True,,8.5,{},0.0,7,False,True
157,157,89,"{'Shell_weight': 'belowMean', 'Sex': 'F', 'Shucked_weight': 'aboveMean', 'Diameter': 'aboveMean', 'Whole_weight': 'aboveMean', 'Height': 'belowMean', 'Viscera_weight': 'aboveMean'}",True,,8.0,{},0.0,7,False,True
158,158,90,"{'Shell_weight': 'belowMean', 'Sex': 'F', 'Shucked_weight': 'aboveMean', 'Diameter': 'aboveMean', 'Whole_weight': 'belowMean', 'Viscera_weight': 'aboveMean', 'Height': 'belowMean'}",True,,11.0,{},0.0,7,False,True
159,159,90,"{'Shell_weight': 'belowMean', 'Sex': 'F', 'Shucked_weight': 'aboveMean', 'Diameter': 'aboveMean', 'Whole_weight': 'belowMean', 'Viscera_weight': 'aboveMean', 'Height': 'aboveMean'}",True,,6.0,{},0.0,7,False,True
160,160,91,"{'Shell_weight': 'belowMean', 'Sex': 'F', 'Shucked_weight': 'aboveMean', 'Diameter': 'aboveMean', 'Whole_weight': 'belowMean', 'Viscera_weight': 'belowMean', 'Height': 'belowMean'}",True,,8.75,{},0.0,7,False,True
161,161,91,"{'Shell_weight': 'belowMean', 'Sex': 'F', 'Shucked_weight': 'aboveMean', 'Diameter': 'aboveMean', 'Whole_weight': 'belowMean', 'Viscera_weight': 'belowMean', 'Height': 'aboveMean'}",True,,9.666666666666666,{},0.0,7,False,True
162,162,92,"{'Shell_weight': 'belowMean', 'Sex': 'I', 'Height': 'aboveMean', 'Shucked_weight': 'belowMean', 'Viscera_weight': 'belowMean', 'Diameter': 'aboveMean', 'Length': 'belowMean'}",True,,9.4,{},0.0,7,False,True
163,163,92,"{'Shell_weight': 'belowMean', 'Sex': 'I', 'Height': 'aboveMean', 'Shucked_weight': 'belowMean', 'Viscera_weight': 'belowMean', 'Diameter': 'aboveMean', 'Length': 'aboveMean'}",True,,10.2,{},0.0,7,False,True
164,164,93,"{'Shell_weight': 'belowMean', 'Sex': 'I', 'Height': 'aboveMean', 'Shucked_weight': 'belowMean', 'Viscera_weight': 'belowMean', 'Diameter': 'belowMean', 'Length': 'belowMean'}",True,,10.25,{},0.0,7,False,True
165,165,93,"{'Shell_weight': 'belowMean', 'Sex': 'I', 'Height': 'aboveMean', 'Shucked_weight': 'belowMean', 'Viscera_weight': 'belowMean', 'Diameter': 'belowMean', 'Length': 'aboveMean'}",True,,9.0,{},0.0,7,False,True
166,166,96,"{'Shell_weight': 'belowMean', 'Sex': 'I', 'Height': 'aboveMean', 'Shucked_weight': 'aboveMean', 'Diameter': 'aboveMean', 'Whole_weight': 'belowMean', 'Viscera_weight': 'belowMean'}",True,,8.75,{},0.0,7,False,True
167,167,96,"{'Shell_weight': 'belowMean', 'Sex': 'I', 'Height': 'aboveMean', 'Shucked_weight': 'aboveMean', 'Diameter': 'aboveMean', 'Whole_weight': 'belowMean', 'Viscera_weight': 'aboveMean'}",True,,9.5,{},0.0,7,False,True
168,168,97,"{'Shell_weight': 'belowMean', 'Sex': 'I', 'Height': 'aboveMean', 'Shucked_weight': 'aboveMean', 'Diameter': 'aboveMean', 'Whole_weight': 'aboveMean', 'Viscera_weight': 'aboveMean'}",True,,8.333333333333334,{},0.0,7,False,True
169,169,97,"{'Shell_weight': 'belowMean', 'Sex': 'I', 'Height': 'aboveMean', 'Shucked_weight': 'aboveMean', 'Diameter': 'aboveMean', 'Whole_weight': 'aboveMean', 'Viscera_weight': 'belowMean'}",True,,10.0,{},0.0,7,False,True
170,170,98,"{'Shell_weight': 'belowMean', 'Sex': 'I', 'Height': 'belowMean', 'Length': 'belowMean', 'Diameter': 'belowMean', 'Shucked_weight': 'belowMean', 'Viscera_weight': 'belowMean'}",True,,7.04228855721393,{},0.0,7,False,True
171,171,100,"{'Shell_weight': 'belowMean', 'Sex': 'I', 'Height': 'belowMean', 'Length': 'aboveMean', 'Diameter': 'belowMean', 'Shucked_weight': 'belowMean', 'Viscera_weight': 'belowMean'}",True,,8.6,{},0.0,7,False,True
172,172,102,"{'Shell_weight': 'belowMean', 'Sex': 'I', 'Height': 'belowMean', 'Length': 'aboveMean', 'Diameter': 'aboveMean', 'Shucked_weight': 'belowMean', 'Viscera_weight': 'belowMean'}",True,,8.866666666666667,{},0.0,7,False,True
173,173,102,"{'Shell_weight': 'belowMean', 'Sex': 'I', 'Height': 'belowMean', 'Length': 'aboveMean', 'Diameter': 'aboveMean', 'Shucked_weight': 'belowMean', 'Viscera_weight': 'aboveMean'}",True,,9.0,{},0.0,7,False,True
174,174,103,"{'Shell_weight': 'belowMean', 'Sex': 'I', 'Height': 'belowMean', 'Length': 'aboveMean', 'Diameter': 'aboveMean', 'Shucked_weight': 'aboveMean', 'Whole_weight': 'belowMean'}",True,,9.333333333333334,{},0.0,7,False,True
175,175,103,"{'Shell_weight': 'belowMean', 'Sex': 'I', 'Height': 'belowMean', 'Length': 'aboveMean', 'Diameter': 'aboveMean', 'Shucked_weight': 'aboveMean', 'Whole_weight': 'aboveMean'}",True,,10.0,{},0.0,7,False,True
176,176,104,"{'Shell_weight': 'belowMean', 'Sex': 'M', 'Height': 'aboveMean', 'Shucked_weight': 'belowMean', 'Whole_weight': 'belowMean', 'Length': 'aboveMean', 'Diameter': 'aboveMean'}",True,,10.636363636363637,{},0.0,7,False,True
177,177,104,"{'Shell_weight': 'belowMean', 'Sex': 'M', 'Height': 'aboveMean', 'Shucked_weight': 'belowMean', 'Whole_weight': 'belowMean', 'Length': 'aboveMean', 'Diameter': 'belowMean'}",True,,7.0,{},0.0,7,False,True
178,178,105,"{'Shell_weight': 'belowMean', 'Sex': 'M', 'Height': 'aboveMean', 'Shucked_weight': 'belowMean', 'Whole_weight': 'belowMean', 'Length': 'belowMean', 'Diameter': 'belowMean'}",True,,10.894736842105264,{},0.0,7,False,True
179,179,105,"{'Shell_weight': 'belowMean', 'Sex': 'M', 'Height': 'aboveMean', 'Shucked_weight': 'belowMean', 'Whole_weight': 'belowMean', 'Length': 'belowMean', 'Diameter': 'aboveMean'}",True,,8.0,{},0.0,7,False,True
180,180,106,"{'Shell_weight': 'belowMean', 'Sex': 'M', 'Height': 'aboveMean', 'Shucked_weight': 'aboveMean', 'Diameter': 'aboveMean', 'Length': 'aboveMean', 'Viscera_weight': 'aboveMean'}",True,,8.823529411764707,{},0.0,7,False,True
181,181,106,"{'Shell_weight': 'belowMean', 'Sex': 'M', 'Height': 'aboveMean', 'Shucked_weight': 'aboveMean', 'Diameter': 'aboveMean', 'Length': 'aboveMean', 'Viscera_weight': 'belowMean'}",True,,8.75,{},0.0,7,False,True
182,182,108,"{'Shell_weight': 'belowMean', 'Sex': 'M', 'Height': 'belowMean', 'Whole_weight': 'belowMean', 'Shucked_weight': 'belowMean', 'Diameter': 'belowMean', 'Length': 'belowMean'}",True,,8.669491525423728,{},0.0,7,False,True
183,183,108,"{'Shell_weight': 'belowMean', 'Sex': 'M', 'Height': 'belowMean', 'Whole_weight': 'belowMean', 'Shucked_weight': 'belowMean', 'Diameter': 'belowMean', 'Length': 'aboveMean'}",True,,7.8,{},0.0,7,False,True
184,184,109,"{'Shell_weight': 'belowMean', 'Sex': 'M', 'Height': 'belowMean', 'Whole_weight': 'belowMean', 'Shucked_weight': 'belowMean', 'Diameter': 'aboveMean', 'Viscera_weight': 'belowMean'}",True,,9.714285714285714,{},0.0,7,False,True
185,185,109,"{'Shell_weight': 'belowMean', 'Sex': 'M', 'Height': 'belowMean', 'Whole_weight': 'belowMean', 'Shucked_weight': 'belowMean', 'Diameter': 'aboveMean', 'Viscera_weight': 'aboveMean'}",True,,8.6,{},0.0,7,False,True
186,186,110,"{'Shell_weight': 'belowMean', 'Sex': 'M', 'Height': 'belowMean', 'Whole_weight': 'belowMean', 'Shucked_weight': 'aboveMean', 'Length': 'aboveMean', 'Viscera_weight': 'belowMean'}",True,,8.0,{},0.0,7,False,True
187,187,110,"{'Shell_weight': 'belowMean', 'Sex': 'M', 'Height': 'belowMean', 'Whole_weight': 'belowMean', 'Shucked_weight': 'aboveMean', 'Length': 'aboveMean', 'Viscera_weight': 'aboveMean'}",True,,7.0,{},0.0,7,False,True
188,188,111,"{'Shell_weight': 'belowMean', 'Sex': 'M', 'Height': 'belowMean', 'Whole_weight': 'belowMean', 'Shucked_weight': 'aboveMean', 'Length': 'belowMean', 'Diameter': 'belowMean'}",True,,7.666666666666667,{},0.0,7,False,True
189,189,111,"{'Shell_weight': 'belowMean', 'Sex': 'M', 'Height': 'belowMean', 'Whole_weight': 'belowMean', 'Shucked_weight': 'aboveMean', 'Length': 'belowMean', 'Diameter': 'aboveMean'}",True,,8.0,{},0.0,7,False,True
190,190,113,"{'Shell_weight': 'belowMean', 'Sex': 'M', 'Height': 'belowMean', 'Whole_weight': 'aboveMean', 'Viscera_weight': 'belowMean', 'Shucked_weight': 'aboveMean', 'Diameter': 'aboveMean'}",True,,11.75,{},0.0,7,False,True
191,191,114,"{'Shell_weight': 'belowMean', 'Sex': 'M', 'Height': 'belowMean', 'Whole_weight': 'aboveMean', 'Viscera_weight': 'aboveMean', 'Shucked_weight': 'aboveMean', 'Diameter': 'aboveMean'}",True,,10.333333333333334,{},0.0,7,False,True
192,192,116,"{'Shell_weight': 'aboveMean', 'Shucked_weight': 'aboveMean', 'Length': 'aboveMean', 'Height': 'aboveMean', 'Diameter': 'aboveMean', 'Sex': 'I', 'Viscera_weight': 'aboveMean'}",True,,11.909090909090908,{},0.0,7,False,True
193,193,116,"{'Shell_weight': 'aboveMean', 'Shucked_weight': 'aboveMean', 'Length': 'aboveMean', 'Height': 'aboveMean', 'Diameter': 'aboveMean', 'Sex': 'I', 'Viscera_weight': 'belowMean'}",True,,10.5,{},0.0,7,False,True
194,194,117,"{'Shell_weight': 'aboveMean', 'Shucked_weight': 'aboveMean', 'Length': 'aboveMean', 'Height': 'aboveMean', 'Diameter': 'aboveMean', 'Sex': 'M', 'Viscera_weight': 'aboveMean'}",True,,11.422950819672131,{},0.0,7,False,True
195,195,117,"{'Shell_weight': 'aboveMean', 'Shucked_weight': 'aboveMean', 'Length': 'aboveMean', 'Height': 'aboveMean', 'Diameter': 'aboveMean', 'Sex': 'M', 'Viscera_weight': 'belowMean'}",True,,11.545454545454545,{},0.0,7,False,True
196,196,118,"{'Shell_weight': 'aboveMean', 'Shucked_weight': 'aboveMean', 'Length': 'aboveMean', 'Height': 'aboveMean', 'Diameter': 'aboveMean', 'Sex': 'F', 'Whole_weight': 'aboveMean'}",True,,11.583606557377049,{},0.0,7,False,True
197,197,118,"{'Shell_weight': 'aboveMean', 'Shucked_weight': 'aboveMean', 'Length': 'aboveMean', 'Height': 'aboveMean', 'Diameter': 'aboveMean', 'Sex': 'F', 'Whole_weight': 'belowMean'}",True,,14.0,{},0.0,7,False,True
198,198,120,"{'Shell_weight': 'aboveMean', 'Shucked_weight': 'aboveMean', 'Length': 'aboveMean', 'Height': 'aboveMean', 'Diameter': 'belowMean', 'Sex': 'F', 'Viscera_weight': 'aboveMean'}",True,,9.666666666666666,{},0.0,7,False,True
199,199,121,"{'Shell_weight': 'aboveMean', 'Shucked_weight': 'aboveMean', 'Length': 'aboveMean', 'Height': 'aboveMean', 'Diameter': 'belowMean', 'Sex': 'M', 'Viscera_weight': 'aboveMean'}",True,,11.5,{},0.0,7,False,True
200,200,122,"{'Shell_weight': 'aboveMean', 'Shucked_weight': 'aboveMean', 'Length': 'aboveMean', 'Height': 'belowMean', 'Sex': 'M', 'Diameter': 'aboveMean', 'Viscera_weight': 'aboveMean'}",True,,11.444444444444445,{},0.0,7,False,True
201,201,123,"{'Shell_weight': 'aboveMean', 'Shucked_weight': 'aboveMean', 'Length': 'aboveMean', 'Height': 'belowMean', 'Sex': 'F', 'Viscera_weight': 'aboveMean', 'Diameter': 'aboveMean'}",True,,10.285714285714286,{},0.0,7,False,True
202,202,124,"{'Shell_weight': 'aboveMean', 'Shucked_weight': 'aboveMean', 'Length': 'aboveMean', 'Height': 'belowMean', 'Sex': 'F', 'Viscera_weight': 'belowMean', 'Diameter': 'aboveMean'}",True,,10.666666666666666,{},0.0,7,False,True
203,203,125,"{'Shell_weight': 'aboveMean', 'Shucked_weight': 'aboveMean', 'Length': 'aboveMean', 'Height': 'belowMean', 'Sex': 'I', 'Whole_weight': 'aboveMean', 'Viscera_weight': 'belowMean'}",True,,10.0,{},0.0,7,False,True
204,204,125,"{'Shell_weight': 'aboveMean', 'Shucked_weight': 'aboveMean', 'Length': 'aboveMean', 'Height': 'belowMean', 'Sex': 'I', 'Whole_weight': 'aboveMean', 'Viscera_weight': 'aboveMean'}",True,,9.5,{},0.0,7,False,True
205,205,127,"{'Shell_weight': 'aboveMean', 'Shucked_weight': 'belowMean', 'Sex': 'M', 'Whole_weight': 'belowMean', 'Diameter': 'aboveMean', 'Height': 'aboveMean', 'Viscera_weight': 'aboveMean'}",True,,11.5,{},0.0,7,False,True
206,206,127,"{'Shell_weight': 'aboveMean', 'Shucked_weight': 'belowMean', 'Sex': 'M', 'Whole_weight': 'belowMean', 'Diameter': 'aboveMean', 'Height': 'aboveMean', 'Viscera_weight': 'belowMean'}",True,,12.25,{},0.0,7,False,True
207,207,129,"{'Shell_weight': 'aboveMean', 'Shucked_weight': 'belowMean', 'Sex': 'M', 'Whole_weight': 'belowMean', 'Diameter': 'belowMean', 'Viscera_weight': 'aboveMean', 'Length': 'aboveMean'}",True,,10.5,{},0.0,7,False,True
208,208,129,"{'Shell_weight': 'aboveMean', 'Shucked_weight': 'belowMean', 'Sex': 'M', 'Whole_weight': 'belowMean', 'Diameter': 'belowMean', 'Viscera_weight': 'aboveMean', 'Length': 'belowMean'}",True,,13.0,{},0.0,7,False,True
209,209,130,"{'Shell_weight': 'aboveMean', 'Shucked_weight': 'belowMean', 'Sex': 'M', 'Whole_weight': 'belowMean', 'Diameter': 'belowMean', 'Viscera_weight': 'belowMean', 'Length': 'aboveMean'}",True,,14.5,{},0.0,7,False,True
210,210,130,"{'Shell_weight': 'aboveMean', 'Shucked_weight': 'belowMean', 'Sex': 'M', 'Whole_weight': 'belowMean', 'Diameter': 'belowMean', 'Viscera_weight': 'belowMean', 'Length': 'belowMean'}",True,,18.5,{},0.0,7,False,True
211,211,131,"{'Shell_weight': 'aboveMean', 'Shucked_weight': 'belowMean', 'Sex': 'M', 'Whole_weight': 'aboveMean', 'Length': 'aboveMean', 'Diameter': 'aboveMean', 'Viscera_weight': 'belowMean'}",True,,15.875,{},0.0,7,False,True
212,212,131,"{'Shell_weight': 'aboveMean', 'Shucked_weight': 'belowMean', 'Sex': 'M', 'Whole_weight': 'aboveMean', 'Length': 'aboveMean', 'Diameter': 'aboveMean', 'Viscera_weight': 'aboveMean'}",True,,14.076923076923077,{},0.0,7,False,True
213,213,132,"{'Shell_weight': 'aboveMean', 'Shucked_weight': 'belowMean', 'Sex': 'M', 'Whole_weight': 'aboveMean', 'Length': 'aboveMean', 'Diameter': 'belowMean', 'Viscera_weight': 'aboveMean'}",True,,18.0,{},0.0,7,False,True
214,214,132,"{'Shell_weight': 'aboveMean', 'Shucked_weight': 'belowMean', 'Sex': 'M', 'Whole_weight': 'aboveMean', 'Length': 'aboveMean', 'Diameter': 'belowMean', 'Viscera_weight': 'belowMean'}",True,,16.0,{},0.0,7,False,True
215,215,134,"{'Shell_weight': 'aboveMean', 'Shucked_weight': 'belowMean', 'Sex': 'M', 'Whole_weight': 'aboveMean', 'Length': 'belowMean', 'Diameter': 'belowMean', 'Height': 'aboveMean'}",True,,14.5,{},0.0,7,False,True
216,216,135,"{'Shell_weight': 'aboveMean', 'Shucked_weight': 'belowMean', 'Sex': 'F', 'Diameter': 'belowMean', 'Length': 'belowMean', 'Whole_weight': 'belowMean', 'Viscera_weight': 'belowMean'}",True,,15.0,{},0.0,7,False,True
217,217,135,"{'Shell_weight': 'aboveMean', 'Shucked_weight': 'belowMean', 'Sex': 'F', 'Diameter': 'belowMean', 'Length': 'belowMean', 'Whole_weight': 'belowMean', 'Viscera_weight': 'aboveMean'}",True,,17.0,{},0.0,7,False,True
218,218,137,"{'Shell_weight': 'aboveMean', 'Shucked_weight': 'belowMean', 'Sex': 'F', 'Diameter': 'aboveMean', 'Height': 'aboveMean', 'Whole_weight': 'aboveMean', 'Viscera_weight': 'aboveMean'}",True,,13.333333333333334,{},0.0,7,False,True
219,219,137,"{'Shell_weight': 'aboveMean', 'Shucked_weight': 'belowMean', 'Sex': 'F', 'Diameter': 'aboveMean', 'Height': 'aboveMean', 'Whole_weight': 'aboveMean', 'Viscera_weight': 'belowMean'}",True,,10.5,{},0.0,7,False,True
220,220,138,"{'Shell_weight': 'aboveMean', 'Shucked_weight': 'belowMean', 'Sex': 'F', 'Diameter': 'aboveMean', 'Height': 'aboveMean', 'Whole_weight': 'belowMean', 'Length': 'aboveMean'}",True,,10.625,{},0.0,7,False,True
221,221,138,"{'Shell_weight': 'aboveMean', 'Shucked_weight': 'belowMean', 'Sex': 'F', 'Diameter': 'aboveMean', 'Height': 'aboveMean', 'Whole_weight': 'belowMean', 'Length': 'belowMean'}",True,,14.0,{},0.0,7,False,True
222,222,141,"{'Shell_weight': 'aboveMean', 'Shucked_weight': 'belowMean', 'Sex': 'I', 'Length': 'aboveMean', 'Whole_weight': 'aboveMean', 'Height': 'belowMean', 'Viscera_weight': 'aboveMean'}",True,,10.0,{},0.0,7,False,True
223,223,141,"{'Shell_weight': 'aboveMean', 'Shucked_weight': 'belowMean', 'Sex': 'I', 'Length': 'aboveMean', 'Whole_weight': 'aboveMean', 'Height': 'belowMean', 'Viscera_weight': 'belowMean'}",True,,11.0,{},0.0,7,False,True
224,224,142,"{'Shell_weight': 'aboveMean', 'Shucked_weight': 'belowMean', 'Sex': 'I', 'Length': 'aboveMean', 'Whole_weight': 'aboveMean', 'Height': 'aboveMean', 'Diameter': 'aboveMean'}",True,,11.0,{},0.0,7,False,True
225,225,143,"{'Shell_weight': 'aboveMean', 'Shucked_weight': 'belowMean', 'Sex': 'I', 'Length': 'aboveMean', 'Whole_weight': 'belowMean', 'Height': 'aboveMean', 'Diameter': 'aboveMean'}",True,,9.88888888888889,{},0.0,7,False,True
226,226,143,"{'Shell_weight': 'aboveMean', 'Shucked_weight': 'belowMean', 'Sex': 'I', 'Length': 'aboveMean', 'Whole_weight': 'belowMean', 'Height': 'aboveMean', 'Diameter': 'belowMean'}",True,,10.0,{},0.0,7,False,True
